"src_type","src","dest_type","dest","direction","type"
"UNIPROT","O14511","UNIPROT","P01111","directed","Control(Out: ACTIVATION of BiochemicalReaction)"
"UNIPROT","O14511","UNIPROT","P01112","directed","Control(Out: ACTIVATION of BiochemicalReaction)"
"UNIPROT","O14511","UNIPROT","P01116","directed","Control(Out: ACTIVATION of BiochemicalReaction)"
"UNIPROT","O14511","UNIPROT","P04626","undirected","Binding"
"UNIPROT","O14511","UNIPROT","P21860","undirected","Binding"
"UNIPROT","O14511","UNIPROT","Q15303","undirected","Binding"
"UNIPROT","O14944","UNIPROT","P01111","directed","Control(Out: ACTIVATION of BiochemicalReaction)"
"UNIPROT","O14944","UNIPROT","P01112","directed","Control(Out: ACTIVATION of BiochemicalReaction)"
"UNIPROT","O14944","UNIPROT","P01116","directed","Control(Out: ACTIVATION of BiochemicalReaction)"
"UNIPROT","O14944","UNIPROT","P04626","undirected","Binding"
"UNIPROT","O14944","UNIPROT","P29353","undirected","Binding"
"UNIPROT","O14944","UNIPROT","P62993","undirected","Binding"
"UNIPROT","O14944","UNIPROT","Q07889","undirected","Binding"
"UNIPROT","O14944","UNIPROT","Q15303","undirected","Binding"
"UNIPROT","P00533","UNIPROT","P01111","directed","Control(Out: ACTIVATION of BiochemicalReaction)"
"UNIPROT","P00533","UNIPROT","P01112","directed","Control(Out: ACTIVATION of BiochemicalReaction)"
"UNIPROT","P00533","UNIPROT","P01116","directed","Control(Out: ACTIVATION of BiochemicalReaction)"
"UNIPROT","P00533","UNIPROT","P04626","undirected","Binding"
"UNIPROT","P00533","UNIPROT","P29353","undirected","Binding"
"UNIPROT","P00533","UNIPROT","P62993","undirected","Binding"
"UNIPROT","P00533","UNIPROT","Q07889","undirected","Binding"
"UNIPROT","P01133","UNIPROT","P00533","undirected","Binding"
"UNIPROT","P01133","UNIPROT","P01111","directed","Control(Out: ACTIVATION of BiochemicalReaction)"
"UNIPROT","P01133","UNIPROT","P01112","directed","Control(Out: ACTIVATION of BiochemicalReaction)"
"UNIPROT","P01133","UNIPROT","P01116","directed","Control(Out: ACTIVATION of BiochemicalReaction)"
"UNIPROT","P01133","UNIPROT","P04626","undirected","Binding"
"UNIPROT","P01133","UNIPROT","P29353","undirected","Binding"
"UNIPROT","P01133","UNIPROT","P62993","undirected","Binding"
"UNIPROT","P01133","UNIPROT","Q07889","undirected","Binding"
"UNIPROT","P04626","UNIPROT","P01111","directed","Control(Out: ACTIVATION of BiochemicalReaction)"
"UNIPROT","P04626","UNIPROT","P01112","directed","Control(Out: ACTIVATION of BiochemicalReaction)"
"UNIPROT","P04626","UNIPROT","P01116","directed","Control(Out: ACTIVATION of BiochemicalReaction)"
"UNIPROT","P04626","UNIPROT","Q15303","undirected","Binding"
"UNIPROT","P17252","UNIPROT","P29353","directed","Control(Out: ACTIVATION of BiochemicalReaction)"
"UNIPROT","P21860","UNIPROT","P01111","directed","Control(Out: ACTIVATION of BiochemicalReaction)"
"UNIPROT","P21860","UNIPROT","P01112","directed","Control(Out: ACTIVATION of BiochemicalReaction)"
"UNIPROT","P21860","UNIPROT","P01116","directed","Control(Out: ACTIVATION of BiochemicalReaction)"
"UNIPROT","P21860","UNIPROT","P04626","undirected","Binding"
"UNIPROT","P29353","UNIPROT","O14511","undirected","Binding"
"UNIPROT","P29353","UNIPROT","P01111","directed","Control(Out: ACTIVATION of BiochemicalReaction)"
"UNIPROT","P29353","UNIPROT","P01112","directed","Control(Out: ACTIVATION of BiochemicalReaction)"
"UNIPROT","P29353","UNIPROT","P01116","directed","Control(Out: ACTIVATION of BiochemicalReaction)"
"UNIPROT","P29353","UNIPROT","P04626","undirected","Binding"
"UNIPROT","P29353","UNIPROT","P21860","undirected","Binding"
"UNIPROT","P29353","UNIPROT","P56975","undirected","Binding"
"UNIPROT","P29353","UNIPROT","Q02297","undirected","Binding"
"UNIPROT","P29353","UNIPROT","Q05209","directed","Control(In: INHIBITION of BiochemicalReaction)"
"UNIPROT","P29353","UNIPROT","Q05209","undirected","Binding"
"UNIPROT","P29353","UNIPROT","Q15303","undirected","Binding"
"UNIPROT","P29353","UNIPROT","Q8WWG1","undirected","Binding"
"UNIPROT","P35070","UNIPROT","P01111","directed","Control(Out: ACTIVATION of BiochemicalReaction)"
"UNIPROT","P35070","UNIPROT","P01112","directed","Control(Out: ACTIVATION of BiochemicalReaction)"
"UNIPROT","P35070","UNIPROT","P01116","directed","Control(Out: ACTIVATION of BiochemicalReaction)"
"UNIPROT","P35070","UNIPROT","P04626","undirected","Binding"
"UNIPROT","P35070","UNIPROT","P29353","undirected","Binding"
"UNIPROT","P35070","UNIPROT","P62993","undirected","Binding"
"UNIPROT","P35070","UNIPROT","Q07889","undirected","Binding"
"UNIPROT","P35070","UNIPROT","Q15303","undirected","Binding"
"UNIPROT","P56975","UNIPROT","P01111","directed","Control(Out: ACTIVATION of BiochemicalReaction)"
"UNIPROT","P56975","UNIPROT","P01112","directed","Control(Out: ACTIVATION of BiochemicalReaction)"
"UNIPROT","P56975","UNIPROT","P01116","directed","Control(Out: ACTIVATION of BiochemicalReaction)"
"UNIPROT","P56975","UNIPROT","P04626","undirected","Binding"
"UNIPROT","P56975","UNIPROT","Q15303","undirected","Binding"
"UNIPROT","P62993","UNIPROT","O14511","undirected","Binding"
"UNIPROT","P62993","UNIPROT","P01111","directed","Control(Out: ACTIVATION of BiochemicalReaction)"
"UNIPROT","P62993","UNIPROT","P01112","directed","Control(Out: ACTIVATION of BiochemicalReaction)"
"UNIPROT","P62993","UNIPROT","P01116","directed","Control(Out: ACTIVATION of BiochemicalReaction)"
"UNIPROT","P62993","UNIPROT","P04626","undirected","Binding"
"UNIPROT","P62993","UNIPROT","P21860","undirected","Binding"
"UNIPROT","P62993","UNIPROT","P29353","undirected","Binding"
"UNIPROT","P62993","UNIPROT","P56975","undirected","Binding"
"UNIPROT","P62993","UNIPROT","Q02297","undirected","Binding"
"UNIPROT","P62993","UNIPROT","Q07889","undirected","Binding"
"UNIPROT","P62993","UNIPROT","Q15303","undirected","Binding"
"UNIPROT","P62993","UNIPROT","Q8WWG1","undirected","Binding"
"UNIPROT","Q02156","UNIPROT","P29353","directed","Control(Out: ACTIVATION of BiochemicalReaction)"
"UNIPROT","Q02297","UNIPROT","P01111","directed","Control(Out: ACTIVATION of BiochemicalReaction)"
"UNIPROT","Q02297","UNIPROT","P01112","directed","Control(Out: ACTIVATION of BiochemicalReaction)"
"UNIPROT","Q02297","UNIPROT","P01116","directed","Control(Out: ACTIVATION of BiochemicalReaction)"
"UNIPROT","Q02297","UNIPROT","P04626","undirected","Binding"
"UNIPROT","Q02297","UNIPROT","P21860","undirected","Binding"
"UNIPROT","Q02297","UNIPROT","Q15303","undirected","Binding"
"UNIPROT","Q05209","UNIPROT","O14511","directed","Control(Out: INHIBITION of BiochemicalReaction)"
"UNIPROT","Q05209","UNIPROT","O14944","directed","Control(Out: INHIBITION of BiochemicalReaction)"
"UNIPROT","Q05209","UNIPROT","P00533","directed","Control(Out: INHIBITION of BiochemicalReaction)"
"UNIPROT","Q05209","UNIPROT","P01133","directed","Control(Out: INHIBITION of BiochemicalReaction)"
"UNIPROT","Q05209","UNIPROT","P04626","directed","Control(Out: INHIBITION of BiochemicalReaction)"
"UNIPROT","Q05209","UNIPROT","P21860","directed","Control(Out: INHIBITION of BiochemicalReaction)"
"UNIPROT","Q05209","UNIPROT","P29353","directed","Control(Out: INHIBITION of BiochemicalReaction)"
"UNIPROT","Q05209","UNIPROT","P35070","directed","Control(Out: INHIBITION of BiochemicalReaction)"
"UNIPROT","Q05209","UNIPROT","P56975","directed","Control(Out: INHIBITION of BiochemicalReaction)"
"UNIPROT","Q05209","UNIPROT","Q02297","directed","Control(Out: INHIBITION of BiochemicalReaction)"
"UNIPROT","Q05209","UNIPROT","Q15303","directed","Control(Out: INHIBITION of BiochemicalReaction)"
"UNIPROT","Q05209","UNIPROT","Q8WWG1","directed","Control(Out: INHIBITION of BiochemicalReaction)"
"UNIPROT","Q05209","UNIPROT","Q99075","directed","Control(Out: INHIBITION of BiochemicalReaction)"
"UNIPROT","Q05655","UNIPROT","P29353","directed","Control(Out: ACTIVATION of BiochemicalReaction)"
"UNIPROT","Q07889","UNIPROT","O14511","undirected","Binding"
"UNIPROT","Q07889","UNIPROT","P01111","directed","Control(Out: ACTIVATION of BiochemicalReaction)"
"UNIPROT","Q07889","UNIPROT","P01112","directed","Control(Out: ACTIVATION of BiochemicalReaction)"
"UNIPROT","Q07889","UNIPROT","P01116","directed","Control(Out: ACTIVATION of BiochemicalReaction)"
"UNIPROT","Q07889","UNIPROT","P04626","undirected","Binding"
"UNIPROT","Q07889","UNIPROT","P21860","undirected","Binding"
"UNIPROT","Q07889","UNIPROT","P29353","undirected","Binding"
"UNIPROT","Q07889","UNIPROT","P56975","undirected","Binding"
"UNIPROT","Q07889","UNIPROT","Q02297","undirected","Binding"
"UNIPROT","Q07889","UNIPROT","Q15303","undirected","Binding"
"UNIPROT","Q07889","UNIPROT","Q8WWG1","undirected","Binding"
"UNIPROT","Q15303","UNIPROT","P01111","directed","Control(Out: ACTIVATION of BiochemicalReaction)"
"UNIPROT","Q15303","UNIPROT","P01112","directed","Control(Out: ACTIVATION of BiochemicalReaction)"
"UNIPROT","Q15303","UNIPROT","P01116","directed","Control(Out: ACTIVATION of BiochemicalReaction)"
"UNIPROT","Q8WWG1","UNIPROT","P01111","directed","Control(Out: ACTIVATION of BiochemicalReaction)"
"UNIPROT","Q8WWG1","UNIPROT","P01112","directed","Control(Out: ACTIVATION of BiochemicalReaction)"
"UNIPROT","Q8WWG1","UNIPROT","P01116","directed","Control(Out: ACTIVATION of BiochemicalReaction)"
"UNIPROT","Q8WWG1","UNIPROT","P04626","undirected","Binding"
"UNIPROT","Q8WWG1","UNIPROT","Q15303","undirected","Binding"
"UNIPROT","Q99075","UNIPROT","P01111","directed","Control(Out: ACTIVATION of BiochemicalReaction)"
"UNIPROT","Q99075","UNIPROT","P01112","directed","Control(Out: ACTIVATION of BiochemicalReaction)"
"UNIPROT","Q99075","UNIPROT","P01116","directed","Control(Out: ACTIVATION of BiochemicalReaction)"
"UNIPROT","Q99075","UNIPROT","P04626","undirected","Binding"
"UNIPROT","Q99075","UNIPROT","P29353","undirected","Binding"
"UNIPROT","Q99075","UNIPROT","P62993","undirected","Binding"
"UNIPROT","Q99075","UNIPROT","Q07889","undirected","Binding"
"UNIPROT","Q99075","UNIPROT","Q15303","undirected","Binding"
