"src_type","src","dest_type","dest","direction","type"
"UNIPROT","O15020","UNIPROT","O60939","undirected","Binding"
"UNIPROT","O15020","UNIPROT","O94856","undirected","Binding"
"UNIPROT","O15020","UNIPROT","P02549","undirected","Binding"
"UNIPROT","O15020","UNIPROT","P16157","undirected","Binding"
"UNIPROT","O15020","UNIPROT","P32004","undirected","Binding"
"UNIPROT","O15020","UNIPROT","P35498","undirected","Binding"
"UNIPROT","O15020","UNIPROT","P35499","undirected","Binding"
"UNIPROT","O15020","UNIPROT","Q01118","undirected","Binding"
"UNIPROT","O15020","UNIPROT","Q01484","undirected","Binding"
"UNIPROT","O15020","UNIPROT","Q07699","undirected","Binding"
"UNIPROT","O15020","UNIPROT","Q12955","undirected","Binding"
"UNIPROT","O15020","UNIPROT","Q13813","undirected","Binding"
"UNIPROT","O15020","UNIPROT","Q14524","undirected","Binding"
"UNIPROT","O15020","UNIPROT","Q15858","undirected","Binding"
"UNIPROT","O15020","UNIPROT","Q8IWT1","undirected","Binding"
"UNIPROT","O15020","UNIPROT","Q92823","undirected","Binding"
"UNIPROT","O15020","UNIPROT","Q99250","undirected","Binding"
"UNIPROT","O15020","UNIPROT","Q9NY46","undirected","Binding"
"UNIPROT","O15020","UNIPROT","Q9NY72","undirected","Binding"
"UNIPROT","O15020","UNIPROT","Q9UI33","undirected","Binding"
"UNIPROT","O15020","UNIPROT","Q9UQD0","undirected","Binding"
"UNIPROT","O15020","UNIPROT","Q9Y5Y9","undirected","Binding"
"UNIPROT","O43525","UNIPROT","O15020","undirected","Binding"
"UNIPROT","O43525","UNIPROT","O94856","undirected","Binding"
"UNIPROT","O43525","UNIPROT","P02549","undirected","Binding"
"UNIPROT","O43525","UNIPROT","P11277","undirected","Binding"
"UNIPROT","O43525","UNIPROT","P16157","undirected","Binding"
"UNIPROT","O43525","UNIPROT","Q01082","undirected","Binding"
"UNIPROT","O43525","UNIPROT","Q01484","undirected","Binding"
"UNIPROT","O43525","UNIPROT","Q12955","undirected","Binding"
"UNIPROT","O43525","UNIPROT","Q13813","undirected","Binding"
"UNIPROT","O43525","UNIPROT","Q92823","undirected","Binding"
"UNIPROT","O43525","UNIPROT","Q9H254","undirected","Binding"
"UNIPROT","O43525","UNIPROT","Q9NRC6","undirected","Binding"
"UNIPROT","O43526","UNIPROT","O15020","undirected","Binding"
"UNIPROT","O43526","UNIPROT","O94856","undirected","Binding"
"UNIPROT","O43526","UNIPROT","P02549","undirected","Binding"
"UNIPROT","O43526","UNIPROT","P11277","undirected","Binding"
"UNIPROT","O43526","UNIPROT","P16157","undirected","Binding"
"UNIPROT","O43526","UNIPROT","Q01082","undirected","Binding"
"UNIPROT","O43526","UNIPROT","Q01484","undirected","Binding"
"UNIPROT","O43526","UNIPROT","Q12955","undirected","Binding"
"UNIPROT","O43526","UNIPROT","Q13813","undirected","Binding"
"UNIPROT","O43526","UNIPROT","Q92823","undirected","Binding"
"UNIPROT","O43526","UNIPROT","Q9H254","undirected","Binding"
"UNIPROT","O43526","UNIPROT","Q9NRC6","undirected","Binding"
"UNIPROT","O60939","UNIPROT","O94856","undirected","Binding"
"UNIPROT","O60939","UNIPROT","Q92823","undirected","Binding"
"UNIPROT","O94856","UNIPROT","Q92823","undirected","Binding"
"UNIPROT","P02549","UNIPROT","O60939","undirected","Binding"
"UNIPROT","P02549","UNIPROT","O94856","undirected","Binding"
"UNIPROT","P02549","UNIPROT","P16157","undirected","Binding"
"UNIPROT","P02549","UNIPROT","P32004","undirected","Binding"
"UNIPROT","P02549","UNIPROT","P35498","undirected","Binding"
"UNIPROT","P02549","UNIPROT","P35499","undirected","Binding"
"UNIPROT","P02549","UNIPROT","Q01118","undirected","Binding"
"UNIPROT","P02549","UNIPROT","Q01484","undirected","Binding"
"UNIPROT","P02549","UNIPROT","Q07699","undirected","Binding"
"UNIPROT","P02549","UNIPROT","Q12955","undirected","Binding"
"UNIPROT","P02549","UNIPROT","Q14524","undirected","Binding"
"UNIPROT","P02549","UNIPROT","Q15858","undirected","Binding"
"UNIPROT","P02549","UNIPROT","Q8IWT1","undirected","Binding"
"UNIPROT","P02549","UNIPROT","Q92823","undirected","Binding"
"UNIPROT","P02549","UNIPROT","Q99250","undirected","Binding"
"UNIPROT","P02549","UNIPROT","Q9NY46","undirected","Binding"
"UNIPROT","P02549","UNIPROT","Q9NY72","undirected","Binding"
"UNIPROT","P02549","UNIPROT","Q9UI33","undirected","Binding"
"UNIPROT","P02549","UNIPROT","Q9UQD0","undirected","Binding"
"UNIPROT","P02549","UNIPROT","Q9Y5Y9","undirected","Binding"
"UNIPROT","P11277","UNIPROT","O60939","undirected","Binding"
"UNIPROT","P11277","UNIPROT","O94856","undirected","Binding"
"UNIPROT","P11277","UNIPROT","P02549","undirected","Binding"
"UNIPROT","P11277","UNIPROT","P16157","undirected","Binding"
"UNIPROT","P11277","UNIPROT","P32004","undirected","Binding"
"UNIPROT","P11277","UNIPROT","P35498","undirected","Binding"
"UNIPROT","P11277","UNIPROT","P35499","undirected","Binding"
"UNIPROT","P11277","UNIPROT","Q01118","undirected","Binding"
"UNIPROT","P11277","UNIPROT","Q01484","undirected","Binding"
"UNIPROT","P11277","UNIPROT","Q07699","undirected","Binding"
"UNIPROT","P11277","UNIPROT","Q12955","undirected","Binding"
"UNIPROT","P11277","UNIPROT","Q13813","undirected","Binding"
"UNIPROT","P11277","UNIPROT","Q14524","undirected","Binding"
"UNIPROT","P11277","UNIPROT","Q15858","undirected","Binding"
"UNIPROT","P11277","UNIPROT","Q8IWT1","undirected","Binding"
"UNIPROT","P11277","UNIPROT","Q92823","undirected","Binding"
"UNIPROT","P11277","UNIPROT","Q99250","undirected","Binding"
"UNIPROT","P11277","UNIPROT","Q9NY46","undirected","Binding"
"UNIPROT","P11277","UNIPROT","Q9NY72","undirected","Binding"
"UNIPROT","P11277","UNIPROT","Q9UI33","undirected","Binding"
"UNIPROT","P11277","UNIPROT","Q9UQD0","undirected","Binding"
"UNIPROT","P11277","UNIPROT","Q9Y5Y9","undirected","Binding"
"UNIPROT","P16157","UNIPROT","O60939","undirected","Binding"
"UNIPROT","P16157","UNIPROT","O94856","undirected","Binding"
"UNIPROT","P16157","UNIPROT","P32004","undirected","Binding"
"UNIPROT","P16157","UNIPROT","P35498","undirected","Binding"
"UNIPROT","P16157","UNIPROT","P35499","undirected","Binding"
"UNIPROT","P16157","UNIPROT","Q01118","undirected","Binding"
"UNIPROT","P16157","UNIPROT","Q07699","undirected","Binding"
"UNIPROT","P16157","UNIPROT","Q14524","undirected","Binding"
"UNIPROT","P16157","UNIPROT","Q15858","undirected","Binding"
"UNIPROT","P16157","UNIPROT","Q8IWT1","undirected","Binding"
"UNIPROT","P16157","UNIPROT","Q92823","undirected","Binding"
"UNIPROT","P16157","UNIPROT","Q99250","undirected","Binding"
"UNIPROT","P16157","UNIPROT","Q9NY46","undirected","Binding"
"UNIPROT","P16157","UNIPROT","Q9NY72","undirected","Binding"
"UNIPROT","P16157","UNIPROT","Q9UI33","undirected","Binding"
"UNIPROT","P16157","UNIPROT","Q9UQD0","undirected","Binding"
"UNIPROT","P16157","UNIPROT","Q9Y5Y9","undirected","Binding"
"UNIPROT","P35498","UNIPROT","O60939","undirected","Binding"
"UNIPROT","P35498","UNIPROT","O94856","undirected","Binding"
"UNIPROT","P35498","UNIPROT","Q07699","undirected","Binding"
"UNIPROT","P35498","UNIPROT","Q8IWT1","undirected","Binding"
"UNIPROT","P35498","UNIPROT","Q92823","undirected","Binding"
"UNIPROT","P35498","UNIPROT","Q9NY72","undirected","Binding"
"UNIPROT","P35499","UNIPROT","O60939","undirected","Binding"
"UNIPROT","P35499","UNIPROT","O94856","undirected","Binding"
"UNIPROT","P35499","UNIPROT","Q07699","undirected","Binding"
"UNIPROT","P35499","UNIPROT","Q8IWT1","undirected","Binding"
"UNIPROT","P35499","UNIPROT","Q92823","undirected","Binding"
"UNIPROT","P35499","UNIPROT","Q9NY72","undirected","Binding"
"UNIPROT","Q01082","UNIPROT","O60939","undirected","Binding"
"UNIPROT","Q01082","UNIPROT","O94856","undirected","Binding"
"UNIPROT","Q01082","UNIPROT","P02549","undirected","Binding"
"UNIPROT","Q01082","UNIPROT","P16157","undirected","Binding"
"UNIPROT","Q01082","UNIPROT","P32004","undirected","Binding"
"UNIPROT","Q01082","UNIPROT","P35498","undirected","Binding"
"UNIPROT","Q01082","UNIPROT","P35499","undirected","Binding"
"UNIPROT","Q01082","UNIPROT","Q01118","undirected","Binding"
"UNIPROT","Q01082","UNIPROT","Q01484","undirected","Binding"
"UNIPROT","Q01082","UNIPROT","Q07699","undirected","Binding"
"UNIPROT","Q01082","UNIPROT","Q12955","undirected","Binding"
"UNIPROT","Q01082","UNIPROT","Q13813","undirected","Binding"
"UNIPROT","Q01082","UNIPROT","Q14524","undirected","Binding"
"UNIPROT","Q01082","UNIPROT","Q15858","undirected","Binding"
"UNIPROT","Q01082","UNIPROT","Q8IWT1","undirected","Binding"
"UNIPROT","Q01082","UNIPROT","Q92823","undirected","Binding"
"UNIPROT","Q01082","UNIPROT","Q99250","undirected","Binding"
"UNIPROT","Q01082","UNIPROT","Q9NY46","undirected","Binding"
"UNIPROT","Q01082","UNIPROT","Q9NY72","undirected","Binding"
"UNIPROT","Q01082","UNIPROT","Q9UI33","undirected","Binding"
"UNIPROT","Q01082","UNIPROT","Q9UQD0","undirected","Binding"
"UNIPROT","Q01082","UNIPROT","Q9Y5Y9","undirected","Binding"
"UNIPROT","Q01118","UNIPROT","O60939","undirected","Binding"
"UNIPROT","Q01118","UNIPROT","O94856","undirected","Binding"
"UNIPROT","Q01118","UNIPROT","Q07699","undirected","Binding"
"UNIPROT","Q01118","UNIPROT","Q8IWT1","undirected","Binding"
"UNIPROT","Q01118","UNIPROT","Q92823","undirected","Binding"
"UNIPROT","Q01118","UNIPROT","Q9NY72","undirected","Binding"
"UNIPROT","Q01484","UNIPROT","O60939","undirected","Binding"
"UNIPROT","Q01484","UNIPROT","O94856","undirected","Binding"
"UNIPROT","Q01484","UNIPROT","P32004","undirected","Binding"
"UNIPROT","Q01484","UNIPROT","P35498","undirected","Binding"
"UNIPROT","Q01484","UNIPROT","P35499","undirected","Binding"
"UNIPROT","Q01484","UNIPROT","Q01118","undirected","Binding"
"UNIPROT","Q01484","UNIPROT","Q07699","undirected","Binding"
"UNIPROT","Q01484","UNIPROT","Q14524","undirected","Binding"
"UNIPROT","Q01484","UNIPROT","Q15858","undirected","Binding"
"UNIPROT","Q01484","UNIPROT","Q8IWT1","undirected","Binding"
"UNIPROT","Q01484","UNIPROT","Q92823","undirected","Binding"
"UNIPROT","Q01484","UNIPROT","Q99250","undirected","Binding"
"UNIPROT","Q01484","UNIPROT","Q9NY46","undirected","Binding"
"UNIPROT","Q01484","UNIPROT","Q9NY72","undirected","Binding"
"UNIPROT","Q01484","UNIPROT","Q9UI33","undirected","Binding"
"UNIPROT","Q01484","UNIPROT","Q9UQD0","undirected","Binding"
"UNIPROT","Q01484","UNIPROT","Q9Y5Y9","undirected","Binding"
"UNIPROT","Q07699","UNIPROT","O94856","undirected","Binding"
"UNIPROT","Q07699","UNIPROT","Q92823","undirected","Binding"
"UNIPROT","Q12955","UNIPROT","O60939","undirected","Binding"
"UNIPROT","Q12955","UNIPROT","O94856","undirected","Binding"
"UNIPROT","Q12955","UNIPROT","P32004","undirected","Binding"
"UNIPROT","Q12955","UNIPROT","P35498","undirected","Binding"
"UNIPROT","Q12955","UNIPROT","P35499","undirected","Binding"
"UNIPROT","Q12955","UNIPROT","Q01118","undirected","Binding"
"UNIPROT","Q12955","UNIPROT","Q07699","undirected","Binding"
"UNIPROT","Q12955","UNIPROT","Q14524","undirected","Binding"
"UNIPROT","Q12955","UNIPROT","Q15858","undirected","Binding"
"UNIPROT","Q12955","UNIPROT","Q8IWT1","undirected","Binding"
"UNIPROT","Q12955","UNIPROT","Q92823","undirected","Binding"
"UNIPROT","Q12955","UNIPROT","Q99250","undirected","Binding"
"UNIPROT","Q12955","UNIPROT","Q9NY46","undirected","Binding"
"UNIPROT","Q12955","UNIPROT","Q9NY72","undirected","Binding"
"UNIPROT","Q12955","UNIPROT","Q9UI33","undirected","Binding"
"UNIPROT","Q12955","UNIPROT","Q9UQD0","undirected","Binding"
"UNIPROT","Q12955","UNIPROT","Q9Y5Y9","undirected","Binding"
"UNIPROT","Q13813","UNIPROT","O60939","undirected","Binding"
"UNIPROT","Q13813","UNIPROT","O94856","undirected","Binding"
"UNIPROT","Q13813","UNIPROT","P16157","undirected","Binding"
"UNIPROT","Q13813","UNIPROT","P32004","undirected","Binding"
"UNIPROT","Q13813","UNIPROT","P35498","undirected","Binding"
"UNIPROT","Q13813","UNIPROT","P35499","undirected","Binding"
"UNIPROT","Q13813","UNIPROT","Q01118","undirected","Binding"
"UNIPROT","Q13813","UNIPROT","Q01484","undirected","Binding"
"UNIPROT","Q13813","UNIPROT","Q07699","undirected","Binding"
"UNIPROT","Q13813","UNIPROT","Q12955","undirected","Binding"
"UNIPROT","Q13813","UNIPROT","Q14524","undirected","Binding"
"UNIPROT","Q13813","UNIPROT","Q15858","undirected","Binding"
"UNIPROT","Q13813","UNIPROT","Q8IWT1","undirected","Binding"
"UNIPROT","Q13813","UNIPROT","Q92823","undirected","Binding"
"UNIPROT","Q13813","UNIPROT","Q99250","undirected","Binding"
"UNIPROT","Q13813","UNIPROT","Q9NY46","undirected","Binding"
"UNIPROT","Q13813","UNIPROT","Q9NY72","undirected","Binding"
"UNIPROT","Q13813","UNIPROT","Q9UI33","undirected","Binding"
"UNIPROT","Q13813","UNIPROT","Q9UQD0","undirected","Binding"
"UNIPROT","Q13813","UNIPROT","Q9Y5Y9","undirected","Binding"
"UNIPROT","Q14524","UNIPROT","O60939","undirected","Binding"
"UNIPROT","Q14524","UNIPROT","O94856","undirected","Binding"
"UNIPROT","Q14524","UNIPROT","Q07699","undirected","Binding"
"UNIPROT","Q14524","UNIPROT","Q8IWT1","undirected","Binding"
"UNIPROT","Q14524","UNIPROT","Q92823","undirected","Binding"
"UNIPROT","Q14524","UNIPROT","Q9NY72","undirected","Binding"
"UNIPROT","Q15858","UNIPROT","O60939","undirected","Binding"
"UNIPROT","Q15858","UNIPROT","O94856","undirected","Binding"
"UNIPROT","Q15858","UNIPROT","Q07699","undirected","Binding"
"UNIPROT","Q15858","UNIPROT","Q8IWT1","undirected","Binding"
"UNIPROT","Q15858","UNIPROT","Q92823","undirected","Binding"
"UNIPROT","Q15858","UNIPROT","Q9NY72","undirected","Binding"
"UNIPROT","Q8IWT1","UNIPROT","O94856","undirected","Binding"
"UNIPROT","Q8IWT1","UNIPROT","Q92823","undirected","Binding"
"UNIPROT","Q99250","UNIPROT","O60939","undirected","Binding"
"UNIPROT","Q99250","UNIPROT","O94856","undirected","Binding"
"UNIPROT","Q99250","UNIPROT","Q07699","undirected","Binding"
"UNIPROT","Q99250","UNIPROT","Q8IWT1","undirected","Binding"
"UNIPROT","Q99250","UNIPROT","Q92823","undirected","Binding"
"UNIPROT","Q99250","UNIPROT","Q9NY72","undirected","Binding"
"UNIPROT","Q9H254","UNIPROT","O60939","undirected","Binding"
"UNIPROT","Q9H254","UNIPROT","O94856","undirected","Binding"
"UNIPROT","Q9H254","UNIPROT","P02549","undirected","Binding"
"UNIPROT","Q9H254","UNIPROT","P16157","undirected","Binding"
"UNIPROT","Q9H254","UNIPROT","P32004","undirected","Binding"
"UNIPROT","Q9H254","UNIPROT","P35498","undirected","Binding"
"UNIPROT","Q9H254","UNIPROT","P35499","undirected","Binding"
"UNIPROT","Q9H254","UNIPROT","Q01118","undirected","Binding"
"UNIPROT","Q9H254","UNIPROT","Q01484","undirected","Binding"
"UNIPROT","Q9H254","UNIPROT","Q07699","undirected","Binding"
"UNIPROT","Q9H254","UNIPROT","Q12955","undirected","Binding"
"UNIPROT","Q9H254","UNIPROT","Q13813","undirected","Binding"
"UNIPROT","Q9H254","UNIPROT","Q14524","undirected","Binding"
"UNIPROT","Q9H254","UNIPROT","Q15858","undirected","Binding"
"UNIPROT","Q9H254","UNIPROT","Q8IWT1","undirected","Binding"
"UNIPROT","Q9H254","UNIPROT","Q92823","undirected","Binding"
"UNIPROT","Q9H254","UNIPROT","Q99250","undirected","Binding"
"UNIPROT","Q9H254","UNIPROT","Q9NY46","undirected","Binding"
"UNIPROT","Q9H254","UNIPROT","Q9NY72","undirected","Binding"
"UNIPROT","Q9H254","UNIPROT","Q9UI33","undirected","Binding"
"UNIPROT","Q9H254","UNIPROT","Q9UQD0","undirected","Binding"
"UNIPROT","Q9H254","UNIPROT","Q9Y5Y9","undirected","Binding"
"UNIPROT","Q9NRC6","UNIPROT","O60939","undirected","Binding"
"UNIPROT","Q9NRC6","UNIPROT","O94856","undirected","Binding"
"UNIPROT","Q9NRC6","UNIPROT","P02549","undirected","Binding"
"UNIPROT","Q9NRC6","UNIPROT","P16157","undirected","Binding"
"UNIPROT","Q9NRC6","UNIPROT","P32004","undirected","Binding"
"UNIPROT","Q9NRC6","UNIPROT","P35498","undirected","Binding"
"UNIPROT","Q9NRC6","UNIPROT","P35499","undirected","Binding"
"UNIPROT","Q9NRC6","UNIPROT","Q01118","undirected","Binding"
"UNIPROT","Q9NRC6","UNIPROT","Q01484","undirected","Binding"
"UNIPROT","Q9NRC6","UNIPROT","Q07699","undirected","Binding"
"UNIPROT","Q9NRC6","UNIPROT","Q12955","undirected","Binding"
"UNIPROT","Q9NRC6","UNIPROT","Q13813","undirected","Binding"
"UNIPROT","Q9NRC6","UNIPROT","Q14524","undirected","Binding"
"UNIPROT","Q9NRC6","UNIPROT","Q15858","undirected","Binding"
"UNIPROT","Q9NRC6","UNIPROT","Q8IWT1","undirected","Binding"
"UNIPROT","Q9NRC6","UNIPROT","Q92823","undirected","Binding"
"UNIPROT","Q9NRC6","UNIPROT","Q99250","undirected","Binding"
"UNIPROT","Q9NRC6","UNIPROT","Q9NY46","undirected","Binding"
"UNIPROT","Q9NRC6","UNIPROT","Q9NY72","undirected","Binding"
"UNIPROT","Q9NRC6","UNIPROT","Q9UI33","undirected","Binding"
"UNIPROT","Q9NRC6","UNIPROT","Q9UQD0","undirected","Binding"
"UNIPROT","Q9NRC6","UNIPROT","Q9Y5Y9","undirected","Binding"
"UNIPROT","Q9NY46","UNIPROT","O60939","undirected","Binding"
"UNIPROT","Q9NY46","UNIPROT","O94856","undirected","Binding"
"UNIPROT","Q9NY46","UNIPROT","Q07699","undirected","Binding"
"UNIPROT","Q9NY46","UNIPROT","Q8IWT1","undirected","Binding"
"UNIPROT","Q9NY46","UNIPROT","Q92823","undirected","Binding"
"UNIPROT","Q9NY46","UNIPROT","Q9NY72","undirected","Binding"
"UNIPROT","Q9NY72","UNIPROT","O94856","undirected","Binding"
"UNIPROT","Q9NY72","UNIPROT","Q92823","undirected","Binding"
"UNIPROT","Q9UI33","UNIPROT","O60939","undirected","Binding"
"UNIPROT","Q9UI33","UNIPROT","O94856","undirected","Binding"
"UNIPROT","Q9UI33","UNIPROT","Q07699","undirected","Binding"
"UNIPROT","Q9UI33","UNIPROT","Q8IWT1","undirected","Binding"
"UNIPROT","Q9UI33","UNIPROT","Q92823","undirected","Binding"
"UNIPROT","Q9UI33","UNIPROT","Q9NY72","undirected","Binding"
"UNIPROT","Q9UQD0","UNIPROT","O60939","undirected","Binding"
"UNIPROT","Q9UQD0","UNIPROT","O94856","undirected","Binding"
"UNIPROT","Q9UQD0","UNIPROT","Q07699","undirected","Binding"
"UNIPROT","Q9UQD0","UNIPROT","Q8IWT1","undirected","Binding"
"UNIPROT","Q9UQD0","UNIPROT","Q92823","undirected","Binding"
"UNIPROT","Q9UQD0","UNIPROT","Q9NY72","undirected","Binding"
"UNIPROT","Q9Y5Y9","UNIPROT","O60939","undirected","Binding"
"UNIPROT","Q9Y5Y9","UNIPROT","O94856","undirected","Binding"
"UNIPROT","Q9Y5Y9","UNIPROT","Q07699","undirected","Binding"
"UNIPROT","Q9Y5Y9","UNIPROT","Q8IWT1","undirected","Binding"
"UNIPROT","Q9Y5Y9","UNIPROT","Q92823","undirected","Binding"
"UNIPROT","Q9Y5Y9","UNIPROT","Q9NY72","undirected","Binding"
