"src_type","src","dest_type","dest","direction","type"
"UNIPROT","O14920","UNIPROT","P19838","directed","Control(Out: ACTIVATION of BiochemicalReaction)"
"UNIPROT","O14920","UNIPROT","P25963","directed","Control(Out: ACTIVATION of BiochemicalReaction)"
"UNIPROT","O14920","UNIPROT","Q00653","directed","Control(Out: ACTIVATION of BiochemicalReaction)"
"UNIPROT","O14920","UNIPROT","Q04206","directed","Control(Out: ACTIVATION of BiochemicalReaction)"
"UNIPROT","O14920","UNIPROT","Q15653","directed","Control(Out: ACTIVATION of BiochemicalReaction)"
"UNIPROT","O15111","UNIPROT","O14920","undirected","Binding"
"UNIPROT","O15111","UNIPROT","P19838","directed","Control(Out: ACTIVATION of BiochemicalReaction)"
"UNIPROT","O15111","UNIPROT","P25963","directed","Control(Out: ACTIVATION of BiochemicalReaction)"
"UNIPROT","O15111","UNIPROT","Q00653","directed","Control(Out: ACTIVATION of BiochemicalReaction)"
"UNIPROT","O15111","UNIPROT","Q04206","directed","Control(Out: ACTIVATION of BiochemicalReaction)"
"UNIPROT","O15111","UNIPROT","Q15653","directed","Control(Out: ACTIVATION of BiochemicalReaction)"
"UNIPROT","O15111","UNIPROT","Q9Y6K9","undirected","Binding"
"UNIPROT","O43187","UNIPROT","O14920","directed","Control(Out: ACTIVATION of BiochemicalReaction)"
"UNIPROT","O43187","UNIPROT","O15111","directed","Control(Out: ACTIVATION of BiochemicalReaction)"
"UNIPROT","O43187","UNIPROT","Q9Y6K9","directed","Control(Out: ACTIVATION of BiochemicalReaction)"
"UNIPROT","O43318","UNIPROT","O14920","directed","Control(Out: ACTIVATION of BiochemicalReaction)"
"UNIPROT","O43318","UNIPROT","O15111","directed","Control(Out: ACTIVATION of BiochemicalReaction)"
"UNIPROT","O43318","UNIPROT","O43187","undirected","Binding"
"UNIPROT","O43318","UNIPROT","O43353","undirected","Binding"
"UNIPROT","O43318","UNIPROT","P51617","undirected","Binding"
"UNIPROT","O43318","UNIPROT","P61088","undirected","Binding"
"UNIPROT","O43318","UNIPROT","Q13404","undirected","Binding"
"UNIPROT","O43318","UNIPROT","Q15750","undirected","Binding"
"UNIPROT","O43318","UNIPROT","Q8N5C8","undirected","Binding"
"UNIPROT","O43318","UNIPROT","Q9HC29","undirected","Binding"
"UNIPROT","O43318","UNIPROT","Q9Y239","undirected","Binding"
"UNIPROT","O43318","UNIPROT","Q9Y4K3","undirected","Binding"
"UNIPROT","O43318","UNIPROT","Q9Y6K9","directed","Control(Out: ACTIVATION of BiochemicalReaction)"
"UNIPROT","O43318","UNIPROT","Q9Y6K9","undirected","Binding"
"UNIPROT","O43353","UNIPROT","O14920","directed","Control(Out: ACTIVATION of BiochemicalReaction)"
"UNIPROT","O43353","UNIPROT","O15111","directed","Control(Out: ACTIVATION of BiochemicalReaction)"
"UNIPROT","O43353","UNIPROT","Q9HC29","undirected","Binding"
"UNIPROT","O43353","UNIPROT","Q9Y239","undirected","Binding"
"UNIPROT","O43353","UNIPROT","Q9Y6K9","directed","Control(Out: ACTIVATION of BiochemicalReaction)"
"UNIPROT","P04271","UNIPROT","P19838","directed","Control(Out: ACTIVATION of BiochemicalReaction)"
"UNIPROT","P04271","UNIPROT","Q00653","directed","Control(Out: ACTIVATION of BiochemicalReaction)"
"UNIPROT","P04271","UNIPROT","Q04206","directed","Control(Out: ACTIVATION of BiochemicalReaction)"
"UNIPROT","P05067","UNIPROT","P19838","directed","Control(Out: ACTIVATION of BiochemicalReaction)"
"UNIPROT","P05067","UNIPROT","Q00653","directed","Control(Out: ACTIVATION of BiochemicalReaction)"
"UNIPROT","P05067","UNIPROT","Q04206","directed","Control(Out: ACTIVATION of BiochemicalReaction)"
"UNIPROT","P09429","UNIPROT","P19838","directed","Control(Out: ACTIVATION of BiochemicalReaction)"
"UNIPROT","P09429","UNIPROT","Q00653","directed","Control(Out: ACTIVATION of BiochemicalReaction)"
"UNIPROT","P09429","UNIPROT","Q04206","directed","Control(Out: ACTIVATION of BiochemicalReaction)"
"UNIPROT","P0DJI8","UNIPROT","P19838","directed","Control(Out: ACTIVATION of BiochemicalReaction)"
"UNIPROT","P0DJI8","UNIPROT","Q00653","directed","Control(Out: ACTIVATION of BiochemicalReaction)"
"UNIPROT","P0DJI8","UNIPROT","Q04206","directed","Control(Out: ACTIVATION of BiochemicalReaction)"
"UNIPROT","P0DTC9","UNIPROT","O14920","directed","Control(Out: ACTIVATION of BiochemicalReaction)"
"UNIPROT","P0DTC9","UNIPROT","O14920","undirected","Binding"
"UNIPROT","P0DTC9","UNIPROT","O15111","directed","Control(Out: ACTIVATION of BiochemicalReaction)"
"UNIPROT","P0DTC9","UNIPROT","O15111","undirected","Binding"
"UNIPROT","P0DTC9","UNIPROT","O43318","undirected","Binding"
"UNIPROT","P0DTC9","UNIPROT","Q15750","undirected","Binding"
"UNIPROT","P0DTC9","UNIPROT","Q8N5C8","undirected","Binding"
"UNIPROT","P0DTC9","UNIPROT","Q9NYJ8","undirected","Binding"
"UNIPROT","P0DTC9","UNIPROT","Q9Y6K9","directed","Control(Out: ACTIVATION of BiochemicalReaction)"
"UNIPROT","P0DTC9","UNIPROT","Q9Y6K9","undirected","Binding"
"UNIPROT","P19838","UNIPROT","P04271","directed","Control(In: ACTIVATION of BiochemicalReaction)"
"UNIPROT","P19838","UNIPROT","P05067","directed","Control(In: ACTIVATION of BiochemicalReaction)"
"UNIPROT","P19838","UNIPROT","P09429","directed","Control(In: ACTIVATION of BiochemicalReaction)"
"UNIPROT","P19838","UNIPROT","P0DJI8","directed","Control(In: ACTIVATION of BiochemicalReaction)"
"UNIPROT","P19838","UNIPROT","P25963","undirected","Binding"
"UNIPROT","P19838","UNIPROT","P80511","directed","Control(In: ACTIVATION of BiochemicalReaction)"
"UNIPROT","P19838","UNIPROT","Q15109","directed","Control(In: ACTIVATION of BiochemicalReaction)"
"UNIPROT","P51617","UNIPROT","O14920","directed","Control(Out: ACTIVATION of BiochemicalReaction)"
"UNIPROT","P51617","UNIPROT","O15111","directed","Control(Out: ACTIVATION of BiochemicalReaction)"
"UNIPROT","P51617","UNIPROT","P61088","undirected","Binding"
"UNIPROT","P51617","UNIPROT","Q13404","undirected","Binding"
"UNIPROT","P51617","UNIPROT","Q15750","undirected","Binding"
"UNIPROT","P51617","UNIPROT","Q8N5C8","undirected","Binding"
"UNIPROT","P51617","UNIPROT","Q9Y6K9","directed","Control(Out: ACTIVATION of BiochemicalReaction)"
"UNIPROT","P61088","UNIPROT","O14920","directed","Control(Out: ACTIVATION of BiochemicalReaction)"
"UNIPROT","P61088","UNIPROT","O15111","directed","Control(Out: ACTIVATION of BiochemicalReaction)"
"UNIPROT","P61088","UNIPROT","Q9Y6K9","directed","Control(Out: ACTIVATION of BiochemicalReaction)"
"UNIPROT","P80511","UNIPROT","P19838","directed","Control(Out: ACTIVATION of BiochemicalReaction)"
"UNIPROT","P80511","UNIPROT","Q00653","directed","Control(Out: ACTIVATION of BiochemicalReaction)"
"UNIPROT","P80511","UNIPROT","Q04206","directed","Control(Out: ACTIVATION of BiochemicalReaction)"
"UNIPROT","Q00653","UNIPROT","P04271","directed","Control(In: ACTIVATION of BiochemicalReaction)"
"UNIPROT","Q00653","UNIPROT","P05067","directed","Control(In: ACTIVATION of BiochemicalReaction)"
"UNIPROT","Q00653","UNIPROT","P09429","directed","Control(In: ACTIVATION of BiochemicalReaction)"
"UNIPROT","Q00653","UNIPROT","P0DJI8","directed","Control(In: ACTIVATION of BiochemicalReaction)"
"UNIPROT","Q00653","UNIPROT","P25963","undirected","Binding"
"UNIPROT","Q00653","UNIPROT","P80511","directed","Control(In: ACTIVATION of BiochemicalReaction)"
"UNIPROT","Q00653","UNIPROT","Q15109","directed","Control(In: ACTIVATION of BiochemicalReaction)"
"UNIPROT","Q04206","UNIPROT","P04271","directed","Control(In: ACTIVATION of BiochemicalReaction)"
"UNIPROT","Q04206","UNIPROT","P05067","directed","Control(In: ACTIVATION of BiochemicalReaction)"
"UNIPROT","Q04206","UNIPROT","P09429","directed","Control(In: ACTIVATION of BiochemicalReaction)"
"UNIPROT","Q04206","UNIPROT","P0DJI8","directed","Control(In: ACTIVATION of BiochemicalReaction)"
"UNIPROT","Q04206","UNIPROT","P19838","undirected","Binding"
"UNIPROT","Q04206","UNIPROT","P25963","undirected","Binding"
"UNIPROT","Q04206","UNIPROT","P80511","directed","Control(In: ACTIVATION of BiochemicalReaction)"
"UNIPROT","Q04206","UNIPROT","Q00653","undirected","Binding"
"UNIPROT","Q04206","UNIPROT","Q15109","directed","Control(In: ACTIVATION of BiochemicalReaction)"
"UNIPROT","Q13404","UNIPROT","O14920","directed","Control(Out: ACTIVATION of BiochemicalReaction)"
"UNIPROT","Q13404","UNIPROT","O15111","directed","Control(Out: ACTIVATION of BiochemicalReaction)"
"UNIPROT","Q13404","UNIPROT","P61088","undirected","Binding"
"UNIPROT","Q13404","UNIPROT","Q9Y6K9","directed","Control(Out: ACTIVATION of BiochemicalReaction)"
"UNIPROT","Q15109","UNIPROT","P04271","undirected","Binding"
"UNIPROT","Q15109","UNIPROT","P05067","undirected","Binding"
"UNIPROT","Q15109","UNIPROT","P09429","undirected","Binding"
"UNIPROT","Q15109","UNIPROT","P0DJI8","undirected","Binding"
"UNIPROT","Q15109","UNIPROT","P19838","directed","Control(Out: ACTIVATION of BiochemicalReaction)"
"UNIPROT","Q15109","UNIPROT","P80511","undirected","Binding"
"UNIPROT","Q15109","UNIPROT","Q00653","directed","Control(Out: ACTIVATION of BiochemicalReaction)"
"UNIPROT","Q15109","UNIPROT","Q04206","directed","Control(Out: ACTIVATION of BiochemicalReaction)"
"UNIPROT","Q15653","UNIPROT","P19838","undirected","Binding"
"UNIPROT","Q15653","UNIPROT","Q00653","undirected","Binding"
"UNIPROT","Q15653","UNIPROT","Q04206","undirected","Binding"
"UNIPROT","Q15750","UNIPROT","O14920","directed","Control(Out: ACTIVATION of BiochemicalReaction)"
"UNIPROT","Q15750","UNIPROT","O15111","directed","Control(Out: ACTIVATION of BiochemicalReaction)"
"UNIPROT","Q15750","UNIPROT","O43353","undirected","Binding"
"UNIPROT","Q15750","UNIPROT","P61088","undirected","Binding"
"UNIPROT","Q15750","UNIPROT","Q13404","undirected","Binding"
"UNIPROT","Q15750","UNIPROT","Q9HC29","undirected","Binding"
"UNIPROT","Q15750","UNIPROT","Q9Y239","undirected","Binding"
"UNIPROT","Q15750","UNIPROT","Q9Y6K9","directed","Control(Out: ACTIVATION of BiochemicalReaction)"
"UNIPROT","Q15750","UNIPROT","Q9Y6K9","undirected","Binding"
"UNIPROT","Q8N5C8","UNIPROT","O14920","directed","Control(Out: ACTIVATION of BiochemicalReaction)"
"UNIPROT","Q8N5C8","UNIPROT","O15111","directed","Control(Out: ACTIVATION of BiochemicalReaction)"
"UNIPROT","Q8N5C8","UNIPROT","O43353","undirected","Binding"
"UNIPROT","Q8N5C8","UNIPROT","P61088","undirected","Binding"
"UNIPROT","Q8N5C8","UNIPROT","Q13404","undirected","Binding"
"UNIPROT","Q8N5C8","UNIPROT","Q15750","undirected","Binding"
"UNIPROT","Q8N5C8","UNIPROT","Q9HC29","undirected","Binding"
"UNIPROT","Q8N5C8","UNIPROT","Q9Y239","undirected","Binding"
"UNIPROT","Q8N5C8","UNIPROT","Q9Y6K9","directed","Control(Out: ACTIVATION of BiochemicalReaction)"
"UNIPROT","Q8N5C8","UNIPROT","Q9Y6K9","undirected","Binding"
"UNIPROT","Q9HC29","UNIPROT","O14920","directed","Control(Out: ACTIVATION of BiochemicalReaction)"
"UNIPROT","Q9HC29","UNIPROT","O15111","directed","Control(Out: ACTIVATION of BiochemicalReaction)"
"UNIPROT","Q9HC29","UNIPROT","Q9Y6K9","directed","Control(Out: ACTIVATION of BiochemicalReaction)"
"UNIPROT","Q9NYJ8","UNIPROT","O14920","directed","Control(Out: ACTIVATION of BiochemicalReaction)"
"UNIPROT","Q9NYJ8","UNIPROT","O15111","directed","Control(Out: ACTIVATION of BiochemicalReaction)"
"UNIPROT","Q9NYJ8","UNIPROT","O43318","undirected","Binding"
"UNIPROT","Q9NYJ8","UNIPROT","O43353","undirected","Binding"
"UNIPROT","Q9NYJ8","UNIPROT","P51617","undirected","Binding"
"UNIPROT","Q9NYJ8","UNIPROT","P61088","undirected","Binding"
"UNIPROT","Q9NYJ8","UNIPROT","Q13404","undirected","Binding"
"UNIPROT","Q9NYJ8","UNIPROT","Q15750","undirected","Binding"
"UNIPROT","Q9NYJ8","UNIPROT","Q9HC29","undirected","Binding"
"UNIPROT","Q9NYJ8","UNIPROT","Q9Y239","undirected","Binding"
"UNIPROT","Q9NYJ8","UNIPROT","Q9Y4K3","undirected","Binding"
"UNIPROT","Q9NYJ8","UNIPROT","Q9Y6K9","directed","Control(Out: ACTIVATION of BiochemicalReaction)"
"UNIPROT","Q9NYJ8","UNIPROT","Q9Y6K9","undirected","Binding"
"UNIPROT","Q9NYR9","UNIPROT","P19838","directed","Control(Out: INHIBITION of BiochemicalReaction)"
"UNIPROT","Q9NYR9","UNIPROT","P25963","directed","Control(Out: INHIBITION of BiochemicalReaction)"
"UNIPROT","Q9NYR9","UNIPROT","Q00653","directed","Control(Out: INHIBITION of BiochemicalReaction)"
"UNIPROT","Q9NYR9","UNIPROT","Q04206","directed","Control(Out: INHIBITION of BiochemicalReaction)"
"UNIPROT","Q9NYR9","UNIPROT","Q15653","directed","Control(Out: INHIBITION of BiochemicalReaction)"
"UNIPROT","Q9NYS0","UNIPROT","P19838","directed","Control(Out: INHIBITION of BiochemicalReaction)"
"UNIPROT","Q9NYS0","UNIPROT","P25963","directed","Control(Out: INHIBITION of BiochemicalReaction)"
"UNIPROT","Q9NYS0","UNIPROT","Q00653","directed","Control(Out: INHIBITION of BiochemicalReaction)"
"UNIPROT","Q9NYS0","UNIPROT","Q04206","directed","Control(Out: INHIBITION of BiochemicalReaction)"
"UNIPROT","Q9NYS0","UNIPROT","Q15653","directed","Control(Out: INHIBITION of BiochemicalReaction)"
"UNIPROT","Q9Y239","UNIPROT","O14920","directed","Control(Out: ACTIVATION of BiochemicalReaction)"
"UNIPROT","Q9Y239","UNIPROT","O15111","directed","Control(Out: ACTIVATION of BiochemicalReaction)"
"UNIPROT","Q9Y239","UNIPROT","Q9Y6K9","directed","Control(Out: ACTIVATION of BiochemicalReaction)"
"UNIPROT","Q9Y4K3","UNIPROT","O14920","directed","Control(Out: ACTIVATION of BiochemicalReaction)"
"UNIPROT","Q9Y4K3","UNIPROT","O15111","directed","Control(Out: ACTIVATION of BiochemicalReaction)"
"UNIPROT","Q9Y4K3","UNIPROT","O43187","undirected","Binding"
"UNIPROT","Q9Y4K3","UNIPROT","P51617","undirected","Binding"
"UNIPROT","Q9Y4K3","UNIPROT","P61088","undirected","Binding"
"UNIPROT","Q9Y4K3","UNIPROT","Q13404","undirected","Binding"
"UNIPROT","Q9Y4K3","UNIPROT","Q15750","undirected","Binding"
"UNIPROT","Q9Y4K3","UNIPROT","Q8N5C8","undirected","Binding"
"UNIPROT","Q9Y4K3","UNIPROT","Q9Y6K9","directed","Control(Out: ACTIVATION of BiochemicalReaction)"
"UNIPROT","Q9Y6K9","UNIPROT","O14920","directed","Control(Out: ACTIVATION of BiochemicalReaction)"
"UNIPROT","Q9Y6K9","UNIPROT","O14920","undirected","Binding"
"UNIPROT","Q9Y6K9","UNIPROT","O15111","directed","Control(Out: ACTIVATION of BiochemicalReaction)"
"UNIPROT","Q9Y6K9","UNIPROT","O43353","undirected","Binding"
"UNIPROT","Q9Y6K9","UNIPROT","P19838","directed","Control(Out: ACTIVATION of BiochemicalReaction)"
"UNIPROT","Q9Y6K9","UNIPROT","P25963","directed","Control(Out: ACTIVATION of BiochemicalReaction)"
"UNIPROT","Q9Y6K9","UNIPROT","Q00653","directed","Control(Out: ACTIVATION of BiochemicalReaction)"
"UNIPROT","Q9Y6K9","UNIPROT","Q04206","directed","Control(Out: ACTIVATION of BiochemicalReaction)"
"UNIPROT","Q9Y6K9","UNIPROT","Q15653","directed","Control(Out: ACTIVATION of BiochemicalReaction)"
"UNIPROT","Q9Y6K9","UNIPROT","Q9HC29","undirected","Binding"
"UNIPROT","Q9Y6K9","UNIPROT","Q9Y239","undirected","Binding"
