"src_type","src","dest_type","dest","direction","type"
"UNIPROT","O14511","UNIPROT","Q15303","undirected","Binding"
"UNIPROT","O14944","UNIPROT","P27986","undirected","Binding"
"UNIPROT","O14944","UNIPROT","P42336","undirected","Binding"
"UNIPROT","O14944","UNIPROT","Q15303","undirected","Binding"
"UNIPROT","P27986","UNIPROT","O14511","undirected","Binding"
"UNIPROT","P27986","UNIPROT","P56975","undirected","Binding"
"UNIPROT","P27986","UNIPROT","Q02297","undirected","Binding"
"UNIPROT","P27986","UNIPROT","Q15303","undirected","Binding"
"UNIPROT","P27986","UNIPROT","Q8WWG1","undirected","Binding"
"UNIPROT","P35070","UNIPROT","P27986","undirected","Binding"
"UNIPROT","P35070","UNIPROT","P42336","undirected","Binding"
"UNIPROT","P35070","UNIPROT","Q15303","undirected","Binding"
"UNIPROT","P42336","UNIPROT","O14511","undirected","Binding"
"UNIPROT","P42336","UNIPROT","P27986","undirected","Binding"
"UNIPROT","P42336","UNIPROT","P56975","undirected","Binding"
"UNIPROT","P42336","UNIPROT","Q02297","undirected","Binding"
"UNIPROT","P42336","UNIPROT","Q15303","undirected","Binding"
"UNIPROT","P42336","UNIPROT","Q8WWG1","undirected","Binding"
"UNIPROT","P56975","UNIPROT","Q15303","undirected","Binding"
"UNIPROT","Q02297","UNIPROT","Q15303","undirected","Binding"
"UNIPROT","Q8WWG1","UNIPROT","Q15303","undirected","Binding"
"UNIPROT","Q99075","UNIPROT","P27986","undirected","Binding"
"UNIPROT","Q99075","UNIPROT","P42336","undirected","Binding"
"UNIPROT","Q99075","UNIPROT","Q15303","undirected","Binding"
