"src_type","src","dest_type","dest","direction","type"
"UNIPROT","O94777","UNIPROT","O60762","undirected","Binding"
"UNIPROT","P10619","UNIPROT","Q8WWR8","undirected","Binding"
"UNIPROT","P16278","UNIPROT","P10619","undirected","Binding"
"UNIPROT","P16278","UNIPROT","Q8WWR8","undirected","Binding"
"UNIPROT","P16278","UNIPROT","Q99519","undirected","Binding"
"UNIPROT","Q86SQ9","UNIPROT","Q96E22","undirected","Binding"
"UNIPROT","Q99519","UNIPROT","P10619","undirected","Binding"
"UNIPROT","Q9P2X0","UNIPROT","O60762","undirected","Binding"
"UNIPROT","Q9P2X0","UNIPROT","O94777","undirected","Binding"
