"src_type","src","dest_type","dest","direction","type"
"UNIPROT","O60674","UNIPROT","P23458","directed","Control(Out: ACTIVATION of BiochemicalReaction)"
"UNIPROT","O60674","UNIPROT","P23458","directed","Process(BiochemicalReaction)"
"UNIPROT","O60674","UNIPROT","P23458","undirected","Binding"
"UNIPROT","O60674","UNIPROT","P29597","undirected","Binding"
"UNIPROT","O60674","UNIPROT","Q14765","directed","Process(BiochemicalReaction)"
"UNIPROT","O75462","UNIPROT","Q8NEV9","undirected","Binding"
"UNIPROT","P07237","UNIPROT","P29459","directed","Control(Out: ACTIVATION of BiochemicalReaction)"
"UNIPROT","P07237","UNIPROT","P29460","directed","Control(Out: ACTIVATION of BiochemicalReaction)"
"UNIPROT","P07237","UNIPROT","Q9NPF7","directed","Control(Out: ACTIVATION of BiochemicalReaction)"
"UNIPROT","P23458","UNIPROT","P29597","undirected","Binding"
"UNIPROT","P23458","UNIPROT","Q14765","directed","Process(BiochemicalReaction)"
"UNIPROT","P29459","UNIPROT","O60674","undirected","Binding"
"UNIPROT","P29459","UNIPROT","P23458","directed","Control(Out: ACTIVATION of BiochemicalReaction)"
"UNIPROT","P29459","UNIPROT","P23458","directed","Process(BiochemicalReaction)"
"UNIPROT","P29459","UNIPROT","P23458","undirected","Binding"
"UNIPROT","P29459","UNIPROT","P27824","undirected","Binding"
"UNIPROT","P29459","UNIPROT","P29460","directed","Control(In: INHIBITION of BiochemicalReaction)"
"UNIPROT","P29459","UNIPROT","P29597","undirected","Binding"
"UNIPROT","P29459","UNIPROT","P40189","undirected","Binding"
"UNIPROT","P29459","UNIPROT","P40763","undirected","Binding"
"UNIPROT","P29459","UNIPROT","P42224","undirected","Binding"
"UNIPROT","P29459","UNIPROT","P42701","undirected","Binding"
"UNIPROT","P29459","UNIPROT","P51809","directed","Control(In: INHIBITION of BiochemicalReaction)"
"UNIPROT","P29459","UNIPROT","P51809","directed","Control(In: ACTIVATION of BiochemicalReaction)"
"UNIPROT","P29459","UNIPROT","Q14213","undirected","Binding"
"UNIPROT","P29459","UNIPROT","Q14765","directed","Process(BiochemicalReaction)"
"UNIPROT","P29459","UNIPROT","Q6UWB1","undirected","Binding"
"UNIPROT","P29459","UNIPROT","Q99665","undirected","Binding"
"UNIPROT","P29460","UNIPROT","O60674","directed","Control(Out: INHIBITION of BiochemicalReaction)"
"UNIPROT","P29460","UNIPROT","O60674","undirected","Binding"
"UNIPROT","P29460","UNIPROT","P23458","directed","Control(Out: ACTIVATION of BiochemicalReaction)"
"UNIPROT","P29460","UNIPROT","P23458","directed","Process(BiochemicalReaction)"
"UNIPROT","P29460","UNIPROT","P23458","undirected","Binding"
"UNIPROT","P29460","UNIPROT","P29459","directed","Control(Out: INHIBITION of BiochemicalReaction)"
"UNIPROT","P29460","UNIPROT","P29459","undirected","Binding"
"UNIPROT","P29460","UNIPROT","P29597","directed","Control(Out: INHIBITION of BiochemicalReaction)"
"UNIPROT","P29460","UNIPROT","P29597","undirected","Binding"
"UNIPROT","P29460","UNIPROT","P40763","undirected","Binding"
"UNIPROT","P29460","UNIPROT","P42701","directed","Control(Out: INHIBITION of BiochemicalReaction)"
"UNIPROT","P29460","UNIPROT","P42701","undirected","Binding"
"UNIPROT","P29460","UNIPROT","P51809","directed","Control(In: INHIBITION of BiochemicalReaction)"
"UNIPROT","P29460","UNIPROT","P51809","directed","Control(In: ACTIVATION of BiochemicalReaction)"
"UNIPROT","P29460","UNIPROT","Q14765","directed","Process(BiochemicalReaction)"
"UNIPROT","P29460","UNIPROT","Q99665","directed","Control(Out: INHIBITION of BiochemicalReaction)"
"UNIPROT","P29460","UNIPROT","Q99665","undirected","Binding"
"UNIPROT","P29597","UNIPROT","O60674","directed","Control(Out: ACTIVATION of BiochemicalReaction)"
"UNIPROT","P29597","UNIPROT","O60674","directed","Control(In: ACTIVATION of BiochemicalReaction)"
"UNIPROT","P29597","UNIPROT","O60674","directed","Process(BiochemicalReaction)"
"UNIPROT","P29597","UNIPROT","P23458","directed","Control(Out: ACTIVATION of BiochemicalReaction)"
"UNIPROT","P29597","UNIPROT","P23458","directed","Control(In: ACTIVATION of BiochemicalReaction)"
"UNIPROT","P29597","UNIPROT","P23458","directed","Process(BiochemicalReaction)"
"UNIPROT","P29597","UNIPROT","P29459","directed","Control(Out: ACTIVATION of BiochemicalReaction)"
"UNIPROT","P29597","UNIPROT","P29459","directed","Control(In: ACTIVATION of BiochemicalReaction)"
"UNIPROT","P29597","UNIPROT","P29459","directed","Process(BiochemicalReaction)"
"UNIPROT","P29597","UNIPROT","P40189","directed","Control(Out: ACTIVATION of BiochemicalReaction)"
"UNIPROT","P29597","UNIPROT","P40189","directed","Control(In: ACTIVATION of BiochemicalReaction)"
"UNIPROT","P29597","UNIPROT","P40189","directed","Process(BiochemicalReaction)"
"UNIPROT","P29597","UNIPROT","Q14213","directed","Control(Out: ACTIVATION of BiochemicalReaction)"
"UNIPROT","P29597","UNIPROT","Q14213","directed","Control(In: ACTIVATION of BiochemicalReaction)"
"UNIPROT","P29597","UNIPROT","Q14213","directed","Process(BiochemicalReaction)"
"UNIPROT","P29597","UNIPROT","Q14765","directed","Process(BiochemicalReaction)"
"UNIPROT","P29597","UNIPROT","Q99665","directed","Control(Out: ACTIVATION of BiochemicalReaction)"
"UNIPROT","P29597","UNIPROT","Q99665","directed","Control(In: ACTIVATION of BiochemicalReaction)"
"UNIPROT","P29597","UNIPROT","Q99665","directed","Process(BiochemicalReaction)"
"UNIPROT","P40189","UNIPROT","O60674","undirected","Binding"
"UNIPROT","P40189","UNIPROT","P23458","undirected","Binding"
"UNIPROT","P40189","UNIPROT","P29597","undirected","Binding"
"UNIPROT","P40189","UNIPROT","P40763","undirected","Binding"
"UNIPROT","P40189","UNIPROT","P42224","undirected","Binding"
"UNIPROT","P40189","UNIPROT","Q14213","undirected","Binding"
"UNIPROT","P40189","UNIPROT","Q6UWB1","undirected","Binding"
"UNIPROT","P40189","UNIPROT","Q8NEV9","undirected","Binding"
"UNIPROT","P40189","UNIPROT","Q99665","undirected","Binding"
"UNIPROT","P40763","UNIPROT","O60674","undirected","Binding"
"UNIPROT","P40763","UNIPROT","P23458","undirected","Binding"
"UNIPROT","P40763","UNIPROT","P29597","undirected","Binding"
"UNIPROT","P40763","UNIPROT","P42224","undirected","Binding"
"UNIPROT","P42224","UNIPROT","O60674","undirected","Binding"
"UNIPROT","P42224","UNIPROT","P23458","undirected","Binding"
"UNIPROT","P42224","UNIPROT","P29459","directed","Control(Out: ACTIVATION of BiochemicalReaction)"
"UNIPROT","P42224","UNIPROT","P29597","undirected","Binding"
"UNIPROT","P42224","UNIPROT","Q14213","directed","Control(Out: ACTIVATION of BiochemicalReaction)"
"UNIPROT","P42701","UNIPROT","O60674","undirected","Binding"
"UNIPROT","P42701","UNIPROT","P23458","directed","Control(Out: ACTIVATION of BiochemicalReaction)"
"UNIPROT","P42701","UNIPROT","P23458","directed","Process(BiochemicalReaction)"
"UNIPROT","P42701","UNIPROT","P23458","undirected","Binding"
"UNIPROT","P42701","UNIPROT","P29597","undirected","Binding"
"UNIPROT","P42701","UNIPROT","P40763","undirected","Binding"
"UNIPROT","P42701","UNIPROT","Q14765","directed","Process(BiochemicalReaction)"
"UNIPROT","P42701","UNIPROT","Q99665","undirected","Binding"
"UNIPROT","P51809","UNIPROT","P29459","directed","Control(Out: INHIBITION of BiochemicalReaction)"
"UNIPROT","P51809","UNIPROT","P29459","directed","Control(Out: ACTIVATION of BiochemicalReaction)"
"UNIPROT","P51809","UNIPROT","P29460","directed","Control(Out: INHIBITION of BiochemicalReaction)"
"UNIPROT","P51809","UNIPROT","P29460","directed","Control(Out: ACTIVATION of BiochemicalReaction)"
"UNIPROT","Q14213","UNIPROT","O60674","undirected","Binding"
"UNIPROT","Q14213","UNIPROT","P23458","undirected","Binding"
"UNIPROT","Q14213","UNIPROT","P27824","undirected","Binding"
"UNIPROT","Q14213","UNIPROT","P29597","undirected","Binding"
"UNIPROT","Q14213","UNIPROT","P40763","undirected","Binding"
"UNIPROT","Q14213","UNIPROT","P42224","undirected","Binding"
"UNIPROT","Q14213","UNIPROT","Q6UWB1","directed","Control(In: INHIBITION of BiochemicalReaction)"
"UNIPROT","Q14213","UNIPROT","Q6UWB1","undirected","Binding"
"UNIPROT","Q14213","UNIPROT","Q8NEV9","directed","Control(In: INHIBITION of BiochemicalReaction)"
"UNIPROT","Q14213","UNIPROT","Q8NEV9","undirected","Binding"
"UNIPROT","Q14765","UNIPROT","O00170","directed","Control(Out: ACTIVATION of BiochemicalReaction)"
"UNIPROT","Q14765","UNIPROT","O14979","directed","Control(Out: ACTIVATION of BiochemicalReaction)"
"UNIPROT","Q14765","UNIPROT","O60674","undirected","Binding"
"UNIPROT","Q14765","UNIPROT","P00441","directed","Control(Out: ACTIVATION of BiochemicalReaction)"
"UNIPROT","Q14765","UNIPROT","P00915","directed","Control(Out: ACTIVATION of BiochemicalReaction)"
"UNIPROT","Q14765","UNIPROT","P01579","directed","Control(Out: ACTIVATION of BiochemicalReaction)"
"UNIPROT","Q14765","UNIPROT","P04179","directed","Control(Out: INHIBITION of BiochemicalReaction)"
"UNIPROT","Q14765","UNIPROT","P05120","directed","Control(Out: INHIBITION of BiochemicalReaction)"
"UNIPROT","Q14765","UNIPROT","P05388","directed","Control(Out: INHIBITION of BiochemicalReaction)"
"UNIPROT","Q14765","UNIPROT","P07355","directed","Control(Out: INHIBITION of BiochemicalReaction)"
"UNIPROT","Q14765","UNIPROT","P09210","directed","Control(Out: ACTIVATION of BiochemicalReaction)"
"UNIPROT","Q14765","UNIPROT","P09661","directed","Control(Out: INHIBITION of BiochemicalReaction)"
"UNIPROT","Q14765","UNIPROT","P11233","directed","Control(Out: ACTIVATION of BiochemicalReaction)"
"UNIPROT","Q14765","UNIPROT","P13796","directed","Control(Out: INHIBITION of BiochemicalReaction)"
"UNIPROT","Q14765","UNIPROT","P14174","directed","Control(Out: ACTIVATION of BiochemicalReaction)"
"UNIPROT","Q14765","UNIPROT","P17987","directed","Control(Out: ACTIVATION of BiochemicalReaction)"
"UNIPROT","Q14765","UNIPROT","P20700","directed","Control(Out: INHIBITION of BiochemicalReaction)"
"UNIPROT","Q14765","UNIPROT","P22301","directed","Control(Out: ACTIVATION of BiochemicalReaction)"
"UNIPROT","Q14765","UNIPROT","P22626","directed","Control(Out: INHIBITION of BiochemicalReaction)"
"UNIPROT","Q14765","UNIPROT","P23458","undirected","Binding"
"UNIPROT","Q14765","UNIPROT","P23528","directed","Control(Out: ACTIVATION of BiochemicalReaction)"
"UNIPROT","Q14765","UNIPROT","P26038","directed","Control(Out: INHIBITION of BiochemicalReaction)"
"UNIPROT","Q14765","UNIPROT","P29459","directed","Control(Out: ACTIVATION of BiochemicalReaction)"
"UNIPROT","Q14765","UNIPROT","P29459","undirected","Binding"
"UNIPROT","Q14765","UNIPROT","P29460","undirected","Binding"
"UNIPROT","Q14765","UNIPROT","P29597","undirected","Binding"
"UNIPROT","Q14765","UNIPROT","P37837","directed","Control(Out: INHIBITION of BiochemicalReaction)"
"UNIPROT","Q14765","UNIPROT","P38646","directed","Control(Out: INHIBITION of BiochemicalReaction)"
"UNIPROT","Q14765","UNIPROT","P40189","undirected","Binding"
"UNIPROT","Q14765","UNIPROT","P40763","undirected","Binding"
"UNIPROT","Q14765","UNIPROT","P42224","undirected","Binding"
"UNIPROT","Q14765","UNIPROT","P42701","undirected","Binding"
"UNIPROT","Q14765","UNIPROT","P52597","directed","Control(Out: INHIBITION of BiochemicalReaction)"
"UNIPROT","Q14765","UNIPROT","P52907","directed","Control(Out: INHIBITION of BiochemicalReaction)"
"UNIPROT","Q14765","UNIPROT","P60953","directed","Control(Out: INHIBITION of BiochemicalReaction)"
"UNIPROT","Q14765","UNIPROT","P61224","directed","Control(Out: INHIBITION of BiochemicalReaction)"
"UNIPROT","Q14765","UNIPROT","P62937","directed","Control(Out: ACTIVATION of BiochemicalReaction)"
"UNIPROT","Q14765","UNIPROT","P78417","directed","Control(Out: INHIBITION of BiochemicalReaction)"
"UNIPROT","Q14765","UNIPROT","P84077","directed","Control(Out: INHIBITION of BiochemicalReaction)"
"UNIPROT","Q14765","UNIPROT","Q00169","directed","Control(Out: INHIBITION of BiochemicalReaction)"
"UNIPROT","Q14765","UNIPROT","Q13126","directed","Control(Out: ACTIVATION of BiochemicalReaction)"
"UNIPROT","Q14765","UNIPROT","Q13177","directed","Control(Out: INHIBITION of BiochemicalReaction)"
"UNIPROT","Q14765","UNIPROT","Q14213","directed","Control(Out: ACTIVATION of BiochemicalReaction)"
"UNIPROT","Q14765","UNIPROT","Q14213","undirected","Binding"
"UNIPROT","Q14765","UNIPROT","Q53EL6","directed","Control(Out: ACTIVATION of BiochemicalReaction)"
"UNIPROT","Q14765","UNIPROT","Q5VWK5","undirected","Binding"
"UNIPROT","Q14765","UNIPROT","Q99439","directed","Control(Out: ACTIVATION of BiochemicalReaction)"
"UNIPROT","Q14765","UNIPROT","Q99665","undirected","Binding"
"UNIPROT","Q14765","UNIPROT","Q9H3K6","directed","Control(Out: ACTIVATION of BiochemicalReaction)"
"UNIPROT","Q14765","UNIPROT","Q9NPF7","undirected","Binding"
"UNIPROT","Q14765","UNIPROT","Q9UL46","directed","Control(Out: ACTIVATION of BiochemicalReaction)"
"UNIPROT","Q5VWK5","UNIPROT","O60674","undirected","Binding"
"UNIPROT","Q5VWK5","UNIPROT","P29460","undirected","Binding"
"UNIPROT","Q5VWK5","UNIPROT","P29597","undirected","Binding"
"UNIPROT","Q5VWK5","UNIPROT","P40763","undirected","Binding"
"UNIPROT","Q5VWK5","UNIPROT","P42701","undirected","Binding"
"UNIPROT","Q6UWB1","UNIPROT","O60674","directed","Control(Out: INHIBITION of BiochemicalReaction)"
"UNIPROT","Q6UWB1","UNIPROT","O60674","undirected","Binding"
"UNIPROT","Q6UWB1","UNIPROT","P23458","directed","Control(Out: INHIBITION of BiochemicalReaction)"
"UNIPROT","Q6UWB1","UNIPROT","P23458","undirected","Binding"
"UNIPROT","Q6UWB1","UNIPROT","P29597","directed","Control(Out: INHIBITION of BiochemicalReaction)"
"UNIPROT","Q6UWB1","UNIPROT","P29597","undirected","Binding"
"UNIPROT","Q6UWB1","UNIPROT","P40189","directed","Control(Out: INHIBITION of BiochemicalReaction)"
"UNIPROT","Q6UWB1","UNIPROT","P40763","undirected","Binding"
"UNIPROT","Q6UWB1","UNIPROT","P42224","undirected","Binding"
"UNIPROT","Q6UWB1","UNIPROT","Q14213","directed","Control(Out: INHIBITION of BiochemicalReaction)"
"UNIPROT","Q6UWB1","UNIPROT","Q8NEV9","directed","Control(Out: INHIBITION of BiochemicalReaction)"
"UNIPROT","Q8NEV9","UNIPROT","O60674","directed","Control(Out: INHIBITION of BiochemicalReaction)"
"UNIPROT","Q8NEV9","UNIPROT","O60674","undirected","Binding"
"UNIPROT","Q8NEV9","UNIPROT","P23458","directed","Control(Out: INHIBITION of BiochemicalReaction)"
"UNIPROT","Q8NEV9","UNIPROT","P23458","undirected","Binding"
"UNIPROT","Q8NEV9","UNIPROT","P27824","undirected","Binding"
"UNIPROT","Q8NEV9","UNIPROT","P29597","directed","Control(Out: INHIBITION of BiochemicalReaction)"
"UNIPROT","Q8NEV9","UNIPROT","P29597","undirected","Binding"
"UNIPROT","Q8NEV9","UNIPROT","P40189","directed","Control(Out: INHIBITION of BiochemicalReaction)"
"UNIPROT","Q8NEV9","UNIPROT","P40763","undirected","Binding"
"UNIPROT","Q8NEV9","UNIPROT","P42224","undirected","Binding"
"UNIPROT","Q8NEV9","UNIPROT","Q14213","directed","Control(Out: INHIBITION of BiochemicalReaction)"
"UNIPROT","Q8NEV9","UNIPROT","Q6UWB1","directed","Control(Out: INHIBITION of BiochemicalReaction)"
"UNIPROT","Q8NEV9","UNIPROT","Q6UWB1","directed","Control(In: INHIBITION of BiochemicalReaction)"
"UNIPROT","Q8NEV9","UNIPROT","Q6UWB1","undirected","Binding"
"UNIPROT","Q99665","UNIPROT","O60674","undirected","Binding"
"UNIPROT","Q99665","UNIPROT","P23458","directed","Control(Out: ACTIVATION of BiochemicalReaction)"
"UNIPROT","Q99665","UNIPROT","P23458","directed","Process(BiochemicalReaction)"
"UNIPROT","Q99665","UNIPROT","P23458","undirected","Binding"
"UNIPROT","Q99665","UNIPROT","P29597","undirected","Binding"
"UNIPROT","Q99665","UNIPROT","P40763","undirected","Binding"
"UNIPROT","Q99665","UNIPROT","P42224","undirected","Binding"
"UNIPROT","Q99665","UNIPROT","Q14213","undirected","Binding"
"UNIPROT","Q99665","UNIPROT","Q14765","directed","Process(BiochemicalReaction)"
"UNIPROT","Q99665","UNIPROT","Q6UWB1","undirected","Binding"
"UNIPROT","Q9NPF7","UNIPROT","O60674","undirected","Binding"
"UNIPROT","Q9NPF7","UNIPROT","P29460","undirected","Binding"
"UNIPROT","Q9NPF7","UNIPROT","P29597","undirected","Binding"
"UNIPROT","Q9NPF7","UNIPROT","P40763","undirected","Binding"
"UNIPROT","Q9NPF7","UNIPROT","P42701","undirected","Binding"
"UNIPROT","Q9NPF7","UNIPROT","Q5VWK5","undirected","Binding"
