"src_type","src","dest_type","dest","direction","type"
"UNIPROT","O14733","UNIPROT","P45983","directed","Control(Out: ACTIVATION of BiochemicalReaction)"
"UNIPROT","O14733","UNIPROT","P45984","directed","Control(Out: ACTIVATION of BiochemicalReaction)"
"UNIPROT","O14733","UNIPROT","P53779","directed","Control(Out: ACTIVATION of BiochemicalReaction)"
"UNIPROT","O14920","UNIPROT","P19838","directed","Control(Out: ACTIVATION of BiochemicalReaction)"
"UNIPROT","O14920","UNIPROT","P41279","directed","Control(Out: ACTIVATION of BiochemicalReaction)"
"UNIPROT","O14920","UNIPROT","Q8NFZ5","directed","Control(Out: ACTIVATION of BiochemicalReaction)"
"UNIPROT","O15111","UNIPROT","O14920","undirected","Binding"
"UNIPROT","O15111","UNIPROT","P19838","directed","Control(Out: ACTIVATION of BiochemicalReaction)"
"UNIPROT","O15111","UNIPROT","P41279","directed","Control(Out: ACTIVATION of BiochemicalReaction)"
"UNIPROT","O15111","UNIPROT","Q8NFZ5","directed","Control(Out: ACTIVATION of BiochemicalReaction)"
"UNIPROT","O15111","UNIPROT","Q9Y6K9","undirected","Binding"
"UNIPROT","O43187","UNIPROT","O14733","directed","Control(Out: ACTIVATION of BiochemicalReaction)"
"UNIPROT","O43187","UNIPROT","P45985","directed","Control(Out: ACTIVATION of BiochemicalReaction)"
"UNIPROT","O43187","UNIPROT","P46734","directed","Control(Out: ACTIVATION of BiochemicalReaction)"
"UNIPROT","O43187","UNIPROT","P52564","directed","Control(Out: ACTIVATION of BiochemicalReaction)"
"UNIPROT","O43318","UNIPROT","O14733","directed","Control(Out: ACTIVATION of BiochemicalReaction)"
"UNIPROT","O43318","UNIPROT","O43187","undirected","Binding"
"UNIPROT","O43318","UNIPROT","O43353","undirected","Binding"
"UNIPROT","O43318","UNIPROT","P45985","directed","Control(Out: ACTIVATION of BiochemicalReaction)"
"UNIPROT","O43318","UNIPROT","P46734","directed","Control(Out: ACTIVATION of BiochemicalReaction)"
"UNIPROT","O43318","UNIPROT","P51617","undirected","Binding"
"UNIPROT","O43318","UNIPROT","P52564","directed","Control(Out: ACTIVATION of BiochemicalReaction)"
"UNIPROT","O43318","UNIPROT","P61088","undirected","Binding"
"UNIPROT","O43318","UNIPROT","Q13404","undirected","Binding"
"UNIPROT","O43318","UNIPROT","Q15750","undirected","Binding"
"UNIPROT","O43318","UNIPROT","Q8N5C8","undirected","Binding"
"UNIPROT","O43318","UNIPROT","Q9HC29","undirected","Binding"
"UNIPROT","O43318","UNIPROT","Q9Y239","undirected","Binding"
"UNIPROT","O43318","UNIPROT","Q9Y4K3","undirected","Binding"
"UNIPROT","O43318","UNIPROT","Q9Y6K9","undirected","Binding"
"UNIPROT","O43353","UNIPROT","O14733","directed","Control(Out: ACTIVATION of BiochemicalReaction)"
"UNIPROT","O43353","UNIPROT","P45985","directed","Control(Out: ACTIVATION of BiochemicalReaction)"
"UNIPROT","O43353","UNIPROT","P46734","directed","Control(Out: ACTIVATION of BiochemicalReaction)"
"UNIPROT","O43353","UNIPROT","P52564","directed","Control(Out: ACTIVATION of BiochemicalReaction)"
"UNIPROT","O43353","UNIPROT","Q9HC29","undirected","Binding"
"UNIPROT","O43353","UNIPROT","Q9Y239","undirected","Binding"
"UNIPROT","O75582","UNIPROT","P16220","directed","Control(Out: ACTIVATION of BiochemicalReaction)"
"UNIPROT","O75582","UNIPROT","P18846","directed","Control(Out: ACTIVATION of BiochemicalReaction)"
"UNIPROT","P01100","UNIPROT","P05412","undirected","Binding"
"UNIPROT","P05412","UNIPROT","P15336","undirected","Binding"
"UNIPROT","P0CG47","UNIPROT","P19838","directed","Control(In: ACTIVATION of BiochemicalReaction)"
"UNIPROT","P0CG47","UNIPROT","P19838","directed","Process(BiochemicalReaction)"
"UNIPROT","P0CG47","UNIPROT","P41279","directed","Control(In: ACTIVATION of BiochemicalReaction)"
"UNIPROT","P0CG47","UNIPROT","P41279","directed","Process(BiochemicalReaction)"
"UNIPROT","P0CG47","UNIPROT","P63208","directed","Control(In: ACTIVATION of BiochemicalReaction)"
"UNIPROT","P0CG47","UNIPROT","P63208","directed","Process(BiochemicalReaction)"
"UNIPROT","P0CG47","UNIPROT","Q13616","directed","Control(In: ACTIVATION of BiochemicalReaction)"
"UNIPROT","P0CG47","UNIPROT","Q13616","directed","Process(BiochemicalReaction)"
"UNIPROT","P0CG47","UNIPROT","Q8NFZ5","directed","Control(In: ACTIVATION of BiochemicalReaction)"
"UNIPROT","P0CG47","UNIPROT","Q8NFZ5","directed","Process(BiochemicalReaction)"
"UNIPROT","P0CG47","UNIPROT","Q9UKB1","directed","Control(In: ACTIVATION of BiochemicalReaction)"
"UNIPROT","P0CG47","UNIPROT","Q9UKB1","directed","Process(BiochemicalReaction)"
"UNIPROT","P0CG47","UNIPROT","Q9Y297","directed","Control(In: ACTIVATION of BiochemicalReaction)"
"UNIPROT","P0CG47","UNIPROT","Q9Y297","directed","Process(BiochemicalReaction)"
"UNIPROT","P0CG48","UNIPROT","P19838","directed","Control(In: ACTIVATION of BiochemicalReaction)"
"UNIPROT","P0CG48","UNIPROT","P19838","directed","Process(BiochemicalReaction)"
"UNIPROT","P0CG48","UNIPROT","P41279","directed","Control(In: ACTIVATION of BiochemicalReaction)"
"UNIPROT","P0CG48","UNIPROT","P41279","directed","Process(BiochemicalReaction)"
"UNIPROT","P0CG48","UNIPROT","P63208","directed","Control(In: ACTIVATION of BiochemicalReaction)"
"UNIPROT","P0CG48","UNIPROT","P63208","directed","Process(BiochemicalReaction)"
"UNIPROT","P0CG48","UNIPROT","Q13616","directed","Control(In: ACTIVATION of BiochemicalReaction)"
"UNIPROT","P0CG48","UNIPROT","Q13616","directed","Process(BiochemicalReaction)"
"UNIPROT","P0CG48","UNIPROT","Q8NFZ5","directed","Control(In: ACTIVATION of BiochemicalReaction)"
"UNIPROT","P0CG48","UNIPROT","Q8NFZ5","directed","Process(BiochemicalReaction)"
"UNIPROT","P0CG48","UNIPROT","Q9UKB1","directed","Control(In: ACTIVATION of BiochemicalReaction)"
"UNIPROT","P0CG48","UNIPROT","Q9UKB1","directed","Process(BiochemicalReaction)"
"UNIPROT","P0CG48","UNIPROT","Q9Y297","directed","Control(In: ACTIVATION of BiochemicalReaction)"
"UNIPROT","P0CG48","UNIPROT","Q9Y297","directed","Process(BiochemicalReaction)"
"UNIPROT","P19838","UNIPROT","P0CG47","directed","Process(BiochemicalReaction)"
"UNIPROT","P19838","UNIPROT","P0CG48","directed","Process(BiochemicalReaction)"
"UNIPROT","P19838","UNIPROT","P41279","directed","Control(Out: INHIBITION of BiochemicalReaction)"
"UNIPROT","P19838","UNIPROT","P41279","directed","Process(BiochemicalReaction)"
"UNIPROT","P19838","UNIPROT","P62979","directed","Process(BiochemicalReaction)"
"UNIPROT","P19838","UNIPROT","P62987","directed","Process(BiochemicalReaction)"
"UNIPROT","P19838","UNIPROT","P63208","undirected","Binding"
"UNIPROT","P19838","UNIPROT","Q13616","undirected","Binding"
"UNIPROT","P19838","UNIPROT","Q8NFZ5","directed","Control(Out: INHIBITION of BiochemicalReaction)"
"UNIPROT","P19838","UNIPROT","Q8NFZ5","directed","Process(BiochemicalReaction)"
"UNIPROT","P19838","UNIPROT","Q8NFZ5","undirected","Binding"
"UNIPROT","P19838","UNIPROT","Q9UKB1","undirected","Binding"
"UNIPROT","P19838","UNIPROT","Q9Y297","undirected","Binding"
"UNIPROT","P27361","UNIPROT","O75582","directed","Control(Out: ACTIVATION of BiochemicalReaction)"
"UNIPROT","P27361","UNIPROT","P01100","directed","Control(Out: ACTIVATION of BiochemicalReaction)"
"UNIPROT","P27361","UNIPROT","P15336","directed","Control(Out: ACTIVATION of BiochemicalReaction)"
"UNIPROT","P27361","UNIPROT","P19419","directed","Control(Out: ACTIVATION of BiochemicalReaction)"
"UNIPROT","P27361","UNIPROT","P51812","directed","Control(Out: ACTIVATION of BiochemicalReaction)"
"UNIPROT","P27361","UNIPROT","Q15349","directed","Control(Out: ACTIVATION of BiochemicalReaction)"
"UNIPROT","P27361","UNIPROT","Q15418","directed","Control(Out: ACTIVATION of BiochemicalReaction)"
"UNIPROT","P28482","UNIPROT","O75582","directed","Control(Out: ACTIVATION of BiochemicalReaction)"
"UNIPROT","P28482","UNIPROT","P01100","directed","Control(Out: ACTIVATION of BiochemicalReaction)"
"UNIPROT","P28482","UNIPROT","P15336","directed","Control(Out: ACTIVATION of BiochemicalReaction)"
"UNIPROT","P28482","UNIPROT","P19419","directed","Control(Out: ACTIVATION of BiochemicalReaction)"
"UNIPROT","P28482","UNIPROT","P51812","directed","Control(Out: ACTIVATION of BiochemicalReaction)"
"UNIPROT","P28482","UNIPROT","Q15349","directed","Control(Out: ACTIVATION of BiochemicalReaction)"
"UNIPROT","P28482","UNIPROT","Q15418","directed","Control(Out: ACTIVATION of BiochemicalReaction)"
"UNIPROT","P30153","UNIPROT","P27361","directed","Control(Out: ACTIVATION of BiochemicalReaction)"
"UNIPROT","P30153","UNIPROT","P28482","directed","Control(Out: ACTIVATION of BiochemicalReaction)"
"UNIPROT","P30153","UNIPROT","Q13164","directed","Control(Out: ACTIVATION of BiochemicalReaction)"
"UNIPROT","P30154","UNIPROT","P27361","directed","Control(Out: ACTIVATION of BiochemicalReaction)"
"UNIPROT","P30154","UNIPROT","P28482","directed","Control(Out: ACTIVATION of BiochemicalReaction)"
"UNIPROT","P30154","UNIPROT","Q13164","directed","Control(Out: ACTIVATION of BiochemicalReaction)"
"UNIPROT","P41279","UNIPROT","P0CG47","directed","Process(BiochemicalReaction)"
"UNIPROT","P41279","UNIPROT","P0CG48","directed","Process(BiochemicalReaction)"
"UNIPROT","P41279","UNIPROT","P19838","undirected","Binding"
"UNIPROT","P41279","UNIPROT","P45985","directed","Control(Out: ACTIVATION of BiochemicalReaction)"
"UNIPROT","P41279","UNIPROT","P62979","directed","Process(BiochemicalReaction)"
"UNIPROT","P41279","UNIPROT","P62987","directed","Process(BiochemicalReaction)"
"UNIPROT","P41279","UNIPROT","P63208","undirected","Binding"
"UNIPROT","P41279","UNIPROT","Q02750","directed","Control(Out: ACTIVATION of BiochemicalReaction)"
"UNIPROT","P41279","UNIPROT","Q13616","undirected","Binding"
"UNIPROT","P41279","UNIPROT","Q8NFZ5","undirected","Binding"
"UNIPROT","P41279","UNIPROT","Q9UKB1","undirected","Binding"
"UNIPROT","P41279","UNIPROT","Q9Y297","undirected","Binding"
"UNIPROT","P45983","UNIPROT","P05412","directed","Control(Out: ACTIVATION of BiochemicalReaction)"
"UNIPROT","P45983","UNIPROT","P15336","directed","Control(Out: ACTIVATION of BiochemicalReaction)"
"UNIPROT","P45984","UNIPROT","P05412","directed","Control(Out: ACTIVATION of BiochemicalReaction)"
"UNIPROT","P45984","UNIPROT","P15336","directed","Control(Out: ACTIVATION of BiochemicalReaction)"
"UNIPROT","P45985","UNIPROT","P45983","directed","Control(Out: ACTIVATION of BiochemicalReaction)"
"UNIPROT","P45985","UNIPROT","P45984","directed","Control(Out: ACTIVATION of BiochemicalReaction)"
"UNIPROT","P45985","UNIPROT","P53779","directed","Control(Out: ACTIVATION of BiochemicalReaction)"
"UNIPROT","P46734","UNIPROT","P49137","directed","Control(Out: ACTIVATION of BiochemicalReaction)"
"UNIPROT","P46734","UNIPROT","Q15759","directed","Control(Out: ACTIVATION of BiochemicalReaction)"
"UNIPROT","P46734","UNIPROT","Q16539","directed","Control(Out: ACTIVATION of BiochemicalReaction)"
"UNIPROT","P46734","UNIPROT","Q16644","directed","Control(Out: ACTIVATION of BiochemicalReaction)"
"UNIPROT","P49137","UNIPROT","P16220","directed","Control(Out: ACTIVATION of BiochemicalReaction)"
"UNIPROT","P49137","UNIPROT","Q15759","undirected","Binding"
"UNIPROT","P49137","UNIPROT","Q16539","undirected","Binding"
"UNIPROT","P51452","UNIPROT","P27361","directed","Control(Out: INHIBITION of BiochemicalReaction)"
"UNIPROT","P51452","UNIPROT","P27361","directed","Control(Out: ACTIVATION of BiochemicalReaction)"
"UNIPROT","P51452","UNIPROT","P28482","directed","Control(Out: INHIBITION of BiochemicalReaction)"
"UNIPROT","P51452","UNIPROT","P28482","directed","Control(Out: ACTIVATION of BiochemicalReaction)"
"UNIPROT","P51452","UNIPROT","Q13164","directed","Control(Out: INHIBITION of BiochemicalReaction)"
"UNIPROT","P51452","UNIPROT","Q13164","directed","Control(Out: ACTIVATION of BiochemicalReaction)"
"UNIPROT","P51452","UNIPROT","Q8IV63","undirected","Binding"
"UNIPROT","P51617","UNIPROT","O14733","directed","Control(Out: ACTIVATION of BiochemicalReaction)"
"UNIPROT","P51617","UNIPROT","P45985","directed","Control(Out: ACTIVATION of BiochemicalReaction)"
"UNIPROT","P51617","UNIPROT","P46734","directed","Control(Out: ACTIVATION of BiochemicalReaction)"
"UNIPROT","P51617","UNIPROT","P52564","directed","Control(Out: ACTIVATION of BiochemicalReaction)"
"UNIPROT","P51617","UNIPROT","P61088","undirected","Binding"
"UNIPROT","P51617","UNIPROT","Q13404","undirected","Binding"
"UNIPROT","P51617","UNIPROT","Q15750","undirected","Binding"
"UNIPROT","P51617","UNIPROT","Q8N5C8","undirected","Binding"
"UNIPROT","P51812","UNIPROT","P16220","directed","Control(Out: ACTIVATION of BiochemicalReaction)"
"UNIPROT","P52564","UNIPROT","P49137","directed","Control(Out: ACTIVATION of BiochemicalReaction)"
"UNIPROT","P52564","UNIPROT","Q15759","directed","Control(Out: ACTIVATION of BiochemicalReaction)"
"UNIPROT","P52564","UNIPROT","Q16539","directed","Control(Out: ACTIVATION of BiochemicalReaction)"
"UNIPROT","P52564","UNIPROT","Q16644","directed","Control(Out: ACTIVATION of BiochemicalReaction)"
"UNIPROT","P53779","UNIPROT","P05412","directed","Control(Out: ACTIVATION of BiochemicalReaction)"
"UNIPROT","P53779","UNIPROT","P15336","directed","Control(Out: ACTIVATION of BiochemicalReaction)"
"UNIPROT","P61088","UNIPROT","O14733","directed","Control(Out: ACTIVATION of BiochemicalReaction)"
"UNIPROT","P61088","UNIPROT","P45985","directed","Control(Out: ACTIVATION of BiochemicalReaction)"
"UNIPROT","P61088","UNIPROT","P46734","directed","Control(Out: ACTIVATION of BiochemicalReaction)"
"UNIPROT","P61088","UNIPROT","P52564","directed","Control(Out: ACTIVATION of BiochemicalReaction)"
"UNIPROT","P62714","UNIPROT","P27361","directed","Control(Out: ACTIVATION of BiochemicalReaction)"
"UNIPROT","P62714","UNIPROT","P28482","directed","Control(Out: ACTIVATION of BiochemicalReaction)"
"UNIPROT","P62714","UNIPROT","P30153","undirected","Binding"
"UNIPROT","P62714","UNIPROT","P30154","undirected","Binding"
"UNIPROT","P62714","UNIPROT","Q13164","directed","Control(Out: ACTIVATION of BiochemicalReaction)"
"UNIPROT","P62714","UNIPROT","Q14738","undirected","Binding"
"UNIPROT","P62979","UNIPROT","P19838","directed","Control(In: ACTIVATION of BiochemicalReaction)"
"UNIPROT","P62979","UNIPROT","P19838","directed","Process(BiochemicalReaction)"
"UNIPROT","P62979","UNIPROT","P41279","directed","Control(In: ACTIVATION of BiochemicalReaction)"
"UNIPROT","P62979","UNIPROT","P41279","directed","Process(BiochemicalReaction)"
"UNIPROT","P62979","UNIPROT","P63208","directed","Control(In: ACTIVATION of BiochemicalReaction)"
"UNIPROT","P62979","UNIPROT","P63208","directed","Process(BiochemicalReaction)"
"UNIPROT","P62979","UNIPROT","Q13616","directed","Control(In: ACTIVATION of BiochemicalReaction)"
"UNIPROT","P62979","UNIPROT","Q13616","directed","Process(BiochemicalReaction)"
"UNIPROT","P62979","UNIPROT","Q8NFZ5","directed","Control(In: ACTIVATION of BiochemicalReaction)"
"UNIPROT","P62979","UNIPROT","Q8NFZ5","directed","Process(BiochemicalReaction)"
"UNIPROT","P62979","UNIPROT","Q9UKB1","directed","Control(In: ACTIVATION of BiochemicalReaction)"
"UNIPROT","P62979","UNIPROT","Q9UKB1","directed","Process(BiochemicalReaction)"
"UNIPROT","P62979","UNIPROT","Q9Y297","directed","Control(In: ACTIVATION of BiochemicalReaction)"
"UNIPROT","P62979","UNIPROT","Q9Y297","directed","Process(BiochemicalReaction)"
"UNIPROT","P62987","UNIPROT","P19838","directed","Control(In: ACTIVATION of BiochemicalReaction)"
"UNIPROT","P62987","UNIPROT","P19838","directed","Process(BiochemicalReaction)"
"UNIPROT","P62987","UNIPROT","P41279","directed","Control(In: ACTIVATION of BiochemicalReaction)"
"UNIPROT","P62987","UNIPROT","P41279","directed","Process(BiochemicalReaction)"
"UNIPROT","P62987","UNIPROT","P63208","directed","Control(In: ACTIVATION of BiochemicalReaction)"
"UNIPROT","P62987","UNIPROT","P63208","directed","Process(BiochemicalReaction)"
"UNIPROT","P62987","UNIPROT","Q13616","directed","Control(In: ACTIVATION of BiochemicalReaction)"
"UNIPROT","P62987","UNIPROT","Q13616","directed","Process(BiochemicalReaction)"
"UNIPROT","P62987","UNIPROT","Q8NFZ5","directed","Control(In: ACTIVATION of BiochemicalReaction)"
"UNIPROT","P62987","UNIPROT","Q8NFZ5","directed","Process(BiochemicalReaction)"
"UNIPROT","P62987","UNIPROT","Q9UKB1","directed","Control(In: ACTIVATION of BiochemicalReaction)"
"UNIPROT","P62987","UNIPROT","Q9UKB1","directed","Process(BiochemicalReaction)"
"UNIPROT","P62987","UNIPROT","Q9Y297","directed","Control(In: ACTIVATION of BiochemicalReaction)"
"UNIPROT","P62987","UNIPROT","Q9Y297","directed","Process(BiochemicalReaction)"
"UNIPROT","P63208","UNIPROT","Q8NFZ5","undirected","Binding"
"UNIPROT","P63208","UNIPROT","Q9UKB1","undirected","Binding"
"UNIPROT","P67775","UNIPROT","P27361","directed","Control(Out: ACTIVATION of BiochemicalReaction)"
"UNIPROT","P67775","UNIPROT","P28482","directed","Control(Out: ACTIVATION of BiochemicalReaction)"
"UNIPROT","P67775","UNIPROT","P30153","undirected","Binding"
"UNIPROT","P67775","UNIPROT","P30154","undirected","Binding"
"UNIPROT","P67775","UNIPROT","Q13164","directed","Control(Out: ACTIVATION of BiochemicalReaction)"
"UNIPROT","P67775","UNIPROT","Q14738","undirected","Binding"
"UNIPROT","Q13115","UNIPROT","P27361","directed","Control(Out: ACTIVATION of BiochemicalReaction)"
"UNIPROT","Q13115","UNIPROT","P28482","directed","Control(Out: ACTIVATION of BiochemicalReaction)"
"UNIPROT","Q13115","UNIPROT","Q13164","directed","Control(Out: ACTIVATION of BiochemicalReaction)"
"UNIPROT","Q13164","UNIPROT","P51812","directed","Control(Out: ACTIVATION of BiochemicalReaction)"
"UNIPROT","Q13164","UNIPROT","Q02078","directed","Control(Out: ACTIVATION of BiochemicalReaction)"
"UNIPROT","Q13164","UNIPROT","Q06413","directed","Control(Out: ACTIVATION of BiochemicalReaction)"
"UNIPROT","Q13164","UNIPROT","Q15349","directed","Control(Out: ACTIVATION of BiochemicalReaction)"
"UNIPROT","Q13164","UNIPROT","Q15418","directed","Control(Out: ACTIVATION of BiochemicalReaction)"
"UNIPROT","Q13404","UNIPROT","O14733","directed","Control(Out: ACTIVATION of BiochemicalReaction)"
"UNIPROT","Q13404","UNIPROT","P45985","directed","Control(Out: ACTIVATION of BiochemicalReaction)"
"UNIPROT","Q13404","UNIPROT","P46734","directed","Control(Out: ACTIVATION of BiochemicalReaction)"
"UNIPROT","Q13404","UNIPROT","P52564","directed","Control(Out: ACTIVATION of BiochemicalReaction)"
"UNIPROT","Q13404","UNIPROT","P61088","undirected","Binding"
"UNIPROT","Q13616","UNIPROT","P63208","undirected","Binding"
"UNIPROT","Q13616","UNIPROT","Q8NFZ5","undirected","Binding"
"UNIPROT","Q13616","UNIPROT","Q9UKB1","undirected","Binding"
"UNIPROT","Q14738","UNIPROT","P27361","directed","Control(Out: ACTIVATION of BiochemicalReaction)"
"UNIPROT","Q14738","UNIPROT","P28482","directed","Control(Out: ACTIVATION of BiochemicalReaction)"
"UNIPROT","Q14738","UNIPROT","P30153","undirected","Binding"
"UNIPROT","Q14738","UNIPROT","P30154","undirected","Binding"
"UNIPROT","Q14738","UNIPROT","Q13164","directed","Control(Out: ACTIVATION of BiochemicalReaction)"
"UNIPROT","Q15349","UNIPROT","P16220","directed","Control(Out: ACTIVATION of BiochemicalReaction)"
"UNIPROT","Q15418","UNIPROT","P16220","directed","Control(Out: ACTIVATION of BiochemicalReaction)"
"UNIPROT","Q15750","UNIPROT","O14733","directed","Control(Out: ACTIVATION of BiochemicalReaction)"
"UNIPROT","Q15750","UNIPROT","O43353","undirected","Binding"
"UNIPROT","Q15750","UNIPROT","P45985","directed","Control(Out: ACTIVATION of BiochemicalReaction)"
"UNIPROT","Q15750","UNIPROT","P46734","directed","Control(Out: ACTIVATION of BiochemicalReaction)"
"UNIPROT","Q15750","UNIPROT","P52564","directed","Control(Out: ACTIVATION of BiochemicalReaction)"
"UNIPROT","Q15750","UNIPROT","P61088","undirected","Binding"
"UNIPROT","Q15750","UNIPROT","Q13404","undirected","Binding"
"UNIPROT","Q15750","UNIPROT","Q9HC29","undirected","Binding"
"UNIPROT","Q15750","UNIPROT","Q9Y239","undirected","Binding"
"UNIPROT","Q15750","UNIPROT","Q9Y6K9","undirected","Binding"
"UNIPROT","Q15759","UNIPROT","O75582","directed","Control(Out: ACTIVATION of BiochemicalReaction)"
"UNIPROT","Q15759","UNIPROT","P15336","directed","Control(Out: ACTIVATION of BiochemicalReaction)"
"UNIPROT","Q16539","UNIPROT","O75582","directed","Control(Out: ACTIVATION of BiochemicalReaction)"
"UNIPROT","Q16539","UNIPROT","P15336","directed","Control(Out: ACTIVATION of BiochemicalReaction)"
"UNIPROT","Q16644","UNIPROT","Q15759","undirected","Binding"
"UNIPROT","Q16644","UNIPROT","Q16539","undirected","Binding"
"UNIPROT","Q16828","UNIPROT","P27361","directed","Control(Out: ACTIVATION of BiochemicalReaction)"
"UNIPROT","Q16828","UNIPROT","P28482","directed","Control(Out: ACTIVATION of BiochemicalReaction)"
"UNIPROT","Q16828","UNIPROT","Q13164","directed","Control(Out: ACTIVATION of BiochemicalReaction)"
"UNIPROT","Q16829","UNIPROT","P27361","directed","Control(Out: ACTIVATION of BiochemicalReaction)"
"UNIPROT","Q16829","UNIPROT","P28482","directed","Control(Out: ACTIVATION of BiochemicalReaction)"
"UNIPROT","Q16829","UNIPROT","Q13164","directed","Control(Out: ACTIVATION of BiochemicalReaction)"
"UNIPROT","Q8IV63","UNIPROT","P27361","directed","Control(Out: INHIBITION of BiochemicalReaction)"
"UNIPROT","Q8IV63","UNIPROT","P28482","directed","Control(Out: INHIBITION of BiochemicalReaction)"
"UNIPROT","Q8IV63","UNIPROT","Q13164","directed","Control(Out: INHIBITION of BiochemicalReaction)"
"UNIPROT","Q8N5C8","UNIPROT","O14733","directed","Control(Out: ACTIVATION of BiochemicalReaction)"
"UNIPROT","Q8N5C8","UNIPROT","O43353","undirected","Binding"
"UNIPROT","Q8N5C8","UNIPROT","P45985","directed","Control(Out: ACTIVATION of BiochemicalReaction)"
"UNIPROT","Q8N5C8","UNIPROT","P46734","directed","Control(Out: ACTIVATION of BiochemicalReaction)"
"UNIPROT","Q8N5C8","UNIPROT","P52564","directed","Control(Out: ACTIVATION of BiochemicalReaction)"
"UNIPROT","Q8N5C8","UNIPROT","P61088","undirected","Binding"
"UNIPROT","Q8N5C8","UNIPROT","Q13404","undirected","Binding"
"UNIPROT","Q8N5C8","UNIPROT","Q15750","undirected","Binding"
"UNIPROT","Q8N5C8","UNIPROT","Q9HC29","undirected","Binding"
"UNIPROT","Q8N5C8","UNIPROT","Q9Y239","undirected","Binding"
"UNIPROT","Q8N5C8","UNIPROT","Q9Y6K9","undirected","Binding"
"UNIPROT","Q8NFZ5","UNIPROT","P0CG47","directed","Process(BiochemicalReaction)"
"UNIPROT","Q8NFZ5","UNIPROT","P0CG48","directed","Process(BiochemicalReaction)"
"UNIPROT","Q8NFZ5","UNIPROT","P62979","directed","Process(BiochemicalReaction)"
"UNIPROT","Q8NFZ5","UNIPROT","P62987","directed","Process(BiochemicalReaction)"
"UNIPROT","Q8NFZ5","UNIPROT","Q9UKB1","undirected","Binding"
"UNIPROT","Q9HC29","UNIPROT","O14733","directed","Control(Out: ACTIVATION of BiochemicalReaction)"
"UNIPROT","Q9HC29","UNIPROT","P45985","directed","Control(Out: ACTIVATION of BiochemicalReaction)"
"UNIPROT","Q9HC29","UNIPROT","P46734","directed","Control(Out: ACTIVATION of BiochemicalReaction)"
"UNIPROT","Q9HC29","UNIPROT","P52564","directed","Control(Out: ACTIVATION of BiochemicalReaction)"
"UNIPROT","Q9NYJ8","UNIPROT","O14733","directed","Control(Out: ACTIVATION of BiochemicalReaction)"
"UNIPROT","Q9NYJ8","UNIPROT","O43318","undirected","Binding"
"UNIPROT","Q9NYJ8","UNIPROT","O43353","undirected","Binding"
"UNIPROT","Q9NYJ8","UNIPROT","P45985","directed","Control(Out: ACTIVATION of BiochemicalReaction)"
"UNIPROT","Q9NYJ8","UNIPROT","P46734","directed","Control(Out: ACTIVATION of BiochemicalReaction)"
"UNIPROT","Q9NYJ8","UNIPROT","P51617","undirected","Binding"
"UNIPROT","Q9NYJ8","UNIPROT","P52564","directed","Control(Out: ACTIVATION of BiochemicalReaction)"
"UNIPROT","Q9NYJ8","UNIPROT","P61088","undirected","Binding"
"UNIPROT","Q9NYJ8","UNIPROT","Q13404","undirected","Binding"
"UNIPROT","Q9NYJ8","UNIPROT","Q15750","undirected","Binding"
"UNIPROT","Q9NYJ8","UNIPROT","Q9HC29","undirected","Binding"
"UNIPROT","Q9NYJ8","UNIPROT","Q9Y239","undirected","Binding"
"UNIPROT","Q9NYJ8","UNIPROT","Q9Y4K3","undirected","Binding"
"UNIPROT","Q9NYJ8","UNIPROT","Q9Y6K9","undirected","Binding"
"UNIPROT","Q9Y239","UNIPROT","O14733","directed","Control(Out: ACTIVATION of BiochemicalReaction)"
"UNIPROT","Q9Y239","UNIPROT","P45985","directed","Control(Out: ACTIVATION of BiochemicalReaction)"
"UNIPROT","Q9Y239","UNIPROT","P46734","directed","Control(Out: ACTIVATION of BiochemicalReaction)"
"UNIPROT","Q9Y239","UNIPROT","P52564","directed","Control(Out: ACTIVATION of BiochemicalReaction)"
"UNIPROT","Q9Y297","UNIPROT","P63208","undirected","Binding"
"UNIPROT","Q9Y297","UNIPROT","Q13616","undirected","Binding"
"UNIPROT","Q9Y297","UNIPROT","Q8NFZ5","undirected","Binding"
"UNIPROT","Q9Y4K3","UNIPROT","O14733","directed","Control(Out: ACTIVATION of BiochemicalReaction)"
"UNIPROT","Q9Y4K3","UNIPROT","O43187","undirected","Binding"
"UNIPROT","Q9Y4K3","UNIPROT","P45985","directed","Control(Out: ACTIVATION of BiochemicalReaction)"
"UNIPROT","Q9Y4K3","UNIPROT","P46734","directed","Control(Out: ACTIVATION of BiochemicalReaction)"
"UNIPROT","Q9Y4K3","UNIPROT","P51617","undirected","Binding"
"UNIPROT","Q9Y4K3","UNIPROT","P52564","directed","Control(Out: ACTIVATION of BiochemicalReaction)"
"UNIPROT","Q9Y4K3","UNIPROT","P61088","undirected","Binding"
"UNIPROT","Q9Y4K3","UNIPROT","Q13404","undirected","Binding"
"UNIPROT","Q9Y4K3","UNIPROT","Q15750","undirected","Binding"
"UNIPROT","Q9Y4K3","UNIPROT","Q8N5C8","undirected","Binding"
"UNIPROT","Q9Y6K9","UNIPROT","O14733","directed","Control(Out: ACTIVATION of BiochemicalReaction)"
"UNIPROT","Q9Y6K9","UNIPROT","O14920","undirected","Binding"
"UNIPROT","Q9Y6K9","UNIPROT","O43353","undirected","Binding"
"UNIPROT","Q9Y6K9","UNIPROT","P19838","directed","Control(Out: ACTIVATION of BiochemicalReaction)"
"UNIPROT","Q9Y6K9","UNIPROT","P41279","directed","Control(Out: ACTIVATION of BiochemicalReaction)"
"UNIPROT","Q9Y6K9","UNIPROT","P45985","directed","Control(Out: ACTIVATION of BiochemicalReaction)"
"UNIPROT","Q9Y6K9","UNIPROT","P46734","directed","Control(Out: ACTIVATION of BiochemicalReaction)"
"UNIPROT","Q9Y6K9","UNIPROT","P52564","directed","Control(Out: ACTIVATION of BiochemicalReaction)"
"UNIPROT","Q9Y6K9","UNIPROT","Q8NFZ5","directed","Control(Out: ACTIVATION of BiochemicalReaction)"
"UNIPROT","Q9Y6K9","UNIPROT","Q9HC29","undirected","Binding"
"UNIPROT","Q9Y6K9","UNIPROT","Q9Y239","undirected","Binding"
