"src_type","src","dest_type","dest","direction","type"
"UNIPROT","O14733","UNIPROT","P45983","directed","Control(Out: ACTIVATION of BiochemicalReaction)"
"UNIPROT","O14733","UNIPROT","P45984","directed","Control(Out: ACTIVATION of BiochemicalReaction)"
"UNIPROT","O14733","UNIPROT","P53779","directed","Control(Out: ACTIVATION of BiochemicalReaction)"
"UNIPROT","O43187","UNIPROT","O14733","directed","Control(Out: ACTIVATION of BiochemicalReaction)"
"UNIPROT","O43187","UNIPROT","P45985","directed","Control(Out: ACTIVATION of BiochemicalReaction)"
"UNIPROT","O43318","UNIPROT","O14733","directed","Control(Out: ACTIVATION of BiochemicalReaction)"
"UNIPROT","O43318","UNIPROT","O43187","undirected","Binding"
"UNIPROT","O43318","UNIPROT","O43353","undirected","Binding"
"UNIPROT","O43318","UNIPROT","P45985","directed","Control(Out: ACTIVATION of BiochemicalReaction)"
"UNIPROT","O43318","UNIPROT","P51617","undirected","Binding"
"UNIPROT","O43318","UNIPROT","P61088","undirected","Binding"
"UNIPROT","O43318","UNIPROT","Q13404","undirected","Binding"
"UNIPROT","O43318","UNIPROT","Q15750","undirected","Binding"
"UNIPROT","O43318","UNIPROT","Q8N5C8","undirected","Binding"
"UNIPROT","O43318","UNIPROT","Q9HC29","undirected","Binding"
"UNIPROT","O43318","UNIPROT","Q9Y239","undirected","Binding"
"UNIPROT","O43318","UNIPROT","Q9Y4K3","undirected","Binding"
"UNIPROT","O43318","UNIPROT","Q9Y6K9","undirected","Binding"
"UNIPROT","O43353","UNIPROT","O14733","directed","Control(Out: ACTIVATION of BiochemicalReaction)"
"UNIPROT","O43353","UNIPROT","P45985","directed","Control(Out: ACTIVATION of BiochemicalReaction)"
"UNIPROT","O43353","UNIPROT","Q9HC29","undirected","Binding"
"UNIPROT","O43353","UNIPROT","Q9Y239","undirected","Binding"
"UNIPROT","P45985","UNIPROT","P45983","directed","Control(Out: ACTIVATION of BiochemicalReaction)"
"UNIPROT","P45985","UNIPROT","P45984","directed","Control(Out: ACTIVATION of BiochemicalReaction)"
"UNIPROT","P45985","UNIPROT","P53779","directed","Control(Out: ACTIVATION of BiochemicalReaction)"
"UNIPROT","P51617","UNIPROT","O14733","directed","Control(Out: ACTIVATION of BiochemicalReaction)"
"UNIPROT","P51617","UNIPROT","P45985","directed","Control(Out: ACTIVATION of BiochemicalReaction)"
"UNIPROT","P51617","UNIPROT","P61088","undirected","Binding"
"UNIPROT","P51617","UNIPROT","Q13404","undirected","Binding"
"UNIPROT","P51617","UNIPROT","Q15750","undirected","Binding"
"UNIPROT","P51617","UNIPROT","Q8N5C8","undirected","Binding"
"UNIPROT","P61088","UNIPROT","O14733","directed","Control(Out: ACTIVATION of BiochemicalReaction)"
"UNIPROT","P61088","UNIPROT","P45985","directed","Control(Out: ACTIVATION of BiochemicalReaction)"
"UNIPROT","Q13404","UNIPROT","O14733","directed","Control(Out: ACTIVATION of BiochemicalReaction)"
"UNIPROT","Q13404","UNIPROT","P45985","directed","Control(Out: ACTIVATION of BiochemicalReaction)"
"UNIPROT","Q13404","UNIPROT","P61088","undirected","Binding"
"UNIPROT","Q15750","UNIPROT","O14733","directed","Control(Out: ACTIVATION of BiochemicalReaction)"
"UNIPROT","Q15750","UNIPROT","O43353","undirected","Binding"
"UNIPROT","Q15750","UNIPROT","P45985","directed","Control(Out: ACTIVATION of BiochemicalReaction)"
"UNIPROT","Q15750","UNIPROT","P61088","undirected","Binding"
"UNIPROT","Q15750","UNIPROT","Q13404","undirected","Binding"
"UNIPROT","Q15750","UNIPROT","Q9HC29","undirected","Binding"
"UNIPROT","Q15750","UNIPROT","Q9Y239","undirected","Binding"
"UNIPROT","Q15750","UNIPROT","Q9Y6K9","undirected","Binding"
"UNIPROT","Q8N5C8","UNIPROT","O14733","directed","Control(Out: ACTIVATION of BiochemicalReaction)"
"UNIPROT","Q8N5C8","UNIPROT","O43353","undirected","Binding"
"UNIPROT","Q8N5C8","UNIPROT","P45985","directed","Control(Out: ACTIVATION of BiochemicalReaction)"
"UNIPROT","Q8N5C8","UNIPROT","P61088","undirected","Binding"
"UNIPROT","Q8N5C8","UNIPROT","Q13404","undirected","Binding"
"UNIPROT","Q8N5C8","UNIPROT","Q15750","undirected","Binding"
"UNIPROT","Q8N5C8","UNIPROT","Q9HC29","undirected","Binding"
"UNIPROT","Q8N5C8","UNIPROT","Q9Y239","undirected","Binding"
"UNIPROT","Q8N5C8","UNIPROT","Q9Y6K9","undirected","Binding"
"UNIPROT","Q9HC29","UNIPROT","O14733","directed","Control(Out: ACTIVATION of BiochemicalReaction)"
"UNIPROT","Q9HC29","UNIPROT","P45985","directed","Control(Out: ACTIVATION of BiochemicalReaction)"
"UNIPROT","Q9NYJ8","UNIPROT","O14733","directed","Control(Out: ACTIVATION of BiochemicalReaction)"
"UNIPROT","Q9NYJ8","UNIPROT","O43318","undirected","Binding"
"UNIPROT","Q9NYJ8","UNIPROT","O43353","undirected","Binding"
"UNIPROT","Q9NYJ8","UNIPROT","P45985","directed","Control(Out: ACTIVATION of BiochemicalReaction)"
"UNIPROT","Q9NYJ8","UNIPROT","P51617","undirected","Binding"
"UNIPROT","Q9NYJ8","UNIPROT","P61088","undirected","Binding"
"UNIPROT","Q9NYJ8","UNIPROT","Q13404","undirected","Binding"
"UNIPROT","Q9NYJ8","UNIPROT","Q15750","undirected","Binding"
"UNIPROT","Q9NYJ8","UNIPROT","Q9HC29","undirected","Binding"
"UNIPROT","Q9NYJ8","UNIPROT","Q9Y239","undirected","Binding"
"UNIPROT","Q9NYJ8","UNIPROT","Q9Y4K3","undirected","Binding"
"UNIPROT","Q9NYJ8","UNIPROT","Q9Y6K9","undirected","Binding"
"UNIPROT","Q9Y239","UNIPROT","O14733","directed","Control(Out: ACTIVATION of BiochemicalReaction)"
"UNIPROT","Q9Y239","UNIPROT","P45985","directed","Control(Out: ACTIVATION of BiochemicalReaction)"
"UNIPROT","Q9Y4K3","UNIPROT","O14733","directed","Control(Out: ACTIVATION of BiochemicalReaction)"
"UNIPROT","Q9Y4K3","UNIPROT","O43187","undirected","Binding"
"UNIPROT","Q9Y4K3","UNIPROT","P45985","directed","Control(Out: ACTIVATION of BiochemicalReaction)"
"UNIPROT","Q9Y4K3","UNIPROT","P51617","undirected","Binding"
"UNIPROT","Q9Y4K3","UNIPROT","P61088","undirected","Binding"
"UNIPROT","Q9Y4K3","UNIPROT","Q13404","undirected","Binding"
"UNIPROT","Q9Y4K3","UNIPROT","Q15750","undirected","Binding"
"UNIPROT","Q9Y4K3","UNIPROT","Q8N5C8","undirected","Binding"
"UNIPROT","Q9Y6K9","UNIPROT","O14733","directed","Control(Out: ACTIVATION of BiochemicalReaction)"
"UNIPROT","Q9Y6K9","UNIPROT","O43353","undirected","Binding"
"UNIPROT","Q9Y6K9","UNIPROT","P45985","directed","Control(Out: ACTIVATION of BiochemicalReaction)"
"UNIPROT","Q9Y6K9","UNIPROT","Q9HC29","undirected","Binding"
"UNIPROT","Q9Y6K9","UNIPROT","Q9Y239","undirected","Binding"
