"src_type","src","dest_type","dest","direction","type"
"UNIPROT","P01100","UNIPROT","P05412","undirected","Binding"
"UNIPROT","P05412","UNIPROT","P15336","undirected","Binding"
"UNIPROT","P27361","UNIPROT","P01100","directed","Control(Out: ACTIVATION of BiochemicalReaction)"
"UNIPROT","P27361","UNIPROT","P15336","directed","Control(Out: ACTIVATION of BiochemicalReaction)"
"UNIPROT","P28482","UNIPROT","P01100","directed","Control(Out: ACTIVATION of BiochemicalReaction)"
"UNIPROT","P28482","UNIPROT","P15336","directed","Control(Out: ACTIVATION of BiochemicalReaction)"
"UNIPROT","P45983","UNIPROT","P05412","directed","Control(Out: ACTIVATION of BiochemicalReaction)"
"UNIPROT","P45983","UNIPROT","P15336","directed","Control(Out: ACTIVATION of BiochemicalReaction)"
"UNIPROT","P45984","UNIPROT","P05412","directed","Control(Out: ACTIVATION of BiochemicalReaction)"
"UNIPROT","P45984","UNIPROT","P15336","directed","Control(Out: ACTIVATION of BiochemicalReaction)"
"UNIPROT","P53779","UNIPROT","P05412","directed","Control(Out: ACTIVATION of BiochemicalReaction)"
"UNIPROT","P53779","UNIPROT","P15336","directed","Control(Out: ACTIVATION of BiochemicalReaction)"
"UNIPROT","Q15759","UNIPROT","P15336","directed","Control(Out: ACTIVATION of BiochemicalReaction)"
"UNIPROT","Q16539","UNIPROT","P15336","directed","Control(Out: ACTIVATION of BiochemicalReaction)"
