"src_type","src","dest_type","dest","direction","type"
"UNIPROT","P31749","UNIPROT","Q07352","directed","Control(Out: ACTIVATION of BiochemicalReaction)"
"UNIPROT","P31946","UNIPROT","Q07352","undirected","Binding"
"UNIPROT","P49137","UNIPROT","Q07352","directed","Control(Out: ACTIVATION of BiochemicalReaction)"
"UNIPROT","Q06265","UNIPROT","Q07352","undirected","Binding"
"UNIPROT","Q06265","UNIPROT","Q15024","undirected","Binding"
"UNIPROT","Q06265","UNIPROT","Q8IU60","undirected","Binding"
"UNIPROT","Q06265","UNIPROT","Q8IZH2","undirected","Binding"
"UNIPROT","Q06265","UNIPROT","Q96B26","undirected","Binding"
"UNIPROT","Q06265","UNIPROT","Q9NPD3","undirected","Binding"
"UNIPROT","Q06265","UNIPROT","Q9NPI6","undirected","Binding"
"UNIPROT","Q06265","UNIPROT","Q9Y2L1","undirected","Binding"
"UNIPROT","Q07352","UNIPROT","Q8IZH2","undirected","Binding"
"UNIPROT","Q07352","UNIPROT","Q9NPI6","undirected","Binding"
"UNIPROT","Q13868","UNIPROT","Q06265","undirected","Binding"
"UNIPROT","Q13868","UNIPROT","Q07352","undirected","Binding"
"UNIPROT","Q13868","UNIPROT","Q15024","undirected","Binding"
"UNIPROT","Q13868","UNIPROT","Q5RKV6","undirected","Binding"
"UNIPROT","Q13868","UNIPROT","Q8IU60","undirected","Binding"
"UNIPROT","Q13868","UNIPROT","Q8IZH2","undirected","Binding"
"UNIPROT","Q13868","UNIPROT","Q96B26","undirected","Binding"
"UNIPROT","Q13868","UNIPROT","Q9NPD3","undirected","Binding"
"UNIPROT","Q13868","UNIPROT","Q9NPI6","undirected","Binding"
"UNIPROT","Q13868","UNIPROT","Q9NQT4","undirected","Binding"
"UNIPROT","Q13868","UNIPROT","Q9NQT5","undirected","Binding"
"UNIPROT","Q13868","UNIPROT","Q9Y2L1","undirected","Binding"
"UNIPROT","Q13868","UNIPROT","Q9Y3B2","undirected","Binding"
"UNIPROT","Q15024","UNIPROT","Q07352","undirected","Binding"
"UNIPROT","Q15024","UNIPROT","Q8IU60","undirected","Binding"
"UNIPROT","Q15024","UNIPROT","Q8IZH2","undirected","Binding"
"UNIPROT","Q15024","UNIPROT","Q96B26","undirected","Binding"
"UNIPROT","Q15024","UNIPROT","Q9NPI6","undirected","Binding"
"UNIPROT","Q15024","UNIPROT","Q9Y2L1","undirected","Binding"
"UNIPROT","Q5RKV6","UNIPROT","Q06265","undirected","Binding"
"UNIPROT","Q5RKV6","UNIPROT","Q07352","undirected","Binding"
"UNIPROT","Q5RKV6","UNIPROT","Q15024","undirected","Binding"
"UNIPROT","Q5RKV6","UNIPROT","Q8IU60","undirected","Binding"
"UNIPROT","Q5RKV6","UNIPROT","Q8IZH2","undirected","Binding"
"UNIPROT","Q5RKV6","UNIPROT","Q96B26","undirected","Binding"
"UNIPROT","Q5RKV6","UNIPROT","Q9NPD3","undirected","Binding"
"UNIPROT","Q5RKV6","UNIPROT","Q9NPI6","undirected","Binding"
"UNIPROT","Q5RKV6","UNIPROT","Q9NQT4","undirected","Binding"
"UNIPROT","Q5RKV6","UNIPROT","Q9Y2L1","undirected","Binding"
"UNIPROT","Q8IU60","UNIPROT","Q07352","undirected","Binding"
"UNIPROT","Q8IU60","UNIPROT","Q8IZH2","undirected","Binding"
"UNIPROT","Q8IU60","UNIPROT","Q9NPI6","undirected","Binding"
"UNIPROT","Q96B26","UNIPROT","Q07352","undirected","Binding"
"UNIPROT","Q96B26","UNIPROT","Q8IU60","undirected","Binding"
"UNIPROT","Q96B26","UNIPROT","Q8IZH2","undirected","Binding"
"UNIPROT","Q96B26","UNIPROT","Q9NPI6","undirected","Binding"
"UNIPROT","Q96B26","UNIPROT","Q9Y2L1","undirected","Binding"
"UNIPROT","Q9NPD3","UNIPROT","Q07352","undirected","Binding"
"UNIPROT","Q9NPD3","UNIPROT","Q15024","undirected","Binding"
"UNIPROT","Q9NPD3","UNIPROT","Q8IU60","undirected","Binding"
"UNIPROT","Q9NPD3","UNIPROT","Q8IZH2","undirected","Binding"
"UNIPROT","Q9NPD3","UNIPROT","Q96B26","undirected","Binding"
"UNIPROT","Q9NPD3","UNIPROT","Q9NPI6","undirected","Binding"
"UNIPROT","Q9NPD3","UNIPROT","Q9Y2L1","undirected","Binding"
"UNIPROT","Q9NPI6","UNIPROT","Q8IZH2","undirected","Binding"
"UNIPROT","Q9NQT4","UNIPROT","Q06265","undirected","Binding"
"UNIPROT","Q9NQT4","UNIPROT","Q07352","undirected","Binding"
"UNIPROT","Q9NQT4","UNIPROT","Q15024","undirected","Binding"
"UNIPROT","Q9NQT4","UNIPROT","Q8IU60","undirected","Binding"
"UNIPROT","Q9NQT4","UNIPROT","Q8IZH2","undirected","Binding"
"UNIPROT","Q9NQT4","UNIPROT","Q96B26","undirected","Binding"
"UNIPROT","Q9NQT4","UNIPROT","Q9NPD3","undirected","Binding"
"UNIPROT","Q9NQT4","UNIPROT","Q9NPI6","undirected","Binding"
"UNIPROT","Q9NQT4","UNIPROT","Q9Y2L1","undirected","Binding"
"UNIPROT","Q9NQT5","UNIPROT","Q06265","undirected","Binding"
"UNIPROT","Q9NQT5","UNIPROT","Q07352","undirected","Binding"
"UNIPROT","Q9NQT5","UNIPROT","Q15024","undirected","Binding"
"UNIPROT","Q9NQT5","UNIPROT","Q5RKV6","undirected","Binding"
"UNIPROT","Q9NQT5","UNIPROT","Q8IU60","undirected","Binding"
"UNIPROT","Q9NQT5","UNIPROT","Q8IZH2","undirected","Binding"
"UNIPROT","Q9NQT5","UNIPROT","Q96B26","undirected","Binding"
"UNIPROT","Q9NQT5","UNIPROT","Q9NPD3","undirected","Binding"
"UNIPROT","Q9NQT5","UNIPROT","Q9NPI6","undirected","Binding"
"UNIPROT","Q9NQT5","UNIPROT","Q9NQT4","undirected","Binding"
"UNIPROT","Q9NQT5","UNIPROT","Q9Y2L1","undirected","Binding"
"UNIPROT","Q9NQT5","UNIPROT","Q9Y3B2","undirected","Binding"
"UNIPROT","Q9Y2L1","UNIPROT","Q07352","undirected","Binding"
"UNIPROT","Q9Y2L1","UNIPROT","Q8IU60","undirected","Binding"
"UNIPROT","Q9Y2L1","UNIPROT","Q8IZH2","undirected","Binding"
"UNIPROT","Q9Y2L1","UNIPROT","Q9NPI6","undirected","Binding"
"UNIPROT","Q9Y3B2","UNIPROT","Q06265","undirected","Binding"
"UNIPROT","Q9Y3B2","UNIPROT","Q07352","undirected","Binding"
"UNIPROT","Q9Y3B2","UNIPROT","Q15024","undirected","Binding"
"UNIPROT","Q9Y3B2","UNIPROT","Q5RKV6","undirected","Binding"
"UNIPROT","Q9Y3B2","UNIPROT","Q8IU60","undirected","Binding"
"UNIPROT","Q9Y3B2","UNIPROT","Q8IZH2","undirected","Binding"
"UNIPROT","Q9Y3B2","UNIPROT","Q96B26","undirected","Binding"
"UNIPROT","Q9Y3B2","UNIPROT","Q9NPD3","undirected","Binding"
"UNIPROT","Q9Y3B2","UNIPROT","Q9NPI6","undirected","Binding"
"UNIPROT","Q9Y3B2","UNIPROT","Q9NQT4","undirected","Binding"
"UNIPROT","Q9Y3B2","UNIPROT","Q9Y2L1","undirected","Binding"
