"src_type","src","dest_type","dest","direction","type"
"UNIPROT","O14980","UNIPROT","O75888","directed","Process(BiochemicalReaction)"
"UNIPROT","O14980","UNIPROT","O75888","undirected","Binding"
"UNIPROT","O14980","UNIPROT","P35658","undirected","Binding"
"UNIPROT","O14980","UNIPROT","P39687","undirected","Binding"
"UNIPROT","O14980","UNIPROT","Q01105","undirected","Binding"
"UNIPROT","O14980","UNIPROT","Q15717","directed","Process(BiochemicalReaction)"
"UNIPROT","O14980","UNIPROT","Q15717","undirected","Binding"
"UNIPROT","O75888","UNIPROT","P39687","undirected","Binding"
"UNIPROT","P17252","UNIPROT","Q15717","directed","Control(Out: ACTIVATION of BiochemicalReaction)"
"UNIPROT","P35658","UNIPROT","O75888","directed","Process(BiochemicalReaction)"
"UNIPROT","P35658","UNIPROT","O75888","undirected","Binding"
"UNIPROT","P35658","UNIPROT","P39687","undirected","Binding"
"UNIPROT","P35658","UNIPROT","Q01105","undirected","Binding"
"UNIPROT","P35658","UNIPROT","Q15717","directed","Process(BiochemicalReaction)"
"UNIPROT","P35658","UNIPROT","Q15717","undirected","Binding"
"UNIPROT","P39687","UNIPROT","O75888","directed","Process(BiochemicalReaction)"
"UNIPROT","P39687","UNIPROT","Q15717","directed","Process(BiochemicalReaction)"
"UNIPROT","Q01105","UNIPROT","O75888","directed","Process(BiochemicalReaction)"
"UNIPROT","Q01105","UNIPROT","O75888","undirected","Binding"
"UNIPROT","Q01105","UNIPROT","P39687","undirected","Binding"
"UNIPROT","Q01105","UNIPROT","Q15717","directed","Process(BiochemicalReaction)"
"UNIPROT","Q05655","UNIPROT","Q15717","directed","Control(Out: ACTIVATION of BiochemicalReaction)"
"UNIPROT","Q15717","UNIPROT","O75888","undirected","Binding"
"UNIPROT","Q15717","UNIPROT","P39687","undirected","Binding"
"UNIPROT","Q15717","UNIPROT","Q01105","undirected","Binding"
