"src_type","src","dest_type","dest","direction","type"
"UNIPROT","A5LHX3","UNIPROT","Q8TAA3","undirected","Binding"
"UNIPROT","O00231","UNIPROT","A5LHX3","undirected","Binding"
"UNIPROT","O00231","UNIPROT","O00487","undirected","Binding"
"UNIPROT","O00231","UNIPROT","O14818","undirected","Binding"
"UNIPROT","O00231","UNIPROT","O43242","undirected","Binding"
"UNIPROT","O00231","UNIPROT","O75832","undirected","Binding"
"UNIPROT","O00231","UNIPROT","P17980","undirected","Binding"
"UNIPROT","O00231","UNIPROT","P20618","undirected","Binding"
"UNIPROT","O00231","UNIPROT","P25786","undirected","Binding"
"UNIPROT","O00231","UNIPROT","P25788","undirected","Binding"
"UNIPROT","O00231","UNIPROT","P25789","undirected","Binding"
"UNIPROT","O00231","UNIPROT","P28062","undirected","Binding"
"UNIPROT","O00231","UNIPROT","P28065","undirected","Binding"
"UNIPROT","O00231","UNIPROT","P28066","undirected","Binding"
"UNIPROT","O00231","UNIPROT","P28072","undirected","Binding"
"UNIPROT","O00231","UNIPROT","P35998","undirected","Binding"
"UNIPROT","O00231","UNIPROT","P40306","undirected","Binding"
"UNIPROT","O00231","UNIPROT","P43686","undirected","Binding"
"UNIPROT","O00231","UNIPROT","P49720","undirected","Binding"
"UNIPROT","O00231","UNIPROT","P49721","undirected","Binding"
"UNIPROT","O00231","UNIPROT","P55036","undirected","Binding"
"UNIPROT","O00231","UNIPROT","P61289","undirected","Binding"
"UNIPROT","O00231","UNIPROT","P62191","undirected","Binding"
"UNIPROT","O00231","UNIPROT","Q06323","undirected","Binding"
"UNIPROT","O00231","UNIPROT","Q13200","undirected","Binding"
"UNIPROT","O00231","UNIPROT","Q14997","undirected","Binding"
"UNIPROT","O00231","UNIPROT","Q16401","undirected","Binding"
"UNIPROT","O00231","UNIPROT","Q8TAA3","undirected","Binding"
"UNIPROT","O00231","UNIPROT","Q92530","undirected","Binding"
"UNIPROT","O00231","UNIPROT","Q9UL46","undirected","Binding"
"UNIPROT","O00232","UNIPROT","A5LHX3","undirected","Binding"
"UNIPROT","O00232","UNIPROT","O00231","undirected","Binding"
"UNIPROT","O00232","UNIPROT","O00233","undirected","Binding"
"UNIPROT","O00232","UNIPROT","O00487","undirected","Binding"
"UNIPROT","O00232","UNIPROT","O14818","undirected","Binding"
"UNIPROT","O00232","UNIPROT","O43242","undirected","Binding"
"UNIPROT","O00232","UNIPROT","O75832","undirected","Binding"
"UNIPROT","O00232","UNIPROT","P17980","undirected","Binding"
"UNIPROT","O00232","UNIPROT","P20618","undirected","Binding"
"UNIPROT","O00232","UNIPROT","P25786","undirected","Binding"
"UNIPROT","O00232","UNIPROT","P25787","undirected","Binding"
"UNIPROT","O00232","UNIPROT","P25788","undirected","Binding"
"UNIPROT","O00232","UNIPROT","P25789","undirected","Binding"
"UNIPROT","O00232","UNIPROT","P28062","undirected","Binding"
"UNIPROT","O00232","UNIPROT","P28065","undirected","Binding"
"UNIPROT","O00232","UNIPROT","P28066","undirected","Binding"
"UNIPROT","O00232","UNIPROT","P28070","undirected","Binding"
"UNIPROT","O00232","UNIPROT","P28072","undirected","Binding"
"UNIPROT","O00232","UNIPROT","P28074","undirected","Binding"
"UNIPROT","O00232","UNIPROT","P35998","undirected","Binding"
"UNIPROT","O00232","UNIPROT","P40306","undirected","Binding"
"UNIPROT","O00232","UNIPROT","P43686","undirected","Binding"
"UNIPROT","O00232","UNIPROT","P48556","undirected","Binding"
"UNIPROT","O00232","UNIPROT","P49720","undirected","Binding"
"UNIPROT","O00232","UNIPROT","P49721","undirected","Binding"
"UNIPROT","O00232","UNIPROT","P51665","undirected","Binding"
"UNIPROT","O00232","UNIPROT","P55036","undirected","Binding"
"UNIPROT","O00232","UNIPROT","P60896","undirected","Binding"
"UNIPROT","O00232","UNIPROT","P61289","undirected","Binding"
"UNIPROT","O00232","UNIPROT","P62191","undirected","Binding"
"UNIPROT","O00232","UNIPROT","P62195","undirected","Binding"
"UNIPROT","O00232","UNIPROT","P62333","undirected","Binding"
"UNIPROT","O00232","UNIPROT","Q06323","undirected","Binding"
"UNIPROT","O00232","UNIPROT","Q13200","undirected","Binding"
"UNIPROT","O00232","UNIPROT","Q14997","undirected","Binding"
"UNIPROT","O00232","UNIPROT","Q15008","undirected","Binding"
"UNIPROT","O00232","UNIPROT","Q16401","undirected","Binding"
"UNIPROT","O00232","UNIPROT","Q8TAA3","undirected","Binding"
"UNIPROT","O00232","UNIPROT","Q92530","undirected","Binding"
"UNIPROT","O00232","UNIPROT","Q99436","undirected","Binding"
"UNIPROT","O00232","UNIPROT","Q99460","undirected","Binding"
"UNIPROT","O00232","UNIPROT","Q9UL46","undirected","Binding"
"UNIPROT","O00232","UNIPROT","Q9UNM6","undirected","Binding"
"UNIPROT","O00233","UNIPROT","A5LHX3","undirected","Binding"
"UNIPROT","O00233","UNIPROT","O00231","undirected","Binding"
"UNIPROT","O00233","UNIPROT","O00487","undirected","Binding"
"UNIPROT","O00233","UNIPROT","O14818","undirected","Binding"
"UNIPROT","O00233","UNIPROT","O43242","undirected","Binding"
"UNIPROT","O00233","UNIPROT","O75832","undirected","Binding"
"UNIPROT","O00233","UNIPROT","P17980","undirected","Binding"
"UNIPROT","O00233","UNIPROT","P20618","undirected","Binding"
"UNIPROT","O00233","UNIPROT","P25786","undirected","Binding"
"UNIPROT","O00233","UNIPROT","P25788","undirected","Binding"
"UNIPROT","O00233","UNIPROT","P25789","undirected","Binding"
"UNIPROT","O00233","UNIPROT","P28062","undirected","Binding"
"UNIPROT","O00233","UNIPROT","P28065","undirected","Binding"
"UNIPROT","O00233","UNIPROT","P28066","undirected","Binding"
"UNIPROT","O00233","UNIPROT","P28072","undirected","Binding"
"UNIPROT","O00233","UNIPROT","P35998","undirected","Binding"
"UNIPROT","O00233","UNIPROT","P40306","undirected","Binding"
"UNIPROT","O00233","UNIPROT","P43686","undirected","Binding"
"UNIPROT","O00233","UNIPROT","P49720","undirected","Binding"
"UNIPROT","O00233","UNIPROT","P49721","undirected","Binding"
"UNIPROT","O00233","UNIPROT","P55036","undirected","Binding"
"UNIPROT","O00233","UNIPROT","P61289","undirected","Binding"
"UNIPROT","O00233","UNIPROT","P62191","undirected","Binding"
"UNIPROT","O00233","UNIPROT","Q06323","undirected","Binding"
"UNIPROT","O00233","UNIPROT","Q13200","undirected","Binding"
"UNIPROT","O00233","UNIPROT","Q14997","undirected","Binding"
"UNIPROT","O00233","UNIPROT","Q16401","undirected","Binding"
"UNIPROT","O00233","UNIPROT","Q8TAA3","undirected","Binding"
"UNIPROT","O00233","UNIPROT","Q92530","undirected","Binding"
"UNIPROT","O00233","UNIPROT","Q9UL46","undirected","Binding"
"UNIPROT","O00233","UNIPROT","Q9UNM6","undirected","Binding"
"UNIPROT","O00487","UNIPROT","A5LHX3","undirected","Binding"
"UNIPROT","O00487","UNIPROT","O14818","undirected","Binding"
"UNIPROT","O00487","UNIPROT","O43242","undirected","Binding"
"UNIPROT","O00487","UNIPROT","O75832","undirected","Binding"
"UNIPROT","O00487","UNIPROT","P17980","undirected","Binding"
"UNIPROT","O00487","UNIPROT","P20618","undirected","Binding"
"UNIPROT","O00487","UNIPROT","P25786","undirected","Binding"
"UNIPROT","O00487","UNIPROT","P25788","undirected","Binding"
"UNIPROT","O00487","UNIPROT","P25789","undirected","Binding"
"UNIPROT","O00487","UNIPROT","P28065","undirected","Binding"
"UNIPROT","O00487","UNIPROT","P28066","undirected","Binding"
"UNIPROT","O00487","UNIPROT","P28072","undirected","Binding"
"UNIPROT","O00487","UNIPROT","P35998","undirected","Binding"
"UNIPROT","O00487","UNIPROT","P40306","undirected","Binding"
"UNIPROT","O00487","UNIPROT","P43686","undirected","Binding"
"UNIPROT","O00487","UNIPROT","P49720","undirected","Binding"
"UNIPROT","O00487","UNIPROT","P49721","undirected","Binding"
"UNIPROT","O00487","UNIPROT","P55036","undirected","Binding"
"UNIPROT","O00487","UNIPROT","P61289","undirected","Binding"
"UNIPROT","O00487","UNIPROT","P62191","undirected","Binding"
"UNIPROT","O00487","UNIPROT","Q06323","undirected","Binding"
"UNIPROT","O00487","UNIPROT","Q13200","undirected","Binding"
"UNIPROT","O00487","UNIPROT","Q14997","undirected","Binding"
"UNIPROT","O00487","UNIPROT","Q16401","undirected","Binding"
"UNIPROT","O00487","UNIPROT","Q8TAA3","undirected","Binding"
"UNIPROT","O00487","UNIPROT","Q92530","undirected","Binding"
"UNIPROT","O00487","UNIPROT","Q9UL46","undirected","Binding"
"UNIPROT","O14818","UNIPROT","A5LHX3","undirected","Binding"
"UNIPROT","O14818","UNIPROT","Q14997","undirected","Binding"
"UNIPROT","O14818","UNIPROT","Q8TAA3","undirected","Binding"
"UNIPROT","O14980","UNIPROT","O75888","directed","Process(BiochemicalReaction)"
"UNIPROT","O14980","UNIPROT","O75888","undirected","Binding"
"UNIPROT","O14980","UNIPROT","P35658","undirected","Binding"
"UNIPROT","O14980","UNIPROT","P39687","undirected","Binding"
"UNIPROT","O14980","UNIPROT","Q01105","undirected","Binding"
"UNIPROT","O14980","UNIPROT","Q15717","directed","Process(BiochemicalReaction)"
"UNIPROT","O14980","UNIPROT","Q15717","undirected","Binding"
"UNIPROT","O43242","UNIPROT","A5LHX3","undirected","Binding"
"UNIPROT","O43242","UNIPROT","O14818","undirected","Binding"
"UNIPROT","O43242","UNIPROT","P25786","undirected","Binding"
"UNIPROT","O43242","UNIPROT","P28065","undirected","Binding"
"UNIPROT","O43242","UNIPROT","P28066","undirected","Binding"
"UNIPROT","O43242","UNIPROT","P28072","undirected","Binding"
"UNIPROT","O43242","UNIPROT","P40306","undirected","Binding"
"UNIPROT","O43242","UNIPROT","P55036","undirected","Binding"
"UNIPROT","O43242","UNIPROT","Q06323","undirected","Binding"
"UNIPROT","O43242","UNIPROT","Q13200","undirected","Binding"
"UNIPROT","O43242","UNIPROT","Q14997","undirected","Binding"
"UNIPROT","O43242","UNIPROT","Q16401","undirected","Binding"
"UNIPROT","O43242","UNIPROT","Q8TAA3","undirected","Binding"
"UNIPROT","O43242","UNIPROT","Q92530","undirected","Binding"
"UNIPROT","O43242","UNIPROT","Q9UL46","undirected","Binding"
"UNIPROT","O75832","UNIPROT","A5LHX3","undirected","Binding"
"UNIPROT","O75832","UNIPROT","O14818","undirected","Binding"
"UNIPROT","O75832","UNIPROT","O43242","undirected","Binding"
"UNIPROT","O75832","UNIPROT","P25786","undirected","Binding"
"UNIPROT","O75832","UNIPROT","P28065","undirected","Binding"
"UNIPROT","O75832","UNIPROT","P28066","undirected","Binding"
"UNIPROT","O75832","UNIPROT","P28072","undirected","Binding"
"UNIPROT","O75832","UNIPROT","P40306","undirected","Binding"
"UNIPROT","O75832","UNIPROT","P55036","undirected","Binding"
"UNIPROT","O75832","UNIPROT","Q06323","undirected","Binding"
"UNIPROT","O75832","UNIPROT","Q13200","undirected","Binding"
"UNIPROT","O75832","UNIPROT","Q14997","undirected","Binding"
"UNIPROT","O75832","UNIPROT","Q16401","undirected","Binding"
"UNIPROT","O75832","UNIPROT","Q8TAA3","undirected","Binding"
"UNIPROT","O75832","UNIPROT","Q92530","undirected","Binding"
"UNIPROT","O75832","UNIPROT","Q9UL46","undirected","Binding"
"UNIPROT","O75888","UNIPROT","P39687","undirected","Binding"
"UNIPROT","O95453","UNIPROT","Q06265","undirected","Binding"
"UNIPROT","O95453","UNIPROT","Q13868","undirected","Binding"
"UNIPROT","O95453","UNIPROT","Q15024","undirected","Binding"
"UNIPROT","O95453","UNIPROT","Q5RKV6","undirected","Binding"
"UNIPROT","O95453","UNIPROT","Q8IU60","undirected","Binding"
"UNIPROT","O95453","UNIPROT","Q92945","undirected","Binding"
"UNIPROT","O95453","UNIPROT","Q96B26","undirected","Binding"
"UNIPROT","O95453","UNIPROT","Q9NPD3","undirected","Binding"
"UNIPROT","O95453","UNIPROT","Q9NQT4","undirected","Binding"
"UNIPROT","O95453","UNIPROT","Q9NQT5","undirected","Binding"
"UNIPROT","O95453","UNIPROT","Q9Y2L1","undirected","Binding"
"UNIPROT","O95453","UNIPROT","Q9Y3B2","undirected","Binding"
"UNIPROT","P04792","UNIPROT","P0DMV8","undirected","Binding"
"UNIPROT","P04792","UNIPROT","P11142","undirected","Binding"
"UNIPROT","P04792","UNIPROT","P11940","undirected","Binding"
"UNIPROT","P04792","UNIPROT","Q04637","undirected","Binding"
"UNIPROT","P04792","UNIPROT","Q14103","directed","Process(BiochemicalReaction)"
"UNIPROT","P04792","UNIPROT","Q14103","undirected","Binding"
"UNIPROT","P0CG47","UNIPROT","Q14103","directed","Process(BiochemicalReaction)"
"UNIPROT","P0CG48","UNIPROT","Q14103","directed","Process(BiochemicalReaction)"
"UNIPROT","P0DMV8","UNIPROT","P11142","undirected","Binding"
"UNIPROT","P0DMV8","UNIPROT","P11940","undirected","Binding"
"UNIPROT","P0DMV8","UNIPROT","Q14103","directed","Process(BiochemicalReaction)"
"UNIPROT","P0DMV8","UNIPROT","Q14103","undirected","Binding"
"UNIPROT","P11142","UNIPROT","Q14103","directed","Process(BiochemicalReaction)"
"UNIPROT","P11940","UNIPROT","P11142","undirected","Binding"
"UNIPROT","P11940","UNIPROT","Q14103","directed","Process(BiochemicalReaction)"
"UNIPROT","P11940","UNIPROT","Q14103","undirected","Binding"
"UNIPROT","P17252","UNIPROT","Q15717","directed","Control(Out: ACTIVATION of BiochemicalReaction)"
"UNIPROT","P17980","UNIPROT","A5LHX3","undirected","Binding"
"UNIPROT","P17980","UNIPROT","O14818","undirected","Binding"
"UNIPROT","P17980","UNIPROT","O43242","undirected","Binding"
"UNIPROT","P17980","UNIPROT","O75832","undirected","Binding"
"UNIPROT","P17980","UNIPROT","P25786","undirected","Binding"
"UNIPROT","P17980","UNIPROT","P25788","undirected","Binding"
"UNIPROT","P17980","UNIPROT","P25789","undirected","Binding"
"UNIPROT","P17980","UNIPROT","P28065","undirected","Binding"
"UNIPROT","P17980","UNIPROT","P28066","undirected","Binding"
"UNIPROT","P17980","UNIPROT","P28072","undirected","Binding"
"UNIPROT","P17980","UNIPROT","P35998","undirected","Binding"
"UNIPROT","P17980","UNIPROT","P40306","undirected","Binding"
"UNIPROT","P17980","UNIPROT","P43686","undirected","Binding"
"UNIPROT","P17980","UNIPROT","P49721","undirected","Binding"
"UNIPROT","P17980","UNIPROT","P55036","undirected","Binding"
"UNIPROT","P17980","UNIPROT","P61289","undirected","Binding"
"UNIPROT","P17980","UNIPROT","P62191","undirected","Binding"
"UNIPROT","P17980","UNIPROT","Q06323","undirected","Binding"
"UNIPROT","P17980","UNIPROT","Q13200","undirected","Binding"
"UNIPROT","P17980","UNIPROT","Q14997","undirected","Binding"
"UNIPROT","P17980","UNIPROT","Q16401","undirected","Binding"
"UNIPROT","P17980","UNIPROT","Q8TAA3","undirected","Binding"
"UNIPROT","P17980","UNIPROT","Q92530","undirected","Binding"
"UNIPROT","P17980","UNIPROT","Q9UL46","undirected","Binding"
"UNIPROT","P20618","UNIPROT","A5LHX3","undirected","Binding"
"UNIPROT","P20618","UNIPROT","O14818","undirected","Binding"
"UNIPROT","P20618","UNIPROT","O43242","undirected","Binding"
"UNIPROT","P20618","UNIPROT","O75832","undirected","Binding"
"UNIPROT","P20618","UNIPROT","P17980","undirected","Binding"
"UNIPROT","P20618","UNIPROT","P25786","undirected","Binding"
"UNIPROT","P20618","UNIPROT","P25788","undirected","Binding"
"UNIPROT","P20618","UNIPROT","P25789","undirected","Binding"
"UNIPROT","P20618","UNIPROT","P28065","undirected","Binding"
"UNIPROT","P20618","UNIPROT","P28066","undirected","Binding"
"UNIPROT","P20618","UNIPROT","P28072","undirected","Binding"
"UNIPROT","P20618","UNIPROT","P35998","undirected","Binding"
"UNIPROT","P20618","UNIPROT","P40306","undirected","Binding"
"UNIPROT","P20618","UNIPROT","P43686","undirected","Binding"
"UNIPROT","P20618","UNIPROT","P49720","undirected","Binding"
"UNIPROT","P20618","UNIPROT","P49721","undirected","Binding"
"UNIPROT","P20618","UNIPROT","P55036","undirected","Binding"
"UNIPROT","P20618","UNIPROT","P61289","undirected","Binding"
"UNIPROT","P20618","UNIPROT","P62191","undirected","Binding"
"UNIPROT","P20618","UNIPROT","Q06323","undirected","Binding"
"UNIPROT","P20618","UNIPROT","Q13200","undirected","Binding"
"UNIPROT","P20618","UNIPROT","Q14997","undirected","Binding"
"UNIPROT","P20618","UNIPROT","Q16401","undirected","Binding"
"UNIPROT","P20618","UNIPROT","Q8TAA3","undirected","Binding"
"UNIPROT","P20618","UNIPROT","Q92530","undirected","Binding"
"UNIPROT","P20618","UNIPROT","Q9UL46","undirected","Binding"
"UNIPROT","P25786","UNIPROT","A5LHX3","undirected","Binding"
"UNIPROT","P25786","UNIPROT","O14818","undirected","Binding"
"UNIPROT","P25786","UNIPROT","P28066","undirected","Binding"
"UNIPROT","P25786","UNIPROT","Q14997","undirected","Binding"
"UNIPROT","P25786","UNIPROT","Q16401","undirected","Binding"
"UNIPROT","P25786","UNIPROT","Q8TAA3","undirected","Binding"
"UNIPROT","P25786","UNIPROT","Q9UL46","undirected","Binding"
"UNIPROT","P25787","UNIPROT","A5LHX3","undirected","Binding"
"UNIPROT","P25787","UNIPROT","O00231","undirected","Binding"
"UNIPROT","P25787","UNIPROT","O00233","undirected","Binding"
"UNIPROT","P25787","UNIPROT","O00487","undirected","Binding"
"UNIPROT","P25787","UNIPROT","O14818","undirected","Binding"
"UNIPROT","P25787","UNIPROT","O43242","undirected","Binding"
"UNIPROT","P25787","UNIPROT","O75832","undirected","Binding"
"UNIPROT","P25787","UNIPROT","P17980","undirected","Binding"
"UNIPROT","P25787","UNIPROT","P20618","undirected","Binding"
"UNIPROT","P25787","UNIPROT","P25786","undirected","Binding"
"UNIPROT","P25787","UNIPROT","P25788","undirected","Binding"
"UNIPROT","P25787","UNIPROT","P25789","undirected","Binding"
"UNIPROT","P25787","UNIPROT","P28062","undirected","Binding"
"UNIPROT","P25787","UNIPROT","P28065","undirected","Binding"
"UNIPROT","P25787","UNIPROT","P28066","undirected","Binding"
"UNIPROT","P25787","UNIPROT","P28072","undirected","Binding"
"UNIPROT","P25787","UNIPROT","P28074","undirected","Binding"
"UNIPROT","P25787","UNIPROT","P35998","undirected","Binding"
"UNIPROT","P25787","UNIPROT","P40306","undirected","Binding"
"UNIPROT","P25787","UNIPROT","P43686","undirected","Binding"
"UNIPROT","P25787","UNIPROT","P49720","undirected","Binding"
"UNIPROT","P25787","UNIPROT","P49721","undirected","Binding"
"UNIPROT","P25787","UNIPROT","P55036","undirected","Binding"
"UNIPROT","P25787","UNIPROT","P61289","undirected","Binding"
"UNIPROT","P25787","UNIPROT","P62191","undirected","Binding"
"UNIPROT","P25787","UNIPROT","Q06323","undirected","Binding"
"UNIPROT","P25787","UNIPROT","Q13200","undirected","Binding"
"UNIPROT","P25787","UNIPROT","Q14997","undirected","Binding"
"UNIPROT","P25787","UNIPROT","Q15008","undirected","Binding"
"UNIPROT","P25787","UNIPROT","Q16401","undirected","Binding"
"UNIPROT","P25787","UNIPROT","Q8TAA3","undirected","Binding"
"UNIPROT","P25787","UNIPROT","Q92530","undirected","Binding"
"UNIPROT","P25787","UNIPROT","Q99436","undirected","Binding"
"UNIPROT","P25787","UNIPROT","Q9UL46","undirected","Binding"
"UNIPROT","P25787","UNIPROT","Q9UNM6","undirected","Binding"
"UNIPROT","P25788","UNIPROT","A5LHX3","undirected","Binding"
"UNIPROT","P25788","UNIPROT","O14818","undirected","Binding"
"UNIPROT","P25788","UNIPROT","O43242","undirected","Binding"
"UNIPROT","P25788","UNIPROT","O75832","undirected","Binding"
"UNIPROT","P25788","UNIPROT","P25786","undirected","Binding"
"UNIPROT","P25788","UNIPROT","P28065","undirected","Binding"
"UNIPROT","P25788","UNIPROT","P28066","undirected","Binding"
"UNIPROT","P25788","UNIPROT","P28072","undirected","Binding"
"UNIPROT","P25788","UNIPROT","P35998","undirected","Binding"
"UNIPROT","P25788","UNIPROT","P40306","undirected","Binding"
"UNIPROT","P25788","UNIPROT","P55036","undirected","Binding"
"UNIPROT","P25788","UNIPROT","Q06323","undirected","Binding"
"UNIPROT","P25788","UNIPROT","Q13200","undirected","Binding"
"UNIPROT","P25788","UNIPROT","Q14997","undirected","Binding"
"UNIPROT","P25788","UNIPROT","Q16401","undirected","Binding"
"UNIPROT","P25788","UNIPROT","Q8TAA3","undirected","Binding"
"UNIPROT","P25788","UNIPROT","Q92530","undirected","Binding"
"UNIPROT","P25788","UNIPROT","Q9UL46","undirected","Binding"
"UNIPROT","P25789","UNIPROT","A5LHX3","undirected","Binding"
"UNIPROT","P25789","UNIPROT","O14818","undirected","Binding"
"UNIPROT","P25789","UNIPROT","O43242","undirected","Binding"
"UNIPROT","P25789","UNIPROT","O75832","undirected","Binding"
"UNIPROT","P25789","UNIPROT","P25786","undirected","Binding"
"UNIPROT","P25789","UNIPROT","P25788","undirected","Binding"
"UNIPROT","P25789","UNIPROT","P28065","undirected","Binding"
"UNIPROT","P25789","UNIPROT","P28066","undirected","Binding"
"UNIPROT","P25789","UNIPROT","P28072","undirected","Binding"
"UNIPROT","P25789","UNIPROT","P35998","undirected","Binding"
"UNIPROT","P25789","UNIPROT","P40306","undirected","Binding"
"UNIPROT","P25789","UNIPROT","P49721","undirected","Binding"
"UNIPROT","P25789","UNIPROT","P55036","undirected","Binding"
"UNIPROT","P25789","UNIPROT","Q06323","undirected","Binding"
"UNIPROT","P25789","UNIPROT","Q13200","undirected","Binding"
"UNIPROT","P25789","UNIPROT","Q14997","undirected","Binding"
"UNIPROT","P25789","UNIPROT","Q16401","undirected","Binding"
"UNIPROT","P25789","UNIPROT","Q8TAA3","undirected","Binding"
"UNIPROT","P25789","UNIPROT","Q92530","undirected","Binding"
"UNIPROT","P25789","UNIPROT","Q9UL46","undirected","Binding"
"UNIPROT","P28062","UNIPROT","A5LHX3","undirected","Binding"
"UNIPROT","P28062","UNIPROT","O00487","undirected","Binding"
"UNIPROT","P28062","UNIPROT","O14818","undirected","Binding"
"UNIPROT","P28062","UNIPROT","O43242","undirected","Binding"
"UNIPROT","P28062","UNIPROT","O75832","undirected","Binding"
"UNIPROT","P28062","UNIPROT","P17980","undirected","Binding"
"UNIPROT","P28062","UNIPROT","P20618","undirected","Binding"
"UNIPROT","P28062","UNIPROT","P25786","undirected","Binding"
"UNIPROT","P28062","UNIPROT","P25788","undirected","Binding"
"UNIPROT","P28062","UNIPROT","P25789","undirected","Binding"
"UNIPROT","P28062","UNIPROT","P28065","undirected","Binding"
"UNIPROT","P28062","UNIPROT","P28066","undirected","Binding"
"UNIPROT","P28062","UNIPROT","P28072","undirected","Binding"
"UNIPROT","P28062","UNIPROT","P35998","undirected","Binding"
"UNIPROT","P28062","UNIPROT","P40306","undirected","Binding"
"UNIPROT","P28062","UNIPROT","P43686","undirected","Binding"
"UNIPROT","P28062","UNIPROT","P49720","undirected","Binding"
"UNIPROT","P28062","UNIPROT","P49721","undirected","Binding"
"UNIPROT","P28062","UNIPROT","P55036","undirected","Binding"
"UNIPROT","P28062","UNIPROT","P61289","undirected","Binding"
"UNIPROT","P28062","UNIPROT","P62191","undirected","Binding"
"UNIPROT","P28062","UNIPROT","Q06323","undirected","Binding"
"UNIPROT","P28062","UNIPROT","Q13200","undirected","Binding"
"UNIPROT","P28062","UNIPROT","Q14997","undirected","Binding"
"UNIPROT","P28062","UNIPROT","Q16401","undirected","Binding"
"UNIPROT","P28062","UNIPROT","Q8TAA3","undirected","Binding"
"UNIPROT","P28062","UNIPROT","Q92530","undirected","Binding"
"UNIPROT","P28062","UNIPROT","Q9UL46","undirected","Binding"
"UNIPROT","P28065","UNIPROT","A5LHX3","undirected","Binding"
"UNIPROT","P28065","UNIPROT","O14818","undirected","Binding"
"UNIPROT","P28065","UNIPROT","P25786","undirected","Binding"
"UNIPROT","P28065","UNIPROT","P28066","undirected","Binding"
"UNIPROT","P28065","UNIPROT","P40306","undirected","Binding"
"UNIPROT","P28065","UNIPROT","P55036","undirected","Binding"
"UNIPROT","P28065","UNIPROT","Q13200","undirected","Binding"
"UNIPROT","P28065","UNIPROT","Q14997","undirected","Binding"
"UNIPROT","P28065","UNIPROT","Q16401","undirected","Binding"
"UNIPROT","P28065","UNIPROT","Q8TAA3","undirected","Binding"
"UNIPROT","P28065","UNIPROT","Q92530","undirected","Binding"
"UNIPROT","P28065","UNIPROT","Q9UL46","undirected","Binding"
"UNIPROT","P28066","UNIPROT","A5LHX3","undirected","Binding"
"UNIPROT","P28066","UNIPROT","O14818","undirected","Binding"
"UNIPROT","P28066","UNIPROT","Q14997","undirected","Binding"
"UNIPROT","P28066","UNIPROT","Q16401","undirected","Binding"
"UNIPROT","P28066","UNIPROT","Q8TAA3","undirected","Binding"
"UNIPROT","P28066","UNIPROT","Q9UL46","undirected","Binding"
"UNIPROT","P28070","UNIPROT","A5LHX3","undirected","Binding"
"UNIPROT","P28070","UNIPROT","O00231","undirected","Binding"
"UNIPROT","P28070","UNIPROT","O00233","undirected","Binding"
"UNIPROT","P28070","UNIPROT","O00487","undirected","Binding"
"UNIPROT","P28070","UNIPROT","O14818","undirected","Binding"
"UNIPROT","P28070","UNIPROT","O43242","undirected","Binding"
"UNIPROT","P28070","UNIPROT","O75832","undirected","Binding"
"UNIPROT","P28070","UNIPROT","P17980","undirected","Binding"
"UNIPROT","P28070","UNIPROT","P20618","undirected","Binding"
"UNIPROT","P28070","UNIPROT","P25786","undirected","Binding"
"UNIPROT","P28070","UNIPROT","P25787","undirected","Binding"
"UNIPROT","P28070","UNIPROT","P25788","undirected","Binding"
"UNIPROT","P28070","UNIPROT","P25789","undirected","Binding"
"UNIPROT","P28070","UNIPROT","P28062","undirected","Binding"
"UNIPROT","P28070","UNIPROT","P28065","undirected","Binding"
"UNIPROT","P28070","UNIPROT","P28066","undirected","Binding"
"UNIPROT","P28070","UNIPROT","P28072","undirected","Binding"
"UNIPROT","P28070","UNIPROT","P28074","undirected","Binding"
"UNIPROT","P28070","UNIPROT","P35998","undirected","Binding"
"UNIPROT","P28070","UNIPROT","P40306","undirected","Binding"
"UNIPROT","P28070","UNIPROT","P43686","undirected","Binding"
"UNIPROT","P28070","UNIPROT","P49720","undirected","Binding"
"UNIPROT","P28070","UNIPROT","P49721","undirected","Binding"
"UNIPROT","P28070","UNIPROT","P51665","undirected","Binding"
"UNIPROT","P28070","UNIPROT","P55036","undirected","Binding"
"UNIPROT","P28070","UNIPROT","P60896","undirected","Binding"
"UNIPROT","P28070","UNIPROT","P61289","undirected","Binding"
"UNIPROT","P28070","UNIPROT","P62191","undirected","Binding"
"UNIPROT","P28070","UNIPROT","P62195","undirected","Binding"
"UNIPROT","P28070","UNIPROT","P62333","undirected","Binding"
"UNIPROT","P28070","UNIPROT","Q06323","undirected","Binding"
"UNIPROT","P28070","UNIPROT","Q13200","undirected","Binding"
"UNIPROT","P28070","UNIPROT","Q14997","undirected","Binding"
"UNIPROT","P28070","UNIPROT","Q15008","undirected","Binding"
"UNIPROT","P28070","UNIPROT","Q16401","undirected","Binding"
"UNIPROT","P28070","UNIPROT","Q8TAA3","undirected","Binding"
"UNIPROT","P28070","UNIPROT","Q92530","undirected","Binding"
"UNIPROT","P28070","UNIPROT","Q99436","undirected","Binding"
"UNIPROT","P28070","UNIPROT","Q99460","undirected","Binding"
"UNIPROT","P28070","UNIPROT","Q9UL46","undirected","Binding"
"UNIPROT","P28070","UNIPROT","Q9UNM6","undirected","Binding"
"UNIPROT","P28072","UNIPROT","A5LHX3","undirected","Binding"
"UNIPROT","P28072","UNIPROT","O14818","undirected","Binding"
"UNIPROT","P28072","UNIPROT","P25786","undirected","Binding"
"UNIPROT","P28072","UNIPROT","P28065","undirected","Binding"
"UNIPROT","P28072","UNIPROT","P28066","undirected","Binding"
"UNIPROT","P28072","UNIPROT","P40306","undirected","Binding"
"UNIPROT","P28072","UNIPROT","P55036","undirected","Binding"
"UNIPROT","P28072","UNIPROT","Q13200","undirected","Binding"
"UNIPROT","P28072","UNIPROT","Q14997","undirected","Binding"
"UNIPROT","P28072","UNIPROT","Q16401","undirected","Binding"
"UNIPROT","P28072","UNIPROT","Q8TAA3","undirected","Binding"
"UNIPROT","P28072","UNIPROT","Q92530","undirected","Binding"
"UNIPROT","P28072","UNIPROT","Q9UL46","undirected","Binding"
"UNIPROT","P28074","UNIPROT","A5LHX3","undirected","Binding"
"UNIPROT","P28074","UNIPROT","O00231","undirected","Binding"
"UNIPROT","P28074","UNIPROT","O00233","undirected","Binding"
"UNIPROT","P28074","UNIPROT","O00487","undirected","Binding"
"UNIPROT","P28074","UNIPROT","O14818","undirected","Binding"
"UNIPROT","P28074","UNIPROT","O43242","undirected","Binding"
"UNIPROT","P28074","UNIPROT","O75832","undirected","Binding"
"UNIPROT","P28074","UNIPROT","P17980","undirected","Binding"
"UNIPROT","P28074","UNIPROT","P20618","undirected","Binding"
"UNIPROT","P28074","UNIPROT","P25786","undirected","Binding"
"UNIPROT","P28074","UNIPROT","P25788","undirected","Binding"
"UNIPROT","P28074","UNIPROT","P25789","undirected","Binding"
"UNIPROT","P28074","UNIPROT","P28062","undirected","Binding"
"UNIPROT","P28074","UNIPROT","P28065","undirected","Binding"
"UNIPROT","P28074","UNIPROT","P28066","undirected","Binding"
"UNIPROT","P28074","UNIPROT","P28072","undirected","Binding"
"UNIPROT","P28074","UNIPROT","P35998","undirected","Binding"
"UNIPROT","P28074","UNIPROT","P40306","undirected","Binding"
"UNIPROT","P28074","UNIPROT","P43686","undirected","Binding"
"UNIPROT","P28074","UNIPROT","P49720","undirected","Binding"
"UNIPROT","P28074","UNIPROT","P49721","undirected","Binding"
"UNIPROT","P28074","UNIPROT","P55036","undirected","Binding"
"UNIPROT","P28074","UNIPROT","P61289","undirected","Binding"
"UNIPROT","P28074","UNIPROT","P62191","undirected","Binding"
"UNIPROT","P28074","UNIPROT","Q06323","undirected","Binding"
"UNIPROT","P28074","UNIPROT","Q13200","undirected","Binding"
"UNIPROT","P28074","UNIPROT","Q14997","undirected","Binding"
"UNIPROT","P28074","UNIPROT","Q16401","undirected","Binding"
"UNIPROT","P28074","UNIPROT","Q8TAA3","undirected","Binding"
"UNIPROT","P28074","UNIPROT","Q92530","undirected","Binding"
"UNIPROT","P28074","UNIPROT","Q9UL46","undirected","Binding"
"UNIPROT","P28074","UNIPROT","Q9UNM6","undirected","Binding"
"UNIPROT","P31749","UNIPROT","Q07352","directed","Control(Out: ACTIVATION of BiochemicalReaction)"
"UNIPROT","P31749","UNIPROT","Q92945","directed","Control(Out: ACTIVATION of BiochemicalReaction)"
"UNIPROT","P31946","UNIPROT","P26651","undirected","Binding"
"UNIPROT","P31946","UNIPROT","Q07352","undirected","Binding"
"UNIPROT","P31946","UNIPROT","Q92973","undirected","Binding"
"UNIPROT","P35658","UNIPROT","O75888","directed","Process(BiochemicalReaction)"
"UNIPROT","P35658","UNIPROT","O75888","undirected","Binding"
"UNIPROT","P35658","UNIPROT","P39687","undirected","Binding"
"UNIPROT","P35658","UNIPROT","Q01105","undirected","Binding"
"UNIPROT","P35658","UNIPROT","Q15717","directed","Process(BiochemicalReaction)"
"UNIPROT","P35658","UNIPROT","Q15717","undirected","Binding"
"UNIPROT","P35998","UNIPROT","A5LHX3","undirected","Binding"
"UNIPROT","P35998","UNIPROT","O14818","undirected","Binding"
"UNIPROT","P35998","UNIPROT","O43242","undirected","Binding"
"UNIPROT","P35998","UNIPROT","O75832","undirected","Binding"
"UNIPROT","P35998","UNIPROT","P25786","undirected","Binding"
"UNIPROT","P35998","UNIPROT","P28065","undirected","Binding"
"UNIPROT","P35998","UNIPROT","P28066","undirected","Binding"
"UNIPROT","P35998","UNIPROT","P28072","undirected","Binding"
"UNIPROT","P35998","UNIPROT","P40306","undirected","Binding"
"UNIPROT","P35998","UNIPROT","P55036","undirected","Binding"
"UNIPROT","P35998","UNIPROT","Q06323","undirected","Binding"
"UNIPROT","P35998","UNIPROT","Q13200","undirected","Binding"
"UNIPROT","P35998","UNIPROT","Q14997","undirected","Binding"
"UNIPROT","P35998","UNIPROT","Q16401","undirected","Binding"
"UNIPROT","P35998","UNIPROT","Q8TAA3","undirected","Binding"
"UNIPROT","P35998","UNIPROT","Q92530","undirected","Binding"
"UNIPROT","P35998","UNIPROT","Q9UL46","undirected","Binding"
"UNIPROT","P39687","UNIPROT","O75888","directed","Process(BiochemicalReaction)"
"UNIPROT","P39687","UNIPROT","Q15717","directed","Process(BiochemicalReaction)"
"UNIPROT","P40306","UNIPROT","A5LHX3","undirected","Binding"
"UNIPROT","P40306","UNIPROT","O14818","undirected","Binding"
"UNIPROT","P40306","UNIPROT","P25786","undirected","Binding"
"UNIPROT","P40306","UNIPROT","P28066","undirected","Binding"
"UNIPROT","P40306","UNIPROT","P55036","undirected","Binding"
"UNIPROT","P40306","UNIPROT","Q14997","undirected","Binding"
"UNIPROT","P40306","UNIPROT","Q16401","undirected","Binding"
"UNIPROT","P40306","UNIPROT","Q8TAA3","undirected","Binding"
"UNIPROT","P40306","UNIPROT","Q92530","undirected","Binding"
"UNIPROT","P40306","UNIPROT","Q9UL46","undirected","Binding"
"UNIPROT","P43686","UNIPROT","A5LHX3","undirected","Binding"
"UNIPROT","P43686","UNIPROT","O14818","undirected","Binding"
"UNIPROT","P43686","UNIPROT","O43242","undirected","Binding"
"UNIPROT","P43686","UNIPROT","O75832","undirected","Binding"
"UNIPROT","P43686","UNIPROT","P25786","undirected","Binding"
"UNIPROT","P43686","UNIPROT","P25788","undirected","Binding"
"UNIPROT","P43686","UNIPROT","P25789","undirected","Binding"
"UNIPROT","P43686","UNIPROT","P28065","undirected","Binding"
"UNIPROT","P43686","UNIPROT","P28066","undirected","Binding"
"UNIPROT","P43686","UNIPROT","P28072","undirected","Binding"
"UNIPROT","P43686","UNIPROT","P35998","undirected","Binding"
"UNIPROT","P43686","UNIPROT","P40306","undirected","Binding"
"UNIPROT","P43686","UNIPROT","P49721","undirected","Binding"
"UNIPROT","P43686","UNIPROT","P55036","undirected","Binding"
"UNIPROT","P43686","UNIPROT","Q06323","undirected","Binding"
"UNIPROT","P43686","UNIPROT","Q13200","undirected","Binding"
"UNIPROT","P43686","UNIPROT","Q14997","undirected","Binding"
"UNIPROT","P43686","UNIPROT","Q16401","undirected","Binding"
"UNIPROT","P43686","UNIPROT","Q8TAA3","undirected","Binding"
"UNIPROT","P43686","UNIPROT","Q92530","undirected","Binding"
"UNIPROT","P43686","UNIPROT","Q9UL46","undirected","Binding"
"UNIPROT","P48556","UNIPROT","A5LHX3","undirected","Binding"
"UNIPROT","P48556","UNIPROT","O00231","undirected","Binding"
"UNIPROT","P48556","UNIPROT","O00233","undirected","Binding"
"UNIPROT","P48556","UNIPROT","O00487","undirected","Binding"
"UNIPROT","P48556","UNIPROT","O14818","undirected","Binding"
"UNIPROT","P48556","UNIPROT","O43242","undirected","Binding"
"UNIPROT","P48556","UNIPROT","O75832","undirected","Binding"
"UNIPROT","P48556","UNIPROT","P17980","undirected","Binding"
"UNIPROT","P48556","UNIPROT","P20618","undirected","Binding"
"UNIPROT","P48556","UNIPROT","P25786","undirected","Binding"
"UNIPROT","P48556","UNIPROT","P25787","undirected","Binding"
"UNIPROT","P48556","UNIPROT","P25788","undirected","Binding"
"UNIPROT","P48556","UNIPROT","P25789","undirected","Binding"
"UNIPROT","P48556","UNIPROT","P28062","undirected","Binding"
"UNIPROT","P48556","UNIPROT","P28065","undirected","Binding"
"UNIPROT","P48556","UNIPROT","P28066","undirected","Binding"
"UNIPROT","P48556","UNIPROT","P28070","undirected","Binding"
"UNIPROT","P48556","UNIPROT","P28072","undirected","Binding"
"UNIPROT","P48556","UNIPROT","P28074","undirected","Binding"
"UNIPROT","P48556","UNIPROT","P35998","undirected","Binding"
"UNIPROT","P48556","UNIPROT","P40306","undirected","Binding"
"UNIPROT","P48556","UNIPROT","P43686","undirected","Binding"
"UNIPROT","P48556","UNIPROT","P49720","undirected","Binding"
"UNIPROT","P48556","UNIPROT","P49721","undirected","Binding"
"UNIPROT","P48556","UNIPROT","P51665","undirected","Binding"
"UNIPROT","P48556","UNIPROT","P55036","undirected","Binding"
"UNIPROT","P48556","UNIPROT","P60896","undirected","Binding"
"UNIPROT","P48556","UNIPROT","P61289","undirected","Binding"
"UNIPROT","P48556","UNIPROT","P62191","undirected","Binding"
"UNIPROT","P48556","UNIPROT","P62195","undirected","Binding"
"UNIPROT","P48556","UNIPROT","P62333","undirected","Binding"
"UNIPROT","P48556","UNIPROT","Q06323","undirected","Binding"
"UNIPROT","P48556","UNIPROT","Q13200","undirected","Binding"
"UNIPROT","P48556","UNIPROT","Q14997","undirected","Binding"
"UNIPROT","P48556","UNIPROT","Q15008","undirected","Binding"
"UNIPROT","P48556","UNIPROT","Q16401","undirected","Binding"
"UNIPROT","P48556","UNIPROT","Q8TAA3","undirected","Binding"
"UNIPROT","P48556","UNIPROT","Q92530","undirected","Binding"
"UNIPROT","P48556","UNIPROT","Q99436","undirected","Binding"
"UNIPROT","P48556","UNIPROT","Q99460","undirected","Binding"
"UNIPROT","P48556","UNIPROT","Q9UL46","undirected","Binding"
"UNIPROT","P48556","UNIPROT","Q9UNM6","undirected","Binding"
"UNIPROT","P49137","UNIPROT","P26651","directed","Control(Out: ACTIVATION of BiochemicalReaction)"
"UNIPROT","P49137","UNIPROT","Q07352","directed","Control(Out: ACTIVATION of BiochemicalReaction)"
"UNIPROT","P49137","UNIPROT","Q92973","directed","Control(Out: ACTIVATION of BiochemicalReaction)"
"UNIPROT","P49720","UNIPROT","A5LHX3","undirected","Binding"
"UNIPROT","P49720","UNIPROT","O14818","undirected","Binding"
"UNIPROT","P49720","UNIPROT","O43242","undirected","Binding"
"UNIPROT","P49720","UNIPROT","O75832","undirected","Binding"
"UNIPROT","P49720","UNIPROT","P17980","undirected","Binding"
"UNIPROT","P49720","UNIPROT","P25786","undirected","Binding"
"UNIPROT","P49720","UNIPROT","P25788","undirected","Binding"
"UNIPROT","P49720","UNIPROT","P25789","undirected","Binding"
"UNIPROT","P49720","UNIPROT","P28065","undirected","Binding"
"UNIPROT","P49720","UNIPROT","P28066","undirected","Binding"
"UNIPROT","P49720","UNIPROT","P28072","undirected","Binding"
"UNIPROT","P49720","UNIPROT","P35998","undirected","Binding"
"UNIPROT","P49720","UNIPROT","P40306","undirected","Binding"
"UNIPROT","P49720","UNIPROT","P43686","undirected","Binding"
"UNIPROT","P49720","UNIPROT","P49721","undirected","Binding"
"UNIPROT","P49720","UNIPROT","P55036","undirected","Binding"
"UNIPROT","P49720","UNIPROT","P61289","undirected","Binding"
"UNIPROT","P49720","UNIPROT","P62191","undirected","Binding"
"UNIPROT","P49720","UNIPROT","Q06323","undirected","Binding"
"UNIPROT","P49720","UNIPROT","Q13200","undirected","Binding"
"UNIPROT","P49720","UNIPROT","Q14997","undirected","Binding"
"UNIPROT","P49720","UNIPROT","Q16401","undirected","Binding"
"UNIPROT","P49720","UNIPROT","Q8TAA3","undirected","Binding"
"UNIPROT","P49720","UNIPROT","Q92530","undirected","Binding"
"UNIPROT","P49720","UNIPROT","Q9UL46","undirected","Binding"
"UNIPROT","P49721","UNIPROT","A5LHX3","undirected","Binding"
"UNIPROT","P49721","UNIPROT","O14818","undirected","Binding"
"UNIPROT","P49721","UNIPROT","O43242","undirected","Binding"
"UNIPROT","P49721","UNIPROT","O75832","undirected","Binding"
"UNIPROT","P49721","UNIPROT","P25786","undirected","Binding"
"UNIPROT","P49721","UNIPROT","P25788","undirected","Binding"
"UNIPROT","P49721","UNIPROT","P28065","undirected","Binding"
"UNIPROT","P49721","UNIPROT","P28066","undirected","Binding"
"UNIPROT","P49721","UNIPROT","P28072","undirected","Binding"
"UNIPROT","P49721","UNIPROT","P35998","undirected","Binding"
"UNIPROT","P49721","UNIPROT","P40306","undirected","Binding"
"UNIPROT","P49721","UNIPROT","P55036","undirected","Binding"
"UNIPROT","P49721","UNIPROT","Q06323","undirected","Binding"
"UNIPROT","P49721","UNIPROT","Q13200","undirected","Binding"
"UNIPROT","P49721","UNIPROT","Q14997","undirected","Binding"
"UNIPROT","P49721","UNIPROT","Q16401","undirected","Binding"
"UNIPROT","P49721","UNIPROT","Q8TAA3","undirected","Binding"
"UNIPROT","P49721","UNIPROT","Q92530","undirected","Binding"
"UNIPROT","P49721","UNIPROT","Q9UL46","undirected","Binding"
"UNIPROT","P51665","UNIPROT","A5LHX3","undirected","Binding"
"UNIPROT","P51665","UNIPROT","O00231","undirected","Binding"
"UNIPROT","P51665","UNIPROT","O00233","undirected","Binding"
"UNIPROT","P51665","UNIPROT","O00487","undirected","Binding"
"UNIPROT","P51665","UNIPROT","O14818","undirected","Binding"
"UNIPROT","P51665","UNIPROT","O43242","undirected","Binding"
"UNIPROT","P51665","UNIPROT","O75832","undirected","Binding"
"UNIPROT","P51665","UNIPROT","P17980","undirected","Binding"
"UNIPROT","P51665","UNIPROT","P20618","undirected","Binding"
"UNIPROT","P51665","UNIPROT","P25786","undirected","Binding"
"UNIPROT","P51665","UNIPROT","P25787","undirected","Binding"
"UNIPROT","P51665","UNIPROT","P25788","undirected","Binding"
"UNIPROT","P51665","UNIPROT","P25789","undirected","Binding"
"UNIPROT","P51665","UNIPROT","P28062","undirected","Binding"
"UNIPROT","P51665","UNIPROT","P28065","undirected","Binding"
"UNIPROT","P51665","UNIPROT","P28066","undirected","Binding"
"UNIPROT","P51665","UNIPROT","P28072","undirected","Binding"
"UNIPROT","P51665","UNIPROT","P28074","undirected","Binding"
"UNIPROT","P51665","UNIPROT","P35998","undirected","Binding"
"UNIPROT","P51665","UNIPROT","P40306","undirected","Binding"
"UNIPROT","P51665","UNIPROT","P43686","undirected","Binding"
"UNIPROT","P51665","UNIPROT","P49720","undirected","Binding"
"UNIPROT","P51665","UNIPROT","P49721","undirected","Binding"
"UNIPROT","P51665","UNIPROT","P55036","undirected","Binding"
"UNIPROT","P51665","UNIPROT","P60896","undirected","Binding"
"UNIPROT","P51665","UNIPROT","P61289","undirected","Binding"
"UNIPROT","P51665","UNIPROT","P62191","undirected","Binding"
"UNIPROT","P51665","UNIPROT","P62195","undirected","Binding"
"UNIPROT","P51665","UNIPROT","P62333","undirected","Binding"
"UNIPROT","P51665","UNIPROT","Q06323","undirected","Binding"
"UNIPROT","P51665","UNIPROT","Q13200","undirected","Binding"
"UNIPROT","P51665","UNIPROT","Q14997","undirected","Binding"
"UNIPROT","P51665","UNIPROT","Q15008","undirected","Binding"
"UNIPROT","P51665","UNIPROT","Q16401","undirected","Binding"
"UNIPROT","P51665","UNIPROT","Q8TAA3","undirected","Binding"
"UNIPROT","P51665","UNIPROT","Q92530","undirected","Binding"
"UNIPROT","P51665","UNIPROT","Q99436","undirected","Binding"
"UNIPROT","P51665","UNIPROT","Q99460","undirected","Binding"
"UNIPROT","P51665","UNIPROT","Q9UL46","undirected","Binding"
"UNIPROT","P51665","UNIPROT","Q9UNM6","undirected","Binding"
"UNIPROT","P55036","UNIPROT","A5LHX3","undirected","Binding"
"UNIPROT","P55036","UNIPROT","O14818","undirected","Binding"
"UNIPROT","P55036","UNIPROT","P25786","undirected","Binding"
"UNIPROT","P55036","UNIPROT","P28066","undirected","Binding"
"UNIPROT","P55036","UNIPROT","Q14997","undirected","Binding"
"UNIPROT","P55036","UNIPROT","Q16401","undirected","Binding"
"UNIPROT","P55036","UNIPROT","Q8TAA3","undirected","Binding"
"UNIPROT","P55036","UNIPROT","Q92530","undirected","Binding"
"UNIPROT","P55036","UNIPROT","Q9UL46","undirected","Binding"
"UNIPROT","P60896","UNIPROT","A5LHX3","undirected","Binding"
"UNIPROT","P60896","UNIPROT","O00231","undirected","Binding"
"UNIPROT","P60896","UNIPROT","O00233","undirected","Binding"
"UNIPROT","P60896","UNIPROT","O00487","undirected","Binding"
"UNIPROT","P60896","UNIPROT","O14818","undirected","Binding"
"UNIPROT","P60896","UNIPROT","O43242","undirected","Binding"
"UNIPROT","P60896","UNIPROT","O75832","undirected","Binding"
"UNIPROT","P60896","UNIPROT","P17980","undirected","Binding"
"UNIPROT","P60896","UNIPROT","P20618","undirected","Binding"
"UNIPROT","P60896","UNIPROT","P25786","undirected","Binding"
"UNIPROT","P60896","UNIPROT","P25787","undirected","Binding"
"UNIPROT","P60896","UNIPROT","P25788","undirected","Binding"
"UNIPROT","P60896","UNIPROT","P25789","undirected","Binding"
"UNIPROT","P60896","UNIPROT","P28062","undirected","Binding"
"UNIPROT","P60896","UNIPROT","P28065","undirected","Binding"
"UNIPROT","P60896","UNIPROT","P28066","undirected","Binding"
"UNIPROT","P60896","UNIPROT","P28072","undirected","Binding"
"UNIPROT","P60896","UNIPROT","P28074","undirected","Binding"
"UNIPROT","P60896","UNIPROT","P35998","undirected","Binding"
"UNIPROT","P60896","UNIPROT","P40306","undirected","Binding"
"UNIPROT","P60896","UNIPROT","P43686","undirected","Binding"
"UNIPROT","P60896","UNIPROT","P49720","undirected","Binding"
"UNIPROT","P60896","UNIPROT","P49721","undirected","Binding"
"UNIPROT","P60896","UNIPROT","P55036","undirected","Binding"
"UNIPROT","P60896","UNIPROT","P61289","undirected","Binding"
"UNIPROT","P60896","UNIPROT","P62191","undirected","Binding"
"UNIPROT","P60896","UNIPROT","Q06323","undirected","Binding"
"UNIPROT","P60896","UNIPROT","Q13200","undirected","Binding"
"UNIPROT","P60896","UNIPROT","Q14997","undirected","Binding"
"UNIPROT","P60896","UNIPROT","Q15008","undirected","Binding"
"UNIPROT","P60896","UNIPROT","Q16401","undirected","Binding"
"UNIPROT","P60896","UNIPROT","Q8TAA3","undirected","Binding"
"UNIPROT","P60896","UNIPROT","Q92530","undirected","Binding"
"UNIPROT","P60896","UNIPROT","Q99436","undirected","Binding"
"UNIPROT","P60896","UNIPROT","Q9UL46","undirected","Binding"
"UNIPROT","P60896","UNIPROT","Q9UNM6","undirected","Binding"
"UNIPROT","P60900","UNIPROT","A5LHX3","undirected","Binding"
"UNIPROT","P60900","UNIPROT","O00231","undirected","Binding"
"UNIPROT","P60900","UNIPROT","O00232","undirected","Binding"
"UNIPROT","P60900","UNIPROT","O00233","undirected","Binding"
"UNIPROT","P60900","UNIPROT","O00487","undirected","Binding"
"UNIPROT","P60900","UNIPROT","O14818","undirected","Binding"
"UNIPROT","P60900","UNIPROT","O43242","undirected","Binding"
"UNIPROT","P60900","UNIPROT","O75832","undirected","Binding"
"UNIPROT","P60900","UNIPROT","P17980","undirected","Binding"
"UNIPROT","P60900","UNIPROT","P20618","undirected","Binding"
"UNIPROT","P60900","UNIPROT","P25786","undirected","Binding"
"UNIPROT","P60900","UNIPROT","P25787","undirected","Binding"
"UNIPROT","P60900","UNIPROT","P25788","undirected","Binding"
"UNIPROT","P60900","UNIPROT","P25789","undirected","Binding"
"UNIPROT","P60900","UNIPROT","P28062","undirected","Binding"
"UNIPROT","P60900","UNIPROT","P28065","undirected","Binding"
"UNIPROT","P60900","UNIPROT","P28066","undirected","Binding"
"UNIPROT","P60900","UNIPROT","P28070","undirected","Binding"
"UNIPROT","P60900","UNIPROT","P28072","undirected","Binding"
"UNIPROT","P60900","UNIPROT","P28074","undirected","Binding"
"UNIPROT","P60900","UNIPROT","P35998","undirected","Binding"
"UNIPROT","P60900","UNIPROT","P40306","undirected","Binding"
"UNIPROT","P60900","UNIPROT","P43686","undirected","Binding"
"UNIPROT","P60900","UNIPROT","P48556","undirected","Binding"
"UNIPROT","P60900","UNIPROT","P49720","undirected","Binding"
"UNIPROT","P60900","UNIPROT","P49721","undirected","Binding"
"UNIPROT","P60900","UNIPROT","P51665","undirected","Binding"
"UNIPROT","P60900","UNIPROT","P55036","undirected","Binding"
"UNIPROT","P60900","UNIPROT","P60896","undirected","Binding"
"UNIPROT","P60900","UNIPROT","P61289","undirected","Binding"
"UNIPROT","P60900","UNIPROT","P62191","undirected","Binding"
"UNIPROT","P60900","UNIPROT","P62195","undirected","Binding"
"UNIPROT","P60900","UNIPROT","P62333","undirected","Binding"
"UNIPROT","P60900","UNIPROT","Q06323","undirected","Binding"
"UNIPROT","P60900","UNIPROT","Q13200","undirected","Binding"
"UNIPROT","P60900","UNIPROT","Q14997","undirected","Binding"
"UNIPROT","P60900","UNIPROT","Q15008","undirected","Binding"
"UNIPROT","P60900","UNIPROT","Q16401","undirected","Binding"
"UNIPROT","P60900","UNIPROT","Q8TAA3","undirected","Binding"
"UNIPROT","P60900","UNIPROT","Q92530","undirected","Binding"
"UNIPROT","P60900","UNIPROT","Q99436","undirected","Binding"
"UNIPROT","P60900","UNIPROT","Q99460","undirected","Binding"
"UNIPROT","P60900","UNIPROT","Q9UL46","undirected","Binding"
"UNIPROT","P60900","UNIPROT","Q9UNM6","undirected","Binding"
"UNIPROT","P61289","UNIPROT","A5LHX3","undirected","Binding"
"UNIPROT","P61289","UNIPROT","O14818","undirected","Binding"
"UNIPROT","P61289","UNIPROT","O43242","undirected","Binding"
"UNIPROT","P61289","UNIPROT","O75832","undirected","Binding"
"UNIPROT","P61289","UNIPROT","P25786","undirected","Binding"
"UNIPROT","P61289","UNIPROT","P25788","undirected","Binding"
"UNIPROT","P61289","UNIPROT","P25789","undirected","Binding"
"UNIPROT","P61289","UNIPROT","P28065","undirected","Binding"
"UNIPROT","P61289","UNIPROT","P28066","undirected","Binding"
"UNIPROT","P61289","UNIPROT","P28072","undirected","Binding"
"UNIPROT","P61289","UNIPROT","P35998","undirected","Binding"
"UNIPROT","P61289","UNIPROT","P40306","undirected","Binding"
"UNIPROT","P61289","UNIPROT","P43686","undirected","Binding"
"UNIPROT","P61289","UNIPROT","P49721","undirected","Binding"
"UNIPROT","P61289","UNIPROT","P55036","undirected","Binding"
"UNIPROT","P61289","UNIPROT","P62191","undirected","Binding"
"UNIPROT","P61289","UNIPROT","Q06323","undirected","Binding"
"UNIPROT","P61289","UNIPROT","Q13200","undirected","Binding"
"UNIPROT","P61289","UNIPROT","Q14997","undirected","Binding"
"UNIPROT","P61289","UNIPROT","Q16401","undirected","Binding"
"UNIPROT","P61289","UNIPROT","Q8TAA3","undirected","Binding"
"UNIPROT","P61289","UNIPROT","Q92530","undirected","Binding"
"UNIPROT","P61289","UNIPROT","Q9UL46","undirected","Binding"
"UNIPROT","P62191","UNIPROT","A5LHX3","undirected","Binding"
"UNIPROT","P62191","UNIPROT","O14818","undirected","Binding"
"UNIPROT","P62191","UNIPROT","O43242","undirected","Binding"
"UNIPROT","P62191","UNIPROT","O75832","undirected","Binding"
"UNIPROT","P62191","UNIPROT","P25786","undirected","Binding"
"UNIPROT","P62191","UNIPROT","P25788","undirected","Binding"
"UNIPROT","P62191","UNIPROT","P25789","undirected","Binding"
"UNIPROT","P62191","UNIPROT","P28065","undirected","Binding"
"UNIPROT","P62191","UNIPROT","P28066","undirected","Binding"
"UNIPROT","P62191","UNIPROT","P28072","undirected","Binding"
"UNIPROT","P62191","UNIPROT","P35998","undirected","Binding"
"UNIPROT","P62191","UNIPROT","P40306","undirected","Binding"
"UNIPROT","P62191","UNIPROT","P43686","undirected","Binding"
"UNIPROT","P62191","UNIPROT","P49721","undirected","Binding"
"UNIPROT","P62191","UNIPROT","P55036","undirected","Binding"
"UNIPROT","P62191","UNIPROT","Q06323","undirected","Binding"
"UNIPROT","P62191","UNIPROT","Q13200","undirected","Binding"
"UNIPROT","P62191","UNIPROT","Q14997","undirected","Binding"
"UNIPROT","P62191","UNIPROT","Q16401","undirected","Binding"
"UNIPROT","P62191","UNIPROT","Q8TAA3","undirected","Binding"
"UNIPROT","P62191","UNIPROT","Q92530","undirected","Binding"
"UNIPROT","P62191","UNIPROT","Q9UL46","undirected","Binding"
"UNIPROT","P62195","UNIPROT","A5LHX3","undirected","Binding"
"UNIPROT","P62195","UNIPROT","O00231","undirected","Binding"
"UNIPROT","P62195","UNIPROT","O00233","undirected","Binding"
"UNIPROT","P62195","UNIPROT","O00487","undirected","Binding"
"UNIPROT","P62195","UNIPROT","O14818","undirected","Binding"
"UNIPROT","P62195","UNIPROT","O43242","undirected","Binding"
"UNIPROT","P62195","UNIPROT","O75832","undirected","Binding"
"UNIPROT","P62195","UNIPROT","P17980","undirected","Binding"
"UNIPROT","P62195","UNIPROT","P20618","undirected","Binding"
"UNIPROT","P62195","UNIPROT","P25786","undirected","Binding"
"UNIPROT","P62195","UNIPROT","P25787","undirected","Binding"
"UNIPROT","P62195","UNIPROT","P25788","undirected","Binding"
"UNIPROT","P62195","UNIPROT","P25789","undirected","Binding"
"UNIPROT","P62195","UNIPROT","P28062","undirected","Binding"
"UNIPROT","P62195","UNIPROT","P28065","undirected","Binding"
"UNIPROT","P62195","UNIPROT","P28066","undirected","Binding"
"UNIPROT","P62195","UNIPROT","P28072","undirected","Binding"
"UNIPROT","P62195","UNIPROT","P28074","undirected","Binding"
"UNIPROT","P62195","UNIPROT","P35998","undirected","Binding"
"UNIPROT","P62195","UNIPROT","P40306","undirected","Binding"
"UNIPROT","P62195","UNIPROT","P43686","undirected","Binding"
"UNIPROT","P62195","UNIPROT","P49720","undirected","Binding"
"UNIPROT","P62195","UNIPROT","P49721","undirected","Binding"
"UNIPROT","P62195","UNIPROT","P55036","undirected","Binding"
"UNIPROT","P62195","UNIPROT","P60896","undirected","Binding"
"UNIPROT","P62195","UNIPROT","P61289","undirected","Binding"
"UNIPROT","P62195","UNIPROT","P62191","undirected","Binding"
"UNIPROT","P62195","UNIPROT","P62333","undirected","Binding"
"UNIPROT","P62195","UNIPROT","Q06323","undirected","Binding"
"UNIPROT","P62195","UNIPROT","Q13200","undirected","Binding"
"UNIPROT","P62195","UNIPROT","Q14997","undirected","Binding"
"UNIPROT","P62195","UNIPROT","Q15008","undirected","Binding"
"UNIPROT","P62195","UNIPROT","Q16401","undirected","Binding"
"UNIPROT","P62195","UNIPROT","Q8TAA3","undirected","Binding"
"UNIPROT","P62195","UNIPROT","Q92530","undirected","Binding"
"UNIPROT","P62195","UNIPROT","Q99436","undirected","Binding"
"UNIPROT","P62195","UNIPROT","Q99460","undirected","Binding"
"UNIPROT","P62195","UNIPROT","Q9UL46","undirected","Binding"
"UNIPROT","P62195","UNIPROT","Q9UNM6","undirected","Binding"
"UNIPROT","P62333","UNIPROT","A5LHX3","undirected","Binding"
"UNIPROT","P62333","UNIPROT","O00231","undirected","Binding"
"UNIPROT","P62333","UNIPROT","O00233","undirected","Binding"
"UNIPROT","P62333","UNIPROT","O00487","undirected","Binding"
"UNIPROT","P62333","UNIPROT","O14818","undirected","Binding"
"UNIPROT","P62333","UNIPROT","O43242","undirected","Binding"
"UNIPROT","P62333","UNIPROT","O75832","undirected","Binding"
"UNIPROT","P62333","UNIPROT","P17980","undirected","Binding"
"UNIPROT","P62333","UNIPROT","P20618","undirected","Binding"
"UNIPROT","P62333","UNIPROT","P25786","undirected","Binding"
"UNIPROT","P62333","UNIPROT","P25787","undirected","Binding"
"UNIPROT","P62333","UNIPROT","P25788","undirected","Binding"
"UNIPROT","P62333","UNIPROT","P25789","undirected","Binding"
"UNIPROT","P62333","UNIPROT","P28062","undirected","Binding"
"UNIPROT","P62333","UNIPROT","P28065","undirected","Binding"
"UNIPROT","P62333","UNIPROT","P28066","undirected","Binding"
"UNIPROT","P62333","UNIPROT","P28072","undirected","Binding"
"UNIPROT","P62333","UNIPROT","P28074","undirected","Binding"
"UNIPROT","P62333","UNIPROT","P35998","undirected","Binding"
"UNIPROT","P62333","UNIPROT","P40306","undirected","Binding"
"UNIPROT","P62333","UNIPROT","P43686","undirected","Binding"
"UNIPROT","P62333","UNIPROT","P49720","undirected","Binding"
"UNIPROT","P62333","UNIPROT","P49721","undirected","Binding"
"UNIPROT","P62333","UNIPROT","P55036","undirected","Binding"
"UNIPROT","P62333","UNIPROT","P60896","undirected","Binding"
"UNIPROT","P62333","UNIPROT","P61289","undirected","Binding"
"UNIPROT","P62333","UNIPROT","P62191","undirected","Binding"
"UNIPROT","P62333","UNIPROT","Q06323","undirected","Binding"
"UNIPROT","P62333","UNIPROT","Q13200","undirected","Binding"
"UNIPROT","P62333","UNIPROT","Q14997","undirected","Binding"
"UNIPROT","P62333","UNIPROT","Q15008","undirected","Binding"
"UNIPROT","P62333","UNIPROT","Q16401","undirected","Binding"
"UNIPROT","P62333","UNIPROT","Q8TAA3","undirected","Binding"
"UNIPROT","P62333","UNIPROT","Q92530","undirected","Binding"
"UNIPROT","P62333","UNIPROT","Q99436","undirected","Binding"
"UNIPROT","P62333","UNIPROT","Q9UL46","undirected","Binding"
"UNIPROT","P62333","UNIPROT","Q9UNM6","undirected","Binding"
"UNIPROT","P62979","UNIPROT","Q14103","directed","Process(BiochemicalReaction)"
"UNIPROT","P62987","UNIPROT","Q14103","directed","Process(BiochemicalReaction)"
"UNIPROT","P63104","UNIPROT","Q92945","undirected","Binding"
"UNIPROT","Q01105","UNIPROT","O75888","directed","Process(BiochemicalReaction)"
"UNIPROT","Q01105","UNIPROT","O75888","undirected","Binding"
"UNIPROT","Q01105","UNIPROT","P39687","undirected","Binding"
"UNIPROT","Q01105","UNIPROT","Q15717","directed","Process(BiochemicalReaction)"
"UNIPROT","Q04637","UNIPROT","P0DMV8","undirected","Binding"
"UNIPROT","Q04637","UNIPROT","P11142","undirected","Binding"
"UNIPROT","Q04637","UNIPROT","P11940","undirected","Binding"
"UNIPROT","Q04637","UNIPROT","Q14103","directed","Process(BiochemicalReaction)"
"UNIPROT","Q04637","UNIPROT","Q14103","undirected","Binding"
"UNIPROT","Q05655","UNIPROT","Q15717","directed","Control(Out: ACTIVATION of BiochemicalReaction)"
"UNIPROT","Q06265","UNIPROT","P26651","undirected","Binding"
"UNIPROT","Q06265","UNIPROT","Q07352","undirected","Binding"
"UNIPROT","Q06265","UNIPROT","Q15024","undirected","Binding"
"UNIPROT","Q06265","UNIPROT","Q8IU60","undirected","Binding"
"UNIPROT","Q06265","UNIPROT","Q8IZH2","undirected","Binding"
"UNIPROT","Q06265","UNIPROT","Q92945","undirected","Binding"
"UNIPROT","Q06265","UNIPROT","Q96B26","undirected","Binding"
"UNIPROT","Q06265","UNIPROT","Q9NPD3","undirected","Binding"
"UNIPROT","Q06265","UNIPROT","Q9NPI6","undirected","Binding"
"UNIPROT","Q06265","UNIPROT","Q9Y2L1","undirected","Binding"
"UNIPROT","Q06323","UNIPROT","A5LHX3","undirected","Binding"
"UNIPROT","Q06323","UNIPROT","O14818","undirected","Binding"
"UNIPROT","Q06323","UNIPROT","P25786","undirected","Binding"
"UNIPROT","Q06323","UNIPROT","P28065","undirected","Binding"
"UNIPROT","Q06323","UNIPROT","P28066","undirected","Binding"
"UNIPROT","Q06323","UNIPROT","P28072","undirected","Binding"
"UNIPROT","Q06323","UNIPROT","P40306","undirected","Binding"
"UNIPROT","Q06323","UNIPROT","P55036","undirected","Binding"
"UNIPROT","Q06323","UNIPROT","Q13200","undirected","Binding"
"UNIPROT","Q06323","UNIPROT","Q14997","undirected","Binding"
"UNIPROT","Q06323","UNIPROT","Q16401","undirected","Binding"
"UNIPROT","Q06323","UNIPROT","Q8TAA3","undirected","Binding"
"UNIPROT","Q06323","UNIPROT","Q92530","undirected","Binding"
"UNIPROT","Q06323","UNIPROT","Q9UL46","undirected","Binding"
"UNIPROT","Q07352","UNIPROT","Q8IZH2","undirected","Binding"
"UNIPROT","Q07352","UNIPROT","Q9NPI6","undirected","Binding"
"UNIPROT","Q13200","UNIPROT","A5LHX3","undirected","Binding"
"UNIPROT","Q13200","UNIPROT","O14818","undirected","Binding"
"UNIPROT","Q13200","UNIPROT","P25786","undirected","Binding"
"UNIPROT","Q13200","UNIPROT","P28066","undirected","Binding"
"UNIPROT","Q13200","UNIPROT","P40306","undirected","Binding"
"UNIPROT","Q13200","UNIPROT","P55036","undirected","Binding"
"UNIPROT","Q13200","UNIPROT","Q14997","undirected","Binding"
"UNIPROT","Q13200","UNIPROT","Q16401","undirected","Binding"
"UNIPROT","Q13200","UNIPROT","Q8TAA3","undirected","Binding"
"UNIPROT","Q13200","UNIPROT","Q92530","undirected","Binding"
"UNIPROT","Q13200","UNIPROT","Q9UL46","undirected","Binding"
"UNIPROT","Q13868","UNIPROT","P26651","undirected","Binding"
"UNIPROT","Q13868","UNIPROT","Q06265","undirected","Binding"
"UNIPROT","Q13868","UNIPROT","Q07352","undirected","Binding"
"UNIPROT","Q13868","UNIPROT","Q15024","undirected","Binding"
"UNIPROT","Q13868","UNIPROT","Q5RKV6","undirected","Binding"
"UNIPROT","Q13868","UNIPROT","Q8IU60","undirected","Binding"
"UNIPROT","Q13868","UNIPROT","Q8IZH2","undirected","Binding"
"UNIPROT","Q13868","UNIPROT","Q92945","undirected","Binding"
"UNIPROT","Q13868","UNIPROT","Q96B26","undirected","Binding"
"UNIPROT","Q13868","UNIPROT","Q9NPD3","undirected","Binding"
"UNIPROT","Q13868","UNIPROT","Q9NPI6","undirected","Binding"
"UNIPROT","Q13868","UNIPROT","Q9NQT4","undirected","Binding"
"UNIPROT","Q13868","UNIPROT","Q9NQT5","undirected","Binding"
"UNIPROT","Q13868","UNIPROT","Q9Y2L1","undirected","Binding"
"UNIPROT","Q13868","UNIPROT","Q9Y3B2","undirected","Binding"
"UNIPROT","Q14103","UNIPROT","A5LHX3","directed","Control(In: ACTIVATION of BiochemicalReaction)"
"UNIPROT","Q14103","UNIPROT","O00231","directed","Control(In: ACTIVATION of BiochemicalReaction)"
"UNIPROT","Q14103","UNIPROT","O00232","directed","Control(In: ACTIVATION of BiochemicalReaction)"
"UNIPROT","Q14103","UNIPROT","O00233","directed","Control(In: ACTIVATION of BiochemicalReaction)"
"UNIPROT","Q14103","UNIPROT","O00487","directed","Control(In: ACTIVATION of BiochemicalReaction)"
"UNIPROT","Q14103","UNIPROT","O14818","directed","Control(In: ACTIVATION of BiochemicalReaction)"
"UNIPROT","Q14103","UNIPROT","O43242","directed","Control(In: ACTIVATION of BiochemicalReaction)"
"UNIPROT","Q14103","UNIPROT","O75832","directed","Control(In: ACTIVATION of BiochemicalReaction)"
"UNIPROT","Q14103","UNIPROT","P11142","undirected","Binding"
"UNIPROT","Q14103","UNIPROT","P17980","directed","Control(In: ACTIVATION of BiochemicalReaction)"
"UNIPROT","Q14103","UNIPROT","P20618","directed","Control(In: ACTIVATION of BiochemicalReaction)"
"UNIPROT","Q14103","UNIPROT","P25786","directed","Control(In: ACTIVATION of BiochemicalReaction)"
"UNIPROT","Q14103","UNIPROT","P25787","directed","Control(In: ACTIVATION of BiochemicalReaction)"
"UNIPROT","Q14103","UNIPROT","P25788","directed","Control(In: ACTIVATION of BiochemicalReaction)"
"UNIPROT","Q14103","UNIPROT","P25789","directed","Control(In: ACTIVATION of BiochemicalReaction)"
"UNIPROT","Q14103","UNIPROT","P28062","directed","Control(In: ACTIVATION of BiochemicalReaction)"
"UNIPROT","Q14103","UNIPROT","P28065","directed","Control(In: ACTIVATION of BiochemicalReaction)"
"UNIPROT","Q14103","UNIPROT","P28066","directed","Control(In: ACTIVATION of BiochemicalReaction)"
"UNIPROT","Q14103","UNIPROT","P28070","directed","Control(In: ACTIVATION of BiochemicalReaction)"
"UNIPROT","Q14103","UNIPROT","P28072","directed","Control(In: ACTIVATION of BiochemicalReaction)"
"UNIPROT","Q14103","UNIPROT","P28074","directed","Control(In: ACTIVATION of BiochemicalReaction)"
"UNIPROT","Q14103","UNIPROT","P35998","directed","Control(In: ACTIVATION of BiochemicalReaction)"
"UNIPROT","Q14103","UNIPROT","P40306","directed","Control(In: ACTIVATION of BiochemicalReaction)"
"UNIPROT","Q14103","UNIPROT","P43686","directed","Control(In: ACTIVATION of BiochemicalReaction)"
"UNIPROT","Q14103","UNIPROT","P48556","directed","Control(In: ACTIVATION of BiochemicalReaction)"
"UNIPROT","Q14103","UNIPROT","P49720","directed","Control(In: ACTIVATION of BiochemicalReaction)"
"UNIPROT","Q14103","UNIPROT","P49721","directed","Control(In: ACTIVATION of BiochemicalReaction)"
"UNIPROT","Q14103","UNIPROT","P51665","directed","Control(In: ACTIVATION of BiochemicalReaction)"
"UNIPROT","Q14103","UNIPROT","P55036","directed","Control(In: ACTIVATION of BiochemicalReaction)"
"UNIPROT","Q14103","UNIPROT","P60896","directed","Control(In: ACTIVATION of BiochemicalReaction)"
"UNIPROT","Q14103","UNIPROT","P60900","directed","Control(In: ACTIVATION of BiochemicalReaction)"
"UNIPROT","Q14103","UNIPROT","P61289","directed","Control(In: ACTIVATION of BiochemicalReaction)"
"UNIPROT","Q14103","UNIPROT","P62191","directed","Control(In: ACTIVATION of BiochemicalReaction)"
"UNIPROT","Q14103","UNIPROT","P62195","directed","Control(In: ACTIVATION of BiochemicalReaction)"
"UNIPROT","Q14103","UNIPROT","P62333","directed","Control(In: ACTIVATION of BiochemicalReaction)"
"UNIPROT","Q14103","UNIPROT","Q06323","directed","Control(In: ACTIVATION of BiochemicalReaction)"
"UNIPROT","Q14103","UNIPROT","Q13200","directed","Control(In: ACTIVATION of BiochemicalReaction)"
"UNIPROT","Q14103","UNIPROT","Q14997","directed","Control(In: ACTIVATION of BiochemicalReaction)"
"UNIPROT","Q14103","UNIPROT","Q15008","directed","Control(In: ACTIVATION of BiochemicalReaction)"
"UNIPROT","Q14103","UNIPROT","Q16401","directed","Control(In: ACTIVATION of BiochemicalReaction)"
"UNIPROT","Q14103","UNIPROT","Q8TAA3","directed","Control(In: ACTIVATION of BiochemicalReaction)"
"UNIPROT","Q14103","UNIPROT","Q92530","directed","Control(In: ACTIVATION of BiochemicalReaction)"
"UNIPROT","Q14103","UNIPROT","Q99436","directed","Control(In: ACTIVATION of BiochemicalReaction)"
"UNIPROT","Q14103","UNIPROT","Q99460","directed","Control(In: ACTIVATION of BiochemicalReaction)"
"UNIPROT","Q14103","UNIPROT","Q9UL46","directed","Control(In: ACTIVATION of BiochemicalReaction)"
"UNIPROT","Q14103","UNIPROT","Q9UNM6","directed","Control(In: ACTIVATION of BiochemicalReaction)"
"UNIPROT","Q14997","UNIPROT","A5LHX3","undirected","Binding"
"UNIPROT","Q14997","UNIPROT","Q8TAA3","undirected","Binding"
"UNIPROT","Q15008","UNIPROT","A5LHX3","undirected","Binding"
"UNIPROT","Q15008","UNIPROT","O00231","undirected","Binding"
"UNIPROT","Q15008","UNIPROT","O00233","undirected","Binding"
"UNIPROT","Q15008","UNIPROT","O00487","undirected","Binding"
"UNIPROT","Q15008","UNIPROT","O14818","undirected","Binding"
"UNIPROT","Q15008","UNIPROT","O43242","undirected","Binding"
"UNIPROT","Q15008","UNIPROT","O75832","undirected","Binding"
"UNIPROT","Q15008","UNIPROT","P17980","undirected","Binding"
"UNIPROT","Q15008","UNIPROT","P20618","undirected","Binding"
"UNIPROT","Q15008","UNIPROT","P25786","undirected","Binding"
"UNIPROT","Q15008","UNIPROT","P25788","undirected","Binding"
"UNIPROT","Q15008","UNIPROT","P25789","undirected","Binding"
"UNIPROT","Q15008","UNIPROT","P28062","undirected","Binding"
"UNIPROT","Q15008","UNIPROT","P28065","undirected","Binding"
"UNIPROT","Q15008","UNIPROT","P28066","undirected","Binding"
"UNIPROT","Q15008","UNIPROT","P28072","undirected","Binding"
"UNIPROT","Q15008","UNIPROT","P28074","undirected","Binding"
"UNIPROT","Q15008","UNIPROT","P35998","undirected","Binding"
"UNIPROT","Q15008","UNIPROT","P40306","undirected","Binding"
"UNIPROT","Q15008","UNIPROT","P43686","undirected","Binding"
"UNIPROT","Q15008","UNIPROT","P49720","undirected","Binding"
"UNIPROT","Q15008","UNIPROT","P49721","undirected","Binding"
"UNIPROT","Q15008","UNIPROT","P55036","undirected","Binding"
"UNIPROT","Q15008","UNIPROT","P61289","undirected","Binding"
"UNIPROT","Q15008","UNIPROT","P62191","undirected","Binding"
"UNIPROT","Q15008","UNIPROT","Q06323","undirected","Binding"
"UNIPROT","Q15008","UNIPROT","Q13200","undirected","Binding"
"UNIPROT","Q15008","UNIPROT","Q14997","undirected","Binding"
"UNIPROT","Q15008","UNIPROT","Q16401","undirected","Binding"
"UNIPROT","Q15008","UNIPROT","Q8TAA3","undirected","Binding"
"UNIPROT","Q15008","UNIPROT","Q92530","undirected","Binding"
"UNIPROT","Q15008","UNIPROT","Q9UL46","undirected","Binding"
"UNIPROT","Q15008","UNIPROT","Q9UNM6","undirected","Binding"
"UNIPROT","Q15024","UNIPROT","P26651","undirected","Binding"
"UNIPROT","Q15024","UNIPROT","Q07352","undirected","Binding"
"UNIPROT","Q15024","UNIPROT","Q8IU60","undirected","Binding"
"UNIPROT","Q15024","UNIPROT","Q8IZH2","undirected","Binding"
"UNIPROT","Q15024","UNIPROT","Q92945","undirected","Binding"
"UNIPROT","Q15024","UNIPROT","Q96B26","undirected","Binding"
"UNIPROT","Q15024","UNIPROT","Q9NPI6","undirected","Binding"
"UNIPROT","Q15024","UNIPROT","Q9Y2L1","undirected","Binding"
"UNIPROT","Q15717","UNIPROT","O75888","undirected","Binding"
"UNIPROT","Q15717","UNIPROT","P39687","undirected","Binding"
"UNIPROT","Q15717","UNIPROT","Q01105","undirected","Binding"
"UNIPROT","Q15759","UNIPROT","Q92945","directed","Control(Out: ACTIVATION of BiochemicalReaction)"
"UNIPROT","Q16401","UNIPROT","A5LHX3","undirected","Binding"
"UNIPROT","Q16401","UNIPROT","O14818","undirected","Binding"
"UNIPROT","Q16401","UNIPROT","Q14997","undirected","Binding"
"UNIPROT","Q16401","UNIPROT","Q8TAA3","undirected","Binding"
"UNIPROT","Q16539","UNIPROT","Q92945","directed","Control(Out: ACTIVATION of BiochemicalReaction)"
"UNIPROT","Q5RKV6","UNIPROT","P26651","undirected","Binding"
"UNIPROT","Q5RKV6","UNIPROT","Q06265","undirected","Binding"
"UNIPROT","Q5RKV6","UNIPROT","Q07352","undirected","Binding"
"UNIPROT","Q5RKV6","UNIPROT","Q15024","undirected","Binding"
"UNIPROT","Q5RKV6","UNIPROT","Q8IU60","undirected","Binding"
"UNIPROT","Q5RKV6","UNIPROT","Q8IZH2","undirected","Binding"
"UNIPROT","Q5RKV6","UNIPROT","Q92945","undirected","Binding"
"UNIPROT","Q5RKV6","UNIPROT","Q96B26","undirected","Binding"
"UNIPROT","Q5RKV6","UNIPROT","Q9NPD3","undirected","Binding"
"UNIPROT","Q5RKV6","UNIPROT","Q9NPI6","undirected","Binding"
"UNIPROT","Q5RKV6","UNIPROT","Q9NQT4","undirected","Binding"
"UNIPROT","Q5RKV6","UNIPROT","Q9Y2L1","undirected","Binding"
"UNIPROT","Q8IU60","UNIPROT","P26651","undirected","Binding"
"UNIPROT","Q8IU60","UNIPROT","Q07352","undirected","Binding"
"UNIPROT","Q8IU60","UNIPROT","Q8IZH2","undirected","Binding"
"UNIPROT","Q8IU60","UNIPROT","Q92945","undirected","Binding"
"UNIPROT","Q8IU60","UNIPROT","Q9NPI6","undirected","Binding"
"UNIPROT","Q8IZH2","UNIPROT","P26651","undirected","Binding"
"UNIPROT","Q92530","UNIPROT","A5LHX3","undirected","Binding"
"UNIPROT","Q92530","UNIPROT","O14818","undirected","Binding"
"UNIPROT","Q92530","UNIPROT","P25786","undirected","Binding"
"UNIPROT","Q92530","UNIPROT","P28066","undirected","Binding"
"UNIPROT","Q92530","UNIPROT","Q14997","undirected","Binding"
"UNIPROT","Q92530","UNIPROT","Q16401","undirected","Binding"
"UNIPROT","Q92530","UNIPROT","Q8TAA3","undirected","Binding"
"UNIPROT","Q92530","UNIPROT","Q9UL46","undirected","Binding"
"UNIPROT","Q92973","UNIPROT","P26651","undirected","Binding"
"UNIPROT","Q92973","UNIPROT","Q06265","undirected","Binding"
"UNIPROT","Q92973","UNIPROT","Q13868","undirected","Binding"
"UNIPROT","Q92973","UNIPROT","Q15024","undirected","Binding"
"UNIPROT","Q92973","UNIPROT","Q5RKV6","undirected","Binding"
"UNIPROT","Q92973","UNIPROT","Q8IU60","undirected","Binding"
"UNIPROT","Q92973","UNIPROT","Q8IZH2","undirected","Binding"
"UNIPROT","Q92973","UNIPROT","Q96B26","undirected","Binding"
"UNIPROT","Q92973","UNIPROT","Q9NPD3","undirected","Binding"
"UNIPROT","Q92973","UNIPROT","Q9NPI6","undirected","Binding"
"UNIPROT","Q92973","UNIPROT","Q9NQT4","undirected","Binding"
"UNIPROT","Q92973","UNIPROT","Q9NQT5","undirected","Binding"
"UNIPROT","Q92973","UNIPROT","Q9Y2L1","undirected","Binding"
"UNIPROT","Q92973","UNIPROT","Q9Y3B2","undirected","Binding"
"UNIPROT","Q96B26","UNIPROT","P26651","undirected","Binding"
"UNIPROT","Q96B26","UNIPROT","Q07352","undirected","Binding"
"UNIPROT","Q96B26","UNIPROT","Q8IU60","undirected","Binding"
"UNIPROT","Q96B26","UNIPROT","Q8IZH2","undirected","Binding"
"UNIPROT","Q96B26","UNIPROT","Q92945","undirected","Binding"
"UNIPROT","Q96B26","UNIPROT","Q9NPI6","undirected","Binding"
"UNIPROT","Q96B26","UNIPROT","Q9Y2L1","undirected","Binding"
"UNIPROT","Q99436","UNIPROT","A5LHX3","undirected","Binding"
"UNIPROT","Q99436","UNIPROT","O00231","undirected","Binding"
"UNIPROT","Q99436","UNIPROT","O00233","undirected","Binding"
"UNIPROT","Q99436","UNIPROT","O00487","undirected","Binding"
"UNIPROT","Q99436","UNIPROT","O14818","undirected","Binding"
"UNIPROT","Q99436","UNIPROT","O43242","undirected","Binding"
"UNIPROT","Q99436","UNIPROT","O75832","undirected","Binding"
"UNIPROT","Q99436","UNIPROT","P17980","undirected","Binding"
"UNIPROT","Q99436","UNIPROT","P20618","undirected","Binding"
"UNIPROT","Q99436","UNIPROT","P25786","undirected","Binding"
"UNIPROT","Q99436","UNIPROT","P25788","undirected","Binding"
"UNIPROT","Q99436","UNIPROT","P25789","undirected","Binding"
"UNIPROT","Q99436","UNIPROT","P28062","undirected","Binding"
"UNIPROT","Q99436","UNIPROT","P28065","undirected","Binding"
"UNIPROT","Q99436","UNIPROT","P28066","undirected","Binding"
"UNIPROT","Q99436","UNIPROT","P28072","undirected","Binding"
"UNIPROT","Q99436","UNIPROT","P28074","undirected","Binding"
"UNIPROT","Q99436","UNIPROT","P35998","undirected","Binding"
"UNIPROT","Q99436","UNIPROT","P40306","undirected","Binding"
"UNIPROT","Q99436","UNIPROT","P43686","undirected","Binding"
"UNIPROT","Q99436","UNIPROT","P49720","undirected","Binding"
"UNIPROT","Q99436","UNIPROT","P49721","undirected","Binding"
"UNIPROT","Q99436","UNIPROT","P55036","undirected","Binding"
"UNIPROT","Q99436","UNIPROT","P61289","undirected","Binding"
"UNIPROT","Q99436","UNIPROT","P62191","undirected","Binding"
"UNIPROT","Q99436","UNIPROT","Q06323","undirected","Binding"
"UNIPROT","Q99436","UNIPROT","Q13200","undirected","Binding"
"UNIPROT","Q99436","UNIPROT","Q14997","undirected","Binding"
"UNIPROT","Q99436","UNIPROT","Q15008","undirected","Binding"
"UNIPROT","Q99436","UNIPROT","Q16401","undirected","Binding"
"UNIPROT","Q99436","UNIPROT","Q8TAA3","undirected","Binding"
"UNIPROT","Q99436","UNIPROT","Q92530","undirected","Binding"
"UNIPROT","Q99436","UNIPROT","Q9UL46","undirected","Binding"
"UNIPROT","Q99436","UNIPROT","Q9UNM6","undirected","Binding"
"UNIPROT","Q99460","UNIPROT","A5LHX3","undirected","Binding"
"UNIPROT","Q99460","UNIPROT","O00231","undirected","Binding"
"UNIPROT","Q99460","UNIPROT","O00233","undirected","Binding"
"UNIPROT","Q99460","UNIPROT","O00487","undirected","Binding"
"UNIPROT","Q99460","UNIPROT","O14818","undirected","Binding"
"UNIPROT","Q99460","UNIPROT","O43242","undirected","Binding"
"UNIPROT","Q99460","UNIPROT","O75832","undirected","Binding"
"UNIPROT","Q99460","UNIPROT","P17980","undirected","Binding"
"UNIPROT","Q99460","UNIPROT","P20618","undirected","Binding"
"UNIPROT","Q99460","UNIPROT","P25786","undirected","Binding"
"UNIPROT","Q99460","UNIPROT","P25787","undirected","Binding"
"UNIPROT","Q99460","UNIPROT","P25788","undirected","Binding"
"UNIPROT","Q99460","UNIPROT","P25789","undirected","Binding"
"UNIPROT","Q99460","UNIPROT","P28062","undirected","Binding"
"UNIPROT","Q99460","UNIPROT","P28065","undirected","Binding"
"UNIPROT","Q99460","UNIPROT","P28066","undirected","Binding"
"UNIPROT","Q99460","UNIPROT","P28072","undirected","Binding"
"UNIPROT","Q99460","UNIPROT","P28074","undirected","Binding"
"UNIPROT","Q99460","UNIPROT","P35998","undirected","Binding"
"UNIPROT","Q99460","UNIPROT","P40306","undirected","Binding"
"UNIPROT","Q99460","UNIPROT","P43686","undirected","Binding"
"UNIPROT","Q99460","UNIPROT","P49720","undirected","Binding"
"UNIPROT","Q99460","UNIPROT","P49721","undirected","Binding"
"UNIPROT","Q99460","UNIPROT","P55036","undirected","Binding"
"UNIPROT","Q99460","UNIPROT","P60896","undirected","Binding"
"UNIPROT","Q99460","UNIPROT","P61289","undirected","Binding"
"UNIPROT","Q99460","UNIPROT","P62191","undirected","Binding"
"UNIPROT","Q99460","UNIPROT","P62333","undirected","Binding"
"UNIPROT","Q99460","UNIPROT","Q06323","undirected","Binding"
"UNIPROT","Q99460","UNIPROT","Q13200","undirected","Binding"
"UNIPROT","Q99460","UNIPROT","Q14997","undirected","Binding"
"UNIPROT","Q99460","UNIPROT","Q15008","undirected","Binding"
"UNIPROT","Q99460","UNIPROT","Q16401","undirected","Binding"
"UNIPROT","Q99460","UNIPROT","Q8TAA3","undirected","Binding"
"UNIPROT","Q99460","UNIPROT","Q92530","undirected","Binding"
"UNIPROT","Q99460","UNIPROT","Q99436","undirected","Binding"
"UNIPROT","Q99460","UNIPROT","Q9UL46","undirected","Binding"
"UNIPROT","Q99460","UNIPROT","Q9UNM6","undirected","Binding"
"UNIPROT","Q9NPD3","UNIPROT","P26651","undirected","Binding"
"UNIPROT","Q9NPD3","UNIPROT","Q07352","undirected","Binding"
"UNIPROT","Q9NPD3","UNIPROT","Q15024","undirected","Binding"
"UNIPROT","Q9NPD3","UNIPROT","Q8IU60","undirected","Binding"
"UNIPROT","Q9NPD3","UNIPROT","Q8IZH2","undirected","Binding"
"UNIPROT","Q9NPD3","UNIPROT","Q92945","undirected","Binding"
"UNIPROT","Q9NPD3","UNIPROT","Q96B26","undirected","Binding"
"UNIPROT","Q9NPD3","UNIPROT","Q9NPI6","undirected","Binding"
"UNIPROT","Q9NPD3","UNIPROT","Q9Y2L1","undirected","Binding"
"UNIPROT","Q9NPI6","UNIPROT","P26651","undirected","Binding"
"UNIPROT","Q9NPI6","UNIPROT","Q8IZH2","undirected","Binding"
"UNIPROT","Q9NQT4","UNIPROT","P26651","undirected","Binding"
"UNIPROT","Q9NQT4","UNIPROT","Q06265","undirected","Binding"
"UNIPROT","Q9NQT4","UNIPROT","Q07352","undirected","Binding"
"UNIPROT","Q9NQT4","UNIPROT","Q15024","undirected","Binding"
"UNIPROT","Q9NQT4","UNIPROT","Q8IU60","undirected","Binding"
"UNIPROT","Q9NQT4","UNIPROT","Q8IZH2","undirected","Binding"
"UNIPROT","Q9NQT4","UNIPROT","Q92945","undirected","Binding"
"UNIPROT","Q9NQT4","UNIPROT","Q96B26","undirected","Binding"
"UNIPROT","Q9NQT4","UNIPROT","Q9NPD3","undirected","Binding"
"UNIPROT","Q9NQT4","UNIPROT","Q9NPI6","undirected","Binding"
"UNIPROT","Q9NQT4","UNIPROT","Q9Y2L1","undirected","Binding"
"UNIPROT","Q9NQT5","UNIPROT","P26651","undirected","Binding"
"UNIPROT","Q9NQT5","UNIPROT","Q06265","undirected","Binding"
"UNIPROT","Q9NQT5","UNIPROT","Q07352","undirected","Binding"
"UNIPROT","Q9NQT5","UNIPROT","Q15024","undirected","Binding"
"UNIPROT","Q9NQT5","UNIPROT","Q5RKV6","undirected","Binding"
"UNIPROT","Q9NQT5","UNIPROT","Q8IU60","undirected","Binding"
"UNIPROT","Q9NQT5","UNIPROT","Q8IZH2","undirected","Binding"
"UNIPROT","Q9NQT5","UNIPROT","Q92945","undirected","Binding"
"UNIPROT","Q9NQT5","UNIPROT","Q96B26","undirected","Binding"
"UNIPROT","Q9NQT5","UNIPROT","Q9NPD3","undirected","Binding"
"UNIPROT","Q9NQT5","UNIPROT","Q9NPI6","undirected","Binding"
"UNIPROT","Q9NQT5","UNIPROT","Q9NQT4","undirected","Binding"
"UNIPROT","Q9NQT5","UNIPROT","Q9Y2L1","undirected","Binding"
"UNIPROT","Q9NQT5","UNIPROT","Q9Y3B2","undirected","Binding"
"UNIPROT","Q9UL46","UNIPROT","A5LHX3","undirected","Binding"
"UNIPROT","Q9UL46","UNIPROT","O14818","undirected","Binding"
"UNIPROT","Q9UL46","UNIPROT","Q14997","undirected","Binding"
"UNIPROT","Q9UL46","UNIPROT","Q16401","undirected","Binding"
"UNIPROT","Q9UL46","UNIPROT","Q8TAA3","undirected","Binding"
"UNIPROT","Q9UNM6","UNIPROT","A5LHX3","undirected","Binding"
"UNIPROT","Q9UNM6","UNIPROT","O00231","undirected","Binding"
"UNIPROT","Q9UNM6","UNIPROT","O00487","undirected","Binding"
"UNIPROT","Q9UNM6","UNIPROT","O14818","undirected","Binding"
"UNIPROT","Q9UNM6","UNIPROT","O43242","undirected","Binding"
"UNIPROT","Q9UNM6","UNIPROT","O75832","undirected","Binding"
"UNIPROT","Q9UNM6","UNIPROT","P17980","undirected","Binding"
"UNIPROT","Q9UNM6","UNIPROT","P20618","undirected","Binding"
"UNIPROT","Q9UNM6","UNIPROT","P25786","undirected","Binding"
"UNIPROT","Q9UNM6","UNIPROT","P25788","undirected","Binding"
"UNIPROT","Q9UNM6","UNIPROT","P25789","undirected","Binding"
"UNIPROT","Q9UNM6","UNIPROT","P28062","undirected","Binding"
"UNIPROT","Q9UNM6","UNIPROT","P28065","undirected","Binding"
"UNIPROT","Q9UNM6","UNIPROT","P28066","undirected","Binding"
"UNIPROT","Q9UNM6","UNIPROT","P28072","undirected","Binding"
"UNIPROT","Q9UNM6","UNIPROT","P35998","undirected","Binding"
"UNIPROT","Q9UNM6","UNIPROT","P40306","undirected","Binding"
"UNIPROT","Q9UNM6","UNIPROT","P43686","undirected","Binding"
"UNIPROT","Q9UNM6","UNIPROT","P49720","undirected","Binding"
"UNIPROT","Q9UNM6","UNIPROT","P49721","undirected","Binding"
"UNIPROT","Q9UNM6","UNIPROT","P55036","undirected","Binding"
"UNIPROT","Q9UNM6","UNIPROT","P61289","undirected","Binding"
"UNIPROT","Q9UNM6","UNIPROT","P62191","undirected","Binding"
"UNIPROT","Q9UNM6","UNIPROT","Q06323","undirected","Binding"
"UNIPROT","Q9UNM6","UNIPROT","Q13200","undirected","Binding"
"UNIPROT","Q9UNM6","UNIPROT","Q14997","undirected","Binding"
"UNIPROT","Q9UNM6","UNIPROT","Q16401","undirected","Binding"
"UNIPROT","Q9UNM6","UNIPROT","Q8TAA3","undirected","Binding"
"UNIPROT","Q9UNM6","UNIPROT","Q92530","undirected","Binding"
"UNIPROT","Q9UNM6","UNIPROT","Q9UL46","undirected","Binding"
"UNIPROT","Q9Y2L1","UNIPROT","P26651","undirected","Binding"
"UNIPROT","Q9Y2L1","UNIPROT","Q07352","undirected","Binding"
"UNIPROT","Q9Y2L1","UNIPROT","Q8IU60","undirected","Binding"
"UNIPROT","Q9Y2L1","UNIPROT","Q8IZH2","undirected","Binding"
"UNIPROT","Q9Y2L1","UNIPROT","Q92945","undirected","Binding"
"UNIPROT","Q9Y2L1","UNIPROT","Q9NPI6","undirected","Binding"
"UNIPROT","Q9Y3B2","UNIPROT","P26651","undirected","Binding"
"UNIPROT","Q9Y3B2","UNIPROT","Q06265","undirected","Binding"
"UNIPROT","Q9Y3B2","UNIPROT","Q07352","undirected","Binding"
"UNIPROT","Q9Y3B2","UNIPROT","Q15024","undirected","Binding"
"UNIPROT","Q9Y3B2","UNIPROT","Q5RKV6","undirected","Binding"
"UNIPROT","Q9Y3B2","UNIPROT","Q8IU60","undirected","Binding"
"UNIPROT","Q9Y3B2","UNIPROT","Q8IZH2","undirected","Binding"
"UNIPROT","Q9Y3B2","UNIPROT","Q92945","undirected","Binding"
"UNIPROT","Q9Y3B2","UNIPROT","Q96B26","undirected","Binding"
"UNIPROT","Q9Y3B2","UNIPROT","Q9NPD3","undirected","Binding"
"UNIPROT","Q9Y3B2","UNIPROT","Q9NPI6","undirected","Binding"
"UNIPROT","Q9Y3B2","UNIPROT","Q9NQT4","undirected","Binding"
"UNIPROT","Q9Y3B2","UNIPROT","Q9Y2L1","undirected","Binding"
