"src_type","src","dest_type","dest","direction","type"
"UNIPROT","O14610","UNIPROT","Q00722","undirected","Binding"
"UNIPROT","O14610","UNIPROT","Q01970","undirected","Binding"
"UNIPROT","O14610","UNIPROT","Q9NQ66","undirected","Binding"
"UNIPROT","O14775","UNIPROT","O14610","undirected","Binding"
"UNIPROT","O14775","UNIPROT","O60262","undirected","Binding"
"UNIPROT","O14775","UNIPROT","P50150","undirected","Binding"
"UNIPROT","O14775","UNIPROT","P50151","undirected","Binding"
"UNIPROT","O14775","UNIPROT","P59768","undirected","Binding"
"UNIPROT","O14775","UNIPROT","P61952","undirected","Binding"
"UNIPROT","O14775","UNIPROT","P63211","undirected","Binding"
"UNIPROT","O14775","UNIPROT","P63215","undirected","Binding"
"UNIPROT","O14775","UNIPROT","P63218","undirected","Binding"
"UNIPROT","O14775","UNIPROT","Q00722","undirected","Binding"
"UNIPROT","O14775","UNIPROT","Q01970","undirected","Binding"
"UNIPROT","O14775","UNIPROT","Q13003","undirected","Binding"
"UNIPROT","O14775","UNIPROT","Q9NQ66","undirected","Binding"
"UNIPROT","O14775","UNIPROT","Q9P2W3","undirected","Binding"
"UNIPROT","O14775","UNIPROT","Q9UBI6","undirected","Binding"
"UNIPROT","O14775","UNIPROT","Q9UK08","undirected","Binding"
"UNIPROT","O60262","UNIPROT","Q00722","undirected","Binding"
"UNIPROT","O60262","UNIPROT","Q01970","undirected","Binding"
"UNIPROT","O60262","UNIPROT","Q9NQ66","undirected","Binding"
"UNIPROT","P0DP23","UNIPROT","P61601","undirected","Binding"
"UNIPROT","P0DP23","UNIPROT","P78352","undirected","Binding"
"UNIPROT","P0DP23","UNIPROT","Q12959","undirected","Binding"
"UNIPROT","P0DP23","UNIPROT","Q13002","undirected","Binding"
"UNIPROT","P0DP23","UNIPROT","Q92796","undirected","Binding"
"UNIPROT","P16520","UNIPROT","O14610","undirected","Binding"
"UNIPROT","P16520","UNIPROT","O60262","undirected","Binding"
"UNIPROT","P16520","UNIPROT","P50150","undirected","Binding"
"UNIPROT","P16520","UNIPROT","P50151","undirected","Binding"
"UNIPROT","P16520","UNIPROT","P59768","undirected","Binding"
"UNIPROT","P16520","UNIPROT","P61952","undirected","Binding"
"UNIPROT","P16520","UNIPROT","P63211","undirected","Binding"
"UNIPROT","P16520","UNIPROT","P63215","undirected","Binding"
"UNIPROT","P16520","UNIPROT","P63218","undirected","Binding"
"UNIPROT","P16520","UNIPROT","Q00722","undirected","Binding"
"UNIPROT","P16520","UNIPROT","Q01970","undirected","Binding"
"UNIPROT","P16520","UNIPROT","Q9NQ66","undirected","Binding"
"UNIPROT","P16520","UNIPROT","Q9P2W3","undirected","Binding"
"UNIPROT","P16520","UNIPROT","Q9UBI6","undirected","Binding"
"UNIPROT","P16520","UNIPROT","Q9UK08","undirected","Binding"
"UNIPROT","P39086","UNIPROT","Q16099","undirected","Binding"
"UNIPROT","P39086","UNIPROT","Q16478","undirected","Binding"
"UNIPROT","P50150","UNIPROT","Q00722","undirected","Binding"
"UNIPROT","P50150","UNIPROT","Q01970","undirected","Binding"
"UNIPROT","P50150","UNIPROT","Q9NQ66","undirected","Binding"
"UNIPROT","P50151","UNIPROT","Q00722","undirected","Binding"
"UNIPROT","P50151","UNIPROT","Q01970","undirected","Binding"
"UNIPROT","P50151","UNIPROT","Q9NQ66","undirected","Binding"
"UNIPROT","P59768","UNIPROT","Q00722","undirected","Binding"
"UNIPROT","P59768","UNIPROT","Q01970","undirected","Binding"
"UNIPROT","P59768","UNIPROT","Q9NQ66","undirected","Binding"
"UNIPROT","P61952","UNIPROT","Q00722","undirected","Binding"
"UNIPROT","P61952","UNIPROT","Q01970","undirected","Binding"
"UNIPROT","P61952","UNIPROT","Q9NQ66","undirected","Binding"
"UNIPROT","P62873","UNIPROT","O14610","undirected","Binding"
"UNIPROT","P62873","UNIPROT","O60262","undirected","Binding"
"UNIPROT","P62873","UNIPROT","P50150","undirected","Binding"
"UNIPROT","P62873","UNIPROT","P50151","undirected","Binding"
"UNIPROT","P62873","UNIPROT","P59768","undirected","Binding"
"UNIPROT","P62873","UNIPROT","P61952","undirected","Binding"
"UNIPROT","P62873","UNIPROT","P63211","undirected","Binding"
"UNIPROT","P62873","UNIPROT","P63215","undirected","Binding"
"UNIPROT","P62873","UNIPROT","P63218","undirected","Binding"
"UNIPROT","P62873","UNIPROT","Q00722","undirected","Binding"
"UNIPROT","P62873","UNIPROT","Q01970","undirected","Binding"
"UNIPROT","P62873","UNIPROT","Q9NQ66","undirected","Binding"
"UNIPROT","P62873","UNIPROT","Q9P2W3","undirected","Binding"
"UNIPROT","P62873","UNIPROT","Q9UBI6","undirected","Binding"
"UNIPROT","P62873","UNIPROT","Q9UK08","undirected","Binding"
"UNIPROT","P62879","UNIPROT","O14610","undirected","Binding"
"UNIPROT","P62879","UNIPROT","O60262","undirected","Binding"
"UNIPROT","P62879","UNIPROT","P50150","undirected","Binding"
"UNIPROT","P62879","UNIPROT","P50151","undirected","Binding"
"UNIPROT","P62879","UNIPROT","P59768","undirected","Binding"
"UNIPROT","P62879","UNIPROT","P61952","undirected","Binding"
"UNIPROT","P62879","UNIPROT","P63211","undirected","Binding"
"UNIPROT","P62879","UNIPROT","P63215","undirected","Binding"
"UNIPROT","P62879","UNIPROT","P63218","undirected","Binding"
"UNIPROT","P62879","UNIPROT","Q00722","undirected","Binding"
"UNIPROT","P62879","UNIPROT","Q01970","undirected","Binding"
"UNIPROT","P62879","UNIPROT","Q9NQ66","undirected","Binding"
"UNIPROT","P62879","UNIPROT","Q9P2W3","undirected","Binding"
"UNIPROT","P62879","UNIPROT","Q9UBI6","undirected","Binding"
"UNIPROT","P62879","UNIPROT","Q9UK08","undirected","Binding"
"UNIPROT","P63211","UNIPROT","Q00722","undirected","Binding"
"UNIPROT","P63211","UNIPROT","Q01970","undirected","Binding"
"UNIPROT","P63211","UNIPROT","Q9NQ66","undirected","Binding"
"UNIPROT","P63215","UNIPROT","Q00722","undirected","Binding"
"UNIPROT","P63215","UNIPROT","Q01970","undirected","Binding"
"UNIPROT","P63215","UNIPROT","Q9NQ66","undirected","Binding"
"UNIPROT","P63218","UNIPROT","Q00722","undirected","Binding"
"UNIPROT","P63218","UNIPROT","Q01970","undirected","Binding"
"UNIPROT","P63218","UNIPROT","Q9NQ66","undirected","Binding"
"UNIPROT","P78352","UNIPROT","P39086","undirected","Binding"
"UNIPROT","P78352","UNIPROT","P61601","undirected","Binding"
"UNIPROT","P78352","UNIPROT","Q12959","undirected","Binding"
"UNIPROT","P78352","UNIPROT","Q13002","undirected","Binding"
"UNIPROT","P78352","UNIPROT","Q13003","undirected","Binding"
"UNIPROT","P78352","UNIPROT","Q16099","undirected","Binding"
"UNIPROT","P78352","UNIPROT","Q92796","undirected","Binding"
"UNIPROT","Q12959","UNIPROT","P61601","undirected","Binding"
"UNIPROT","Q12959","UNIPROT","Q13002","undirected","Binding"
"UNIPROT","Q12959","UNIPROT","Q92796","undirected","Binding"
"UNIPROT","Q13002","UNIPROT","P39086","undirected","Binding"
"UNIPROT","Q13002","UNIPROT","P61601","undirected","Binding"
"UNIPROT","Q13002","UNIPROT","Q16099","undirected","Binding"
"UNIPROT","Q13002","UNIPROT","Q16478","undirected","Binding"
"UNIPROT","Q13003","UNIPROT","O14610","directed","Control(Out: ACTIVATION of BiochemicalReaction)"
"UNIPROT","Q13003","UNIPROT","O14610","undirected","Binding"
"UNIPROT","Q13003","UNIPROT","O14775","directed","Control(Out: ACTIVATION of BiochemicalReaction)"
"UNIPROT","Q13003","UNIPROT","O60262","directed","Control(Out: ACTIVATION of BiochemicalReaction)"
"UNIPROT","Q13003","UNIPROT","O60262","undirected","Binding"
"UNIPROT","Q13003","UNIPROT","P16520","directed","Control(Out: ACTIVATION of BiochemicalReaction)"
"UNIPROT","Q13003","UNIPROT","P16520","undirected","Binding"
"UNIPROT","Q13003","UNIPROT","P50150","directed","Control(Out: ACTIVATION of BiochemicalReaction)"
"UNIPROT","Q13003","UNIPROT","P50150","undirected","Binding"
"UNIPROT","Q13003","UNIPROT","P50151","directed","Control(Out: ACTIVATION of BiochemicalReaction)"
"UNIPROT","Q13003","UNIPROT","P50151","undirected","Binding"
"UNIPROT","Q13003","UNIPROT","P59768","directed","Control(Out: ACTIVATION of BiochemicalReaction)"
"UNIPROT","Q13003","UNIPROT","P59768","undirected","Binding"
"UNIPROT","Q13003","UNIPROT","P61952","directed","Control(Out: ACTIVATION of BiochemicalReaction)"
"UNIPROT","Q13003","UNIPROT","P61952","undirected","Binding"
"UNIPROT","Q13003","UNIPROT","P62873","directed","Control(Out: ACTIVATION of BiochemicalReaction)"
"UNIPROT","Q13003","UNIPROT","P62873","undirected","Binding"
"UNIPROT","Q13003","UNIPROT","P62879","directed","Control(Out: ACTIVATION of BiochemicalReaction)"
"UNIPROT","Q13003","UNIPROT","P62879","undirected","Binding"
"UNIPROT","Q13003","UNIPROT","P63211","directed","Control(Out: ACTIVATION of BiochemicalReaction)"
"UNIPROT","Q13003","UNIPROT","P63211","undirected","Binding"
"UNIPROT","Q13003","UNIPROT","P63215","directed","Control(Out: ACTIVATION of BiochemicalReaction)"
"UNIPROT","Q13003","UNIPROT","P63215","undirected","Binding"
"UNIPROT","Q13003","UNIPROT","P63218","directed","Control(Out: ACTIVATION of BiochemicalReaction)"
"UNIPROT","Q13003","UNIPROT","P63218","undirected","Binding"
"UNIPROT","Q13003","UNIPROT","Q00722","directed","Control(Out: ACTIVATION of BiochemicalReaction)"
"UNIPROT","Q13003","UNIPROT","Q00722","undirected","Binding"
"UNIPROT","Q13003","UNIPROT","Q01970","directed","Control(Out: ACTIVATION of BiochemicalReaction)"
"UNIPROT","Q13003","UNIPROT","Q01970","undirected","Binding"
"UNIPROT","Q13003","UNIPROT","Q16099","undirected","Binding"
"UNIPROT","Q13003","UNIPROT","Q16478","undirected","Binding"
"UNIPROT","Q13003","UNIPROT","Q9HAV0","directed","Control(Out: ACTIVATION of BiochemicalReaction)"
"UNIPROT","Q13003","UNIPROT","Q9HAV0","undirected","Binding"
"UNIPROT","Q13003","UNIPROT","Q9NQ66","directed","Control(Out: ACTIVATION of BiochemicalReaction)"
"UNIPROT","Q13003","UNIPROT","Q9NQ66","undirected","Binding"
"UNIPROT","Q13003","UNIPROT","Q9P2W3","directed","Control(Out: ACTIVATION of BiochemicalReaction)"
"UNIPROT","Q13003","UNIPROT","Q9P2W3","undirected","Binding"
"UNIPROT","Q13003","UNIPROT","Q9UBI6","directed","Control(Out: ACTIVATION of BiochemicalReaction)"
"UNIPROT","Q13003","UNIPROT","Q9UBI6","undirected","Binding"
"UNIPROT","Q13003","UNIPROT","Q9UK08","directed","Control(Out: ACTIVATION of BiochemicalReaction)"
"UNIPROT","Q13003","UNIPROT","Q9UK08","undirected","Binding"
"UNIPROT","Q92796","UNIPROT","P39086","undirected","Binding"
"UNIPROT","Q92796","UNIPROT","P61601","undirected","Binding"
"UNIPROT","Q92796","UNIPROT","Q13002","undirected","Binding"
"UNIPROT","Q92796","UNIPROT","Q13003","undirected","Binding"
"UNIPROT","Q92796","UNIPROT","Q16099","undirected","Binding"
"UNIPROT","Q9HAV0","UNIPROT","O14610","undirected","Binding"
"UNIPROT","Q9HAV0","UNIPROT","O60262","undirected","Binding"
"UNIPROT","Q9HAV0","UNIPROT","P50150","undirected","Binding"
"UNIPROT","Q9HAV0","UNIPROT","P50151","undirected","Binding"
"UNIPROT","Q9HAV0","UNIPROT","P59768","undirected","Binding"
"UNIPROT","Q9HAV0","UNIPROT","P61952","undirected","Binding"
"UNIPROT","Q9HAV0","UNIPROT","P63211","undirected","Binding"
"UNIPROT","Q9HAV0","UNIPROT","P63215","undirected","Binding"
"UNIPROT","Q9HAV0","UNIPROT","P63218","undirected","Binding"
"UNIPROT","Q9HAV0","UNIPROT","Q00722","undirected","Binding"
"UNIPROT","Q9HAV0","UNIPROT","Q01970","undirected","Binding"
"UNIPROT","Q9HAV0","UNIPROT","Q9NQ66","undirected","Binding"
"UNIPROT","Q9HAV0","UNIPROT","Q9P2W3","undirected","Binding"
"UNIPROT","Q9HAV0","UNIPROT","Q9UBI6","undirected","Binding"
"UNIPROT","Q9HAV0","UNIPROT","Q9UK08","undirected","Binding"
"UNIPROT","Q9P2W3","UNIPROT","Q00722","undirected","Binding"
"UNIPROT","Q9P2W3","UNIPROT","Q01970","undirected","Binding"
"UNIPROT","Q9P2W3","UNIPROT","Q9NQ66","undirected","Binding"
"UNIPROT","Q9UBI6","UNIPROT","Q00722","undirected","Binding"
"UNIPROT","Q9UBI6","UNIPROT","Q01970","undirected","Binding"
"UNIPROT","Q9UBI6","UNIPROT","Q9NQ66","undirected","Binding"
"UNIPROT","Q9UK08","UNIPROT","Q00722","undirected","Binding"
"UNIPROT","Q9UK08","UNIPROT","Q01970","undirected","Binding"
"UNIPROT","Q9UK08","UNIPROT","Q9NQ66","undirected","Binding"
