"src_type","src","dest_type","dest","direction","type"
"UNIPROT","O14511","UNIPROT","P78536","directed","Control(In: ACTIVATION of BiochemicalReaction)"
"UNIPROT","O14511","UNIPROT","Q15303","undirected","Binding"
"UNIPROT","O14944","UNIPROT","P78536","directed","Control(In: ACTIVATION of BiochemicalReaction)"
"UNIPROT","O14944","UNIPROT","Q15303","undirected","Binding"
"UNIPROT","O75376","UNIPROT","P04271","directed","Control(Out: INHIBITION of BiochemicalReaction)"
"UNIPROT","O75376","UNIPROT","P14136","directed","Control(Out: INHIBITION of BiochemicalReaction)"
"UNIPROT","O75376","UNIPROT","Q15303","undirected","Binding"
"UNIPROT","O75376","UNIPROT","Q9NYJ8","undirected","Binding"
"UNIPROT","P03372","UNIPROT","P06401","directed","Control(Out: ACTIVATION of BiochemicalReaction)"
"UNIPROT","P03372","UNIPROT","P48061","directed","Control(Out: ACTIVATION of BiochemicalReaction)"
"UNIPROT","P03372","UNIPROT","Q15303","directed","Control(Out: ACTIVATION of BiochemicalReaction)"
"UNIPROT","P03372","UNIPROT","Q15303","undirected","Binding"
"UNIPROT","P12931","UNIPROT","Q15303","directed","Control(Out: INHIBITION of BiochemicalReaction)"
"UNIPROT","P12931","UNIPROT","Q15303","undirected","Binding"
"UNIPROT","P35070","UNIPROT","P78536","directed","Control(In: ACTIVATION of BiochemicalReaction)"
"UNIPROT","P35070","UNIPROT","Q15303","undirected","Binding"
"UNIPROT","P42229","UNIPROT","P05814","directed","Control(Out: ACTIVATION of BiochemicalReaction)"
"UNIPROT","P42229","UNIPROT","Q15303","undirected","Binding"
"UNIPROT","P46937","UNIPROT","Q15303","undirected","Binding"
"UNIPROT","P49768","UNIPROT","Q15303","directed","Control(Out: ACTIVATION of BiochemicalReaction)"
"UNIPROT","P49768","UNIPROT","Q9NZ42","undirected","Binding"
"UNIPROT","P49810","UNIPROT","Q15303","directed","Control(Out: ACTIVATION of BiochemicalReaction)"
"UNIPROT","P49810","UNIPROT","Q9NZ42","undirected","Binding"
"UNIPROT","P56975","UNIPROT","P78536","directed","Control(In: ACTIVATION of BiochemicalReaction)"
"UNIPROT","P56975","UNIPROT","Q15303","undirected","Binding"
"UNIPROT","P78536","UNIPROT","O14511","directed","Control(Out: ACTIVATION of BiochemicalReaction)"
"UNIPROT","P78536","UNIPROT","O14944","directed","Control(Out: ACTIVATION of BiochemicalReaction)"
"UNIPROT","P78536","UNIPROT","P35070","directed","Control(Out: ACTIVATION of BiochemicalReaction)"
"UNIPROT","P78536","UNIPROT","P56975","directed","Control(Out: ACTIVATION of BiochemicalReaction)"
"UNIPROT","P78536","UNIPROT","Q02297","directed","Control(Out: ACTIVATION of BiochemicalReaction)"
"UNIPROT","P78536","UNIPROT","Q15303","directed","Control(Out: ACTIVATION of BiochemicalReaction)"
"UNIPROT","P78536","UNIPROT","Q15303","directed","Control(Out: ACTIVATION of BiochemicalReaction)"
"UNIPROT","P78536","UNIPROT","Q8WWG1","directed","Control(Out: ACTIVATION of BiochemicalReaction)"
"UNIPROT","P78536","UNIPROT","Q99075","directed","Control(Out: ACTIVATION of BiochemicalReaction)"
"UNIPROT","Q02297","UNIPROT","P78536","directed","Control(In: ACTIVATION of BiochemicalReaction)"
"UNIPROT","Q02297","UNIPROT","Q15303","undirected","Binding"
"UNIPROT","Q15303","UNIPROT","O75689","directed","Control(Out: INHIBITION of BiochemicalReaction)"
"UNIPROT","Q15303","UNIPROT","P02649","directed","Control(Out: ACTIVATION of BiochemicalReaction)"
"UNIPROT","Q15303","UNIPROT","P04271","directed","Control(Out: INHIBITION of BiochemicalReaction)"
"UNIPROT","Q15303","UNIPROT","P05814","directed","Control(Out: ACTIVATION of BiochemicalReaction)"
"UNIPROT","Q15303","UNIPROT","P06401","directed","Control(Out: ACTIVATION of BiochemicalReaction)"
"UNIPROT","Q15303","UNIPROT","P09486","directed","Control(Out: ACTIVATION of BiochemicalReaction)"
"UNIPROT","Q15303","UNIPROT","P12931","directed","Control(In: INHIBITION of BiochemicalReaction)"
"UNIPROT","Q15303","UNIPROT","P14136","directed","Control(Out: INHIBITION of BiochemicalReaction)"
"UNIPROT","Q15303","UNIPROT","P16949","directed","Control(Out: ACTIVATION of BiochemicalReaction)"
"UNIPROT","Q15303","UNIPROT","P48061","directed","Control(Out: ACTIVATION of BiochemicalReaction)"
"UNIPROT","Q15303","UNIPROT","P49768","directed","Control(In: ACTIVATION of BiochemicalReaction)"
"UNIPROT","Q15303","UNIPROT","P49810","directed","Control(In: ACTIVATION of BiochemicalReaction)"
"UNIPROT","Q15303","UNIPROT","Q14582","directed","Control(Out: ACTIVATION of BiochemicalReaction)"
"UNIPROT","Q15303","UNIPROT","Q8WW43","directed","Control(In: ACTIVATION of BiochemicalReaction)"
"UNIPROT","Q15303","UNIPROT","Q92542","directed","Control(In: ACTIVATION of BiochemicalReaction)"
"UNIPROT","Q15303","UNIPROT","Q96BI3","directed","Control(In: ACTIVATION of BiochemicalReaction)"
"UNIPROT","Q15303","UNIPROT","Q9NZ42","directed","Control(In: ACTIVATION of BiochemicalReaction)"
"UNIPROT","Q8WW43","UNIPROT","P49768","undirected","Binding"
"UNIPROT","Q8WW43","UNIPROT","P49810","undirected","Binding"
"UNIPROT","Q8WW43","UNIPROT","Q15303","directed","Control(Out: ACTIVATION of BiochemicalReaction)"
"UNIPROT","Q8WW43","UNIPROT","Q9NZ42","undirected","Binding"
"UNIPROT","Q8WWG1","UNIPROT","P78536","directed","Control(In: ACTIVATION of BiochemicalReaction)"
"UNIPROT","Q8WWG1","UNIPROT","Q15303","undirected","Binding"
"UNIPROT","Q92542","UNIPROT","P49768","undirected","Binding"
"UNIPROT","Q92542","UNIPROT","P49810","undirected","Binding"
"UNIPROT","Q92542","UNIPROT","Q15303","directed","Control(Out: ACTIVATION of BiochemicalReaction)"
"UNIPROT","Q92542","UNIPROT","Q8WW43","undirected","Binding"
"UNIPROT","Q92542","UNIPROT","Q96BI3","undirected","Binding"
"UNIPROT","Q92542","UNIPROT","Q9NZ42","undirected","Binding"
"UNIPROT","Q96BI3","UNIPROT","P49768","undirected","Binding"
"UNIPROT","Q96BI3","UNIPROT","P49810","undirected","Binding"
"UNIPROT","Q96BI3","UNIPROT","Q15303","directed","Control(Out: ACTIVATION of BiochemicalReaction)"
"UNIPROT","Q96BI3","UNIPROT","Q9NZ42","undirected","Binding"
"UNIPROT","Q99075","UNIPROT","P78536","directed","Control(In: ACTIVATION of BiochemicalReaction)"
"UNIPROT","Q99075","UNIPROT","Q15303","undirected","Binding"
"UNIPROT","Q9NYJ8","UNIPROT","P04271","directed","Control(Out: INHIBITION of BiochemicalReaction)"
"UNIPROT","Q9NYJ8","UNIPROT","P14136","directed","Control(Out: INHIBITION of BiochemicalReaction)"
"UNIPROT","Q9NYJ8","UNIPROT","Q15303","undirected","Binding"
"UNIPROT","Q9NZ42","UNIPROT","Q15303","directed","Control(Out: ACTIVATION of BiochemicalReaction)"
"UNIPROT","Q9NZC7","UNIPROT","Q15303","undirected","Binding"
