"src_type","src","dest_type","dest","direction","type"
"UNIPROT","O00182","UNIPROT","Q8TDQ0","undirected","Binding"
"UNIPROT","O00459","UNIPROT","O00329","undirected","Binding"
"UNIPROT","O00459","UNIPROT","O60674","undirected","Binding"
"UNIPROT","O00459","UNIPROT","P01589","undirected","Binding"
"UNIPROT","O00459","UNIPROT","P04141","undirected","Binding"
"UNIPROT","O00459","UNIPROT","P05113","undirected","Binding"
"UNIPROT","O00459","UNIPROT","P08700","undirected","Binding"
"UNIPROT","O00459","UNIPROT","P14784","undirected","Binding"
"UNIPROT","O00459","UNIPROT","P15509","undirected","Binding"
"UNIPROT","O00459","UNIPROT","P23458","undirected","Binding"
"UNIPROT","O00459","UNIPROT","P26951","undirected","Binding"
"UNIPROT","O00459","UNIPROT","P31785","undirected","Binding"
"UNIPROT","O00459","UNIPROT","P32927","undirected","Binding"
"UNIPROT","O00459","UNIPROT","P52333","undirected","Binding"
"UNIPROT","O00459","UNIPROT","P60568","undirected","Binding"
"UNIPROT","O00459","UNIPROT","Q01344","undirected","Binding"
"UNIPROT","O00459","UNIPROT","Q9UQC2","undirected","Binding"
"UNIPROT","O60674","UNIPROT","O00329","undirected","Binding"
"UNIPROT","O60674","UNIPROT","O15357","undirected","Binding"
"UNIPROT","O60674","UNIPROT","P04141","undirected","Binding"
"UNIPROT","O60674","UNIPROT","P05113","undirected","Binding"
"UNIPROT","O60674","UNIPROT","P08700","undirected","Binding"
"UNIPROT","O60674","UNIPROT","P15509","undirected","Binding"
"UNIPROT","O60674","UNIPROT","P26951","undirected","Binding"
"UNIPROT","O60674","UNIPROT","P32927","undirected","Binding"
"UNIPROT","O60674","UNIPROT","Q01344","undirected","Binding"
"UNIPROT","O60674","UNIPROT","Q92835","undirected","Binding"
"UNIPROT","P01589","UNIPROT","O00329","undirected","Binding"
"UNIPROT","P01589","UNIPROT","O15357","undirected","Binding"
"UNIPROT","P01589","UNIPROT","P23458","undirected","Binding"
"UNIPROT","P01589","UNIPROT","P60568","undirected","Binding"
"UNIPROT","P01589","UNIPROT","Q92835","undirected","Binding"
"UNIPROT","P04141","UNIPROT","O00329","undirected","Binding"
"UNIPROT","P04141","UNIPROT","O15357","undirected","Binding"
"UNIPROT","P04141","UNIPROT","Q92835","undirected","Binding"
"UNIPROT","P05113","UNIPROT","O00329","undirected","Binding"
"UNIPROT","P05113","UNIPROT","O15357","undirected","Binding"
"UNIPROT","P05113","UNIPROT","Q92835","undirected","Binding"
"UNIPROT","P06239","UNIPROT","P01589","directed","Control(Out: ACTIVATION of BiochemicalReaction)"
"UNIPROT","P06239","UNIPROT","P14784","directed","Control(Out: ACTIVATION of BiochemicalReaction)"
"UNIPROT","P06239","UNIPROT","P23458","directed","Control(Out: ACTIVATION of BiochemicalReaction)"
"UNIPROT","P06239","UNIPROT","P29353","directed","Control(Out: ACTIVATION of BiochemicalReaction)"
"UNIPROT","P06239","UNIPROT","P31785","directed","Control(Out: ACTIVATION of BiochemicalReaction)"
"UNIPROT","P06239","UNIPROT","P52333","directed","Control(Out: ACTIVATION of BiochemicalReaction)"
"UNIPROT","P06239","UNIPROT","P60568","directed","Control(Out: ACTIVATION of BiochemicalReaction)"
"UNIPROT","P08700","UNIPROT","O00329","undirected","Binding"
"UNIPROT","P08700","UNIPROT","O15357","undirected","Binding"
"UNIPROT","P08700","UNIPROT","P26951","undirected","Binding"
"UNIPROT","P08700","UNIPROT","P32927","undirected","Binding"
"UNIPROT","P08700","UNIPROT","Q92835","undirected","Binding"
"UNIPROT","P14784","UNIPROT","O00329","undirected","Binding"
"UNIPROT","P14784","UNIPROT","O15357","undirected","Binding"
"UNIPROT","P14784","UNIPROT","P01589","undirected","Binding"
"UNIPROT","P14784","UNIPROT","P23458","undirected","Binding"
"UNIPROT","P14784","UNIPROT","P60568","undirected","Binding"
"UNIPROT","P14784","UNIPROT","Q92835","undirected","Binding"
"UNIPROT","P15248","UNIPROT","P23458","undirected","Binding"
"UNIPROT","P15248","UNIPROT","P31785","undirected","Binding"
"UNIPROT","P15248","UNIPROT","P40763","undirected","Binding"
"UNIPROT","P15248","UNIPROT","P42224","undirected","Binding"
"UNIPROT","P15248","UNIPROT","P42229","undirected","Binding"
"UNIPROT","P15248","UNIPROT","P51692","undirected","Binding"
"UNIPROT","P15248","UNIPROT","P52333","undirected","Binding"
"UNIPROT","P15509","UNIPROT","O00329","undirected","Binding"
"UNIPROT","P15509","UNIPROT","O15357","undirected","Binding"
"UNIPROT","P15509","UNIPROT","P04141","undirected","Binding"
"UNIPROT","P15509","UNIPROT","Q92835","undirected","Binding"
"UNIPROT","P23458","UNIPROT","O00329","undirected","Binding"
"UNIPROT","P23458","UNIPROT","O15357","undirected","Binding"
"UNIPROT","P23458","UNIPROT","P01589","directed","Control(Out: ACTIVATION of BiochemicalReaction)"
"UNIPROT","P23458","UNIPROT","P14784","directed","Control(Out: ACTIVATION of BiochemicalReaction)"
"UNIPROT","P23458","UNIPROT","P29353","directed","Control(Out: ACTIVATION of BiochemicalReaction)"
"UNIPROT","P23458","UNIPROT","P31785","directed","Control(Out: ACTIVATION of BiochemicalReaction)"
"UNIPROT","P23458","UNIPROT","P52333","directed","Control(Out: ACTIVATION of BiochemicalReaction)"
"UNIPROT","P23458","UNIPROT","P60568","directed","Control(Out: ACTIVATION of BiochemicalReaction)"
"UNIPROT","P23458","UNIPROT","Q92835","undirected","Binding"
"UNIPROT","P26951","UNIPROT","O00329","undirected","Binding"
"UNIPROT","P26951","UNIPROT","O15357","undirected","Binding"
"UNIPROT","P26951","UNIPROT","P32927","undirected","Binding"
"UNIPROT","P26951","UNIPROT","Q92835","undirected","Binding"
"UNIPROT","P27986","UNIPROT","O00329","undirected","Binding"
"UNIPROT","P27986","UNIPROT","O60674","undirected","Binding"
"UNIPROT","P27986","UNIPROT","P01589","undirected","Binding"
"UNIPROT","P27986","UNIPROT","P04141","undirected","Binding"
"UNIPROT","P27986","UNIPROT","P05113","undirected","Binding"
"UNIPROT","P27986","UNIPROT","P08700","undirected","Binding"
"UNIPROT","P27986","UNIPROT","P14784","undirected","Binding"
"UNIPROT","P27986","UNIPROT","P15509","undirected","Binding"
"UNIPROT","P27986","UNIPROT","P23458","undirected","Binding"
"UNIPROT","P27986","UNIPROT","P26951","undirected","Binding"
"UNIPROT","P27986","UNIPROT","P31785","undirected","Binding"
"UNIPROT","P27986","UNIPROT","P32927","undirected","Binding"
"UNIPROT","P27986","UNIPROT","P42338","undirected","Binding"
"UNIPROT","P27986","UNIPROT","P52333","undirected","Binding"
"UNIPROT","P27986","UNIPROT","P60568","undirected","Binding"
"UNIPROT","P27986","UNIPROT","Q01344","undirected","Binding"
"UNIPROT","P27986","UNIPROT","Q9UQC2","undirected","Binding"
"UNIPROT","P29350","UNIPROT","O60674","undirected","Binding"
"UNIPROT","P29350","UNIPROT","P01589","undirected","Binding"
"UNIPROT","P29350","UNIPROT","P04141","undirected","Binding"
"UNIPROT","P29350","UNIPROT","P05113","undirected","Binding"
"UNIPROT","P29350","UNIPROT","P08700","undirected","Binding"
"UNIPROT","P29350","UNIPROT","P14784","undirected","Binding"
"UNIPROT","P29350","UNIPROT","P15509","undirected","Binding"
"UNIPROT","P29350","UNIPROT","P23458","undirected","Binding"
"UNIPROT","P29350","UNIPROT","P26951","undirected","Binding"
"UNIPROT","P29350","UNIPROT","P31785","undirected","Binding"
"UNIPROT","P29350","UNIPROT","P32927","undirected","Binding"
"UNIPROT","P29350","UNIPROT","P52333","undirected","Binding"
"UNIPROT","P29350","UNIPROT","P60568","undirected","Binding"
"UNIPROT","P29350","UNIPROT","Q01344","undirected","Binding"
"UNIPROT","P29353","UNIPROT","O00329","undirected","Binding"
"UNIPROT","P29353","UNIPROT","O00459","undirected","Binding"
"UNIPROT","P29353","UNIPROT","O15357","undirected","Binding"
"UNIPROT","P29353","UNIPROT","O60674","undirected","Binding"
"UNIPROT","P29353","UNIPROT","P01589","undirected","Binding"
"UNIPROT","P29353","UNIPROT","P04141","undirected","Binding"
"UNIPROT","P29353","UNIPROT","P05113","undirected","Binding"
"UNIPROT","P29353","UNIPROT","P08700","undirected","Binding"
"UNIPROT","P29353","UNIPROT","P14784","undirected","Binding"
"UNIPROT","P29353","UNIPROT","P15509","undirected","Binding"
"UNIPROT","P29353","UNIPROT","P23458","undirected","Binding"
"UNIPROT","P29353","UNIPROT","P26951","undirected","Binding"
"UNIPROT","P29353","UNIPROT","P27986","undirected","Binding"
"UNIPROT","P29353","UNIPROT","P29350","undirected","Binding"
"UNIPROT","P29353","UNIPROT","P31785","undirected","Binding"
"UNIPROT","P29353","UNIPROT","P32927","undirected","Binding"
"UNIPROT","P29353","UNIPROT","P40933","undirected","Binding"
"UNIPROT","P29353","UNIPROT","P42336","undirected","Binding"
"UNIPROT","P29353","UNIPROT","P42338","undirected","Binding"
"UNIPROT","P29353","UNIPROT","P52333","undirected","Binding"
"UNIPROT","P29353","UNIPROT","P60568","undirected","Binding"
"UNIPROT","P29353","UNIPROT","Q01344","undirected","Binding"
"UNIPROT","P29353","UNIPROT","Q07890","undirected","Binding"
"UNIPROT","P29353","UNIPROT","Q13261","undirected","Binding"
"UNIPROT","P29353","UNIPROT","Q92569","undirected","Binding"
"UNIPROT","P29353","UNIPROT","Q92835","undirected","Binding"
"UNIPROT","P29353","UNIPROT","Q9UQC2","undirected","Binding"
"UNIPROT","P31785","UNIPROT","O00329","undirected","Binding"
"UNIPROT","P31785","UNIPROT","O15357","undirected","Binding"
"UNIPROT","P31785","UNIPROT","P01589","undirected","Binding"
"UNIPROT","P31785","UNIPROT","P14784","undirected","Binding"
"UNIPROT","P31785","UNIPROT","P23458","undirected","Binding"
"UNIPROT","P31785","UNIPROT","P43405","undirected","Binding"
"UNIPROT","P31785","UNIPROT","P60568","undirected","Binding"
"UNIPROT","P31785","UNIPROT","Q07890","undirected","Binding"
"UNIPROT","P31785","UNIPROT","Q92835","undirected","Binding"
"UNIPROT","P32927","UNIPROT","O00329","undirected","Binding"
"UNIPROT","P32927","UNIPROT","O15357","undirected","Binding"
"UNIPROT","P32927","UNIPROT","P04141","undirected","Binding"
"UNIPROT","P32927","UNIPROT","P05113","undirected","Binding"
"UNIPROT","P32927","UNIPROT","P15509","undirected","Binding"
"UNIPROT","P32927","UNIPROT","Q01344","undirected","Binding"
"UNIPROT","P32927","UNIPROT","Q92835","undirected","Binding"
"UNIPROT","P40763","UNIPROT","P14784","undirected","Binding"
"UNIPROT","P40763","UNIPROT","P23458","undirected","Binding"
"UNIPROT","P40763","UNIPROT","P31785","undirected","Binding"
"UNIPROT","P40763","UNIPROT","P42224","undirected","Binding"
"UNIPROT","P40763","UNIPROT","P42229","undirected","Binding"
"UNIPROT","P40763","UNIPROT","P51692","undirected","Binding"
"UNIPROT","P40763","UNIPROT","P52333","undirected","Binding"
"UNIPROT","P40933","UNIPROT","P14784","undirected","Binding"
"UNIPROT","P40933","UNIPROT","P23458","undirected","Binding"
"UNIPROT","P40933","UNIPROT","P31785","undirected","Binding"
"UNIPROT","P40933","UNIPROT","P40763","undirected","Binding"
"UNIPROT","P40933","UNIPROT","P42229","undirected","Binding"
"UNIPROT","P40933","UNIPROT","P51692","undirected","Binding"
"UNIPROT","P40933","UNIPROT","P52333","undirected","Binding"
"UNIPROT","P40933","UNIPROT","Q07890","undirected","Binding"
"UNIPROT","P40933","UNIPROT","Q9UQC2","undirected","Binding"
"UNIPROT","P42224","UNIPROT","P23458","undirected","Binding"
"UNIPROT","P42224","UNIPROT","P31785","undirected","Binding"
"UNIPROT","P42224","UNIPROT","P52333","undirected","Binding"
"UNIPROT","P42229","UNIPROT","P01589","undirected","Binding"
"UNIPROT","P42229","UNIPROT","P14784","undirected","Binding"
"UNIPROT","P42229","UNIPROT","P23458","undirected","Binding"
"UNIPROT","P42229","UNIPROT","P31785","undirected","Binding"
"UNIPROT","P42229","UNIPROT","P52333","undirected","Binding"
"UNIPROT","P42229","UNIPROT","P60568","undirected","Binding"
"UNIPROT","P42336","UNIPROT","O00459","undirected","Binding"
"UNIPROT","P42336","UNIPROT","O60674","undirected","Binding"
"UNIPROT","P42336","UNIPROT","P01589","undirected","Binding"
"UNIPROT","P42336","UNIPROT","P04141","undirected","Binding"
"UNIPROT","P42336","UNIPROT","P05113","undirected","Binding"
"UNIPROT","P42336","UNIPROT","P08700","undirected","Binding"
"UNIPROT","P42336","UNIPROT","P14784","undirected","Binding"
"UNIPROT","P42336","UNIPROT","P15509","undirected","Binding"
"UNIPROT","P42336","UNIPROT","P23458","undirected","Binding"
"UNIPROT","P42336","UNIPROT","P26951","undirected","Binding"
"UNIPROT","P42336","UNIPROT","P27986","undirected","Binding"
"UNIPROT","P42336","UNIPROT","P31785","undirected","Binding"
"UNIPROT","P42336","UNIPROT","P32927","undirected","Binding"
"UNIPROT","P42336","UNIPROT","P52333","undirected","Binding"
"UNIPROT","P42336","UNIPROT","P60568","undirected","Binding"
"UNIPROT","P42336","UNIPROT","Q01344","undirected","Binding"
"UNIPROT","P42336","UNIPROT","Q92569","undirected","Binding"
"UNIPROT","P42336","UNIPROT","Q9UQC2","undirected","Binding"
"UNIPROT","P42338","UNIPROT","O00459","undirected","Binding"
"UNIPROT","P42338","UNIPROT","O60674","undirected","Binding"
"UNIPROT","P42338","UNIPROT","P01589","undirected","Binding"
"UNIPROT","P42338","UNIPROT","P04141","undirected","Binding"
"UNIPROT","P42338","UNIPROT","P05113","undirected","Binding"
"UNIPROT","P42338","UNIPROT","P08700","undirected","Binding"
"UNIPROT","P42338","UNIPROT","P14784","undirected","Binding"
"UNIPROT","P42338","UNIPROT","P15509","undirected","Binding"
"UNIPROT","P42338","UNIPROT","P23458","undirected","Binding"
"UNIPROT","P42338","UNIPROT","P26951","undirected","Binding"
"UNIPROT","P42338","UNIPROT","P31785","undirected","Binding"
"UNIPROT","P42338","UNIPROT","P32927","undirected","Binding"
"UNIPROT","P42338","UNIPROT","P52333","undirected","Binding"
"UNIPROT","P42338","UNIPROT","P60568","undirected","Binding"
"UNIPROT","P42338","UNIPROT","Q01344","undirected","Binding"
"UNIPROT","P42338","UNIPROT","Q92569","undirected","Binding"
"UNIPROT","P42338","UNIPROT","Q9UQC2","undirected","Binding"
"UNIPROT","P43405","UNIPROT","P01589","undirected","Binding"
"UNIPROT","P43405","UNIPROT","P14784","undirected","Binding"
"UNIPROT","P43405","UNIPROT","P23458","undirected","Binding"
"UNIPROT","P43405","UNIPROT","P60568","undirected","Binding"
"UNIPROT","P51692","UNIPROT","P01589","undirected","Binding"
"UNIPROT","P51692","UNIPROT","P14784","undirected","Binding"
"UNIPROT","P51692","UNIPROT","P23458","undirected","Binding"
"UNIPROT","P51692","UNIPROT","P31785","undirected","Binding"
"UNIPROT","P51692","UNIPROT","P52333","undirected","Binding"
"UNIPROT","P51692","UNIPROT","P60568","undirected","Binding"
"UNIPROT","P52333","UNIPROT","O00329","undirected","Binding"
"UNIPROT","P52333","UNIPROT","O15357","undirected","Binding"
"UNIPROT","P52333","UNIPROT","P01589","undirected","Binding"
"UNIPROT","P52333","UNIPROT","P14784","undirected","Binding"
"UNIPROT","P52333","UNIPROT","P23458","undirected","Binding"
"UNIPROT","P52333","UNIPROT","P31785","directed","Control(Out: INHIBITION of BiochemicalReaction)"
"UNIPROT","P52333","UNIPROT","P31785","undirected","Binding"
"UNIPROT","P52333","UNIPROT","P43405","undirected","Binding"
"UNIPROT","P52333","UNIPROT","P60568","undirected","Binding"
"UNIPROT","P52333","UNIPROT","Q07890","undirected","Binding"
"UNIPROT","P52333","UNIPROT","Q92835","undirected","Binding"
"UNIPROT","P60568","UNIPROT","O00329","undirected","Binding"
"UNIPROT","P60568","UNIPROT","O15357","undirected","Binding"
"UNIPROT","P60568","UNIPROT","P23458","undirected","Binding"
"UNIPROT","P60568","UNIPROT","Q92835","undirected","Binding"
"UNIPROT","P62993","UNIPROT","O00329","undirected","Binding"
"UNIPROT","P62993","UNIPROT","O00459","undirected","Binding"
"UNIPROT","P62993","UNIPROT","O60674","undirected","Binding"
"UNIPROT","P62993","UNIPROT","P01589","undirected","Binding"
"UNIPROT","P62993","UNIPROT","P04141","undirected","Binding"
"UNIPROT","P62993","UNIPROT","P05113","undirected","Binding"
"UNIPROT","P62993","UNIPROT","P08700","undirected","Binding"
"UNIPROT","P62993","UNIPROT","P14784","undirected","Binding"
"UNIPROT","P62993","UNIPROT","P15509","undirected","Binding"
"UNIPROT","P62993","UNIPROT","P23458","undirected","Binding"
"UNIPROT","P62993","UNIPROT","P26951","undirected","Binding"
"UNIPROT","P62993","UNIPROT","P27986","undirected","Binding"
"UNIPROT","P62993","UNIPROT","P29350","undirected","Binding"
"UNIPROT","P62993","UNIPROT","P29353","undirected","Binding"
"UNIPROT","P62993","UNIPROT","P31785","undirected","Binding"
"UNIPROT","P62993","UNIPROT","P32927","undirected","Binding"
"UNIPROT","P62993","UNIPROT","P40933","undirected","Binding"
"UNIPROT","P62993","UNIPROT","P42336","undirected","Binding"
"UNIPROT","P62993","UNIPROT","P42338","undirected","Binding"
"UNIPROT","P62993","UNIPROT","P52333","undirected","Binding"
"UNIPROT","P62993","UNIPROT","P60568","undirected","Binding"
"UNIPROT","P62993","UNIPROT","Q01344","undirected","Binding"
"UNIPROT","P62993","UNIPROT","Q07889","undirected","Binding"
"UNIPROT","P62993","UNIPROT","Q07890","undirected","Binding"
"UNIPROT","P62993","UNIPROT","Q13261","undirected","Binding"
"UNIPROT","P62993","UNIPROT","Q92569","undirected","Binding"
"UNIPROT","P62993","UNIPROT","Q9UQC2","undirected","Binding"
"UNIPROT","Q01113","UNIPROT","P15248","undirected","Binding"
"UNIPROT","Q01113","UNIPROT","P23458","undirected","Binding"
"UNIPROT","Q01113","UNIPROT","P31785","undirected","Binding"
"UNIPROT","Q01113","UNIPROT","P40763","undirected","Binding"
"UNIPROT","Q01113","UNIPROT","P42224","undirected","Binding"
"UNIPROT","Q01113","UNIPROT","P42229","undirected","Binding"
"UNIPROT","Q01113","UNIPROT","P51692","undirected","Binding"
"UNIPROT","Q01113","UNIPROT","P52333","undirected","Binding"
"UNIPROT","Q01344","UNIPROT","O00329","undirected","Binding"
"UNIPROT","Q01344","UNIPROT","O15357","undirected","Binding"
"UNIPROT","Q01344","UNIPROT","P05113","undirected","Binding"
"UNIPROT","Q01344","UNIPROT","Q92835","undirected","Binding"
"UNIPROT","Q07889","UNIPROT","O60674","undirected","Binding"
"UNIPROT","Q07889","UNIPROT","P01589","undirected","Binding"
"UNIPROT","Q07889","UNIPROT","P04141","undirected","Binding"
"UNIPROT","Q07889","UNIPROT","P05113","undirected","Binding"
"UNIPROT","Q07889","UNIPROT","P08700","undirected","Binding"
"UNIPROT","Q07889","UNIPROT","P14784","undirected","Binding"
"UNIPROT","Q07889","UNIPROT","P15509","undirected","Binding"
"UNIPROT","Q07889","UNIPROT","P23458","undirected","Binding"
"UNIPROT","Q07889","UNIPROT","P26951","undirected","Binding"
"UNIPROT","Q07889","UNIPROT","P29353","undirected","Binding"
"UNIPROT","Q07889","UNIPROT","P31785","undirected","Binding"
"UNIPROT","Q07889","UNIPROT","P32927","undirected","Binding"
"UNIPROT","Q07889","UNIPROT","P40933","undirected","Binding"
"UNIPROT","Q07889","UNIPROT","P52333","undirected","Binding"
"UNIPROT","Q07889","UNIPROT","P60568","undirected","Binding"
"UNIPROT","Q07889","UNIPROT","Q01344","undirected","Binding"
"UNIPROT","Q07889","UNIPROT","Q13261","undirected","Binding"
"UNIPROT","Q07890","UNIPROT","P14784","undirected","Binding"
"UNIPROT","Q07890","UNIPROT","P23458","undirected","Binding"
"UNIPROT","Q13261","UNIPROT","P14784","undirected","Binding"
"UNIPROT","Q13261","UNIPROT","P23458","undirected","Binding"
"UNIPROT","Q13261","UNIPROT","P31785","undirected","Binding"
"UNIPROT","Q13261","UNIPROT","P40763","undirected","Binding"
"UNIPROT","Q13261","UNIPROT","P40933","undirected","Binding"
"UNIPROT","Q13261","UNIPROT","P42229","undirected","Binding"
"UNIPROT","Q13261","UNIPROT","P51692","undirected","Binding"
"UNIPROT","Q13261","UNIPROT","P52333","undirected","Binding"
"UNIPROT","Q13261","UNIPROT","Q07890","undirected","Binding"
"UNIPROT","Q13261","UNIPROT","Q9UQC2","undirected","Binding"
"UNIPROT","Q14289","UNIPROT","P52333","undirected","Binding"
"UNIPROT","Q14765","UNIPROT","P23458","undirected","Binding"
"UNIPROT","Q14765","UNIPROT","P31785","undirected","Binding"
"UNIPROT","Q14765","UNIPROT","P52333","undirected","Binding"
"UNIPROT","Q92569","UNIPROT","O00329","undirected","Binding"
"UNIPROT","Q92569","UNIPROT","O60674","undirected","Binding"
"UNIPROT","Q92569","UNIPROT","P01589","undirected","Binding"
"UNIPROT","Q92569","UNIPROT","P04141","undirected","Binding"
"UNIPROT","Q92569","UNIPROT","P05113","undirected","Binding"
"UNIPROT","Q92569","UNIPROT","P08700","undirected","Binding"
"UNIPROT","Q92569","UNIPROT","P14784","undirected","Binding"
"UNIPROT","Q92569","UNIPROT","P15509","undirected","Binding"
"UNIPROT","Q92569","UNIPROT","P23458","undirected","Binding"
"UNIPROT","Q92569","UNIPROT","P26951","undirected","Binding"
"UNIPROT","Q92569","UNIPROT","P31785","undirected","Binding"
"UNIPROT","Q92569","UNIPROT","P32927","undirected","Binding"
"UNIPROT","Q92569","UNIPROT","P52333","undirected","Binding"
"UNIPROT","Q92569","UNIPROT","P60568","undirected","Binding"
"UNIPROT","Q92569","UNIPROT","Q01344","undirected","Binding"
"UNIPROT","Q9HBE4","UNIPROT","P23458","undirected","Binding"
"UNIPROT","Q9HBE4","UNIPROT","P31785","undirected","Binding"
"UNIPROT","Q9HBE4","UNIPROT","P40763","undirected","Binding"
"UNIPROT","Q9HBE4","UNIPROT","P42224","undirected","Binding"
"UNIPROT","Q9HBE4","UNIPROT","P42229","undirected","Binding"
"UNIPROT","Q9HBE4","UNIPROT","P51692","undirected","Binding"
"UNIPROT","Q9HBE4","UNIPROT","P52333","undirected","Binding"
"UNIPROT","Q9HBE4","UNIPROT","Q14765","undirected","Binding"
"UNIPROT","Q9HBE4","UNIPROT","Q9HBE5","undirected","Binding"
"UNIPROT","Q9HBE5","UNIPROT","P23458","undirected","Binding"
"UNIPROT","Q9HBE5","UNIPROT","P31785","undirected","Binding"
"UNIPROT","Q9HBE5","UNIPROT","P40763","undirected","Binding"
"UNIPROT","Q9HBE5","UNIPROT","P42224","undirected","Binding"
"UNIPROT","Q9HBE5","UNIPROT","P42229","undirected","Binding"
"UNIPROT","Q9HBE5","UNIPROT","P51692","undirected","Binding"
"UNIPROT","Q9HBE5","UNIPROT","P52333","undirected","Binding"
"UNIPROT","Q9HBE5","UNIPROT","Q14765","undirected","Binding"
"UNIPROT","Q9UQC2","UNIPROT","O00329","undirected","Binding"
"UNIPROT","Q9UQC2","UNIPROT","O60674","undirected","Binding"
"UNIPROT","Q9UQC2","UNIPROT","P01589","undirected","Binding"
"UNIPROT","Q9UQC2","UNIPROT","P04141","undirected","Binding"
"UNIPROT","Q9UQC2","UNIPROT","P05113","undirected","Binding"
"UNIPROT","Q9UQC2","UNIPROT","P08700","undirected","Binding"
"UNIPROT","Q9UQC2","UNIPROT","P14784","undirected","Binding"
"UNIPROT","Q9UQC2","UNIPROT","P15509","undirected","Binding"
"UNIPROT","Q9UQC2","UNIPROT","P23458","undirected","Binding"
"UNIPROT","Q9UQC2","UNIPROT","P26951","undirected","Binding"
"UNIPROT","Q9UQC2","UNIPROT","P31785","undirected","Binding"
"UNIPROT","Q9UQC2","UNIPROT","P32927","undirected","Binding"
"UNIPROT","Q9UQC2","UNIPROT","P52333","undirected","Binding"
"UNIPROT","Q9UQC2","UNIPROT","P60568","undirected","Binding"
"UNIPROT","Q9UQC2","UNIPROT","Q01344","undirected","Binding"
"UNIPROT","Q9UQC2","UNIPROT","Q92569","undirected","Binding"
