"src_type","src","dest_type","dest","direction","type"
"UNIPROT","A8CG34","UNIPROT","O15392","directed","Control(Out: ACTIVATION of BiochemicalReaction)"
"UNIPROT","A8CG34","UNIPROT","O75694","undirected","Binding"
"UNIPROT","A8CG34","UNIPROT","P11388","directed","Control(Out: ACTIVATION of BiochemicalReaction)"
"UNIPROT","A8CG34","UNIPROT","P63279","directed","Control(Out: ACTIVATION of BiochemicalReaction)"
"UNIPROT","A8CG34","UNIPROT","P63279","directed","Control(Out: ACTIVATION of BiochemicalReaction)"
"UNIPROT","A8CG34","UNIPROT","P63279","undirected","Binding"
"UNIPROT","A8CG34","UNIPROT","Q53HL2","directed","Control(Out: ACTIVATION of BiochemicalReaction)"
"UNIPROT","A8CG34","UNIPROT","Q8N1F7","undirected","Binding"
"UNIPROT","A8CG34","UNIPROT","Q8NFH5","undirected","Binding"
"UNIPROT","A8CG34","UNIPROT","Q96GD4","directed","Control(Out: ACTIVATION of BiochemicalReaction)"
"UNIPROT","A8CG34","UNIPROT","Q9NQS7","directed","Control(Out: ACTIVATION of BiochemicalReaction)"
"UNIPROT","O15392","UNIPROT","A8CG34","directed","Control(In: ACTIVATION of BiochemicalReaction)"
"UNIPROT","O15392","UNIPROT","O15504","directed","Control(In: ACTIVATION of BiochemicalReaction)"
"UNIPROT","O15392","UNIPROT","O75694","directed","Control(In: ACTIVATION of BiochemicalReaction)"
"UNIPROT","O15392","UNIPROT","P12270","directed","Control(In: ACTIVATION of BiochemicalReaction)"
"UNIPROT","O15392","UNIPROT","P35658","directed","Control(In: ACTIVATION of BiochemicalReaction)"
"UNIPROT","O15392","UNIPROT","P37198","directed","Control(In: ACTIVATION of BiochemicalReaction)"
"UNIPROT","O15392","UNIPROT","P46060","directed","Control(In: ACTIVATION of BiochemicalReaction)"
"UNIPROT","O15392","UNIPROT","P49790","directed","Control(In: ACTIVATION of BiochemicalReaction)"
"UNIPROT","O15392","UNIPROT","P49792","directed","Control(In: ACTIVATION of BiochemicalReaction)"
"UNIPROT","O15392","UNIPROT","P52948","directed","Control(In: ACTIVATION of BiochemicalReaction)"
"UNIPROT","O15392","UNIPROT","P57740","directed","Control(In: ACTIVATION of BiochemicalReaction)"
"UNIPROT","O15392","UNIPROT","P63279","directed","Control(In: ACTIVATION of BiochemicalReaction)"
"UNIPROT","O15392","UNIPROT","P78406","directed","Control(In: ACTIVATION of BiochemicalReaction)"
"UNIPROT","O15392","UNIPROT","Q12769","directed","Control(In: ACTIVATION of BiochemicalReaction)"
"UNIPROT","O15392","UNIPROT","Q53HL2","undirected","Binding"
"UNIPROT","O15392","UNIPROT","Q5SRE5","directed","Control(In: ACTIVATION of BiochemicalReaction)"
"UNIPROT","O15392","UNIPROT","Q7Z3B4","directed","Control(In: ACTIVATION of BiochemicalReaction)"
"UNIPROT","O15392","UNIPROT","Q8N1F7","directed","Control(In: ACTIVATION of BiochemicalReaction)"
"UNIPROT","O15392","UNIPROT","Q8NFH3","directed","Control(In: ACTIVATION of BiochemicalReaction)"
"UNIPROT","O15392","UNIPROT","Q8NFH4","directed","Control(In: ACTIVATION of BiochemicalReaction)"
"UNIPROT","O15392","UNIPROT","Q8NFH5","directed","Control(In: ACTIVATION of BiochemicalReaction)"
"UNIPROT","O15392","UNIPROT","Q8TEM1","directed","Control(In: ACTIVATION of BiochemicalReaction)"
"UNIPROT","O15392","UNIPROT","Q8WUM0","directed","Control(In: ACTIVATION of BiochemicalReaction)"
"UNIPROT","O15392","UNIPROT","Q92621","directed","Control(In: ACTIVATION of BiochemicalReaction)"
"UNIPROT","O15392","UNIPROT","Q96EE3","directed","Control(In: ACTIVATION of BiochemicalReaction)"
"UNIPROT","O15392","UNIPROT","Q96GD4","undirected","Binding"
"UNIPROT","O15392","UNIPROT","Q96HA1","directed","Control(In: ACTIVATION of BiochemicalReaction)"
"UNIPROT","O15392","UNIPROT","Q99567","directed","Control(In: ACTIVATION of BiochemicalReaction)"
"UNIPROT","O15392","UNIPROT","Q9BTX1","directed","Control(In: ACTIVATION of BiochemicalReaction)"
"UNIPROT","O15392","UNIPROT","Q9BVL2","directed","Control(In: ACTIVATION of BiochemicalReaction)"
"UNIPROT","O15392","UNIPROT","Q9BW27","directed","Control(In: ACTIVATION of BiochemicalReaction)"
"UNIPROT","O15392","UNIPROT","Q9NQS7","undirected","Binding"
"UNIPROT","O15392","UNIPROT","Q9NRG9","directed","Control(In: ACTIVATION of BiochemicalReaction)"
"UNIPROT","O15392","UNIPROT","Q9UKX7","directed","Control(In: ACTIVATION of BiochemicalReaction)"
"UNIPROT","O15392","UNIPROT","Q9Y6X2","directed","Control(In: ACTIVATION of BiochemicalReaction)"
"UNIPROT","O15504","UNIPROT","A8CG34","undirected","Binding"
"UNIPROT","O15504","UNIPROT","O15392","directed","Control(Out: ACTIVATION of BiochemicalReaction)"
"UNIPROT","O15504","UNIPROT","O75694","undirected","Binding"
"UNIPROT","O15504","UNIPROT","P11388","directed","Control(Out: ACTIVATION of BiochemicalReaction)"
"UNIPROT","O15504","UNIPROT","P63279","directed","Control(Out: ACTIVATION of BiochemicalReaction)"
"UNIPROT","O15504","UNIPROT","P63279","directed","Control(Out: ACTIVATION of BiochemicalReaction)"
"UNIPROT","O15504","UNIPROT","P63279","undirected","Binding"
"UNIPROT","O15504","UNIPROT","Q53HL2","directed","Control(Out: ACTIVATION of BiochemicalReaction)"
"UNIPROT","O15504","UNIPROT","Q8N1F7","undirected","Binding"
"UNIPROT","O15504","UNIPROT","Q8NFH5","undirected","Binding"
"UNIPROT","O15504","UNIPROT","Q96GD4","directed","Control(Out: ACTIVATION of BiochemicalReaction)"
"UNIPROT","O15504","UNIPROT","Q96HA1","undirected","Binding"
"UNIPROT","O15504","UNIPROT","Q9NQS7","directed","Control(Out: ACTIVATION of BiochemicalReaction)"
"UNIPROT","O75694","UNIPROT","O15392","directed","Control(Out: ACTIVATION of BiochemicalReaction)"
"UNIPROT","O75694","UNIPROT","P11388","directed","Control(Out: ACTIVATION of BiochemicalReaction)"
"UNIPROT","O75694","UNIPROT","P63279","directed","Control(Out: ACTIVATION of BiochemicalReaction)"
"UNIPROT","O75694","UNIPROT","P63279","directed","Control(Out: ACTIVATION of BiochemicalReaction)"
"UNIPROT","O75694","UNIPROT","P63279","undirected","Binding"
"UNIPROT","O75694","UNIPROT","Q53HL2","directed","Control(Out: ACTIVATION of BiochemicalReaction)"
"UNIPROT","O75694","UNIPROT","Q96GD4","directed","Control(Out: ACTIVATION of BiochemicalReaction)"
"UNIPROT","O75694","UNIPROT","Q9NQS7","directed","Control(Out: ACTIVATION of BiochemicalReaction)"
"UNIPROT","P12270","UNIPROT","A8CG34","undirected","Binding"
"UNIPROT","P12270","UNIPROT","O15392","directed","Control(Out: ACTIVATION of BiochemicalReaction)"
"UNIPROT","P12270","UNIPROT","O15504","undirected","Binding"
"UNIPROT","P12270","UNIPROT","O75694","undirected","Binding"
"UNIPROT","P12270","UNIPROT","P11388","directed","Control(Out: ACTIVATION of BiochemicalReaction)"
"UNIPROT","P12270","UNIPROT","P35658","undirected","Binding"
"UNIPROT","P12270","UNIPROT","P37198","undirected","Binding"
"UNIPROT","P12270","UNIPROT","P49790","undirected","Binding"
"UNIPROT","P12270","UNIPROT","P63279","directed","Control(Out: ACTIVATION of BiochemicalReaction)"
"UNIPROT","P12270","UNIPROT","P63279","directed","Control(Out: ACTIVATION of BiochemicalReaction)"
"UNIPROT","P12270","UNIPROT","P63279","undirected","Binding"
"UNIPROT","P12270","UNIPROT","P78406","undirected","Binding"
"UNIPROT","P12270","UNIPROT","Q53HL2","directed","Control(Out: ACTIVATION of BiochemicalReaction)"
"UNIPROT","P12270","UNIPROT","Q5SRE5","undirected","Binding"
"UNIPROT","P12270","UNIPROT","Q7Z3B4","undirected","Binding"
"UNIPROT","P12270","UNIPROT","Q8N1F7","undirected","Binding"
"UNIPROT","P12270","UNIPROT","Q8NFH5","undirected","Binding"
"UNIPROT","P12270","UNIPROT","Q8TEM1","undirected","Binding"
"UNIPROT","P12270","UNIPROT","Q92621","undirected","Binding"
"UNIPROT","P12270","UNIPROT","Q96GD4","directed","Control(Out: ACTIVATION of BiochemicalReaction)"
"UNIPROT","P12270","UNIPROT","Q96HA1","undirected","Binding"
"UNIPROT","P12270","UNIPROT","Q99567","undirected","Binding"
"UNIPROT","P12270","UNIPROT","Q9BTX1","undirected","Binding"
"UNIPROT","P12270","UNIPROT","Q9BVL2","undirected","Binding"
"UNIPROT","P12270","UNIPROT","Q9NQS7","directed","Control(Out: ACTIVATION of BiochemicalReaction)"
"UNIPROT","P12270","UNIPROT","Q9UKX7","undirected","Binding"
"UNIPROT","P35658","UNIPROT","A8CG34","undirected","Binding"
"UNIPROT","P35658","UNIPROT","O15392","directed","Control(Out: ACTIVATION of BiochemicalReaction)"
"UNIPROT","P35658","UNIPROT","O15504","undirected","Binding"
"UNIPROT","P35658","UNIPROT","O75694","undirected","Binding"
"UNIPROT","P35658","UNIPROT","P11388","directed","Control(Out: ACTIVATION of BiochemicalReaction)"
"UNIPROT","P35658","UNIPROT","P63279","directed","Control(Out: ACTIVATION of BiochemicalReaction)"
"UNIPROT","P35658","UNIPROT","P63279","directed","Control(Out: ACTIVATION of BiochemicalReaction)"
"UNIPROT","P35658","UNIPROT","P63279","undirected","Binding"
"UNIPROT","P35658","UNIPROT","P78406","undirected","Binding"
"UNIPROT","P35658","UNIPROT","Q53HL2","directed","Control(Out: ACTIVATION of BiochemicalReaction)"
"UNIPROT","P35658","UNIPROT","Q8N1F7","undirected","Binding"
"UNIPROT","P35658","UNIPROT","Q8NFH5","undirected","Binding"
"UNIPROT","P35658","UNIPROT","Q96GD4","directed","Control(Out: ACTIVATION of BiochemicalReaction)"
"UNIPROT","P35658","UNIPROT","Q96HA1","undirected","Binding"
"UNIPROT","P35658","UNIPROT","Q9BTX1","undirected","Binding"
"UNIPROT","P35658","UNIPROT","Q9NQS7","directed","Control(Out: ACTIVATION of BiochemicalReaction)"
"UNIPROT","P37198","UNIPROT","A8CG34","undirected","Binding"
"UNIPROT","P37198","UNIPROT","O15392","directed","Control(Out: ACTIVATION of BiochemicalReaction)"
"UNIPROT","P37198","UNIPROT","O15504","undirected","Binding"
"UNIPROT","P37198","UNIPROT","O75694","undirected","Binding"
"UNIPROT","P37198","UNIPROT","P11388","directed","Control(Out: ACTIVATION of BiochemicalReaction)"
"UNIPROT","P37198","UNIPROT","P35658","undirected","Binding"
"UNIPROT","P37198","UNIPROT","P49790","undirected","Binding"
"UNIPROT","P37198","UNIPROT","P63279","directed","Control(Out: ACTIVATION of BiochemicalReaction)"
"UNIPROT","P37198","UNIPROT","P63279","directed","Control(Out: ACTIVATION of BiochemicalReaction)"
"UNIPROT","P37198","UNIPROT","P63279","undirected","Binding"
"UNIPROT","P37198","UNIPROT","P78406","undirected","Binding"
"UNIPROT","P37198","UNIPROT","Q53HL2","directed","Control(Out: ACTIVATION of BiochemicalReaction)"
"UNIPROT","P37198","UNIPROT","Q5SRE5","undirected","Binding"
"UNIPROT","P37198","UNIPROT","Q7Z3B4","undirected","Binding"
"UNIPROT","P37198","UNIPROT","Q8N1F7","undirected","Binding"
"UNIPROT","P37198","UNIPROT","Q8NFH5","undirected","Binding"
"UNIPROT","P37198","UNIPROT","Q8TEM1","undirected","Binding"
"UNIPROT","P37198","UNIPROT","Q96GD4","directed","Control(Out: ACTIVATION of BiochemicalReaction)"
"UNIPROT","P37198","UNIPROT","Q96HA1","undirected","Binding"
"UNIPROT","P37198","UNIPROT","Q99567","undirected","Binding"
"UNIPROT","P37198","UNIPROT","Q9BTX1","undirected","Binding"
"UNIPROT","P37198","UNIPROT","Q9BVL2","undirected","Binding"
"UNIPROT","P37198","UNIPROT","Q9NQS7","directed","Control(Out: ACTIVATION of BiochemicalReaction)"
"UNIPROT","P37198","UNIPROT","Q9UKX7","undirected","Binding"
"UNIPROT","P46060","UNIPROT","A8CG34","undirected","Binding"
"UNIPROT","P46060","UNIPROT","O15392","directed","Control(Out: ACTIVATION of BiochemicalReaction)"
"UNIPROT","P46060","UNIPROT","O15504","undirected","Binding"
"UNIPROT","P46060","UNIPROT","O75694","undirected","Binding"
"UNIPROT","P46060","UNIPROT","P12270","undirected","Binding"
"UNIPROT","P46060","UNIPROT","P35658","undirected","Binding"
"UNIPROT","P46060","UNIPROT","P37198","undirected","Binding"
"UNIPROT","P46060","UNIPROT","P49790","undirected","Binding"
"UNIPROT","P46060","UNIPROT","P63279","directed","Control(Out: ACTIVATION of BiochemicalReaction)"
"UNIPROT","P46060","UNIPROT","P63279","undirected","Binding"
"UNIPROT","P46060","UNIPROT","P78406","undirected","Binding"
"UNIPROT","P46060","UNIPROT","Q53HL2","directed","Control(Out: ACTIVATION of BiochemicalReaction)"
"UNIPROT","P46060","UNIPROT","Q5SRE5","undirected","Binding"
"UNIPROT","P46060","UNIPROT","Q7Z3B4","undirected","Binding"
"UNIPROT","P46060","UNIPROT","Q8N1F7","undirected","Binding"
"UNIPROT","P46060","UNIPROT","Q8NFH5","undirected","Binding"
"UNIPROT","P46060","UNIPROT","Q8TEM1","undirected","Binding"
"UNIPROT","P46060","UNIPROT","Q92621","undirected","Binding"
"UNIPROT","P46060","UNIPROT","Q96GD4","directed","Control(Out: ACTIVATION of BiochemicalReaction)"
"UNIPROT","P46060","UNIPROT","Q96HA1","undirected","Binding"
"UNIPROT","P46060","UNIPROT","Q99567","undirected","Binding"
"UNIPROT","P46060","UNIPROT","Q9BTX1","undirected","Binding"
"UNIPROT","P46060","UNIPROT","Q9BVL2","undirected","Binding"
"UNIPROT","P46060","UNIPROT","Q9NQS7","directed","Control(Out: ACTIVATION of BiochemicalReaction)"
"UNIPROT","P46060","UNIPROT","Q9UKX7","undirected","Binding"
"UNIPROT","P49790","UNIPROT","A8CG34","undirected","Binding"
"UNIPROT","P49790","UNIPROT","O15392","directed","Control(Out: ACTIVATION of BiochemicalReaction)"
"UNIPROT","P49790","UNIPROT","O15504","undirected","Binding"
"UNIPROT","P49790","UNIPROT","O75694","undirected","Binding"
"UNIPROT","P49790","UNIPROT","P11388","directed","Control(Out: ACTIVATION of BiochemicalReaction)"
"UNIPROT","P49790","UNIPROT","P35658","undirected","Binding"
"UNIPROT","P49790","UNIPROT","P63279","directed","Control(Out: ACTIVATION of BiochemicalReaction)"
"UNIPROT","P49790","UNIPROT","P63279","directed","Control(Out: ACTIVATION of BiochemicalReaction)"
"UNIPROT","P49790","UNIPROT","P63279","undirected","Binding"
"UNIPROT","P49790","UNIPROT","P78406","undirected","Binding"
"UNIPROT","P49790","UNIPROT","Q53HL2","directed","Control(Out: ACTIVATION of BiochemicalReaction)"
"UNIPROT","P49790","UNIPROT","Q8N1F7","undirected","Binding"
"UNIPROT","P49790","UNIPROT","Q8NFH5","undirected","Binding"
"UNIPROT","P49790","UNIPROT","Q8TEM1","undirected","Binding"
"UNIPROT","P49790","UNIPROT","Q96GD4","directed","Control(Out: ACTIVATION of BiochemicalReaction)"
"UNIPROT","P49790","UNIPROT","Q96HA1","undirected","Binding"
"UNIPROT","P49790","UNIPROT","Q9BTX1","undirected","Binding"
"UNIPROT","P49790","UNIPROT","Q9NQS7","directed","Control(Out: ACTIVATION of BiochemicalReaction)"
"UNIPROT","P49790","UNIPROT","Q9UKX7","undirected","Binding"
"UNIPROT","P49792","UNIPROT","A8CG34","undirected","Binding"
"UNIPROT","P49792","UNIPROT","O15392","directed","Control(Out: ACTIVATION of BiochemicalReaction)"
"UNIPROT","P49792","UNIPROT","O15504","undirected","Binding"
"UNIPROT","P49792","UNIPROT","O75694","undirected","Binding"
"UNIPROT","P49792","UNIPROT","P11388","directed","Control(Out: ACTIVATION of BiochemicalReaction)"
"UNIPROT","P49792","UNIPROT","P12270","undirected","Binding"
"UNIPROT","P49792","UNIPROT","P35658","undirected","Binding"
"UNIPROT","P49792","UNIPROT","P37198","undirected","Binding"
"UNIPROT","P49792","UNIPROT","P46060","undirected","Binding"
"UNIPROT","P49792","UNIPROT","P49790","undirected","Binding"
"UNIPROT","P49792","UNIPROT","P52948","undirected","Binding"
"UNIPROT","P49792","UNIPROT","P55735","undirected","Binding"
"UNIPROT","P49792","UNIPROT","P57740","undirected","Binding"
"UNIPROT","P49792","UNIPROT","P63279","directed","Control(Out: ACTIVATION of BiochemicalReaction)"
"UNIPROT","P49792","UNIPROT","P63279","directed","Control(Out: ACTIVATION of BiochemicalReaction)"
"UNIPROT","P49792","UNIPROT","P63279","undirected","Binding"
"UNIPROT","P49792","UNIPROT","P78406","undirected","Binding"
"UNIPROT","P49792","UNIPROT","Q12769","undirected","Binding"
"UNIPROT","P49792","UNIPROT","Q53HL2","directed","Control(Out: ACTIVATION of BiochemicalReaction)"
"UNIPROT","P49792","UNIPROT","Q5SRE5","undirected","Binding"
"UNIPROT","P49792","UNIPROT","Q7Z3B4","undirected","Binding"
"UNIPROT","P49792","UNIPROT","Q8N1F7","undirected","Binding"
"UNIPROT","P49792","UNIPROT","Q8NFH3","undirected","Binding"
"UNIPROT","P49792","UNIPROT","Q8NFH4","undirected","Binding"
"UNIPROT","P49792","UNIPROT","Q8NFH5","undirected","Binding"
"UNIPROT","P49792","UNIPROT","Q8TEM1","undirected","Binding"
"UNIPROT","P49792","UNIPROT","Q8WUM0","undirected","Binding"
"UNIPROT","P49792","UNIPROT","Q92621","undirected","Binding"
"UNIPROT","P49792","UNIPROT","Q96EE3","undirected","Binding"
"UNIPROT","P49792","UNIPROT","Q96GD4","directed","Control(Out: ACTIVATION of BiochemicalReaction)"
"UNIPROT","P49792","UNIPROT","Q96HA1","undirected","Binding"
"UNIPROT","P49792","UNIPROT","Q99567","undirected","Binding"
"UNIPROT","P49792","UNIPROT","Q9BTX1","undirected","Binding"
"UNIPROT","P49792","UNIPROT","Q9BVL2","undirected","Binding"
"UNIPROT","P49792","UNIPROT","Q9BW27","undirected","Binding"
"UNIPROT","P49792","UNIPROT","Q9NQS7","directed","Control(Out: ACTIVATION of BiochemicalReaction)"
"UNIPROT","P49792","UNIPROT","Q9UKX7","undirected","Binding"
"UNIPROT","P52948","UNIPROT","A8CG34","undirected","Binding"
"UNIPROT","P52948","UNIPROT","O15392","directed","Control(Out: ACTIVATION of BiochemicalReaction)"
"UNIPROT","P52948","UNIPROT","O15504","undirected","Binding"
"UNIPROT","P52948","UNIPROT","O75694","undirected","Binding"
"UNIPROT","P52948","UNIPROT","P11388","directed","Control(Out: ACTIVATION of BiochemicalReaction)"
"UNIPROT","P52948","UNIPROT","P12270","undirected","Binding"
"UNIPROT","P52948","UNIPROT","P35658","undirected","Binding"
"UNIPROT","P52948","UNIPROT","P37198","undirected","Binding"
"UNIPROT","P52948","UNIPROT","P46060","undirected","Binding"
"UNIPROT","P52948","UNIPROT","P49790","undirected","Binding"
"UNIPROT","P52948","UNIPROT","P55735","undirected","Binding"
"UNIPROT","P52948","UNIPROT","P63279","directed","Control(Out: ACTIVATION of BiochemicalReaction)"
"UNIPROT","P52948","UNIPROT","P63279","directed","Control(Out: ACTIVATION of BiochemicalReaction)"
"UNIPROT","P52948","UNIPROT","P63279","undirected","Binding"
"UNIPROT","P52948","UNIPROT","P78406","undirected","Binding"
"UNIPROT","P52948","UNIPROT","Q12769","undirected","Binding"
"UNIPROT","P52948","UNIPROT","Q53HL2","directed","Control(Out: ACTIVATION of BiochemicalReaction)"
"UNIPROT","P52948","UNIPROT","Q5SRE5","undirected","Binding"
"UNIPROT","P52948","UNIPROT","Q7Z3B4","undirected","Binding"
"UNIPROT","P52948","UNIPROT","Q8N1F7","undirected","Binding"
"UNIPROT","P52948","UNIPROT","Q8NFH4","undirected","Binding"
"UNIPROT","P52948","UNIPROT","Q8NFH5","undirected","Binding"
"UNIPROT","P52948","UNIPROT","Q8TEM1","undirected","Binding"
"UNIPROT","P52948","UNIPROT","Q92621","undirected","Binding"
"UNIPROT","P52948","UNIPROT","Q96GD4","directed","Control(Out: ACTIVATION of BiochemicalReaction)"
"UNIPROT","P52948","UNIPROT","Q96HA1","undirected","Binding"
"UNIPROT","P52948","UNIPROT","Q99567","undirected","Binding"
"UNIPROT","P52948","UNIPROT","Q9BTX1","undirected","Binding"
"UNIPROT","P52948","UNIPROT","Q9BVL2","undirected","Binding"
"UNIPROT","P52948","UNIPROT","Q9NQS7","directed","Control(Out: ACTIVATION of BiochemicalReaction)"
"UNIPROT","P52948","UNIPROT","Q9UKX7","undirected","Binding"
"UNIPROT","P55735","UNIPROT","A8CG34","undirected","Binding"
"UNIPROT","P55735","UNIPROT","O15504","undirected","Binding"
"UNIPROT","P55735","UNIPROT","O75694","undirected","Binding"
"UNIPROT","P55735","UNIPROT","P11388","directed","Control(Out: ACTIVATION of BiochemicalReaction)"
"UNIPROT","P55735","UNIPROT","P12270","undirected","Binding"
"UNIPROT","P55735","UNIPROT","P35658","undirected","Binding"
"UNIPROT","P55735","UNIPROT","P37198","undirected","Binding"
"UNIPROT","P55735","UNIPROT","P49790","undirected","Binding"
"UNIPROT","P55735","UNIPROT","P63279","directed","Control(Out: ACTIVATION of BiochemicalReaction)"
"UNIPROT","P55735","UNIPROT","P78406","undirected","Binding"
"UNIPROT","P55735","UNIPROT","Q5SRE5","undirected","Binding"
"UNIPROT","P55735","UNIPROT","Q7Z3B4","undirected","Binding"
"UNIPROT","P55735","UNIPROT","Q8N1F7","undirected","Binding"
"UNIPROT","P55735","UNIPROT","Q8NFH5","undirected","Binding"
"UNIPROT","P55735","UNIPROT","Q8TEM1","undirected","Binding"
"UNIPROT","P55735","UNIPROT","Q92621","undirected","Binding"
"UNIPROT","P55735","UNIPROT","Q96HA1","undirected","Binding"
"UNIPROT","P55735","UNIPROT","Q99567","undirected","Binding"
"UNIPROT","P55735","UNIPROT","Q9BTX1","undirected","Binding"
"UNIPROT","P55735","UNIPROT","Q9BVL2","undirected","Binding"
"UNIPROT","P55735","UNIPROT","Q9UKX7","undirected","Binding"
"UNIPROT","P55854","UNIPROT","A8CG34","directed","Control(In: ACTIVATION of BiochemicalReaction)"
"UNIPROT","P55854","UNIPROT","O15392","directed","Process(BiochemicalReaction)"
"UNIPROT","P55854","UNIPROT","O15504","directed","Control(In: ACTIVATION of BiochemicalReaction)"
"UNIPROT","P55854","UNIPROT","O75694","directed","Control(In: ACTIVATION of BiochemicalReaction)"
"UNIPROT","P55854","UNIPROT","P11388","directed","Process(BiochemicalReaction)"
"UNIPROT","P55854","UNIPROT","P12270","directed","Control(In: ACTIVATION of BiochemicalReaction)"
"UNIPROT","P55854","UNIPROT","P35658","directed","Control(In: ACTIVATION of BiochemicalReaction)"
"UNIPROT","P55854","UNIPROT","P37198","directed","Control(In: ACTIVATION of BiochemicalReaction)"
"UNIPROT","P55854","UNIPROT","P46060","directed","Control(In: ACTIVATION of BiochemicalReaction)"
"UNIPROT","P55854","UNIPROT","P49790","directed","Control(In: ACTIVATION of BiochemicalReaction)"
"UNIPROT","P55854","UNIPROT","P49792","directed","Control(In: ACTIVATION of BiochemicalReaction)"
"UNIPROT","P55854","UNIPROT","P52948","directed","Control(In: ACTIVATION of BiochemicalReaction)"
"UNIPROT","P55854","UNIPROT","P57740","directed","Control(In: ACTIVATION of BiochemicalReaction)"
"UNIPROT","P55854","UNIPROT","P63279","directed","Control(In: ACTIVATION of BiochemicalReaction)"
"UNIPROT","P55854","UNIPROT","P63279","directed","Process(BiochemicalReaction)"
"UNIPROT","P55854","UNIPROT","P63279","directed","Process(BiochemicalReaction)"
"UNIPROT","P55854","UNIPROT","P63279","undirected","Binding"
"UNIPROT","P55854","UNIPROT","P78406","directed","Control(In: ACTIVATION of BiochemicalReaction)"
"UNIPROT","P55854","UNIPROT","Q12769","directed","Control(In: ACTIVATION of BiochemicalReaction)"
"UNIPROT","P55854","UNIPROT","Q53HL2","directed","Process(BiochemicalReaction)"
"UNIPROT","P55854","UNIPROT","Q5SRE5","directed","Control(In: ACTIVATION of BiochemicalReaction)"
"UNIPROT","P55854","UNIPROT","Q7Z3B4","directed","Control(In: ACTIVATION of BiochemicalReaction)"
"UNIPROT","P55854","UNIPROT","Q8N1F7","directed","Control(In: ACTIVATION of BiochemicalReaction)"
"UNIPROT","P55854","UNIPROT","Q8N2W9","directed","Control(In: ACTIVATION of BiochemicalReaction)"
"UNIPROT","P55854","UNIPROT","Q8NFH3","directed","Control(In: ACTIVATION of BiochemicalReaction)"
"UNIPROT","P55854","UNIPROT","Q8NFH4","directed","Control(In: ACTIVATION of BiochemicalReaction)"
"UNIPROT","P55854","UNIPROT","Q8NFH5","directed","Control(In: ACTIVATION of BiochemicalReaction)"
"UNIPROT","P55854","UNIPROT","Q8TEM1","directed","Control(In: ACTIVATION of BiochemicalReaction)"
"UNIPROT","P55854","UNIPROT","Q8WUM0","directed","Control(In: ACTIVATION of BiochemicalReaction)"
"UNIPROT","P55854","UNIPROT","Q92621","directed","Control(In: ACTIVATION of BiochemicalReaction)"
"UNIPROT","P55854","UNIPROT","Q96EE3","directed","Control(In: ACTIVATION of BiochemicalReaction)"
"UNIPROT","P55854","UNIPROT","Q96GD4","directed","Process(BiochemicalReaction)"
"UNIPROT","P55854","UNIPROT","Q96HA1","directed","Control(In: ACTIVATION of BiochemicalReaction)"
"UNIPROT","P55854","UNIPROT","Q99567","directed","Control(In: ACTIVATION of BiochemicalReaction)"
"UNIPROT","P55854","UNIPROT","Q9BTX1","directed","Control(In: ACTIVATION of BiochemicalReaction)"
"UNIPROT","P55854","UNIPROT","Q9BVL2","directed","Control(In: ACTIVATION of BiochemicalReaction)"
"UNIPROT","P55854","UNIPROT","Q9BW27","directed","Control(In: ACTIVATION of BiochemicalReaction)"
"UNIPROT","P55854","UNIPROT","Q9NQS7","directed","Process(BiochemicalReaction)"
"UNIPROT","P55854","UNIPROT","Q9NRG9","directed","Control(In: ACTIVATION of BiochemicalReaction)"
"UNIPROT","P55854","UNIPROT","Q9UKX7","directed","Control(In: ACTIVATION of BiochemicalReaction)"
"UNIPROT","P55854","UNIPROT","Q9Y6X2","directed","Control(In: ACTIVATION of BiochemicalReaction)"
"UNIPROT","P57740","UNIPROT","A8CG34","undirected","Binding"
"UNIPROT","P57740","UNIPROT","O15392","directed","Control(Out: ACTIVATION of BiochemicalReaction)"
"UNIPROT","P57740","UNIPROT","O15504","undirected","Binding"
"UNIPROT","P57740","UNIPROT","O75694","undirected","Binding"
"UNIPROT","P57740","UNIPROT","P11388","directed","Control(Out: ACTIVATION of BiochemicalReaction)"
"UNIPROT","P57740","UNIPROT","P12270","undirected","Binding"
"UNIPROT","P57740","UNIPROT","P35658","undirected","Binding"
"UNIPROT","P57740","UNIPROT","P37198","undirected","Binding"
"UNIPROT","P57740","UNIPROT","P46060","undirected","Binding"
"UNIPROT","P57740","UNIPROT","P49790","undirected","Binding"
"UNIPROT","P57740","UNIPROT","P52948","undirected","Binding"
"UNIPROT","P57740","UNIPROT","P55735","undirected","Binding"
"UNIPROT","P57740","UNIPROT","P63279","directed","Control(Out: ACTIVATION of BiochemicalReaction)"
"UNIPROT","P57740","UNIPROT","P63279","directed","Control(Out: ACTIVATION of BiochemicalReaction)"
"UNIPROT","P57740","UNIPROT","P63279","undirected","Binding"
"UNIPROT","P57740","UNIPROT","P78406","undirected","Binding"
"UNIPROT","P57740","UNIPROT","Q12769","undirected","Binding"
"UNIPROT","P57740","UNIPROT","Q53HL2","directed","Control(Out: ACTIVATION of BiochemicalReaction)"
"UNIPROT","P57740","UNIPROT","Q5SRE5","undirected","Binding"
"UNIPROT","P57740","UNIPROT","Q7Z3B4","undirected","Binding"
"UNIPROT","P57740","UNIPROT","Q8N1F7","undirected","Binding"
"UNIPROT","P57740","UNIPROT","Q8NFH4","undirected","Binding"
"UNIPROT","P57740","UNIPROT","Q8NFH5","undirected","Binding"
"UNIPROT","P57740","UNIPROT","Q8TEM1","undirected","Binding"
"UNIPROT","P57740","UNIPROT","Q92621","undirected","Binding"
"UNIPROT","P57740","UNIPROT","Q96EE3","undirected","Binding"
"UNIPROT","P57740","UNIPROT","Q96GD4","directed","Control(Out: ACTIVATION of BiochemicalReaction)"
"UNIPROT","P57740","UNIPROT","Q96HA1","undirected","Binding"
"UNIPROT","P57740","UNIPROT","Q99567","undirected","Binding"
"UNIPROT","P57740","UNIPROT","Q9BTX1","undirected","Binding"
"UNIPROT","P57740","UNIPROT","Q9BVL2","undirected","Binding"
"UNIPROT","P57740","UNIPROT","Q9BW27","undirected","Binding"
"UNIPROT","P57740","UNIPROT","Q9NQS7","directed","Control(Out: ACTIVATION of BiochemicalReaction)"
"UNIPROT","P57740","UNIPROT","Q9UKX7","undirected","Binding"
"UNIPROT","P61956","UNIPROT","A8CG34","directed","Control(In: ACTIVATION of BiochemicalReaction)"
"UNIPROT","P61956","UNIPROT","O15392","directed","Process(BiochemicalReaction)"
"UNIPROT","P61956","UNIPROT","O15504","directed","Control(In: ACTIVATION of BiochemicalReaction)"
"UNIPROT","P61956","UNIPROT","O75694","directed","Control(In: ACTIVATION of BiochemicalReaction)"
"UNIPROT","P61956","UNIPROT","P11388","directed","Process(BiochemicalReaction)"
"UNIPROT","P61956","UNIPROT","P12270","directed","Control(In: ACTIVATION of BiochemicalReaction)"
"UNIPROT","P61956","UNIPROT","P35658","directed","Control(In: ACTIVATION of BiochemicalReaction)"
"UNIPROT","P61956","UNIPROT","P37198","directed","Control(In: ACTIVATION of BiochemicalReaction)"
"UNIPROT","P61956","UNIPROT","P46060","directed","Control(In: ACTIVATION of BiochemicalReaction)"
"UNIPROT","P61956","UNIPROT","P49790","directed","Control(In: ACTIVATION of BiochemicalReaction)"
"UNIPROT","P61956","UNIPROT","P49792","directed","Control(In: ACTIVATION of BiochemicalReaction)"
"UNIPROT","P61956","UNIPROT","P52948","directed","Control(In: ACTIVATION of BiochemicalReaction)"
"UNIPROT","P61956","UNIPROT","P57740","directed","Control(In: ACTIVATION of BiochemicalReaction)"
"UNIPROT","P61956","UNIPROT","P63279","directed","Control(In: ACTIVATION of BiochemicalReaction)"
"UNIPROT","P61956","UNIPROT","P63279","directed","Process(BiochemicalReaction)"
"UNIPROT","P61956","UNIPROT","P63279","directed","Process(BiochemicalReaction)"
"UNIPROT","P61956","UNIPROT","P63279","undirected","Binding"
"UNIPROT","P61956","UNIPROT","P78406","directed","Control(In: ACTIVATION of BiochemicalReaction)"
"UNIPROT","P61956","UNIPROT","Q12769","directed","Control(In: ACTIVATION of BiochemicalReaction)"
"UNIPROT","P61956","UNIPROT","Q53HL2","directed","Process(BiochemicalReaction)"
"UNIPROT","P61956","UNIPROT","Q5SRE5","directed","Control(In: ACTIVATION of BiochemicalReaction)"
"UNIPROT","P61956","UNIPROT","Q7Z3B4","directed","Control(In: ACTIVATION of BiochemicalReaction)"
"UNIPROT","P61956","UNIPROT","Q8N1F7","directed","Control(In: ACTIVATION of BiochemicalReaction)"
"UNIPROT","P61956","UNIPROT","Q8N2W9","directed","Control(In: ACTIVATION of BiochemicalReaction)"
"UNIPROT","P61956","UNIPROT","Q8NFH3","directed","Control(In: ACTIVATION of BiochemicalReaction)"
"UNIPROT","P61956","UNIPROT","Q8NFH4","directed","Control(In: ACTIVATION of BiochemicalReaction)"
"UNIPROT","P61956","UNIPROT","Q8NFH5","directed","Control(In: ACTIVATION of BiochemicalReaction)"
"UNIPROT","P61956","UNIPROT","Q8TEM1","directed","Control(In: ACTIVATION of BiochemicalReaction)"
"UNIPROT","P61956","UNIPROT","Q8WUM0","directed","Control(In: ACTIVATION of BiochemicalReaction)"
"UNIPROT","P61956","UNIPROT","Q92621","directed","Control(In: ACTIVATION of BiochemicalReaction)"
"UNIPROT","P61956","UNIPROT","Q96EE3","directed","Control(In: ACTIVATION of BiochemicalReaction)"
"UNIPROT","P61956","UNIPROT","Q96GD4","directed","Process(BiochemicalReaction)"
"UNIPROT","P61956","UNIPROT","Q96HA1","directed","Control(In: ACTIVATION of BiochemicalReaction)"
"UNIPROT","P61956","UNIPROT","Q99567","directed","Control(In: ACTIVATION of BiochemicalReaction)"
"UNIPROT","P61956","UNIPROT","Q9BTX1","directed","Control(In: ACTIVATION of BiochemicalReaction)"
"UNIPROT","P61956","UNIPROT","Q9BVL2","directed","Control(In: ACTIVATION of BiochemicalReaction)"
"UNIPROT","P61956","UNIPROT","Q9BW27","directed","Control(In: ACTIVATION of BiochemicalReaction)"
"UNIPROT","P61956","UNIPROT","Q9NQS7","directed","Process(BiochemicalReaction)"
"UNIPROT","P61956","UNIPROT","Q9NRG9","directed","Control(In: ACTIVATION of BiochemicalReaction)"
"UNIPROT","P61956","UNIPROT","Q9UKX7","directed","Control(In: ACTIVATION of BiochemicalReaction)"
"UNIPROT","P61956","UNIPROT","Q9Y6X2","directed","Control(In: ACTIVATION of BiochemicalReaction)"
"UNIPROT","P63165","UNIPROT","A8CG34","directed","Control(In: ACTIVATION of BiochemicalReaction)"
"UNIPROT","P63165","UNIPROT","O14965","directed","Process(BiochemicalReaction)"
"UNIPROT","P63165","UNIPROT","O15504","directed","Control(In: ACTIVATION of BiochemicalReaction)"
"UNIPROT","P63165","UNIPROT","O75694","directed","Control(In: ACTIVATION of BiochemicalReaction)"
"UNIPROT","P63165","UNIPROT","P11387","directed","Control(Out: ACTIVATION of BiochemicalReaction)"
"UNIPROT","P63165","UNIPROT","P11387","directed","Process(BiochemicalReaction)"
"UNIPROT","P63165","UNIPROT","P11388","directed","Control(Out: ACTIVATION of BiochemicalReaction)"
"UNIPROT","P63165","UNIPROT","P11388","directed","Process(BiochemicalReaction)"
"UNIPROT","P63165","UNIPROT","P12004","directed","Control(Out: ACTIVATION of BiochemicalReaction)"
"UNIPROT","P63165","UNIPROT","P12004","directed","Process(BiochemicalReaction)"
"UNIPROT","P63165","UNIPROT","P12270","directed","Control(In: ACTIVATION of BiochemicalReaction)"
"UNIPROT","P63165","UNIPROT","P35658","directed","Control(In: ACTIVATION of BiochemicalReaction)"
"UNIPROT","P63165","UNIPROT","P37198","directed","Control(In: ACTIVATION of BiochemicalReaction)"
"UNIPROT","P63165","UNIPROT","P49790","directed","Control(In: ACTIVATION of BiochemicalReaction)"
"UNIPROT","P63165","UNIPROT","P49792","directed","Control(In: ACTIVATION of BiochemicalReaction)"
"UNIPROT","P63165","UNIPROT","P52948","directed","Control(In: ACTIVATION of BiochemicalReaction)"
"UNIPROT","P63165","UNIPROT","P55735","directed","Control(In: ACTIVATION of BiochemicalReaction)"
"UNIPROT","P63165","UNIPROT","P57740","directed","Control(In: ACTIVATION of BiochemicalReaction)"
"UNIPROT","P63165","UNIPROT","P63279","directed","Control(Out: ACTIVATION of BiochemicalReaction)"
"UNIPROT","P63165","UNIPROT","P63279","directed","Control(In: ACTIVATION of BiochemicalReaction)"
"UNIPROT","P63165","UNIPROT","P63279","directed","Process(BiochemicalReaction)"
"UNIPROT","P63165","UNIPROT","P63279","directed","Process(BiochemicalReaction)"
"UNIPROT","P63165","UNIPROT","P63279","undirected","Binding"
"UNIPROT","P63165","UNIPROT","P78406","directed","Control(In: ACTIVATION of BiochemicalReaction)"
"UNIPROT","P63165","UNIPROT","Q02880","directed","Control(Out: ACTIVATION of BiochemicalReaction)"
"UNIPROT","P63165","UNIPROT","Q02880","directed","Process(BiochemicalReaction)"
"UNIPROT","P63165","UNIPROT","Q12769","directed","Control(In: ACTIVATION of BiochemicalReaction)"
"UNIPROT","P63165","UNIPROT","Q5SRE5","directed","Control(In: ACTIVATION of BiochemicalReaction)"
"UNIPROT","P63165","UNIPROT","Q7Z3B4","directed","Control(In: ACTIVATION of BiochemicalReaction)"
"UNIPROT","P63165","UNIPROT","Q8N1F7","directed","Control(In: ACTIVATION of BiochemicalReaction)"
"UNIPROT","P63165","UNIPROT","Q8NFH3","directed","Control(In: ACTIVATION of BiochemicalReaction)"
"UNIPROT","P63165","UNIPROT","Q8NFH4","directed","Control(In: ACTIVATION of BiochemicalReaction)"
"UNIPROT","P63165","UNIPROT","Q8NFH5","directed","Control(In: ACTIVATION of BiochemicalReaction)"
"UNIPROT","P63165","UNIPROT","Q8TEM1","directed","Control(In: ACTIVATION of BiochemicalReaction)"
"UNIPROT","P63165","UNIPROT","Q8WUM0","directed","Control(In: ACTIVATION of BiochemicalReaction)"
"UNIPROT","P63165","UNIPROT","Q92621","directed","Control(In: ACTIVATION of BiochemicalReaction)"
"UNIPROT","P63165","UNIPROT","Q96EE3","directed","Control(In: ACTIVATION of BiochemicalReaction)"
"UNIPROT","P63165","UNIPROT","Q96HA1","directed","Control(In: ACTIVATION of BiochemicalReaction)"
"UNIPROT","P63165","UNIPROT","Q99567","directed","Control(In: ACTIVATION of BiochemicalReaction)"
"UNIPROT","P63165","UNIPROT","Q9BTX1","directed","Control(In: ACTIVATION of BiochemicalReaction)"
"UNIPROT","P63165","UNIPROT","Q9BVL2","directed","Control(In: ACTIVATION of BiochemicalReaction)"
"UNIPROT","P63165","UNIPROT","Q9BW27","directed","Control(In: ACTIVATION of BiochemicalReaction)"
"UNIPROT","P63165","UNIPROT","Q9NRG9","directed","Control(In: ACTIVATION of BiochemicalReaction)"
"UNIPROT","P63165","UNIPROT","Q9UKX7","directed","Control(In: ACTIVATION of BiochemicalReaction)"
"UNIPROT","P63279","UNIPROT","A8CG34","directed","Control(In: ACTIVATION of BiochemicalReaction)"
"UNIPROT","P63279","UNIPROT","O15392","directed","Control(Out: ACTIVATION of BiochemicalReaction)"
"UNIPROT","P63279","UNIPROT","O15504","directed","Control(In: ACTIVATION of BiochemicalReaction)"
"UNIPROT","P63279","UNIPROT","O75694","directed","Control(In: ACTIVATION of BiochemicalReaction)"
"UNIPROT","P63279","UNIPROT","P11387","directed","Control(Out: ACTIVATION of BiochemicalReaction)"
"UNIPROT","P63279","UNIPROT","P11388","directed","Control(Out: ACTIVATION of BiochemicalReaction)"
"UNIPROT","P63279","UNIPROT","P12004","directed","Control(Out: ACTIVATION of BiochemicalReaction)"
"UNIPROT","P63279","UNIPROT","P12270","directed","Control(In: ACTIVATION of BiochemicalReaction)"
"UNIPROT","P63279","UNIPROT","P35658","directed","Control(In: ACTIVATION of BiochemicalReaction)"
"UNIPROT","P63279","UNIPROT","P37198","directed","Control(In: ACTIVATION of BiochemicalReaction)"
"UNIPROT","P63279","UNIPROT","P46060","directed","Control(In: ACTIVATION of BiochemicalReaction)"
"UNIPROT","P63279","UNIPROT","P49790","directed","Control(In: ACTIVATION of BiochemicalReaction)"
"UNIPROT","P63279","UNIPROT","P49792","directed","Control(In: ACTIVATION of BiochemicalReaction)"
"UNIPROT","P63279","UNIPROT","P52948","directed","Control(In: ACTIVATION of BiochemicalReaction)"
"UNIPROT","P63279","UNIPROT","P57740","directed","Control(In: ACTIVATION of BiochemicalReaction)"
"UNIPROT","P63279","UNIPROT","P78406","directed","Control(In: ACTIVATION of BiochemicalReaction)"
"UNIPROT","P63279","UNIPROT","Q02880","directed","Control(Out: ACTIVATION of BiochemicalReaction)"
"UNIPROT","P63279","UNIPROT","Q12769","directed","Control(In: ACTIVATION of BiochemicalReaction)"
"UNIPROT","P63279","UNIPROT","Q53HL2","directed","Control(Out: ACTIVATION of BiochemicalReaction)"
"UNIPROT","P63279","UNIPROT","Q5SRE5","directed","Control(In: ACTIVATION of BiochemicalReaction)"
"UNIPROT","P63279","UNIPROT","Q7Z3B4","directed","Control(In: ACTIVATION of BiochemicalReaction)"
"UNIPROT","P63279","UNIPROT","Q8N1F7","directed","Control(In: ACTIVATION of BiochemicalReaction)"
"UNIPROT","P63279","UNIPROT","Q8NFH3","directed","Control(In: ACTIVATION of BiochemicalReaction)"
"UNIPROT","P63279","UNIPROT","Q8NFH4","directed","Control(In: ACTIVATION of BiochemicalReaction)"
"UNIPROT","P63279","UNIPROT","Q8NFH5","directed","Control(In: ACTIVATION of BiochemicalReaction)"
"UNIPROT","P63279","UNIPROT","Q8TEM1","directed","Control(In: ACTIVATION of BiochemicalReaction)"
"UNIPROT","P63279","UNIPROT","Q8WUM0","directed","Control(In: ACTIVATION of BiochemicalReaction)"
"UNIPROT","P63279","UNIPROT","Q92621","directed","Control(In: ACTIVATION of BiochemicalReaction)"
"UNIPROT","P63279","UNIPROT","Q96EE3","directed","Control(In: ACTIVATION of BiochemicalReaction)"
"UNIPROT","P63279","UNIPROT","Q96GD4","directed","Control(Out: ACTIVATION of BiochemicalReaction)"
"UNIPROT","P63279","UNIPROT","Q96HA1","directed","Control(In: ACTIVATION of BiochemicalReaction)"
"UNIPROT","P63279","UNIPROT","Q99567","directed","Control(In: ACTIVATION of BiochemicalReaction)"
"UNIPROT","P63279","UNIPROT","Q9BTX1","directed","Control(In: ACTIVATION of BiochemicalReaction)"
"UNIPROT","P63279","UNIPROT","Q9BVL2","directed","Control(In: ACTIVATION of BiochemicalReaction)"
"UNIPROT","P63279","UNIPROT","Q9BW27","directed","Control(In: ACTIVATION of BiochemicalReaction)"
"UNIPROT","P63279","UNIPROT","Q9NQS7","directed","Control(Out: ACTIVATION of BiochemicalReaction)"
"UNIPROT","P63279","UNIPROT","Q9NRG9","directed","Control(In: ACTIVATION of BiochemicalReaction)"
"UNIPROT","P63279","UNIPROT","Q9UKX7","directed","Control(In: ACTIVATION of BiochemicalReaction)"
"UNIPROT","P63279","UNIPROT","Q9Y6X2","directed","Control(In: ACTIVATION of BiochemicalReaction)"
"UNIPROT","P78406","UNIPROT","A8CG34","undirected","Binding"
"UNIPROT","P78406","UNIPROT","O15392","directed","Control(Out: ACTIVATION of BiochemicalReaction)"
"UNIPROT","P78406","UNIPROT","O15504","undirected","Binding"
"UNIPROT","P78406","UNIPROT","O75694","undirected","Binding"
"UNIPROT","P78406","UNIPROT","P11388","directed","Control(Out: ACTIVATION of BiochemicalReaction)"
"UNIPROT","P78406","UNIPROT","P63279","directed","Control(Out: ACTIVATION of BiochemicalReaction)"
"UNIPROT","P78406","UNIPROT","P63279","directed","Control(Out: ACTIVATION of BiochemicalReaction)"
"UNIPROT","P78406","UNIPROT","P63279","undirected","Binding"
"UNIPROT","P78406","UNIPROT","Q53HL2","directed","Control(Out: ACTIVATION of BiochemicalReaction)"
"UNIPROT","P78406","UNIPROT","Q8N1F7","undirected","Binding"
"UNIPROT","P78406","UNIPROT","Q8NFH5","undirected","Binding"
"UNIPROT","P78406","UNIPROT","Q96GD4","directed","Control(Out: ACTIVATION of BiochemicalReaction)"
"UNIPROT","P78406","UNIPROT","Q96HA1","undirected","Binding"
"UNIPROT","P78406","UNIPROT","Q9NQS7","directed","Control(Out: ACTIVATION of BiochemicalReaction)"
"UNIPROT","Q12769","UNIPROT","A8CG34","undirected","Binding"
"UNIPROT","Q12769","UNIPROT","O15392","directed","Control(Out: ACTIVATION of BiochemicalReaction)"
"UNIPROT","Q12769","UNIPROT","O15504","undirected","Binding"
"UNIPROT","Q12769","UNIPROT","O75694","undirected","Binding"
"UNIPROT","Q12769","UNIPROT","P11388","directed","Control(Out: ACTIVATION of BiochemicalReaction)"
"UNIPROT","Q12769","UNIPROT","P12270","undirected","Binding"
"UNIPROT","Q12769","UNIPROT","P35658","undirected","Binding"
"UNIPROT","Q12769","UNIPROT","P37198","undirected","Binding"
"UNIPROT","Q12769","UNIPROT","P46060","undirected","Binding"
"UNIPROT","Q12769","UNIPROT","P49790","undirected","Binding"
"UNIPROT","Q12769","UNIPROT","P55735","undirected","Binding"
"UNIPROT","Q12769","UNIPROT","P63279","directed","Control(Out: ACTIVATION of BiochemicalReaction)"
"UNIPROT","Q12769","UNIPROT","P63279","directed","Control(Out: ACTIVATION of BiochemicalReaction)"
"UNIPROT","Q12769","UNIPROT","P63279","undirected","Binding"
"UNIPROT","Q12769","UNIPROT","P78406","undirected","Binding"
"UNIPROT","Q12769","UNIPROT","Q53HL2","directed","Control(Out: ACTIVATION of BiochemicalReaction)"
"UNIPROT","Q12769","UNIPROT","Q5SRE5","undirected","Binding"
"UNIPROT","Q12769","UNIPROT","Q7Z3B4","undirected","Binding"
"UNIPROT","Q12769","UNIPROT","Q8N1F7","undirected","Binding"
"UNIPROT","Q12769","UNIPROT","Q8NFH4","undirected","Binding"
"UNIPROT","Q12769","UNIPROT","Q8NFH5","undirected","Binding"
"UNIPROT","Q12769","UNIPROT","Q8TEM1","undirected","Binding"
"UNIPROT","Q12769","UNIPROT","Q92621","undirected","Binding"
"UNIPROT","Q12769","UNIPROT","Q96GD4","directed","Control(Out: ACTIVATION of BiochemicalReaction)"
"UNIPROT","Q12769","UNIPROT","Q96HA1","undirected","Binding"
"UNIPROT","Q12769","UNIPROT","Q99567","undirected","Binding"
"UNIPROT","Q12769","UNIPROT","Q9BTX1","undirected","Binding"
"UNIPROT","Q12769","UNIPROT","Q9BVL2","undirected","Binding"
"UNIPROT","Q12769","UNIPROT","Q9NQS7","directed","Control(Out: ACTIVATION of BiochemicalReaction)"
"UNIPROT","Q12769","UNIPROT","Q9UKX7","undirected","Binding"
"UNIPROT","Q53HL2","UNIPROT","A8CG34","directed","Control(In: ACTIVATION of BiochemicalReaction)"
"UNIPROT","Q53HL2","UNIPROT","O15504","directed","Control(In: ACTIVATION of BiochemicalReaction)"
"UNIPROT","Q53HL2","UNIPROT","O75694","directed","Control(In: ACTIVATION of BiochemicalReaction)"
"UNIPROT","Q53HL2","UNIPROT","P12270","directed","Control(In: ACTIVATION of BiochemicalReaction)"
"UNIPROT","Q53HL2","UNIPROT","P35658","directed","Control(In: ACTIVATION of BiochemicalReaction)"
"UNIPROT","Q53HL2","UNIPROT","P37198","directed","Control(In: ACTIVATION of BiochemicalReaction)"
"UNIPROT","Q53HL2","UNIPROT","P46060","directed","Control(In: ACTIVATION of BiochemicalReaction)"
"UNIPROT","Q53HL2","UNIPROT","P49790","directed","Control(In: ACTIVATION of BiochemicalReaction)"
"UNIPROT","Q53HL2","UNIPROT","P49792","directed","Control(In: ACTIVATION of BiochemicalReaction)"
"UNIPROT","Q53HL2","UNIPROT","P52948","directed","Control(In: ACTIVATION of BiochemicalReaction)"
"UNIPROT","Q53HL2","UNIPROT","P57740","directed","Control(In: ACTIVATION of BiochemicalReaction)"
"UNIPROT","Q53HL2","UNIPROT","P63279","directed","Control(In: ACTIVATION of BiochemicalReaction)"
"UNIPROT","Q53HL2","UNIPROT","P78406","directed","Control(In: ACTIVATION of BiochemicalReaction)"
"UNIPROT","Q53HL2","UNIPROT","Q12769","directed","Control(In: ACTIVATION of BiochemicalReaction)"
"UNIPROT","Q53HL2","UNIPROT","Q5SRE5","directed","Control(In: ACTIVATION of BiochemicalReaction)"
"UNIPROT","Q53HL2","UNIPROT","Q7Z3B4","directed","Control(In: ACTIVATION of BiochemicalReaction)"
"UNIPROT","Q53HL2","UNIPROT","Q8N1F7","directed","Control(In: ACTIVATION of BiochemicalReaction)"
"UNIPROT","Q53HL2","UNIPROT","Q8NFH3","directed","Control(In: ACTIVATION of BiochemicalReaction)"
"UNIPROT","Q53HL2","UNIPROT","Q8NFH4","directed","Control(In: ACTIVATION of BiochemicalReaction)"
"UNIPROT","Q53HL2","UNIPROT","Q8NFH5","directed","Control(In: ACTIVATION of BiochemicalReaction)"
"UNIPROT","Q53HL2","UNIPROT","Q8TEM1","directed","Control(In: ACTIVATION of BiochemicalReaction)"
"UNIPROT","Q53HL2","UNIPROT","Q8WUM0","directed","Control(In: ACTIVATION of BiochemicalReaction)"
"UNIPROT","Q53HL2","UNIPROT","Q92621","directed","Control(In: ACTIVATION of BiochemicalReaction)"
"UNIPROT","Q53HL2","UNIPROT","Q96EE3","directed","Control(In: ACTIVATION of BiochemicalReaction)"
"UNIPROT","Q53HL2","UNIPROT","Q96HA1","directed","Control(In: ACTIVATION of BiochemicalReaction)"
"UNIPROT","Q53HL2","UNIPROT","Q99567","directed","Control(In: ACTIVATION of BiochemicalReaction)"
"UNIPROT","Q53HL2","UNIPROT","Q9BTX1","directed","Control(In: ACTIVATION of BiochemicalReaction)"
"UNIPROT","Q53HL2","UNIPROT","Q9BVL2","directed","Control(In: ACTIVATION of BiochemicalReaction)"
"UNIPROT","Q53HL2","UNIPROT","Q9BW27","directed","Control(In: ACTIVATION of BiochemicalReaction)"
"UNIPROT","Q53HL2","UNIPROT","Q9NQS7","undirected","Binding"
"UNIPROT","Q53HL2","UNIPROT","Q9NRG9","directed","Control(In: ACTIVATION of BiochemicalReaction)"
"UNIPROT","Q53HL2","UNIPROT","Q9UKX7","directed","Control(In: ACTIVATION of BiochemicalReaction)"
"UNIPROT","Q53HL2","UNIPROT","Q9Y6X2","directed","Control(In: ACTIVATION of BiochemicalReaction)"
"UNIPROT","Q5SRE5","UNIPROT","A8CG34","undirected","Binding"
"UNIPROT","Q5SRE5","UNIPROT","O15392","directed","Control(Out: ACTIVATION of BiochemicalReaction)"
"UNIPROT","Q5SRE5","UNIPROT","O15504","undirected","Binding"
"UNIPROT","Q5SRE5","UNIPROT","O75694","undirected","Binding"
"UNIPROT","Q5SRE5","UNIPROT","P11388","directed","Control(Out: ACTIVATION of BiochemicalReaction)"
"UNIPROT","Q5SRE5","UNIPROT","P35658","undirected","Binding"
"UNIPROT","Q5SRE5","UNIPROT","P49790","undirected","Binding"
"UNIPROT","Q5SRE5","UNIPROT","P63279","directed","Control(Out: ACTIVATION of BiochemicalReaction)"
"UNIPROT","Q5SRE5","UNIPROT","P63279","directed","Control(Out: ACTIVATION of BiochemicalReaction)"
"UNIPROT","Q5SRE5","UNIPROT","P63279","undirected","Binding"
"UNIPROT","Q5SRE5","UNIPROT","P78406","undirected","Binding"
"UNIPROT","Q5SRE5","UNIPROT","Q53HL2","directed","Control(Out: ACTIVATION of BiochemicalReaction)"
"UNIPROT","Q5SRE5","UNIPROT","Q8N1F7","undirected","Binding"
"UNIPROT","Q5SRE5","UNIPROT","Q8NFH5","undirected","Binding"
"UNIPROT","Q5SRE5","UNIPROT","Q8TEM1","undirected","Binding"
"UNIPROT","Q5SRE5","UNIPROT","Q96GD4","directed","Control(Out: ACTIVATION of BiochemicalReaction)"
"UNIPROT","Q5SRE5","UNIPROT","Q96HA1","undirected","Binding"
"UNIPROT","Q5SRE5","UNIPROT","Q99567","undirected","Binding"
"UNIPROT","Q5SRE5","UNIPROT","Q9BTX1","undirected","Binding"
"UNIPROT","Q5SRE5","UNIPROT","Q9NQS7","directed","Control(Out: ACTIVATION of BiochemicalReaction)"
"UNIPROT","Q5SRE5","UNIPROT","Q9UKX7","undirected","Binding"
"UNIPROT","Q7Z3B4","UNIPROT","A8CG34","undirected","Binding"
"UNIPROT","Q7Z3B4","UNIPROT","O15392","directed","Control(Out: ACTIVATION of BiochemicalReaction)"
"UNIPROT","Q7Z3B4","UNIPROT","O15504","undirected","Binding"
"UNIPROT","Q7Z3B4","UNIPROT","O75694","undirected","Binding"
"UNIPROT","Q7Z3B4","UNIPROT","P11388","directed","Control(Out: ACTIVATION of BiochemicalReaction)"
"UNIPROT","Q7Z3B4","UNIPROT","P35658","undirected","Binding"
"UNIPROT","Q7Z3B4","UNIPROT","P49790","undirected","Binding"
"UNIPROT","Q7Z3B4","UNIPROT","P63279","directed","Control(Out: ACTIVATION of BiochemicalReaction)"
"UNIPROT","Q7Z3B4","UNIPROT","P63279","directed","Control(Out: ACTIVATION of BiochemicalReaction)"
"UNIPROT","Q7Z3B4","UNIPROT","P63279","undirected","Binding"
"UNIPROT","Q7Z3B4","UNIPROT","P78406","undirected","Binding"
"UNIPROT","Q7Z3B4","UNIPROT","Q53HL2","directed","Control(Out: ACTIVATION of BiochemicalReaction)"
"UNIPROT","Q7Z3B4","UNIPROT","Q5SRE5","undirected","Binding"
"UNIPROT","Q7Z3B4","UNIPROT","Q8N1F7","undirected","Binding"
"UNIPROT","Q7Z3B4","UNIPROT","Q8NFH5","undirected","Binding"
"UNIPROT","Q7Z3B4","UNIPROT","Q8TEM1","undirected","Binding"
"UNIPROT","Q7Z3B4","UNIPROT","Q96GD4","directed","Control(Out: ACTIVATION of BiochemicalReaction)"
"UNIPROT","Q7Z3B4","UNIPROT","Q96HA1","undirected","Binding"
"UNIPROT","Q7Z3B4","UNIPROT","Q99567","undirected","Binding"
"UNIPROT","Q7Z3B4","UNIPROT","Q9BTX1","undirected","Binding"
"UNIPROT","Q7Z3B4","UNIPROT","Q9NQS7","directed","Control(Out: ACTIVATION of BiochemicalReaction)"
"UNIPROT","Q7Z3B4","UNIPROT","Q9UKX7","undirected","Binding"
"UNIPROT","Q8N1F7","UNIPROT","O15392","directed","Control(Out: ACTIVATION of BiochemicalReaction)"
"UNIPROT","Q8N1F7","UNIPROT","O75694","undirected","Binding"
"UNIPROT","Q8N1F7","UNIPROT","P11388","directed","Control(Out: ACTIVATION of BiochemicalReaction)"
"UNIPROT","Q8N1F7","UNIPROT","P63279","directed","Control(Out: ACTIVATION of BiochemicalReaction)"
"UNIPROT","Q8N1F7","UNIPROT","P63279","directed","Control(Out: ACTIVATION of BiochemicalReaction)"
"UNIPROT","Q8N1F7","UNIPROT","P63279","undirected","Binding"
"UNIPROT","Q8N1F7","UNIPROT","Q53HL2","directed","Control(Out: ACTIVATION of BiochemicalReaction)"
"UNIPROT","Q8N1F7","UNIPROT","Q8NFH5","undirected","Binding"
"UNIPROT","Q8N1F7","UNIPROT","Q96GD4","directed","Control(Out: ACTIVATION of BiochemicalReaction)"
"UNIPROT","Q8N1F7","UNIPROT","Q9NQS7","directed","Control(Out: ACTIVATION of BiochemicalReaction)"
"UNIPROT","Q8N2W9","UNIPROT","P11388","directed","Control(Out: ACTIVATION of BiochemicalReaction)"
"UNIPROT","Q8N2W9","UNIPROT","P63279","directed","Control(Out: ACTIVATION of BiochemicalReaction)"
"UNIPROT","Q8NFH3","UNIPROT","A8CG34","undirected","Binding"
"UNIPROT","Q8NFH3","UNIPROT","O15392","directed","Control(Out: ACTIVATION of BiochemicalReaction)"
"UNIPROT","Q8NFH3","UNIPROT","O15504","undirected","Binding"
"UNIPROT","Q8NFH3","UNIPROT","O75694","undirected","Binding"
"UNIPROT","Q8NFH3","UNIPROT","P11388","directed","Control(Out: ACTIVATION of BiochemicalReaction)"
"UNIPROT","Q8NFH3","UNIPROT","P12270","undirected","Binding"
"UNIPROT","Q8NFH3","UNIPROT","P35658","undirected","Binding"
"UNIPROT","Q8NFH3","UNIPROT","P37198","undirected","Binding"
"UNIPROT","Q8NFH3","UNIPROT","P46060","undirected","Binding"
"UNIPROT","Q8NFH3","UNIPROT","P49790","undirected","Binding"
"UNIPROT","Q8NFH3","UNIPROT","P52948","undirected","Binding"
"UNIPROT","Q8NFH3","UNIPROT","P55735","undirected","Binding"
"UNIPROT","Q8NFH3","UNIPROT","P57740","undirected","Binding"
"UNIPROT","Q8NFH3","UNIPROT","P63279","directed","Control(Out: ACTIVATION of BiochemicalReaction)"
"UNIPROT","Q8NFH3","UNIPROT","P63279","directed","Control(Out: ACTIVATION of BiochemicalReaction)"
"UNIPROT","Q8NFH3","UNIPROT","P63279","undirected","Binding"
"UNIPROT","Q8NFH3","UNIPROT","P78406","undirected","Binding"
"UNIPROT","Q8NFH3","UNIPROT","Q12769","undirected","Binding"
"UNIPROT","Q8NFH3","UNIPROT","Q53HL2","directed","Control(Out: ACTIVATION of BiochemicalReaction)"
"UNIPROT","Q8NFH3","UNIPROT","Q5SRE5","undirected","Binding"
"UNIPROT","Q8NFH3","UNIPROT","Q7Z3B4","undirected","Binding"
"UNIPROT","Q8NFH3","UNIPROT","Q8N1F7","undirected","Binding"
"UNIPROT","Q8NFH3","UNIPROT","Q8NFH4","undirected","Binding"
"UNIPROT","Q8NFH3","UNIPROT","Q8NFH5","undirected","Binding"
"UNIPROT","Q8NFH3","UNIPROT","Q8TEM1","undirected","Binding"
"UNIPROT","Q8NFH3","UNIPROT","Q92621","undirected","Binding"
"UNIPROT","Q8NFH3","UNIPROT","Q96EE3","undirected","Binding"
"UNIPROT","Q8NFH3","UNIPROT","Q96GD4","directed","Control(Out: ACTIVATION of BiochemicalReaction)"
"UNIPROT","Q8NFH3","UNIPROT","Q96HA1","undirected","Binding"
"UNIPROT","Q8NFH3","UNIPROT","Q99567","undirected","Binding"
"UNIPROT","Q8NFH3","UNIPROT","Q9BTX1","undirected","Binding"
"UNIPROT","Q8NFH3","UNIPROT","Q9BVL2","undirected","Binding"
"UNIPROT","Q8NFH3","UNIPROT","Q9BW27","undirected","Binding"
"UNIPROT","Q8NFH3","UNIPROT","Q9NQS7","directed","Control(Out: ACTIVATION of BiochemicalReaction)"
"UNIPROT","Q8NFH3","UNIPROT","Q9UKX7","undirected","Binding"
"UNIPROT","Q8NFH4","UNIPROT","A8CG34","undirected","Binding"
"UNIPROT","Q8NFH4","UNIPROT","O15392","directed","Control(Out: ACTIVATION of BiochemicalReaction)"
"UNIPROT","Q8NFH4","UNIPROT","O15504","undirected","Binding"
"UNIPROT","Q8NFH4","UNIPROT","O75694","undirected","Binding"
"UNIPROT","Q8NFH4","UNIPROT","P11388","directed","Control(Out: ACTIVATION of BiochemicalReaction)"
"UNIPROT","Q8NFH4","UNIPROT","P12270","undirected","Binding"
"UNIPROT","Q8NFH4","UNIPROT","P35658","undirected","Binding"
"UNIPROT","Q8NFH4","UNIPROT","P37198","undirected","Binding"
"UNIPROT","Q8NFH4","UNIPROT","P46060","undirected","Binding"
"UNIPROT","Q8NFH4","UNIPROT","P49790","undirected","Binding"
"UNIPROT","Q8NFH4","UNIPROT","P55735","undirected","Binding"
"UNIPROT","Q8NFH4","UNIPROT","P63279","directed","Control(Out: ACTIVATION of BiochemicalReaction)"
"UNIPROT","Q8NFH4","UNIPROT","P63279","directed","Control(Out: ACTIVATION of BiochemicalReaction)"
"UNIPROT","Q8NFH4","UNIPROT","P63279","undirected","Binding"
"UNIPROT","Q8NFH4","UNIPROT","P78406","undirected","Binding"
"UNIPROT","Q8NFH4","UNIPROT","Q53HL2","directed","Control(Out: ACTIVATION of BiochemicalReaction)"
"UNIPROT","Q8NFH4","UNIPROT","Q5SRE5","undirected","Binding"
"UNIPROT","Q8NFH4","UNIPROT","Q7Z3B4","undirected","Binding"
"UNIPROT","Q8NFH4","UNIPROT","Q8N1F7","undirected","Binding"
"UNIPROT","Q8NFH4","UNIPROT","Q8NFH5","undirected","Binding"
"UNIPROT","Q8NFH4","UNIPROT","Q8TEM1","undirected","Binding"
"UNIPROT","Q8NFH4","UNIPROT","Q92621","undirected","Binding"
"UNIPROT","Q8NFH4","UNIPROT","Q96GD4","directed","Control(Out: ACTIVATION of BiochemicalReaction)"
"UNIPROT","Q8NFH4","UNIPROT","Q96HA1","undirected","Binding"
"UNIPROT","Q8NFH4","UNIPROT","Q99567","undirected","Binding"
"UNIPROT","Q8NFH4","UNIPROT","Q9BTX1","undirected","Binding"
"UNIPROT","Q8NFH4","UNIPROT","Q9BVL2","undirected","Binding"
"UNIPROT","Q8NFH4","UNIPROT","Q9NQS7","directed","Control(Out: ACTIVATION of BiochemicalReaction)"
"UNIPROT","Q8NFH4","UNIPROT","Q9UKX7","undirected","Binding"
"UNIPROT","Q8NFH5","UNIPROT","O15392","directed","Control(Out: ACTIVATION of BiochemicalReaction)"
"UNIPROT","Q8NFH5","UNIPROT","O75694","undirected","Binding"
"UNIPROT","Q8NFH5","UNIPROT","P11388","directed","Control(Out: ACTIVATION of BiochemicalReaction)"
"UNIPROT","Q8NFH5","UNIPROT","P63279","directed","Control(Out: ACTIVATION of BiochemicalReaction)"
"UNIPROT","Q8NFH5","UNIPROT","P63279","directed","Control(Out: ACTIVATION of BiochemicalReaction)"
"UNIPROT","Q8NFH5","UNIPROT","P63279","undirected","Binding"
"UNIPROT","Q8NFH5","UNIPROT","Q53HL2","directed","Control(Out: ACTIVATION of BiochemicalReaction)"
"UNIPROT","Q8NFH5","UNIPROT","Q96GD4","directed","Control(Out: ACTIVATION of BiochemicalReaction)"
"UNIPROT","Q8NFH5","UNIPROT","Q9NQS7","directed","Control(Out: ACTIVATION of BiochemicalReaction)"
"UNIPROT","Q8TEM1","UNIPROT","A8CG34","undirected","Binding"
"UNIPROT","Q8TEM1","UNIPROT","O15392","directed","Control(Out: ACTIVATION of BiochemicalReaction)"
"UNIPROT","Q8TEM1","UNIPROT","O15504","undirected","Binding"
"UNIPROT","Q8TEM1","UNIPROT","O75694","undirected","Binding"
"UNIPROT","Q8TEM1","UNIPROT","P11388","directed","Control(Out: ACTIVATION of BiochemicalReaction)"
"UNIPROT","Q8TEM1","UNIPROT","P35658","undirected","Binding"
"UNIPROT","Q8TEM1","UNIPROT","P63279","directed","Control(Out: ACTIVATION of BiochemicalReaction)"
"UNIPROT","Q8TEM1","UNIPROT","P63279","directed","Control(Out: ACTIVATION of BiochemicalReaction)"
"UNIPROT","Q8TEM1","UNIPROT","P63279","undirected","Binding"
"UNIPROT","Q8TEM1","UNIPROT","P78406","undirected","Binding"
"UNIPROT","Q8TEM1","UNIPROT","Q53HL2","directed","Control(Out: ACTIVATION of BiochemicalReaction)"
"UNIPROT","Q8TEM1","UNIPROT","Q8N1F7","undirected","Binding"
"UNIPROT","Q8TEM1","UNIPROT","Q8NFH5","undirected","Binding"
"UNIPROT","Q8TEM1","UNIPROT","Q96GD4","directed","Control(Out: ACTIVATION of BiochemicalReaction)"
"UNIPROT","Q8TEM1","UNIPROT","Q96HA1","undirected","Binding"
"UNIPROT","Q8TEM1","UNIPROT","Q9BTX1","undirected","Binding"
"UNIPROT","Q8TEM1","UNIPROT","Q9NQS7","directed","Control(Out: ACTIVATION of BiochemicalReaction)"
"UNIPROT","Q8TEM1","UNIPROT","Q9UKX7","undirected","Binding"
"UNIPROT","Q8WUM0","UNIPROT","A8CG34","undirected","Binding"
"UNIPROT","Q8WUM0","UNIPROT","O15392","directed","Control(Out: ACTIVATION of BiochemicalReaction)"
"UNIPROT","Q8WUM0","UNIPROT","O15504","undirected","Binding"
"UNIPROT","Q8WUM0","UNIPROT","O75694","undirected","Binding"
"UNIPROT","Q8WUM0","UNIPROT","P11388","directed","Control(Out: ACTIVATION of BiochemicalReaction)"
"UNIPROT","Q8WUM0","UNIPROT","P12270","undirected","Binding"
"UNIPROT","Q8WUM0","UNIPROT","P35658","undirected","Binding"
"UNIPROT","Q8WUM0","UNIPROT","P37198","undirected","Binding"
"UNIPROT","Q8WUM0","UNIPROT","P46060","undirected","Binding"
"UNIPROT","Q8WUM0","UNIPROT","P49790","undirected","Binding"
"UNIPROT","Q8WUM0","UNIPROT","P52948","undirected","Binding"
"UNIPROT","Q8WUM0","UNIPROT","P55735","undirected","Binding"
"UNIPROT","Q8WUM0","UNIPROT","P57740","undirected","Binding"
"UNIPROT","Q8WUM0","UNIPROT","P63279","directed","Control(Out: ACTIVATION of BiochemicalReaction)"
"UNIPROT","Q8WUM0","UNIPROT","P63279","directed","Control(Out: ACTIVATION of BiochemicalReaction)"
"UNIPROT","Q8WUM0","UNIPROT","P63279","undirected","Binding"
"UNIPROT","Q8WUM0","UNIPROT","P78406","undirected","Binding"
"UNIPROT","Q8WUM0","UNIPROT","Q12769","undirected","Binding"
"UNIPROT","Q8WUM0","UNIPROT","Q53HL2","directed","Control(Out: ACTIVATION of BiochemicalReaction)"
"UNIPROT","Q8WUM0","UNIPROT","Q5SRE5","undirected","Binding"
"UNIPROT","Q8WUM0","UNIPROT","Q7Z3B4","undirected","Binding"
"UNIPROT","Q8WUM0","UNIPROT","Q8N1F7","undirected","Binding"
"UNIPROT","Q8WUM0","UNIPROT","Q8NFH3","undirected","Binding"
"UNIPROT","Q8WUM0","UNIPROT","Q8NFH4","undirected","Binding"
"UNIPROT","Q8WUM0","UNIPROT","Q8NFH5","undirected","Binding"
"UNIPROT","Q8WUM0","UNIPROT","Q8TEM1","undirected","Binding"
"UNIPROT","Q8WUM0","UNIPROT","Q92621","undirected","Binding"
"UNIPROT","Q8WUM0","UNIPROT","Q96EE3","undirected","Binding"
"UNIPROT","Q8WUM0","UNIPROT","Q96GD4","directed","Control(Out: ACTIVATION of BiochemicalReaction)"
"UNIPROT","Q8WUM0","UNIPROT","Q96HA1","undirected","Binding"
"UNIPROT","Q8WUM0","UNIPROT","Q99567","undirected","Binding"
"UNIPROT","Q8WUM0","UNIPROT","Q9BTX1","undirected","Binding"
"UNIPROT","Q8WUM0","UNIPROT","Q9BVL2","undirected","Binding"
"UNIPROT","Q8WUM0","UNIPROT","Q9BW27","undirected","Binding"
"UNIPROT","Q8WUM0","UNIPROT","Q9NQS7","directed","Control(Out: ACTIVATION of BiochemicalReaction)"
"UNIPROT","Q8WUM0","UNIPROT","Q9UKX7","undirected","Binding"
"UNIPROT","Q92621","UNIPROT","A8CG34","undirected","Binding"
"UNIPROT","Q92621","UNIPROT","O15392","directed","Control(Out: ACTIVATION of BiochemicalReaction)"
"UNIPROT","Q92621","UNIPROT","O15504","undirected","Binding"
"UNIPROT","Q92621","UNIPROT","O75694","undirected","Binding"
"UNIPROT","Q92621","UNIPROT","P11388","directed","Control(Out: ACTIVATION of BiochemicalReaction)"
"UNIPROT","Q92621","UNIPROT","P35658","undirected","Binding"
"UNIPROT","Q92621","UNIPROT","P37198","undirected","Binding"
"UNIPROT","Q92621","UNIPROT","P49790","undirected","Binding"
"UNIPROT","Q92621","UNIPROT","P63279","directed","Control(Out: ACTIVATION of BiochemicalReaction)"
"UNIPROT","Q92621","UNIPROT","P63279","directed","Control(Out: ACTIVATION of BiochemicalReaction)"
"UNIPROT","Q92621","UNIPROT","P63279","undirected","Binding"
"UNIPROT","Q92621","UNIPROT","P78406","undirected","Binding"
"UNIPROT","Q92621","UNIPROT","Q53HL2","directed","Control(Out: ACTIVATION of BiochemicalReaction)"
"UNIPROT","Q92621","UNIPROT","Q5SRE5","undirected","Binding"
"UNIPROT","Q92621","UNIPROT","Q7Z3B4","undirected","Binding"
"UNIPROT","Q92621","UNIPROT","Q8N1F7","undirected","Binding"
"UNIPROT","Q92621","UNIPROT","Q8NFH5","undirected","Binding"
"UNIPROT","Q92621","UNIPROT","Q8TEM1","undirected","Binding"
"UNIPROT","Q92621","UNIPROT","Q96GD4","directed","Control(Out: ACTIVATION of BiochemicalReaction)"
"UNIPROT","Q92621","UNIPROT","Q96HA1","undirected","Binding"
"UNIPROT","Q92621","UNIPROT","Q99567","undirected","Binding"
"UNIPROT","Q92621","UNIPROT","Q9BTX1","undirected","Binding"
"UNIPROT","Q92621","UNIPROT","Q9BVL2","undirected","Binding"
"UNIPROT","Q92621","UNIPROT","Q9NQS7","directed","Control(Out: ACTIVATION of BiochemicalReaction)"
"UNIPROT","Q92621","UNIPROT","Q9UKX7","undirected","Binding"
"UNIPROT","Q96EE3","UNIPROT","A8CG34","undirected","Binding"
"UNIPROT","Q96EE3","UNIPROT","O15392","directed","Control(Out: ACTIVATION of BiochemicalReaction)"
"UNIPROT","Q96EE3","UNIPROT","O15504","undirected","Binding"
"UNIPROT","Q96EE3","UNIPROT","O75694","undirected","Binding"
"UNIPROT","Q96EE3","UNIPROT","P11388","directed","Control(Out: ACTIVATION of BiochemicalReaction)"
"UNIPROT","Q96EE3","UNIPROT","P12270","undirected","Binding"
"UNIPROT","Q96EE3","UNIPROT","P35658","undirected","Binding"
"UNIPROT","Q96EE3","UNIPROT","P37198","undirected","Binding"
"UNIPROT","Q96EE3","UNIPROT","P46060","undirected","Binding"
"UNIPROT","Q96EE3","UNIPROT","P49790","undirected","Binding"
"UNIPROT","Q96EE3","UNIPROT","P52948","undirected","Binding"
"UNIPROT","Q96EE3","UNIPROT","P55735","undirected","Binding"
"UNIPROT","Q96EE3","UNIPROT","P63279","directed","Control(Out: ACTIVATION of BiochemicalReaction)"
"UNIPROT","Q96EE3","UNIPROT","P63279","directed","Control(Out: ACTIVATION of BiochemicalReaction)"
"UNIPROT","Q96EE3","UNIPROT","P63279","undirected","Binding"
"UNIPROT","Q96EE3","UNIPROT","P78406","undirected","Binding"
"UNIPROT","Q96EE3","UNIPROT","Q12769","undirected","Binding"
"UNIPROT","Q96EE3","UNIPROT","Q53HL2","directed","Control(Out: ACTIVATION of BiochemicalReaction)"
"UNIPROT","Q96EE3","UNIPROT","Q5SRE5","undirected","Binding"
"UNIPROT","Q96EE3","UNIPROT","Q7Z3B4","undirected","Binding"
"UNIPROT","Q96EE3","UNIPROT","Q8N1F7","undirected","Binding"
"UNIPROT","Q96EE3","UNIPROT","Q8NFH4","undirected","Binding"
"UNIPROT","Q96EE3","UNIPROT","Q8NFH5","undirected","Binding"
"UNIPROT","Q96EE3","UNIPROT","Q8TEM1","undirected","Binding"
"UNIPROT","Q96EE3","UNIPROT","Q92621","undirected","Binding"
"UNIPROT","Q96EE3","UNIPROT","Q96GD4","directed","Control(Out: ACTIVATION of BiochemicalReaction)"
"UNIPROT","Q96EE3","UNIPROT","Q96HA1","undirected","Binding"
"UNIPROT","Q96EE3","UNIPROT","Q99567","undirected","Binding"
"UNIPROT","Q96EE3","UNIPROT","Q9BTX1","undirected","Binding"
"UNIPROT","Q96EE3","UNIPROT","Q9BVL2","undirected","Binding"
"UNIPROT","Q96EE3","UNIPROT","Q9NQS7","directed","Control(Out: ACTIVATION of BiochemicalReaction)"
"UNIPROT","Q96EE3","UNIPROT","Q9UKX7","undirected","Binding"
"UNIPROT","Q96GD4","UNIPROT","A8CG34","directed","Control(In: ACTIVATION of BiochemicalReaction)"
"UNIPROT","Q96GD4","UNIPROT","O15504","directed","Control(In: ACTIVATION of BiochemicalReaction)"
"UNIPROT","Q96GD4","UNIPROT","O75694","directed","Control(In: ACTIVATION of BiochemicalReaction)"
"UNIPROT","Q96GD4","UNIPROT","P12270","directed","Control(In: ACTIVATION of BiochemicalReaction)"
"UNIPROT","Q96GD4","UNIPROT","P35658","directed","Control(In: ACTIVATION of BiochemicalReaction)"
"UNIPROT","Q96GD4","UNIPROT","P37198","directed","Control(In: ACTIVATION of BiochemicalReaction)"
"UNIPROT","Q96GD4","UNIPROT","P46060","directed","Control(In: ACTIVATION of BiochemicalReaction)"
"UNIPROT","Q96GD4","UNIPROT","P49790","directed","Control(In: ACTIVATION of BiochemicalReaction)"
"UNIPROT","Q96GD4","UNIPROT","P49792","directed","Control(In: ACTIVATION of BiochemicalReaction)"
"UNIPROT","Q96GD4","UNIPROT","P52948","directed","Control(In: ACTIVATION of BiochemicalReaction)"
"UNIPROT","Q96GD4","UNIPROT","P57740","directed","Control(In: ACTIVATION of BiochemicalReaction)"
"UNIPROT","Q96GD4","UNIPROT","P63279","directed","Control(In: ACTIVATION of BiochemicalReaction)"
"UNIPROT","Q96GD4","UNIPROT","P78406","directed","Control(In: ACTIVATION of BiochemicalReaction)"
"UNIPROT","Q96GD4","UNIPROT","Q12769","directed","Control(In: ACTIVATION of BiochemicalReaction)"
"UNIPROT","Q96GD4","UNIPROT","Q53HL2","undirected","Binding"
"UNIPROT","Q96GD4","UNIPROT","Q5SRE5","directed","Control(In: ACTIVATION of BiochemicalReaction)"
"UNIPROT","Q96GD4","UNIPROT","Q7Z3B4","directed","Control(In: ACTIVATION of BiochemicalReaction)"
"UNIPROT","Q96GD4","UNIPROT","Q8N1F7","directed","Control(In: ACTIVATION of BiochemicalReaction)"
"UNIPROT","Q96GD4","UNIPROT","Q8NFH3","directed","Control(In: ACTIVATION of BiochemicalReaction)"
"UNIPROT","Q96GD4","UNIPROT","Q8NFH4","directed","Control(In: ACTIVATION of BiochemicalReaction)"
"UNIPROT","Q96GD4","UNIPROT","Q8NFH5","directed","Control(In: ACTIVATION of BiochemicalReaction)"
"UNIPROT","Q96GD4","UNIPROT","Q8TEM1","directed","Control(In: ACTIVATION of BiochemicalReaction)"
"UNIPROT","Q96GD4","UNIPROT","Q8WUM0","directed","Control(In: ACTIVATION of BiochemicalReaction)"
"UNIPROT","Q96GD4","UNIPROT","Q92621","directed","Control(In: ACTIVATION of BiochemicalReaction)"
"UNIPROT","Q96GD4","UNIPROT","Q96EE3","directed","Control(In: ACTIVATION of BiochemicalReaction)"
"UNIPROT","Q96GD4","UNIPROT","Q96HA1","directed","Control(In: ACTIVATION of BiochemicalReaction)"
"UNIPROT","Q96GD4","UNIPROT","Q99567","directed","Control(In: ACTIVATION of BiochemicalReaction)"
"UNIPROT","Q96GD4","UNIPROT","Q9BTX1","directed","Control(In: ACTIVATION of BiochemicalReaction)"
"UNIPROT","Q96GD4","UNIPROT","Q9BVL2","directed","Control(In: ACTIVATION of BiochemicalReaction)"
"UNIPROT","Q96GD4","UNIPROT","Q9BW27","directed","Control(In: ACTIVATION of BiochemicalReaction)"
"UNIPROT","Q96GD4","UNIPROT","Q9NQS7","undirected","Binding"
"UNIPROT","Q96GD4","UNIPROT","Q9NRG9","directed","Control(In: ACTIVATION of BiochemicalReaction)"
"UNIPROT","Q96GD4","UNIPROT","Q9UKX7","directed","Control(In: ACTIVATION of BiochemicalReaction)"
"UNIPROT","Q96GD4","UNIPROT","Q9Y6X2","directed","Control(In: ACTIVATION of BiochemicalReaction)"
"UNIPROT","Q96HA1","UNIPROT","O15392","directed","Control(Out: ACTIVATION of BiochemicalReaction)"
"UNIPROT","Q96HA1","UNIPROT","O75694","undirected","Binding"
"UNIPROT","Q96HA1","UNIPROT","P11388","directed","Control(Out: ACTIVATION of BiochemicalReaction)"
"UNIPROT","Q96HA1","UNIPROT","P63279","directed","Control(Out: ACTIVATION of BiochemicalReaction)"
"UNIPROT","Q96HA1","UNIPROT","P63279","directed","Control(Out: ACTIVATION of BiochemicalReaction)"
"UNIPROT","Q96HA1","UNIPROT","P63279","undirected","Binding"
"UNIPROT","Q96HA1","UNIPROT","Q53HL2","directed","Control(Out: ACTIVATION of BiochemicalReaction)"
"UNIPROT","Q96HA1","UNIPROT","Q8N1F7","undirected","Binding"
"UNIPROT","Q96HA1","UNIPROT","Q8NFH5","undirected","Binding"
"UNIPROT","Q96HA1","UNIPROT","Q96GD4","directed","Control(Out: ACTIVATION of BiochemicalReaction)"
"UNIPROT","Q96HA1","UNIPROT","Q9NQS7","directed","Control(Out: ACTIVATION of BiochemicalReaction)"
"UNIPROT","Q99567","UNIPROT","A8CG34","undirected","Binding"
"UNIPROT","Q99567","UNIPROT","O15392","directed","Control(Out: ACTIVATION of BiochemicalReaction)"
"UNIPROT","Q99567","UNIPROT","O15504","undirected","Binding"
"UNIPROT","Q99567","UNIPROT","O75694","undirected","Binding"
"UNIPROT","Q99567","UNIPROT","P11388","directed","Control(Out: ACTIVATION of BiochemicalReaction)"
"UNIPROT","Q99567","UNIPROT","P35658","undirected","Binding"
"UNIPROT","Q99567","UNIPROT","P49790","undirected","Binding"
"UNIPROT","Q99567","UNIPROT","P63279","directed","Control(Out: ACTIVATION of BiochemicalReaction)"
"UNIPROT","Q99567","UNIPROT","P63279","directed","Control(Out: ACTIVATION of BiochemicalReaction)"
"UNIPROT","Q99567","UNIPROT","P63279","undirected","Binding"
"UNIPROT","Q99567","UNIPROT","P78406","undirected","Binding"
"UNIPROT","Q99567","UNIPROT","Q53HL2","directed","Control(Out: ACTIVATION of BiochemicalReaction)"
"UNIPROT","Q99567","UNIPROT","Q8N1F7","undirected","Binding"
"UNIPROT","Q99567","UNIPROT","Q8NFH5","undirected","Binding"
"UNIPROT","Q99567","UNIPROT","Q8TEM1","undirected","Binding"
"UNIPROT","Q99567","UNIPROT","Q96GD4","directed","Control(Out: ACTIVATION of BiochemicalReaction)"
"UNIPROT","Q99567","UNIPROT","Q96HA1","undirected","Binding"
"UNIPROT","Q99567","UNIPROT","Q9BTX1","undirected","Binding"
"UNIPROT","Q99567","UNIPROT","Q9NQS7","directed","Control(Out: ACTIVATION of BiochemicalReaction)"
"UNIPROT","Q99567","UNIPROT","Q9UKX7","undirected","Binding"
"UNIPROT","Q9BTX1","UNIPROT","A8CG34","undirected","Binding"
"UNIPROT","Q9BTX1","UNIPROT","O15392","directed","Control(Out: ACTIVATION of BiochemicalReaction)"
"UNIPROT","Q9BTX1","UNIPROT","O15504","undirected","Binding"
"UNIPROT","Q9BTX1","UNIPROT","O75694","undirected","Binding"
"UNIPROT","Q9BTX1","UNIPROT","P11388","directed","Control(Out: ACTIVATION of BiochemicalReaction)"
"UNIPROT","Q9BTX1","UNIPROT","P63279","directed","Control(Out: ACTIVATION of BiochemicalReaction)"
"UNIPROT","Q9BTX1","UNIPROT","P63279","directed","Control(Out: ACTIVATION of BiochemicalReaction)"
"UNIPROT","Q9BTX1","UNIPROT","P63279","undirected","Binding"
"UNIPROT","Q9BTX1","UNIPROT","P78406","undirected","Binding"
"UNIPROT","Q9BTX1","UNIPROT","Q53HL2","directed","Control(Out: ACTIVATION of BiochemicalReaction)"
"UNIPROT","Q9BTX1","UNIPROT","Q8N1F7","undirected","Binding"
"UNIPROT","Q9BTX1","UNIPROT","Q8NFH5","undirected","Binding"
"UNIPROT","Q9BTX1","UNIPROT","Q96GD4","directed","Control(Out: ACTIVATION of BiochemicalReaction)"
"UNIPROT","Q9BTX1","UNIPROT","Q96HA1","undirected","Binding"
"UNIPROT","Q9BTX1","UNIPROT","Q9NQS7","directed","Control(Out: ACTIVATION of BiochemicalReaction)"
"UNIPROT","Q9BVL2","UNIPROT","A8CG34","undirected","Binding"
"UNIPROT","Q9BVL2","UNIPROT","O15392","directed","Control(Out: ACTIVATION of BiochemicalReaction)"
"UNIPROT","Q9BVL2","UNIPROT","O15504","undirected","Binding"
"UNIPROT","Q9BVL2","UNIPROT","O75694","undirected","Binding"
"UNIPROT","Q9BVL2","UNIPROT","P11388","directed","Control(Out: ACTIVATION of BiochemicalReaction)"
"UNIPROT","Q9BVL2","UNIPROT","P35658","undirected","Binding"
"UNIPROT","Q9BVL2","UNIPROT","P49790","undirected","Binding"
"UNIPROT","Q9BVL2","UNIPROT","P63279","directed","Control(Out: ACTIVATION of BiochemicalReaction)"
"UNIPROT","Q9BVL2","UNIPROT","P63279","directed","Control(Out: ACTIVATION of BiochemicalReaction)"
"UNIPROT","Q9BVL2","UNIPROT","P63279","undirected","Binding"
"UNIPROT","Q9BVL2","UNIPROT","P78406","undirected","Binding"
"UNIPROT","Q9BVL2","UNIPROT","Q53HL2","directed","Control(Out: ACTIVATION of BiochemicalReaction)"
"UNIPROT","Q9BVL2","UNIPROT","Q5SRE5","undirected","Binding"
"UNIPROT","Q9BVL2","UNIPROT","Q7Z3B4","undirected","Binding"
"UNIPROT","Q9BVL2","UNIPROT","Q8N1F7","undirected","Binding"
"UNIPROT","Q9BVL2","UNIPROT","Q8NFH5","undirected","Binding"
"UNIPROT","Q9BVL2","UNIPROT","Q8TEM1","undirected","Binding"
"UNIPROT","Q9BVL2","UNIPROT","Q96GD4","directed","Control(Out: ACTIVATION of BiochemicalReaction)"
"UNIPROT","Q9BVL2","UNIPROT","Q96HA1","undirected","Binding"
"UNIPROT","Q9BVL2","UNIPROT","Q99567","undirected","Binding"
"UNIPROT","Q9BVL2","UNIPROT","Q9BTX1","undirected","Binding"
"UNIPROT","Q9BVL2","UNIPROT","Q9NQS7","directed","Control(Out: ACTIVATION of BiochemicalReaction)"
"UNIPROT","Q9BVL2","UNIPROT","Q9UKX7","undirected","Binding"
"UNIPROT","Q9BW27","UNIPROT","A8CG34","undirected","Binding"
"UNIPROT","Q9BW27","UNIPROT","O15392","directed","Control(Out: ACTIVATION of BiochemicalReaction)"
"UNIPROT","Q9BW27","UNIPROT","O15504","undirected","Binding"
"UNIPROT","Q9BW27","UNIPROT","O75694","undirected","Binding"
"UNIPROT","Q9BW27","UNIPROT","P11388","directed","Control(Out: ACTIVATION of BiochemicalReaction)"
"UNIPROT","Q9BW27","UNIPROT","P12270","undirected","Binding"
"UNIPROT","Q9BW27","UNIPROT","P35658","undirected","Binding"
"UNIPROT","Q9BW27","UNIPROT","P37198","undirected","Binding"
"UNIPROT","Q9BW27","UNIPROT","P46060","undirected","Binding"
"UNIPROT","Q9BW27","UNIPROT","P49790","undirected","Binding"
"UNIPROT","Q9BW27","UNIPROT","P52948","undirected","Binding"
"UNIPROT","Q9BW27","UNIPROT","P55735","undirected","Binding"
"UNIPROT","Q9BW27","UNIPROT","P63279","directed","Control(Out: ACTIVATION of BiochemicalReaction)"
"UNIPROT","Q9BW27","UNIPROT","P63279","directed","Control(Out: ACTIVATION of BiochemicalReaction)"
"UNIPROT","Q9BW27","UNIPROT","P63279","undirected","Binding"
"UNIPROT","Q9BW27","UNIPROT","P78406","undirected","Binding"
"UNIPROT","Q9BW27","UNIPROT","Q12769","undirected","Binding"
"UNIPROT","Q9BW27","UNIPROT","Q53HL2","directed","Control(Out: ACTIVATION of BiochemicalReaction)"
"UNIPROT","Q9BW27","UNIPROT","Q5SRE5","undirected","Binding"
"UNIPROT","Q9BW27","UNIPROT","Q7Z3B4","undirected","Binding"
"UNIPROT","Q9BW27","UNIPROT","Q8N1F7","undirected","Binding"
"UNIPROT","Q9BW27","UNIPROT","Q8NFH4","undirected","Binding"
"UNIPROT","Q9BW27","UNIPROT","Q8NFH5","undirected","Binding"
"UNIPROT","Q9BW27","UNIPROT","Q8TEM1","undirected","Binding"
"UNIPROT","Q9BW27","UNIPROT","Q92621","undirected","Binding"
"UNIPROT","Q9BW27","UNIPROT","Q96EE3","undirected","Binding"
"UNIPROT","Q9BW27","UNIPROT","Q96GD4","directed","Control(Out: ACTIVATION of BiochemicalReaction)"
"UNIPROT","Q9BW27","UNIPROT","Q96HA1","undirected","Binding"
"UNIPROT","Q9BW27","UNIPROT","Q99567","undirected","Binding"
"UNIPROT","Q9BW27","UNIPROT","Q9BTX1","undirected","Binding"
"UNIPROT","Q9BW27","UNIPROT","Q9BVL2","undirected","Binding"
"UNIPROT","Q9BW27","UNIPROT","Q9NQS7","directed","Control(Out: ACTIVATION of BiochemicalReaction)"
"UNIPROT","Q9BW27","UNIPROT","Q9UKX7","undirected","Binding"
"UNIPROT","Q9NQS7","UNIPROT","A8CG34","directed","Control(In: ACTIVATION of BiochemicalReaction)"
"UNIPROT","Q9NQS7","UNIPROT","O15504","directed","Control(In: ACTIVATION of BiochemicalReaction)"
"UNIPROT","Q9NQS7","UNIPROT","O75694","directed","Control(In: ACTIVATION of BiochemicalReaction)"
"UNIPROT","Q9NQS7","UNIPROT","P12270","directed","Control(In: ACTIVATION of BiochemicalReaction)"
"UNIPROT","Q9NQS7","UNIPROT","P35658","directed","Control(In: ACTIVATION of BiochemicalReaction)"
"UNIPROT","Q9NQS7","UNIPROT","P37198","directed","Control(In: ACTIVATION of BiochemicalReaction)"
"UNIPROT","Q9NQS7","UNIPROT","P46060","directed","Control(In: ACTIVATION of BiochemicalReaction)"
"UNIPROT","Q9NQS7","UNIPROT","P49790","directed","Control(In: ACTIVATION of BiochemicalReaction)"
"UNIPROT","Q9NQS7","UNIPROT","P49792","directed","Control(In: ACTIVATION of BiochemicalReaction)"
"UNIPROT","Q9NQS7","UNIPROT","P52948","directed","Control(In: ACTIVATION of BiochemicalReaction)"
"UNIPROT","Q9NQS7","UNIPROT","P57740","directed","Control(In: ACTIVATION of BiochemicalReaction)"
"UNIPROT","Q9NQS7","UNIPROT","P63279","directed","Control(In: ACTIVATION of BiochemicalReaction)"
"UNIPROT","Q9NQS7","UNIPROT","P78406","directed","Control(In: ACTIVATION of BiochemicalReaction)"
"UNIPROT","Q9NQS7","UNIPROT","Q12769","directed","Control(In: ACTIVATION of BiochemicalReaction)"
"UNIPROT","Q9NQS7","UNIPROT","Q5SRE5","directed","Control(In: ACTIVATION of BiochemicalReaction)"
"UNIPROT","Q9NQS7","UNIPROT","Q7Z3B4","directed","Control(In: ACTIVATION of BiochemicalReaction)"
"UNIPROT","Q9NQS7","UNIPROT","Q8N1F7","directed","Control(In: ACTIVATION of BiochemicalReaction)"
"UNIPROT","Q9NQS7","UNIPROT","Q8NFH3","directed","Control(In: ACTIVATION of BiochemicalReaction)"
"UNIPROT","Q9NQS7","UNIPROT","Q8NFH4","directed","Control(In: ACTIVATION of BiochemicalReaction)"
"UNIPROT","Q9NQS7","UNIPROT","Q8NFH5","directed","Control(In: ACTIVATION of BiochemicalReaction)"
"UNIPROT","Q9NQS7","UNIPROT","Q8TEM1","directed","Control(In: ACTIVATION of BiochemicalReaction)"
"UNIPROT","Q9NQS7","UNIPROT","Q8WUM0","directed","Control(In: ACTIVATION of BiochemicalReaction)"
"UNIPROT","Q9NQS7","UNIPROT","Q92621","directed","Control(In: ACTIVATION of BiochemicalReaction)"
"UNIPROT","Q9NQS7","UNIPROT","Q96EE3","directed","Control(In: ACTIVATION of BiochemicalReaction)"
"UNIPROT","Q9NQS7","UNIPROT","Q96HA1","directed","Control(In: ACTIVATION of BiochemicalReaction)"
"UNIPROT","Q9NQS7","UNIPROT","Q99567","directed","Control(In: ACTIVATION of BiochemicalReaction)"
"UNIPROT","Q9NQS7","UNIPROT","Q9BTX1","directed","Control(In: ACTIVATION of BiochemicalReaction)"
"UNIPROT","Q9NQS7","UNIPROT","Q9BVL2","directed","Control(In: ACTIVATION of BiochemicalReaction)"
"UNIPROT","Q9NQS7","UNIPROT","Q9BW27","directed","Control(In: ACTIVATION of BiochemicalReaction)"
"UNIPROT","Q9NQS7","UNIPROT","Q9NRG9","directed","Control(In: ACTIVATION of BiochemicalReaction)"
"UNIPROT","Q9NQS7","UNIPROT","Q9UKX7","directed","Control(In: ACTIVATION of BiochemicalReaction)"
"UNIPROT","Q9NQS7","UNIPROT","Q9Y6X2","directed","Control(In: ACTIVATION of BiochemicalReaction)"
"UNIPROT","Q9NRG9","UNIPROT","A8CG34","undirected","Binding"
"UNIPROT","Q9NRG9","UNIPROT","O15392","directed","Control(Out: ACTIVATION of BiochemicalReaction)"
"UNIPROT","Q9NRG9","UNIPROT","O15504","undirected","Binding"
"UNIPROT","Q9NRG9","UNIPROT","O75694","undirected","Binding"
"UNIPROT","Q9NRG9","UNIPROT","P11388","directed","Control(Out: ACTIVATION of BiochemicalReaction)"
"UNIPROT","Q9NRG9","UNIPROT","P12270","undirected","Binding"
"UNIPROT","Q9NRG9","UNIPROT","P35658","undirected","Binding"
"UNIPROT","Q9NRG9","UNIPROT","P37198","undirected","Binding"
"UNIPROT","Q9NRG9","UNIPROT","P46060","undirected","Binding"
"UNIPROT","Q9NRG9","UNIPROT","P49790","undirected","Binding"
"UNIPROT","Q9NRG9","UNIPROT","P49792","undirected","Binding"
"UNIPROT","Q9NRG9","UNIPROT","P52948","undirected","Binding"
"UNIPROT","Q9NRG9","UNIPROT","P55735","undirected","Binding"
"UNIPROT","Q9NRG9","UNIPROT","P57740","undirected","Binding"
"UNIPROT","Q9NRG9","UNIPROT","P63279","directed","Control(Out: ACTIVATION of BiochemicalReaction)"
"UNIPROT","Q9NRG9","UNIPROT","P63279","directed","Control(Out: ACTIVATION of BiochemicalReaction)"
"UNIPROT","Q9NRG9","UNIPROT","P63279","undirected","Binding"
"UNIPROT","Q9NRG9","UNIPROT","P78406","undirected","Binding"
"UNIPROT","Q9NRG9","UNIPROT","Q12769","undirected","Binding"
"UNIPROT","Q9NRG9","UNIPROT","Q53HL2","directed","Control(Out: ACTIVATION of BiochemicalReaction)"
"UNIPROT","Q9NRG9","UNIPROT","Q5SRE5","undirected","Binding"
"UNIPROT","Q9NRG9","UNIPROT","Q7Z3B4","undirected","Binding"
"UNIPROT","Q9NRG9","UNIPROT","Q8N1F7","undirected","Binding"
"UNIPROT","Q9NRG9","UNIPROT","Q8NFH3","undirected","Binding"
"UNIPROT","Q9NRG9","UNIPROT","Q8NFH4","undirected","Binding"
"UNIPROT","Q9NRG9","UNIPROT","Q8NFH5","undirected","Binding"
"UNIPROT","Q9NRG9","UNIPROT","Q8TEM1","undirected","Binding"
"UNIPROT","Q9NRG9","UNIPROT","Q8WUM0","undirected","Binding"
"UNIPROT","Q9NRG9","UNIPROT","Q92621","undirected","Binding"
"UNIPROT","Q9NRG9","UNIPROT","Q96EE3","undirected","Binding"
"UNIPROT","Q9NRG9","UNIPROT","Q96GD4","directed","Control(Out: ACTIVATION of BiochemicalReaction)"
"UNIPROT","Q9NRG9","UNIPROT","Q96HA1","undirected","Binding"
"UNIPROT","Q9NRG9","UNIPROT","Q99567","undirected","Binding"
"UNIPROT","Q9NRG9","UNIPROT","Q9BTX1","undirected","Binding"
"UNIPROT","Q9NRG9","UNIPROT","Q9BVL2","undirected","Binding"
"UNIPROT","Q9NRG9","UNIPROT","Q9BW27","undirected","Binding"
"UNIPROT","Q9NRG9","UNIPROT","Q9NQS7","directed","Control(Out: ACTIVATION of BiochemicalReaction)"
"UNIPROT","Q9NRG9","UNIPROT","Q9UKX7","undirected","Binding"
"UNIPROT","Q9UKX7","UNIPROT","A8CG34","undirected","Binding"
"UNIPROT","Q9UKX7","UNIPROT","O15392","directed","Control(Out: ACTIVATION of BiochemicalReaction)"
"UNIPROT","Q9UKX7","UNIPROT","O15504","undirected","Binding"
"UNIPROT","Q9UKX7","UNIPROT","O75694","undirected","Binding"
"UNIPROT","Q9UKX7","UNIPROT","P11388","directed","Control(Out: ACTIVATION of BiochemicalReaction)"
"UNIPROT","Q9UKX7","UNIPROT","P35658","undirected","Binding"
"UNIPROT","Q9UKX7","UNIPROT","P63279","directed","Control(Out: ACTIVATION of BiochemicalReaction)"
"UNIPROT","Q9UKX7","UNIPROT","P63279","directed","Control(Out: ACTIVATION of BiochemicalReaction)"
"UNIPROT","Q9UKX7","UNIPROT","P63279","undirected","Binding"
"UNIPROT","Q9UKX7","UNIPROT","P78406","undirected","Binding"
"UNIPROT","Q9UKX7","UNIPROT","Q53HL2","directed","Control(Out: ACTIVATION of BiochemicalReaction)"
"UNIPROT","Q9UKX7","UNIPROT","Q8N1F7","undirected","Binding"
"UNIPROT","Q9UKX7","UNIPROT","Q8NFH5","undirected","Binding"
"UNIPROT","Q9UKX7","UNIPROT","Q96GD4","directed","Control(Out: ACTIVATION of BiochemicalReaction)"
"UNIPROT","Q9UKX7","UNIPROT","Q96HA1","undirected","Binding"
"UNIPROT","Q9UKX7","UNIPROT","Q9BTX1","undirected","Binding"
"UNIPROT","Q9UKX7","UNIPROT","Q9NQS7","directed","Control(Out: ACTIVATION of BiochemicalReaction)"
"UNIPROT","Q9Y6X2","UNIPROT","O15392","directed","Control(Out: ACTIVATION of BiochemicalReaction)"
"UNIPROT","Q9Y6X2","UNIPROT","P63279","directed","Control(Out: ACTIVATION of BiochemicalReaction)"
"UNIPROT","Q9Y6X2","UNIPROT","Q53HL2","directed","Control(Out: ACTIVATION of BiochemicalReaction)"
"UNIPROT","Q9Y6X2","UNIPROT","Q96GD4","directed","Control(Out: ACTIVATION of BiochemicalReaction)"
"UNIPROT","Q9Y6X2","UNIPROT","Q9NQS7","directed","Control(Out: ACTIVATION of BiochemicalReaction)"
