"src_type","src","dest_type","dest","direction","type"
"UNIPROT","O14640","UNIPROT","O15169","directed","Control(Out: ACTIVATION of BiochemicalReaction)"
"UNIPROT","O14640","UNIPROT","P25054","directed","Control(Out: ACTIVATION of BiochemicalReaction)"
"UNIPROT","O14640","UNIPROT","P30153","directed","Control(Out: ACTIVATION of BiochemicalReaction)"
"UNIPROT","O14640","UNIPROT","P30154","directed","Control(Out: ACTIVATION of BiochemicalReaction)"
"UNIPROT","O14640","UNIPROT","P35222","directed","Control(Out: ACTIVATION of BiochemicalReaction)"
"UNIPROT","O14640","UNIPROT","P48729","directed","Control(Out: ACTIVATION of BiochemicalReaction)"
"UNIPROT","O14640","UNIPROT","P49841","directed","Control(Out: ACTIVATION of BiochemicalReaction)"
"UNIPROT","O14640","UNIPROT","P62714","directed","Control(Out: ACTIVATION of BiochemicalReaction)"
"UNIPROT","O14640","UNIPROT","P67775","directed","Control(Out: ACTIVATION of BiochemicalReaction)"
"UNIPROT","O14640","UNIPROT","Q13362","directed","Control(Out: ACTIVATION of BiochemicalReaction)"
"UNIPROT","O14640","UNIPROT","Q14738","directed","Control(Out: ACTIVATION of BiochemicalReaction)"
"UNIPROT","O14640","UNIPROT","Q15172","directed","Control(Out: ACTIVATION of BiochemicalReaction)"
"UNIPROT","O14640","UNIPROT","Q15173","directed","Control(Out: ACTIVATION of BiochemicalReaction)"
"UNIPROT","O14640","UNIPROT","Q16537","directed","Control(Out: ACTIVATION of BiochemicalReaction)"
"UNIPROT","O14640","UNIPROT","Q5JTC6","directed","Control(Out: ACTIVATION of BiochemicalReaction)"
"UNIPROT","O14641","UNIPROT","O15169","directed","Control(Out: ACTIVATION of BiochemicalReaction)"
"UNIPROT","O14641","UNIPROT","P25054","directed","Control(Out: ACTIVATION of BiochemicalReaction)"
"UNIPROT","O14641","UNIPROT","P30153","directed","Control(Out: ACTIVATION of BiochemicalReaction)"
"UNIPROT","O14641","UNIPROT","P30154","directed","Control(Out: ACTIVATION of BiochemicalReaction)"
"UNIPROT","O14641","UNIPROT","P35222","directed","Control(Out: ACTIVATION of BiochemicalReaction)"
"UNIPROT","O14641","UNIPROT","P48729","directed","Control(Out: ACTIVATION of BiochemicalReaction)"
"UNIPROT","O14641","UNIPROT","P49841","directed","Control(Out: ACTIVATION of BiochemicalReaction)"
"UNIPROT","O14641","UNIPROT","P62714","directed","Control(Out: ACTIVATION of BiochemicalReaction)"
"UNIPROT","O14641","UNIPROT","P67775","directed","Control(Out: ACTIVATION of BiochemicalReaction)"
"UNIPROT","O14641","UNIPROT","Q13362","directed","Control(Out: ACTIVATION of BiochemicalReaction)"
"UNIPROT","O14641","UNIPROT","Q14738","directed","Control(Out: ACTIVATION of BiochemicalReaction)"
"UNIPROT","O14641","UNIPROT","Q15172","directed","Control(Out: ACTIVATION of BiochemicalReaction)"
"UNIPROT","O14641","UNIPROT","Q15173","directed","Control(Out: ACTIVATION of BiochemicalReaction)"
"UNIPROT","O14641","UNIPROT","Q16537","directed","Control(Out: ACTIVATION of BiochemicalReaction)"
"UNIPROT","O14641","UNIPROT","Q5JTC6","directed","Control(Out: ACTIVATION of BiochemicalReaction)"
"UNIPROT","O15169","UNIPROT","O14640","undirected","Binding"
"UNIPROT","O15169","UNIPROT","O14641","undirected","Binding"
"UNIPROT","O15169","UNIPROT","O75197","undirected","Binding"
"UNIPROT","O15169","UNIPROT","O75581","undirected","Binding"
"UNIPROT","O15169","UNIPROT","P25054","directed","Control(Out: ACTIVATION of BiochemicalReaction)"
"UNIPROT","O15169","UNIPROT","P25054","undirected","Binding"
"UNIPROT","O15169","UNIPROT","P30153","directed","Control(Out: ACTIVATION of BiochemicalReaction)"
"UNIPROT","O15169","UNIPROT","P30153","undirected","Binding"
"UNIPROT","O15169","UNIPROT","P30154","directed","Control(Out: ACTIVATION of BiochemicalReaction)"
"UNIPROT","O15169","UNIPROT","P35222","directed","Control(Out: ACTIVATION of BiochemicalReaction)"
"UNIPROT","O15169","UNIPROT","P48729","directed","Control(Out: ACTIVATION of BiochemicalReaction)"
"UNIPROT","O15169","UNIPROT","P48729","undirected","Binding"
"UNIPROT","O15169","UNIPROT","P49841","undirected","Binding"
"UNIPROT","O15169","UNIPROT","P62714","directed","Control(Out: ACTIVATION of BiochemicalReaction)"
"UNIPROT","O15169","UNIPROT","P67775","directed","Control(Out: ACTIVATION of BiochemicalReaction)"
"UNIPROT","O15169","UNIPROT","Q13362","directed","Control(Out: ACTIVATION of BiochemicalReaction)"
"UNIPROT","O15169","UNIPROT","Q13362","undirected","Binding"
"UNIPROT","O15169","UNIPROT","Q14738","directed","Control(Out: ACTIVATION of BiochemicalReaction)"
"UNIPROT","O15169","UNIPROT","Q15172","directed","Control(Out: ACTIVATION of BiochemicalReaction)"
"UNIPROT","O15169","UNIPROT","Q15172","undirected","Binding"
"UNIPROT","O15169","UNIPROT","Q15173","directed","Control(Out: ACTIVATION of BiochemicalReaction)"
"UNIPROT","O15169","UNIPROT","Q15173","undirected","Binding"
"UNIPROT","O15169","UNIPROT","Q16537","directed","Control(Out: ACTIVATION of BiochemicalReaction)"
"UNIPROT","O15169","UNIPROT","Q16537","undirected","Binding"
"UNIPROT","O15169","UNIPROT","Q5JTC6","directed","Control(Out: ACTIVATION of BiochemicalReaction)"
"UNIPROT","O15169","UNIPROT","Q92997","undirected","Binding"
"UNIPROT","O75197","UNIPROT","O14640","undirected","Binding"
"UNIPROT","O75197","UNIPROT","O14641","undirected","Binding"
"UNIPROT","O75197","UNIPROT","O15169","directed","Control(Out: ACTIVATION of BiochemicalReaction)"
"UNIPROT","O75197","UNIPROT","P25054","directed","Control(Out: ACTIVATION of BiochemicalReaction)"
"UNIPROT","O75197","UNIPROT","P30153","directed","Control(Out: ACTIVATION of BiochemicalReaction)"
"UNIPROT","O75197","UNIPROT","P30154","directed","Control(Out: ACTIVATION of BiochemicalReaction)"
"UNIPROT","O75197","UNIPROT","P35222","directed","Control(Out: ACTIVATION of BiochemicalReaction)"
"UNIPROT","O75197","UNIPROT","P48729","directed","Control(Out: ACTIVATION of BiochemicalReaction)"
"UNIPROT","O75197","UNIPROT","P49841","directed","Control(Out: ACTIVATION of BiochemicalReaction)"
"UNIPROT","O75197","UNIPROT","P62714","directed","Control(Out: ACTIVATION of BiochemicalReaction)"
"UNIPROT","O75197","UNIPROT","P67775","directed","Control(Out: ACTIVATION of BiochemicalReaction)"
"UNIPROT","O75197","UNIPROT","Q13362","directed","Control(Out: ACTIVATION of BiochemicalReaction)"
"UNIPROT","O75197","UNIPROT","Q14738","directed","Control(Out: ACTIVATION of BiochemicalReaction)"
"UNIPROT","O75197","UNIPROT","Q15172","directed","Control(Out: ACTIVATION of BiochemicalReaction)"
"UNIPROT","O75197","UNIPROT","Q15173","directed","Control(Out: ACTIVATION of BiochemicalReaction)"
"UNIPROT","O75197","UNIPROT","Q16537","directed","Control(Out: ACTIVATION of BiochemicalReaction)"
"UNIPROT","O75197","UNIPROT","Q5JTC6","directed","Control(Out: ACTIVATION of BiochemicalReaction)"
"UNIPROT","O75197","UNIPROT","Q92997","undirected","Binding"
"UNIPROT","O75581","UNIPROT","O14640","undirected","Binding"
"UNIPROT","O75581","UNIPROT","O14641","undirected","Binding"
"UNIPROT","O75581","UNIPROT","O15169","directed","Control(Out: ACTIVATION of BiochemicalReaction)"
"UNIPROT","O75581","UNIPROT","P25054","directed","Control(Out: ACTIVATION of BiochemicalReaction)"
"UNIPROT","O75581","UNIPROT","P30153","directed","Control(Out: ACTIVATION of BiochemicalReaction)"
"UNIPROT","O75581","UNIPROT","P30154","directed","Control(Out: ACTIVATION of BiochemicalReaction)"
"UNIPROT","O75581","UNIPROT","P35222","directed","Control(Out: ACTIVATION of BiochemicalReaction)"
"UNIPROT","O75581","UNIPROT","P48729","directed","Control(Out: ACTIVATION of BiochemicalReaction)"
"UNIPROT","O75581","UNIPROT","P49841","directed","Control(Out: ACTIVATION of BiochemicalReaction)"
"UNIPROT","O75581","UNIPROT","P62714","directed","Control(Out: ACTIVATION of BiochemicalReaction)"
"UNIPROT","O75581","UNIPROT","P67775","directed","Control(Out: ACTIVATION of BiochemicalReaction)"
"UNIPROT","O75581","UNIPROT","Q13362","directed","Control(Out: ACTIVATION of BiochemicalReaction)"
"UNIPROT","O75581","UNIPROT","Q14738","directed","Control(Out: ACTIVATION of BiochemicalReaction)"
"UNIPROT","O75581","UNIPROT","Q15172","directed","Control(Out: ACTIVATION of BiochemicalReaction)"
"UNIPROT","O75581","UNIPROT","Q15173","directed","Control(Out: ACTIVATION of BiochemicalReaction)"
"UNIPROT","O75581","UNIPROT","Q16537","directed","Control(Out: ACTIVATION of BiochemicalReaction)"
"UNIPROT","O75581","UNIPROT","Q5JTC6","directed","Control(Out: ACTIVATION of BiochemicalReaction)"
"UNIPROT","O75581","UNIPROT","Q92997","undirected","Binding"
"UNIPROT","P04628","UNIPROT","O14640","undirected","Binding"
"UNIPROT","P04628","UNIPROT","O14641","undirected","Binding"
"UNIPROT","P04628","UNIPROT","O15169","directed","Control(Out: ACTIVATION of BiochemicalReaction)"
"UNIPROT","P04628","UNIPROT","O15169","undirected","Binding"
"UNIPROT","P04628","UNIPROT","O75197","undirected","Binding"
"UNIPROT","P04628","UNIPROT","O75581","undirected","Binding"
"UNIPROT","P04628","UNIPROT","P25054","directed","Control(Out: ACTIVATION of BiochemicalReaction)"
"UNIPROT","P04628","UNIPROT","P30153","directed","Control(Out: ACTIVATION of BiochemicalReaction)"
"UNIPROT","P04628","UNIPROT","P30154","directed","Control(Out: ACTIVATION of BiochemicalReaction)"
"UNIPROT","P04628","UNIPROT","P35222","directed","Control(Out: ACTIVATION of BiochemicalReaction)"
"UNIPROT","P04628","UNIPROT","P48729","directed","Control(Out: ACTIVATION of BiochemicalReaction)"
"UNIPROT","P04628","UNIPROT","P49841","directed","Control(Out: ACTIVATION of BiochemicalReaction)"
"UNIPROT","P04628","UNIPROT","P49841","undirected","Binding"
"UNIPROT","P04628","UNIPROT","P62714","directed","Control(Out: ACTIVATION of BiochemicalReaction)"
"UNIPROT","P04628","UNIPROT","P67775","directed","Control(Out: ACTIVATION of BiochemicalReaction)"
"UNIPROT","P04628","UNIPROT","Q13362","directed","Control(Out: ACTIVATION of BiochemicalReaction)"
"UNIPROT","P04628","UNIPROT","Q14332","undirected","Binding"
"UNIPROT","P04628","UNIPROT","Q14738","directed","Control(Out: ACTIVATION of BiochemicalReaction)"
"UNIPROT","P04628","UNIPROT","Q15172","directed","Control(Out: ACTIVATION of BiochemicalReaction)"
"UNIPROT","P04628","UNIPROT","Q15173","directed","Control(Out: ACTIVATION of BiochemicalReaction)"
"UNIPROT","P04628","UNIPROT","Q16537","directed","Control(Out: ACTIVATION of BiochemicalReaction)"
"UNIPROT","P04628","UNIPROT","Q5JTC6","directed","Control(Out: ACTIVATION of BiochemicalReaction)"
"UNIPROT","P04628","UNIPROT","Q92997","undirected","Binding"
"UNIPROT","P04628","UNIPROT","Q9UP38","undirected","Binding"
"UNIPROT","P25054","UNIPROT","P30153","undirected","Binding"
"UNIPROT","P25054","UNIPROT","P48729","undirected","Binding"
"UNIPROT","P25054","UNIPROT","P49841","undirected","Binding"
"UNIPROT","P25054","UNIPROT","Q13362","undirected","Binding"
"UNIPROT","P25054","UNIPROT","Q15172","undirected","Binding"
"UNIPROT","P25054","UNIPROT","Q15173","undirected","Binding"
"UNIPROT","P25054","UNIPROT","Q16537","undirected","Binding"
"UNIPROT","P30154","UNIPROT","O15169","undirected","Binding"
"UNIPROT","P30154","UNIPROT","P25054","undirected","Binding"
"UNIPROT","P30154","UNIPROT","P35222","undirected","Binding"
"UNIPROT","P30154","UNIPROT","P48729","undirected","Binding"
"UNIPROT","P30154","UNIPROT","P49841","undirected","Binding"
"UNIPROT","P30154","UNIPROT","Q13362","undirected","Binding"
"UNIPROT","P30154","UNIPROT","Q15172","undirected","Binding"
"UNIPROT","P30154","UNIPROT","Q15173","undirected","Binding"
"UNIPROT","P30154","UNIPROT","Q16537","undirected","Binding"
"UNIPROT","P30154","UNIPROT","Q5JTC6","undirected","Binding"
"UNIPROT","P35222","UNIPROT","O15169","undirected","Binding"
"UNIPROT","P35222","UNIPROT","P25054","undirected","Binding"
"UNIPROT","P35222","UNIPROT","P30153","undirected","Binding"
"UNIPROT","P35222","UNIPROT","P48729","undirected","Binding"
"UNIPROT","P35222","UNIPROT","P49841","undirected","Binding"
"UNIPROT","P35222","UNIPROT","Q13362","undirected","Binding"
"UNIPROT","P35222","UNIPROT","Q15172","undirected","Binding"
"UNIPROT","P35222","UNIPROT","Q15173","undirected","Binding"
"UNIPROT","P35222","UNIPROT","Q16537","undirected","Binding"
"UNIPROT","P35222","UNIPROT","Q5JTC6","undirected","Binding"
"UNIPROT","P48729","UNIPROT","P30153","undirected","Binding"
"UNIPROT","P49841","UNIPROT","O14640","undirected","Binding"
"UNIPROT","P49841","UNIPROT","O14641","undirected","Binding"
"UNIPROT","P49841","UNIPROT","O75197","undirected","Binding"
"UNIPROT","P49841","UNIPROT","O75474","undirected","Binding"
"UNIPROT","P49841","UNIPROT","O75581","undirected","Binding"
"UNIPROT","P49841","UNIPROT","P25054","directed","Control(Out: ACTIVATION of BiochemicalReaction)"
"UNIPROT","P49841","UNIPROT","P30153","directed","Control(Out: ACTIVATION of BiochemicalReaction)"
"UNIPROT","P49841","UNIPROT","P30153","undirected","Binding"
"UNIPROT","P49841","UNIPROT","P30154","directed","Control(Out: ACTIVATION of BiochemicalReaction)"
"UNIPROT","P49841","UNIPROT","P35222","directed","Control(Out: ACTIVATION of BiochemicalReaction)"
"UNIPROT","P49841","UNIPROT","P48729","directed","Control(Out: ACTIVATION of BiochemicalReaction)"
"UNIPROT","P49841","UNIPROT","P48729","undirected","Binding"
"UNIPROT","P49841","UNIPROT","P62714","directed","Control(Out: ACTIVATION of BiochemicalReaction)"
"UNIPROT","P49841","UNIPROT","P67775","directed","Control(Out: ACTIVATION of BiochemicalReaction)"
"UNIPROT","P49841","UNIPROT","Q13362","directed","Control(Out: ACTIVATION of BiochemicalReaction)"
"UNIPROT","P49841","UNIPROT","Q13362","undirected","Binding"
"UNIPROT","P49841","UNIPROT","Q14738","directed","Control(Out: ACTIVATION of BiochemicalReaction)"
"UNIPROT","P49841","UNIPROT","Q15172","directed","Control(Out: ACTIVATION of BiochemicalReaction)"
"UNIPROT","P49841","UNIPROT","Q15172","undirected","Binding"
"UNIPROT","P49841","UNIPROT","Q15173","directed","Control(Out: ACTIVATION of BiochemicalReaction)"
"UNIPROT","P49841","UNIPROT","Q15173","undirected","Binding"
"UNIPROT","P49841","UNIPROT","Q16537","directed","Control(Out: ACTIVATION of BiochemicalReaction)"
"UNIPROT","P49841","UNIPROT","Q16537","undirected","Binding"
"UNIPROT","P49841","UNIPROT","Q5JTC6","directed","Control(Out: ACTIVATION of BiochemicalReaction)"
"UNIPROT","P49841","UNIPROT","Q92837","undirected","Binding"
"UNIPROT","P49841","UNIPROT","Q92997","undirected","Binding"
"UNIPROT","P56704","UNIPROT","O14640","undirected","Binding"
"UNIPROT","P56704","UNIPROT","O14641","undirected","Binding"
"UNIPROT","P56704","UNIPROT","O15169","directed","Control(Out: ACTIVATION of BiochemicalReaction)"
"UNIPROT","P56704","UNIPROT","O15169","undirected","Binding"
"UNIPROT","P56704","UNIPROT","O75197","undirected","Binding"
"UNIPROT","P56704","UNIPROT","O75581","undirected","Binding"
"UNIPROT","P56704","UNIPROT","P25054","directed","Control(Out: ACTIVATION of BiochemicalReaction)"
"UNIPROT","P56704","UNIPROT","P30153","directed","Control(Out: ACTIVATION of BiochemicalReaction)"
"UNIPROT","P56704","UNIPROT","P30154","directed","Control(Out: ACTIVATION of BiochemicalReaction)"
"UNIPROT","P56704","UNIPROT","P35222","directed","Control(Out: ACTIVATION of BiochemicalReaction)"
"UNIPROT","P56704","UNIPROT","P48729","directed","Control(Out: ACTIVATION of BiochemicalReaction)"
"UNIPROT","P56704","UNIPROT","P49841","directed","Control(Out: ACTIVATION of BiochemicalReaction)"
"UNIPROT","P56704","UNIPROT","P49841","undirected","Binding"
"UNIPROT","P56704","UNIPROT","P62714","directed","Control(Out: ACTIVATION of BiochemicalReaction)"
"UNIPROT","P56704","UNIPROT","P67775","directed","Control(Out: ACTIVATION of BiochemicalReaction)"
"UNIPROT","P56704","UNIPROT","Q13362","directed","Control(Out: ACTIVATION of BiochemicalReaction)"
"UNIPROT","P56704","UNIPROT","Q13467","undirected","Binding"
"UNIPROT","P56704","UNIPROT","Q14332","undirected","Binding"
"UNIPROT","P56704","UNIPROT","Q14738","directed","Control(Out: ACTIVATION of BiochemicalReaction)"
"UNIPROT","P56704","UNIPROT","Q15172","directed","Control(Out: ACTIVATION of BiochemicalReaction)"
"UNIPROT","P56704","UNIPROT","Q15173","directed","Control(Out: ACTIVATION of BiochemicalReaction)"
"UNIPROT","P56704","UNIPROT","Q16537","directed","Control(Out: ACTIVATION of BiochemicalReaction)"
"UNIPROT","P56704","UNIPROT","Q5JTC6","directed","Control(Out: ACTIVATION of BiochemicalReaction)"
"UNIPROT","P56704","UNIPROT","Q92997","undirected","Binding"
"UNIPROT","P56704","UNIPROT","Q9UP38","undirected","Binding"
"UNIPROT","P62714","UNIPROT","O15169","undirected","Binding"
"UNIPROT","P62714","UNIPROT","P25054","undirected","Binding"
"UNIPROT","P62714","UNIPROT","P30153","undirected","Binding"
"UNIPROT","P62714","UNIPROT","P30154","undirected","Binding"
"UNIPROT","P62714","UNIPROT","P35222","undirected","Binding"
"UNIPROT","P62714","UNIPROT","P48729","undirected","Binding"
"UNIPROT","P62714","UNIPROT","P49841","undirected","Binding"
"UNIPROT","P62714","UNIPROT","Q13362","undirected","Binding"
"UNIPROT","P62714","UNIPROT","Q14738","undirected","Binding"
"UNIPROT","P62714","UNIPROT","Q15172","undirected","Binding"
"UNIPROT","P62714","UNIPROT","Q15173","undirected","Binding"
"UNIPROT","P62714","UNIPROT","Q16537","undirected","Binding"
"UNIPROT","P62714","UNIPROT","Q5JTC6","undirected","Binding"
"UNIPROT","P67775","UNIPROT","O15169","undirected","Binding"
"UNIPROT","P67775","UNIPROT","P25054","undirected","Binding"
"UNIPROT","P67775","UNIPROT","P30153","undirected","Binding"
"UNIPROT","P67775","UNIPROT","P30154","undirected","Binding"
"UNIPROT","P67775","UNIPROT","P35222","undirected","Binding"
"UNIPROT","P67775","UNIPROT","P48729","undirected","Binding"
"UNIPROT","P67775","UNIPROT","P49841","undirected","Binding"
"UNIPROT","P67775","UNIPROT","Q13362","undirected","Binding"
"UNIPROT","P67775","UNIPROT","Q14738","undirected","Binding"
"UNIPROT","P67775","UNIPROT","Q15172","undirected","Binding"
"UNIPROT","P67775","UNIPROT","Q15173","undirected","Binding"
"UNIPROT","P67775","UNIPROT","Q16537","undirected","Binding"
"UNIPROT","P67775","UNIPROT","Q5JTC6","undirected","Binding"
"UNIPROT","P78368","UNIPROT","O14640","directed","Control(Out: ACTIVATION of BiochemicalReaction)"
"UNIPROT","P78368","UNIPROT","O14641","directed","Control(Out: ACTIVATION of BiochemicalReaction)"
"UNIPROT","P78368","UNIPROT","O15169","directed","Control(Out: ACTIVATION of BiochemicalReaction)"
"UNIPROT","P78368","UNIPROT","O75197","directed","Control(Out: ACTIVATION of BiochemicalReaction)"
"UNIPROT","P78368","UNIPROT","O75581","directed","Control(Out: ACTIVATION of BiochemicalReaction)"
"UNIPROT","P78368","UNIPROT","P04628","directed","Control(Out: ACTIVATION of BiochemicalReaction)"
"UNIPROT","P78368","UNIPROT","P49841","directed","Control(Out: ACTIVATION of BiochemicalReaction)"
"UNIPROT","P78368","UNIPROT","P56704","directed","Control(Out: ACTIVATION of BiochemicalReaction)"
"UNIPROT","P78368","UNIPROT","Q14332","directed","Control(Out: ACTIVATION of BiochemicalReaction)"
"UNIPROT","P78368","UNIPROT","Q92997","directed","Control(Out: ACTIVATION of BiochemicalReaction)"
"UNIPROT","P78368","UNIPROT","Q93098","directed","Control(Out: ACTIVATION of BiochemicalReaction)"
"UNIPROT","P78368","UNIPROT","Q9H1J5","directed","Control(Out: ACTIVATION of BiochemicalReaction)"
"UNIPROT","P78368","UNIPROT","Q9UP38","directed","Control(Out: ACTIVATION of BiochemicalReaction)"
"UNIPROT","Q03135","UNIPROT","O15169","undirected","Binding"
"UNIPROT","Q03135","UNIPROT","O75581","undirected","Binding"
"UNIPROT","Q03135","UNIPROT","P49841","undirected","Binding"
"UNIPROT","Q03135","UNIPROT","P56704","undirected","Binding"
"UNIPROT","Q03135","UNIPROT","Q13467","undirected","Binding"
"UNIPROT","Q13362","UNIPROT","P30153","undirected","Binding"
"UNIPROT","Q13362","UNIPROT","P48729","undirected","Binding"
"UNIPROT","Q13467","UNIPROT","O15169","undirected","Binding"
"UNIPROT","Q13467","UNIPROT","O75581","undirected","Binding"
"UNIPROT","Q13467","UNIPROT","P49841","undirected","Binding"
"UNIPROT","Q14332","UNIPROT","O14640","undirected","Binding"
"UNIPROT","Q14332","UNIPROT","O14641","undirected","Binding"
"UNIPROT","Q14332","UNIPROT","O15169","directed","Control(Out: ACTIVATION of BiochemicalReaction)"
"UNIPROT","Q14332","UNIPROT","O15169","undirected","Binding"
"UNIPROT","Q14332","UNIPROT","O75197","undirected","Binding"
"UNIPROT","Q14332","UNIPROT","O75581","undirected","Binding"
"UNIPROT","Q14332","UNIPROT","P25054","directed","Control(Out: ACTIVATION of BiochemicalReaction)"
"UNIPROT","Q14332","UNIPROT","P30153","directed","Control(Out: ACTIVATION of BiochemicalReaction)"
"UNIPROT","Q14332","UNIPROT","P30154","directed","Control(Out: ACTIVATION of BiochemicalReaction)"
"UNIPROT","Q14332","UNIPROT","P35222","directed","Control(Out: ACTIVATION of BiochemicalReaction)"
"UNIPROT","Q14332","UNIPROT","P48729","directed","Control(Out: ACTIVATION of BiochemicalReaction)"
"UNIPROT","Q14332","UNIPROT","P49841","directed","Control(Out: ACTIVATION of BiochemicalReaction)"
"UNIPROT","Q14332","UNIPROT","P49841","undirected","Binding"
"UNIPROT","Q14332","UNIPROT","P62714","directed","Control(Out: ACTIVATION of BiochemicalReaction)"
"UNIPROT","Q14332","UNIPROT","P67775","directed","Control(Out: ACTIVATION of BiochemicalReaction)"
"UNIPROT","Q14332","UNIPROT","Q13362","directed","Control(Out: ACTIVATION of BiochemicalReaction)"
"UNIPROT","Q14332","UNIPROT","Q14738","directed","Control(Out: ACTIVATION of BiochemicalReaction)"
"UNIPROT","Q14332","UNIPROT","Q15172","directed","Control(Out: ACTIVATION of BiochemicalReaction)"
"UNIPROT","Q14332","UNIPROT","Q15173","directed","Control(Out: ACTIVATION of BiochemicalReaction)"
"UNIPROT","Q14332","UNIPROT","Q16537","directed","Control(Out: ACTIVATION of BiochemicalReaction)"
"UNIPROT","Q14332","UNIPROT","Q5JTC6","directed","Control(Out: ACTIVATION of BiochemicalReaction)"
"UNIPROT","Q14332","UNIPROT","Q92997","undirected","Binding"
"UNIPROT","Q14738","UNIPROT","O15169","undirected","Binding"
"UNIPROT","Q14738","UNIPROT","P25054","undirected","Binding"
"UNIPROT","Q14738","UNIPROT","P30153","undirected","Binding"
"UNIPROT","Q14738","UNIPROT","P30154","undirected","Binding"
"UNIPROT","Q14738","UNIPROT","P35222","undirected","Binding"
"UNIPROT","Q14738","UNIPROT","P48729","undirected","Binding"
"UNIPROT","Q14738","UNIPROT","P49841","undirected","Binding"
"UNIPROT","Q14738","UNIPROT","Q5JTC6","undirected","Binding"
"UNIPROT","Q15172","UNIPROT","P30153","undirected","Binding"
"UNIPROT","Q15172","UNIPROT","P48729","undirected","Binding"
"UNIPROT","Q15173","UNIPROT","P30153","undirected","Binding"
"UNIPROT","Q15173","UNIPROT","P48729","undirected","Binding"
"UNIPROT","Q16537","UNIPROT","P30153","undirected","Binding"
"UNIPROT","Q16537","UNIPROT","P48729","undirected","Binding"
"UNIPROT","Q5JTC6","UNIPROT","O15169","undirected","Binding"
"UNIPROT","Q5JTC6","UNIPROT","P25054","undirected","Binding"
"UNIPROT","Q5JTC6","UNIPROT","P30153","undirected","Binding"
"UNIPROT","Q5JTC6","UNIPROT","P48729","undirected","Binding"
"UNIPROT","Q5JTC6","UNIPROT","P49841","undirected","Binding"
"UNIPROT","Q5JTC6","UNIPROT","Q13362","undirected","Binding"
"UNIPROT","Q5JTC6","UNIPROT","Q15172","undirected","Binding"
"UNIPROT","Q5JTC6","UNIPROT","Q15173","undirected","Binding"
"UNIPROT","Q5JTC6","UNIPROT","Q16537","undirected","Binding"
"UNIPROT","Q92997","UNIPROT","O15169","directed","Control(Out: ACTIVATION of BiochemicalReaction)"
"UNIPROT","Q92997","UNIPROT","P25054","directed","Control(Out: ACTIVATION of BiochemicalReaction)"
"UNIPROT","Q92997","UNIPROT","P30153","directed","Control(Out: ACTIVATION of BiochemicalReaction)"
"UNIPROT","Q92997","UNIPROT","P30154","directed","Control(Out: ACTIVATION of BiochemicalReaction)"
"UNIPROT","Q92997","UNIPROT","P35222","directed","Control(Out: ACTIVATION of BiochemicalReaction)"
"UNIPROT","Q92997","UNIPROT","P48729","directed","Control(Out: ACTIVATION of BiochemicalReaction)"
"UNIPROT","Q92997","UNIPROT","P49841","directed","Control(Out: ACTIVATION of BiochemicalReaction)"
"UNIPROT","Q92997","UNIPROT","P62714","directed","Control(Out: ACTIVATION of BiochemicalReaction)"
"UNIPROT","Q92997","UNIPROT","P67775","directed","Control(Out: ACTIVATION of BiochemicalReaction)"
"UNIPROT","Q92997","UNIPROT","Q13362","directed","Control(Out: ACTIVATION of BiochemicalReaction)"
"UNIPROT","Q92997","UNIPROT","Q14738","directed","Control(Out: ACTIVATION of BiochemicalReaction)"
"UNIPROT","Q92997","UNIPROT","Q15172","directed","Control(Out: ACTIVATION of BiochemicalReaction)"
"UNIPROT","Q92997","UNIPROT","Q15173","directed","Control(Out: ACTIVATION of BiochemicalReaction)"
"UNIPROT","Q92997","UNIPROT","Q16537","directed","Control(Out: ACTIVATION of BiochemicalReaction)"
"UNIPROT","Q92997","UNIPROT","Q5JTC6","directed","Control(Out: ACTIVATION of BiochemicalReaction)"
"UNIPROT","Q93098","UNIPROT","O14640","undirected","Binding"
"UNIPROT","Q93098","UNIPROT","O14641","undirected","Binding"
"UNIPROT","Q93098","UNIPROT","O15169","directed","Control(Out: ACTIVATION of BiochemicalReaction)"
"UNIPROT","Q93098","UNIPROT","O15169","undirected","Binding"
"UNIPROT","Q93098","UNIPROT","O75197","undirected","Binding"
"UNIPROT","Q93098","UNIPROT","O75581","undirected","Binding"
"UNIPROT","Q93098","UNIPROT","P25054","directed","Control(Out: ACTIVATION of BiochemicalReaction)"
"UNIPROT","Q93098","UNIPROT","P30153","directed","Control(Out: ACTIVATION of BiochemicalReaction)"
"UNIPROT","Q93098","UNIPROT","P30154","directed","Control(Out: ACTIVATION of BiochemicalReaction)"
"UNIPROT","Q93098","UNIPROT","P35222","directed","Control(Out: ACTIVATION of BiochemicalReaction)"
"UNIPROT","Q93098","UNIPROT","P48729","directed","Control(Out: ACTIVATION of BiochemicalReaction)"
"UNIPROT","Q93098","UNIPROT","P49841","directed","Control(Out: ACTIVATION of BiochemicalReaction)"
"UNIPROT","Q93098","UNIPROT","P49841","undirected","Binding"
"UNIPROT","Q93098","UNIPROT","P62714","directed","Control(Out: ACTIVATION of BiochemicalReaction)"
"UNIPROT","Q93098","UNIPROT","P67775","directed","Control(Out: ACTIVATION of BiochemicalReaction)"
"UNIPROT","Q93098","UNIPROT","Q13362","directed","Control(Out: ACTIVATION of BiochemicalReaction)"
"UNIPROT","Q93098","UNIPROT","Q14332","undirected","Binding"
"UNIPROT","Q93098","UNIPROT","Q14738","directed","Control(Out: ACTIVATION of BiochemicalReaction)"
"UNIPROT","Q93098","UNIPROT","Q15172","directed","Control(Out: ACTIVATION of BiochemicalReaction)"
"UNIPROT","Q93098","UNIPROT","Q15173","directed","Control(Out: ACTIVATION of BiochemicalReaction)"
"UNIPROT","Q93098","UNIPROT","Q16537","directed","Control(Out: ACTIVATION of BiochemicalReaction)"
"UNIPROT","Q93098","UNIPROT","Q5JTC6","directed","Control(Out: ACTIVATION of BiochemicalReaction)"
"UNIPROT","Q93098","UNIPROT","Q92997","undirected","Binding"
"UNIPROT","Q93098","UNIPROT","Q9UP38","undirected","Binding"
"UNIPROT","Q9H1J5","UNIPROT","O14640","undirected","Binding"
"UNIPROT","Q9H1J5","UNIPROT","O14641","undirected","Binding"
"UNIPROT","Q9H1J5","UNIPROT","O15169","directed","Control(Out: ACTIVATION of BiochemicalReaction)"
"UNIPROT","Q9H1J5","UNIPROT","O15169","undirected","Binding"
"UNIPROT","Q9H1J5","UNIPROT","O75197","undirected","Binding"
"UNIPROT","Q9H1J5","UNIPROT","O75581","undirected","Binding"
"UNIPROT","Q9H1J5","UNIPROT","P25054","directed","Control(Out: ACTIVATION of BiochemicalReaction)"
"UNIPROT","Q9H1J5","UNIPROT","P30153","directed","Control(Out: ACTIVATION of BiochemicalReaction)"
"UNIPROT","Q9H1J5","UNIPROT","P30154","directed","Control(Out: ACTIVATION of BiochemicalReaction)"
"UNIPROT","Q9H1J5","UNIPROT","P35222","directed","Control(Out: ACTIVATION of BiochemicalReaction)"
"UNIPROT","Q9H1J5","UNIPROT","P48729","directed","Control(Out: ACTIVATION of BiochemicalReaction)"
"UNIPROT","Q9H1J5","UNIPROT","P49841","directed","Control(Out: ACTIVATION of BiochemicalReaction)"
"UNIPROT","Q9H1J5","UNIPROT","P49841","undirected","Binding"
"UNIPROT","Q9H1J5","UNIPROT","P62714","directed","Control(Out: ACTIVATION of BiochemicalReaction)"
"UNIPROT","Q9H1J5","UNIPROT","P67775","directed","Control(Out: ACTIVATION of BiochemicalReaction)"
"UNIPROT","Q9H1J5","UNIPROT","Q13362","directed","Control(Out: ACTIVATION of BiochemicalReaction)"
"UNIPROT","Q9H1J5","UNIPROT","Q14332","undirected","Binding"
"UNIPROT","Q9H1J5","UNIPROT","Q14738","directed","Control(Out: ACTIVATION of BiochemicalReaction)"
"UNIPROT","Q9H1J5","UNIPROT","Q15172","directed","Control(Out: ACTIVATION of BiochemicalReaction)"
"UNIPROT","Q9H1J5","UNIPROT","Q15173","directed","Control(Out: ACTIVATION of BiochemicalReaction)"
"UNIPROT","Q9H1J5","UNIPROT","Q16537","directed","Control(Out: ACTIVATION of BiochemicalReaction)"
"UNIPROT","Q9H1J5","UNIPROT","Q5JTC6","directed","Control(Out: ACTIVATION of BiochemicalReaction)"
"UNIPROT","Q9H1J5","UNIPROT","Q92997","undirected","Binding"
"UNIPROT","Q9H1J5","UNIPROT","Q9UP38","undirected","Binding"
"UNIPROT","Q9UP38","UNIPROT","O14640","undirected","Binding"
"UNIPROT","Q9UP38","UNIPROT","O14641","undirected","Binding"
"UNIPROT","Q9UP38","UNIPROT","O15169","directed","Control(Out: ACTIVATION of BiochemicalReaction)"
"UNIPROT","Q9UP38","UNIPROT","O15169","undirected","Binding"
"UNIPROT","Q9UP38","UNIPROT","O75197","undirected","Binding"
"UNIPROT","Q9UP38","UNIPROT","O75581","undirected","Binding"
"UNIPROT","Q9UP38","UNIPROT","P25054","directed","Control(Out: ACTIVATION of BiochemicalReaction)"
"UNIPROT","Q9UP38","UNIPROT","P30153","directed","Control(Out: ACTIVATION of BiochemicalReaction)"
"UNIPROT","Q9UP38","UNIPROT","P30154","directed","Control(Out: ACTIVATION of BiochemicalReaction)"
"UNIPROT","Q9UP38","UNIPROT","P35222","directed","Control(Out: ACTIVATION of BiochemicalReaction)"
"UNIPROT","Q9UP38","UNIPROT","P48729","directed","Control(Out: ACTIVATION of BiochemicalReaction)"
"UNIPROT","Q9UP38","UNIPROT","P49841","directed","Control(Out: ACTIVATION of BiochemicalReaction)"
"UNIPROT","Q9UP38","UNIPROT","P49841","undirected","Binding"
"UNIPROT","Q9UP38","UNIPROT","P62714","directed","Control(Out: ACTIVATION of BiochemicalReaction)"
"UNIPROT","Q9UP38","UNIPROT","P67775","directed","Control(Out: ACTIVATION of BiochemicalReaction)"
"UNIPROT","Q9UP38","UNIPROT","Q13362","directed","Control(Out: ACTIVATION of BiochemicalReaction)"
"UNIPROT","Q9UP38","UNIPROT","Q14738","directed","Control(Out: ACTIVATION of BiochemicalReaction)"
"UNIPROT","Q9UP38","UNIPROT","Q15172","directed","Control(Out: ACTIVATION of BiochemicalReaction)"
"UNIPROT","Q9UP38","UNIPROT","Q15173","directed","Control(Out: ACTIVATION of BiochemicalReaction)"
"UNIPROT","Q9UP38","UNIPROT","Q16537","directed","Control(Out: ACTIVATION of BiochemicalReaction)"
"UNIPROT","Q9UP38","UNIPROT","Q5JTC6","directed","Control(Out: ACTIVATION of BiochemicalReaction)"
"UNIPROT","Q9UP38","UNIPROT","Q92997","undirected","Binding"
