"src_type","src","dest_type","dest","direction","type"
"UNIPROT","Q04724","UNIPROT","P36402","undirected","Binding"
"UNIPROT","Q04724","UNIPROT","Q08117","undirected","Binding"
"UNIPROT","Q04724","UNIPROT","Q9HCS4","undirected","Binding"
"UNIPROT","Q04724","UNIPROT","Q9NQB0","undirected","Binding"
"UNIPROT","Q04724","UNIPROT","Q9UJU2","undirected","Binding"
"UNIPROT","Q04725","UNIPROT","P36402","undirected","Binding"
"UNIPROT","Q04725","UNIPROT","Q08117","undirected","Binding"
"UNIPROT","Q04725","UNIPROT","Q9HCS4","undirected","Binding"
"UNIPROT","Q04725","UNIPROT","Q9NQB0","undirected","Binding"
"UNIPROT","Q04725","UNIPROT","Q9UJU2","undirected","Binding"
"UNIPROT","Q04726","UNIPROT","P36402","undirected","Binding"
"UNIPROT","Q04726","UNIPROT","Q08117","undirected","Binding"
"UNIPROT","Q04726","UNIPROT","Q9HCS4","undirected","Binding"
"UNIPROT","Q04726","UNIPROT","Q9NQB0","undirected","Binding"
"UNIPROT","Q04726","UNIPROT","Q9UJU2","undirected","Binding"
"UNIPROT","Q04727","UNIPROT","P36402","undirected","Binding"
"UNIPROT","Q04727","UNIPROT","Q08117","undirected","Binding"
"UNIPROT","Q04727","UNIPROT","Q9HCS4","undirected","Binding"
"UNIPROT","Q04727","UNIPROT","Q9NQB0","undirected","Binding"
"UNIPROT","Q04727","UNIPROT","Q9UJU2","undirected","Binding"
"UNIPROT","Q13547","UNIPROT","P36402","undirected","Binding"
"UNIPROT","Q13547","UNIPROT","Q04724","undirected","Binding"
"UNIPROT","Q13547","UNIPROT","Q04725","undirected","Binding"
"UNIPROT","Q13547","UNIPROT","Q04726","undirected","Binding"
"UNIPROT","Q13547","UNIPROT","Q04727","undirected","Binding"
"UNIPROT","Q13547","UNIPROT","Q9HCS4","undirected","Binding"
"UNIPROT","Q13547","UNIPROT","Q9NQB0","undirected","Binding"
"UNIPROT","Q13547","UNIPROT","Q9UJU2","undirected","Binding"
"UNIPROT","Q9HCS4","UNIPROT","P56545","undirected","Binding"
"UNIPROT","Q9HCS4","UNIPROT","Q13363","undirected","Binding"
"UNIPROT","Q9NQB0","UNIPROT","P56545","undirected","Binding"
"UNIPROT","Q9NQB0","UNIPROT","Q13363","undirected","Binding"
