"src_type","src","dest_type","dest","direction","type"
"UNIPROT","P30154","UNIPROT","Q13362","undirected","Binding"
"UNIPROT","P30154","UNIPROT","Q15172","undirected","Binding"
"UNIPROT","P30154","UNIPROT","Q15173","undirected","Binding"
"UNIPROT","P30154","UNIPROT","Q16537","undirected","Binding"
"UNIPROT","P62714","UNIPROT","P30153","undirected","Binding"
"UNIPROT","P62714","UNIPROT","P30154","undirected","Binding"
"UNIPROT","P62714","UNIPROT","Q13362","undirected","Binding"
"UNIPROT","P62714","UNIPROT","Q14738","undirected","Binding"
"UNIPROT","P62714","UNIPROT","Q15172","undirected","Binding"
"UNIPROT","P62714","UNIPROT","Q15173","undirected","Binding"
"UNIPROT","P62714","UNIPROT","Q16537","undirected","Binding"
"UNIPROT","P67775","UNIPROT","P30153","undirected","Binding"
"UNIPROT","P67775","UNIPROT","P30154","undirected","Binding"
"UNIPROT","P67775","UNIPROT","Q13362","undirected","Binding"
"UNIPROT","P67775","UNIPROT","Q14738","undirected","Binding"
"UNIPROT","P67775","UNIPROT","Q15172","undirected","Binding"
"UNIPROT","P67775","UNIPROT","Q15173","undirected","Binding"
"UNIPROT","P67775","UNIPROT","Q16537","undirected","Binding"
"UNIPROT","Q13362","UNIPROT","P30153","undirected","Binding"
"UNIPROT","Q14738","UNIPROT","P30153","undirected","Binding"
"UNIPROT","Q14738","UNIPROT","P30154","undirected","Binding"
"UNIPROT","Q15172","UNIPROT","P30153","undirected","Binding"
"UNIPROT","Q15173","UNIPROT","P30153","undirected","Binding"
"UNIPROT","Q16537","UNIPROT","P30153","undirected","Binding"
