"src_type","src","dest_type","dest","direction","type"
"UNIPROT","P15531","UNIPROT","P22392","undirected","Binding"
"UNIPROT","P15531","UNIPROT","Q13232","undirected","Binding"
"UNIPROT","P23921","UNIPROT","P10599","directed","Control(Out: ACTIVATION of BiochemicalReaction)"
"UNIPROT","P23921","UNIPROT","P35754","directed","Control(Out: ACTIVATION of BiochemicalReaction)"
"UNIPROT","P23921","UNIPROT","Q7LG56","undirected","Binding"
"UNIPROT","P31350","UNIPROT","P10599","directed","Control(Out: ACTIVATION of BiochemicalReaction)"
"UNIPROT","P31350","UNIPROT","P23921","undirected","Binding"
"UNIPROT","P31350","UNIPROT","P35754","directed","Control(Out: ACTIVATION of BiochemicalReaction)"
"UNIPROT","Q16881","UNIPROT","P10599","directed","Control(Out: ACTIVATION of BiochemicalReaction)"
"UNIPROT","Q7LG56","UNIPROT","P10599","directed","Control(Out: ACTIVATION of BiochemicalReaction)"
"UNIPROT","Q7LG56","UNIPROT","P35754","directed","Control(Out: ACTIVATION of BiochemicalReaction)"
