"src_type","src","dest_type","dest","direction","type"
"UNIPROT","P15941","UNIPROT","Q96EU7","directed","Control(In: ACTIVATION of BiochemicalReaction)"
"UNIPROT","P15941","UNIPROT","Q9NS00","directed","Control(In: ACTIVATION of BiochemicalReaction)"
"UNIPROT","P98088","UNIPROT","Q96EU7","directed","Control(In: ACTIVATION of BiochemicalReaction)"
"UNIPROT","P98088","UNIPROT","Q9NS00","directed","Control(In: ACTIVATION of BiochemicalReaction)"
"UNIPROT","Q02505","UNIPROT","Q96EU7","directed","Control(In: ACTIVATION of BiochemicalReaction)"
"UNIPROT","Q02505","UNIPROT","Q9NS00","directed","Control(In: ACTIVATION of BiochemicalReaction)"
"UNIPROT","Q02817","UNIPROT","Q96EU7","directed","Control(In: ACTIVATION of BiochemicalReaction)"
"UNIPROT","Q02817","UNIPROT","Q9NS00","directed","Control(In: ACTIVATION of BiochemicalReaction)"
"UNIPROT","Q5SSG8","UNIPROT","Q96EU7","directed","Control(In: ACTIVATION of BiochemicalReaction)"
"UNIPROT","Q5SSG8","UNIPROT","Q9NS00","directed","Control(In: ACTIVATION of BiochemicalReaction)"
"UNIPROT","Q685J3","UNIPROT","Q96EU7","directed","Control(In: ACTIVATION of BiochemicalReaction)"
"UNIPROT","Q685J3","UNIPROT","Q9NS00","directed","Control(In: ACTIVATION of BiochemicalReaction)"
"UNIPROT","Q6W4X9","UNIPROT","Q96EU7","directed","Control(In: ACTIVATION of BiochemicalReaction)"
"UNIPROT","Q6W4X9","UNIPROT","Q9NS00","directed","Control(In: ACTIVATION of BiochemicalReaction)"
"UNIPROT","Q7Z5P9","UNIPROT","Q96EU7","directed","Control(In: ACTIVATION of BiochemicalReaction)"
"UNIPROT","Q7Z5P9","UNIPROT","Q9NS00","directed","Control(In: ACTIVATION of BiochemicalReaction)"
"UNIPROT","Q8N307","UNIPROT","Q96EU7","directed","Control(In: ACTIVATION of BiochemicalReaction)"
"UNIPROT","Q8N307","UNIPROT","Q9NS00","directed","Control(In: ACTIVATION of BiochemicalReaction)"
"UNIPROT","Q8N387","UNIPROT","Q96EU7","directed","Control(In: ACTIVATION of BiochemicalReaction)"
"UNIPROT","Q8N387","UNIPROT","Q9NS00","directed","Control(In: ACTIVATION of BiochemicalReaction)"
"UNIPROT","Q8TAX7","UNIPROT","Q96EU7","directed","Control(In: ACTIVATION of BiochemicalReaction)"
"UNIPROT","Q8TAX7","UNIPROT","Q9NS00","directed","Control(In: ACTIVATION of BiochemicalReaction)"
"UNIPROT","Q8WXI7","UNIPROT","Q96EU7","directed","Control(In: ACTIVATION of BiochemicalReaction)"
"UNIPROT","Q8WXI7","UNIPROT","Q9NS00","directed","Control(In: ACTIVATION of BiochemicalReaction)"
"UNIPROT","Q96DR8","UNIPROT","Q96EU7","directed","Control(In: ACTIVATION of BiochemicalReaction)"
"UNIPROT","Q96DR8","UNIPROT","Q9NS00","directed","Control(In: ACTIVATION of BiochemicalReaction)"
"UNIPROT","Q99102","UNIPROT","Q96EU7","directed","Control(In: ACTIVATION of BiochemicalReaction)"
"UNIPROT","Q99102","UNIPROT","Q9NS00","directed","Control(In: ACTIVATION of BiochemicalReaction)"
"UNIPROT","Q9H195","UNIPROT","Q96EU7","directed","Control(In: ACTIVATION of BiochemicalReaction)"
"UNIPROT","Q9H195","UNIPROT","Q9NS00","directed","Control(In: ACTIVATION of BiochemicalReaction)"
"UNIPROT","Q9H3R2","UNIPROT","Q96EU7","directed","Control(In: ACTIVATION of BiochemicalReaction)"
"UNIPROT","Q9H3R2","UNIPROT","Q9NS00","directed","Control(In: ACTIVATION of BiochemicalReaction)"
"UNIPROT","Q9HC84","UNIPROT","Q96EU7","directed","Control(In: ACTIVATION of BiochemicalReaction)"
"UNIPROT","Q9HC84","UNIPROT","Q9NS00","directed","Control(In: ACTIVATION of BiochemicalReaction)"
"UNIPROT","Q9NS00","UNIPROT","Q96EU7","undirected","Binding"
"UNIPROT","Q9UKN1","UNIPROT","Q96EU7","directed","Control(In: ACTIVATION of BiochemicalReaction)"
"UNIPROT","Q9UKN1","UNIPROT","Q9NS00","directed","Control(In: ACTIVATION of BiochemicalReaction)"
