"src_type","src","dest_type","dest","direction","type"
"UNIPROT","O14641","UNIPROT","O95782","undirected","Binding"
"UNIPROT","O14641","UNIPROT","P09497","undirected","Binding"
"UNIPROT","O94973","UNIPROT","O14641","undirected","Binding"
"UNIPROT","O94973","UNIPROT","P09496","undirected","Binding"
"UNIPROT","O94973","UNIPROT","P09497","undirected","Binding"
"UNIPROT","O94973","UNIPROT","P32121","undirected","Binding"
"UNIPROT","O94973","UNIPROT","P41221","undirected","Binding"
"UNIPROT","O94973","UNIPROT","P53680","undirected","Binding"
"UNIPROT","O94973","UNIPROT","P63010","undirected","Binding"
"UNIPROT","O94973","UNIPROT","Q00610","undirected","Binding"
"UNIPROT","O94973","UNIPROT","Q9ULV1","undirected","Binding"
"UNIPROT","P05129","UNIPROT","O14641","directed","Control(Out: ACTIVATION of BiochemicalReaction)"
"UNIPROT","P05129","UNIPROT","P41221","directed","Control(Out: ACTIVATION of BiochemicalReaction)"
"UNIPROT","P05129","UNIPROT","Q9ULV1","directed","Control(Out: ACTIVATION of BiochemicalReaction)"
"UNIPROT","P05771","UNIPROT","O14641","directed","Control(Out: ACTIVATION of BiochemicalReaction)"
"UNIPROT","P05771","UNIPROT","P41221","directed","Control(Out: ACTIVATION of BiochemicalReaction)"
"UNIPROT","P05771","UNIPROT","Q9ULV1","directed","Control(Out: ACTIVATION of BiochemicalReaction)"
"UNIPROT","P09496","UNIPROT","O14641","undirected","Binding"
"UNIPROT","P09496","UNIPROT","O95782","undirected","Binding"
"UNIPROT","P09496","UNIPROT","P32121","undirected","Binding"
"UNIPROT","P09496","UNIPROT","P41221","undirected","Binding"
"UNIPROT","P09496","UNIPROT","Q00610","undirected","Binding"
"UNIPROT","P09496","UNIPROT","Q9ULV1","undirected","Binding"
"UNIPROT","P09497","UNIPROT","O95782","undirected","Binding"
"UNIPROT","P17252","UNIPROT","O14641","directed","Control(Out: ACTIVATION of BiochemicalReaction)"
"UNIPROT","P17252","UNIPROT","P41221","directed","Control(Out: ACTIVATION of BiochemicalReaction)"
"UNIPROT","P17252","UNIPROT","Q9ULV1","directed","Control(Out: ACTIVATION of BiochemicalReaction)"
"UNIPROT","P32121","UNIPROT","O14641","undirected","Binding"
"UNIPROT","P32121","UNIPROT","O95782","undirected","Binding"
"UNIPROT","P32121","UNIPROT","P09497","undirected","Binding"
"UNIPROT","P41221","UNIPROT","O14641","undirected","Binding"
"UNIPROT","P41221","UNIPROT","O95782","undirected","Binding"
"UNIPROT","P41221","UNIPROT","P09497","undirected","Binding"
"UNIPROT","P41221","UNIPROT","P32121","undirected","Binding"
"UNIPROT","P41221","UNIPROT","Q9ULV1","undirected","Binding"
"UNIPROT","P53680","UNIPROT","O14641","undirected","Binding"
"UNIPROT","P53680","UNIPROT","O95782","undirected","Binding"
"UNIPROT","P53680","UNIPROT","P09496","undirected","Binding"
"UNIPROT","P53680","UNIPROT","P09497","undirected","Binding"
"UNIPROT","P53680","UNIPROT","P32121","undirected","Binding"
"UNIPROT","P53680","UNIPROT","P41221","undirected","Binding"
"UNIPROT","P53680","UNIPROT","P63010","undirected","Binding"
"UNIPROT","P53680","UNIPROT","Q00610","undirected","Binding"
"UNIPROT","P53680","UNIPROT","Q9ULV1","undirected","Binding"
"UNIPROT","P63010","UNIPROT","O14641","undirected","Binding"
"UNIPROT","P63010","UNIPROT","O95782","undirected","Binding"
"UNIPROT","P63010","UNIPROT","P09496","undirected","Binding"
"UNIPROT","P63010","UNIPROT","P09497","undirected","Binding"
"UNIPROT","P63010","UNIPROT","P32121","undirected","Binding"
"UNIPROT","P63010","UNIPROT","P41221","undirected","Binding"
"UNIPROT","P63010","UNIPROT","Q00610","undirected","Binding"
"UNIPROT","P63010","UNIPROT","Q9ULV1","undirected","Binding"
"UNIPROT","Q00610","UNIPROT","O14641","undirected","Binding"
"UNIPROT","Q00610","UNIPROT","O95782","undirected","Binding"
"UNIPROT","Q00610","UNIPROT","P09497","undirected","Binding"
"UNIPROT","Q00610","UNIPROT","P32121","undirected","Binding"
"UNIPROT","Q00610","UNIPROT","P41221","undirected","Binding"
"UNIPROT","Q00610","UNIPROT","Q9ULV1","undirected","Binding"
"UNIPROT","Q96CW1","UNIPROT","O14641","undirected","Binding"
"UNIPROT","Q96CW1","UNIPROT","O94973","undirected","Binding"
"UNIPROT","Q96CW1","UNIPROT","O95782","undirected","Binding"
"UNIPROT","Q96CW1","UNIPROT","P09496","undirected","Binding"
"UNIPROT","Q96CW1","UNIPROT","P09497","undirected","Binding"
"UNIPROT","Q96CW1","UNIPROT","P32121","undirected","Binding"
"UNIPROT","Q96CW1","UNIPROT","P41221","undirected","Binding"
"UNIPROT","Q96CW1","UNIPROT","P53680","undirected","Binding"
"UNIPROT","Q96CW1","UNIPROT","P63010","undirected","Binding"
"UNIPROT","Q96CW1","UNIPROT","Q00610","undirected","Binding"
"UNIPROT","Q96CW1","UNIPROT","Q9ULV1","undirected","Binding"
"UNIPROT","Q9ULV1","UNIPROT","O14641","undirected","Binding"
"UNIPROT","Q9ULV1","UNIPROT","O95782","undirected","Binding"
"UNIPROT","Q9ULV1","UNIPROT","P09497","undirected","Binding"
"UNIPROT","Q9ULV1","UNIPROT","P32121","undirected","Binding"
