"src_type","src","dest_type","dest","direction","type"
"UNIPROT","O94973","UNIPROT","P09496","undirected","Binding"
"UNIPROT","O94973","UNIPROT","P09497","undirected","Binding"
"UNIPROT","O94973","UNIPROT","P41221","directed","Control(Out: ACTIVATION of BiochemicalReaction)"
"UNIPROT","O94973","UNIPROT","P53680","undirected","Binding"
"UNIPROT","O94973","UNIPROT","P63010","undirected","Binding"
"UNIPROT","O94973","UNIPROT","Q00610","undirected","Binding"
"UNIPROT","O94973","UNIPROT","Q01973","directed","Control(Out: ACTIVATION of BiochemicalReaction)"
"UNIPROT","O94973","UNIPROT","Q01974","directed","Control(Out: ACTIVATION of BiochemicalReaction)"
"UNIPROT","O94973","UNIPROT","Q13467","directed","Control(Out: ACTIVATION of BiochemicalReaction)"
"UNIPROT","O94973","UNIPROT","Q14332","directed","Control(Out: ACTIVATION of BiochemicalReaction)"
"UNIPROT","O95782","UNIPROT","P41221","directed","Control(Out: ACTIVATION of BiochemicalReaction)"
"UNIPROT","O95782","UNIPROT","Q01973","directed","Control(Out: ACTIVATION of BiochemicalReaction)"
"UNIPROT","O95782","UNIPROT","Q01974","directed","Control(Out: ACTIVATION of BiochemicalReaction)"
"UNIPROT","O95782","UNIPROT","Q13467","directed","Control(Out: ACTIVATION of BiochemicalReaction)"
"UNIPROT","O95782","UNIPROT","Q14332","directed","Control(Out: ACTIVATION of BiochemicalReaction)"
"UNIPROT","P09496","UNIPROT","O95782","undirected","Binding"
"UNIPROT","P09496","UNIPROT","P41221","directed","Control(Out: ACTIVATION of BiochemicalReaction)"
"UNIPROT","P09496","UNIPROT","Q00610","undirected","Binding"
"UNIPROT","P09496","UNIPROT","Q01973","directed","Control(Out: ACTIVATION of BiochemicalReaction)"
"UNIPROT","P09496","UNIPROT","Q01974","directed","Control(Out: ACTIVATION of BiochemicalReaction)"
"UNIPROT","P09496","UNIPROT","Q13467","directed","Control(Out: ACTIVATION of BiochemicalReaction)"
"UNIPROT","P09496","UNIPROT","Q14332","directed","Control(Out: ACTIVATION of BiochemicalReaction)"
"UNIPROT","P09497","UNIPROT","O95782","undirected","Binding"
"UNIPROT","P09497","UNIPROT","P41221","directed","Control(Out: ACTIVATION of BiochemicalReaction)"
"UNIPROT","P09497","UNIPROT","Q01973","directed","Control(Out: ACTIVATION of BiochemicalReaction)"
"UNIPROT","P09497","UNIPROT","Q01974","directed","Control(Out: ACTIVATION of BiochemicalReaction)"
"UNIPROT","P09497","UNIPROT","Q13467","directed","Control(Out: ACTIVATION of BiochemicalReaction)"
"UNIPROT","P09497","UNIPROT","Q14332","directed","Control(Out: ACTIVATION of BiochemicalReaction)"
"UNIPROT","P41221","UNIPROT","O94973","directed","Control(In: ACTIVATION of BiochemicalReaction)"
"UNIPROT","P41221","UNIPROT","O95782","directed","Control(In: ACTIVATION of BiochemicalReaction)"
"UNIPROT","P41221","UNIPROT","P09496","directed","Control(In: ACTIVATION of BiochemicalReaction)"
"UNIPROT","P41221","UNIPROT","P09497","directed","Control(In: ACTIVATION of BiochemicalReaction)"
"UNIPROT","P41221","UNIPROT","P53680","directed","Control(In: ACTIVATION of BiochemicalReaction)"
"UNIPROT","P41221","UNIPROT","P63010","directed","Control(In: ACTIVATION of BiochemicalReaction)"
"UNIPROT","P41221","UNIPROT","Q00610","directed","Control(In: ACTIVATION of BiochemicalReaction)"
"UNIPROT","P41221","UNIPROT","Q01973","undirected","Binding"
"UNIPROT","P41221","UNIPROT","Q01974","undirected","Binding"
"UNIPROT","P41221","UNIPROT","Q13467","undirected","Binding"
"UNIPROT","P41221","UNIPROT","Q14332","undirected","Binding"
"UNIPROT","P41221","UNIPROT","Q96CW1","directed","Control(In: ACTIVATION of BiochemicalReaction)"
"UNIPROT","P53680","UNIPROT","O95782","undirected","Binding"
"UNIPROT","P53680","UNIPROT","P09496","undirected","Binding"
"UNIPROT","P53680","UNIPROT","P09497","undirected","Binding"
"UNIPROT","P53680","UNIPROT","P41221","directed","Control(Out: ACTIVATION of BiochemicalReaction)"
"UNIPROT","P53680","UNIPROT","P63010","undirected","Binding"
"UNIPROT","P53680","UNIPROT","Q00610","undirected","Binding"
"UNIPROT","P53680","UNIPROT","Q01973","directed","Control(Out: ACTIVATION of BiochemicalReaction)"
"UNIPROT","P53680","UNIPROT","Q01974","directed","Control(Out: ACTIVATION of BiochemicalReaction)"
"UNIPROT","P53680","UNIPROT","Q13467","directed","Control(Out: ACTIVATION of BiochemicalReaction)"
"UNIPROT","P53680","UNIPROT","Q14332","directed","Control(Out: ACTIVATION of BiochemicalReaction)"
"UNIPROT","P63010","UNIPROT","O95782","undirected","Binding"
"UNIPROT","P63010","UNIPROT","P09496","undirected","Binding"
"UNIPROT","P63010","UNIPROT","P09497","undirected","Binding"
"UNIPROT","P63010","UNIPROT","P41221","directed","Control(Out: ACTIVATION of BiochemicalReaction)"
"UNIPROT","P63010","UNIPROT","Q00610","undirected","Binding"
"UNIPROT","P63010","UNIPROT","Q01973","directed","Control(Out: ACTIVATION of BiochemicalReaction)"
"UNIPROT","P63010","UNIPROT","Q01974","directed","Control(Out: ACTIVATION of BiochemicalReaction)"
"UNIPROT","P63010","UNIPROT","Q13467","directed","Control(Out: ACTIVATION of BiochemicalReaction)"
"UNIPROT","P63010","UNIPROT","Q14332","directed","Control(Out: ACTIVATION of BiochemicalReaction)"
"UNIPROT","Q00610","UNIPROT","O95782","undirected","Binding"
"UNIPROT","Q00610","UNIPROT","P09497","undirected","Binding"
"UNIPROT","Q00610","UNIPROT","P41221","directed","Control(Out: ACTIVATION of BiochemicalReaction)"
"UNIPROT","Q00610","UNIPROT","Q01973","directed","Control(Out: ACTIVATION of BiochemicalReaction)"
"UNIPROT","Q00610","UNIPROT","Q01974","directed","Control(Out: ACTIVATION of BiochemicalReaction)"
"UNIPROT","Q00610","UNIPROT","Q13467","directed","Control(Out: ACTIVATION of BiochemicalReaction)"
"UNIPROT","Q00610","UNIPROT","Q14332","directed","Control(Out: ACTIVATION of BiochemicalReaction)"
"UNIPROT","Q01973","UNIPROT","O94973","directed","Control(In: ACTIVATION of BiochemicalReaction)"
"UNIPROT","Q01973","UNIPROT","O95782","directed","Control(In: ACTIVATION of BiochemicalReaction)"
"UNIPROT","Q01973","UNIPROT","P09496","directed","Control(In: ACTIVATION of BiochemicalReaction)"
"UNIPROT","Q01973","UNIPROT","P09497","directed","Control(In: ACTIVATION of BiochemicalReaction)"
"UNIPROT","Q01973","UNIPROT","P53680","directed","Control(In: ACTIVATION of BiochemicalReaction)"
"UNIPROT","Q01973","UNIPROT","P63010","directed","Control(In: ACTIVATION of BiochemicalReaction)"
"UNIPROT","Q01973","UNIPROT","Q00610","directed","Control(In: ACTIVATION of BiochemicalReaction)"
"UNIPROT","Q01973","UNIPROT","Q96CW1","directed","Control(In: ACTIVATION of BiochemicalReaction)"
"UNIPROT","Q01974","UNIPROT","O94973","directed","Control(In: ACTIVATION of BiochemicalReaction)"
"UNIPROT","Q01974","UNIPROT","O95782","directed","Control(In: ACTIVATION of BiochemicalReaction)"
"UNIPROT","Q01974","UNIPROT","P09496","directed","Control(In: ACTIVATION of BiochemicalReaction)"
"UNIPROT","Q01974","UNIPROT","P09497","directed","Control(In: ACTIVATION of BiochemicalReaction)"
"UNIPROT","Q01974","UNIPROT","P53680","directed","Control(In: ACTIVATION of BiochemicalReaction)"
"UNIPROT","Q01974","UNIPROT","P63010","directed","Control(In: ACTIVATION of BiochemicalReaction)"
"UNIPROT","Q01974","UNIPROT","Q00610","directed","Control(In: ACTIVATION of BiochemicalReaction)"
"UNIPROT","Q01974","UNIPROT","Q96CW1","directed","Control(In: ACTIVATION of BiochemicalReaction)"
"UNIPROT","Q13467","UNIPROT","O94973","directed","Control(In: ACTIVATION of BiochemicalReaction)"
"UNIPROT","Q13467","UNIPROT","O95782","directed","Control(In: ACTIVATION of BiochemicalReaction)"
"UNIPROT","Q13467","UNIPROT","P09496","directed","Control(In: ACTIVATION of BiochemicalReaction)"
"UNIPROT","Q13467","UNIPROT","P09497","directed","Control(In: ACTIVATION of BiochemicalReaction)"
"UNIPROT","Q13467","UNIPROT","P53680","directed","Control(In: ACTIVATION of BiochemicalReaction)"
"UNIPROT","Q13467","UNIPROT","P63010","directed","Control(In: ACTIVATION of BiochemicalReaction)"
"UNIPROT","Q13467","UNIPROT","Q00610","directed","Control(In: ACTIVATION of BiochemicalReaction)"
"UNIPROT","Q13467","UNIPROT","Q96CW1","directed","Control(In: ACTIVATION of BiochemicalReaction)"
"UNIPROT","Q14332","UNIPROT","O94973","directed","Control(In: ACTIVATION of BiochemicalReaction)"
"UNIPROT","Q14332","UNIPROT","O95782","directed","Control(In: ACTIVATION of BiochemicalReaction)"
"UNIPROT","Q14332","UNIPROT","P09496","directed","Control(In: ACTIVATION of BiochemicalReaction)"
"UNIPROT","Q14332","UNIPROT","P09497","directed","Control(In: ACTIVATION of BiochemicalReaction)"
"UNIPROT","Q14332","UNIPROT","P53680","directed","Control(In: ACTIVATION of BiochemicalReaction)"
"UNIPROT","Q14332","UNIPROT","P63010","directed","Control(In: ACTIVATION of BiochemicalReaction)"
"UNIPROT","Q14332","UNIPROT","Q00610","directed","Control(In: ACTIVATION of BiochemicalReaction)"
"UNIPROT","Q14332","UNIPROT","Q96CW1","directed","Control(In: ACTIVATION of BiochemicalReaction)"
"UNIPROT","Q96CW1","UNIPROT","O94973","undirected","Binding"
"UNIPROT","Q96CW1","UNIPROT","O95782","undirected","Binding"
"UNIPROT","Q96CW1","UNIPROT","P09496","undirected","Binding"
"UNIPROT","Q96CW1","UNIPROT","P09497","undirected","Binding"
"UNIPROT","Q96CW1","UNIPROT","P41221","directed","Control(Out: ACTIVATION of BiochemicalReaction)"
"UNIPROT","Q96CW1","UNIPROT","P53680","undirected","Binding"
"UNIPROT","Q96CW1","UNIPROT","P63010","undirected","Binding"
"UNIPROT","Q96CW1","UNIPROT","Q00610","undirected","Binding"
"UNIPROT","Q96CW1","UNIPROT","Q01973","directed","Control(Out: ACTIVATION of BiochemicalReaction)"
"UNIPROT","Q96CW1","UNIPROT","Q01974","directed","Control(Out: ACTIVATION of BiochemicalReaction)"
"UNIPROT","Q96CW1","UNIPROT","Q13467","directed","Control(Out: ACTIVATION of BiochemicalReaction)"
"UNIPROT","Q96CW1","UNIPROT","Q14332","directed","Control(Out: ACTIVATION of BiochemicalReaction)"
