"src_type","src","dest_type","dest","direction","type"
"UNIPROT","O00220","UNIPROT","Q13546","directed","Control(Out: INHIBITION of BiochemicalReaction)"
"UNIPROT","O00220","UNIPROT","Q13546","directed","Control(Out: ACTIVATION of BiochemicalReaction)"
"UNIPROT","O00220","UNIPROT","Q9Y572","directed","Control(Out: INHIBITION of BiochemicalReaction)"
"UNIPROT","O00220","UNIPROT","Q9Y572","directed","Control(Out: ACTIVATION of BiochemicalReaction)"
"UNIPROT","O14763","UNIPROT","Q13546","directed","Control(Out: INHIBITION of BiochemicalReaction)"
"UNIPROT","O14763","UNIPROT","Q13546","directed","Control(Out: ACTIVATION of BiochemicalReaction)"
"UNIPROT","O14763","UNIPROT","Q9Y572","directed","Control(Out: INHIBITION of BiochemicalReaction)"
"UNIPROT","O14763","UNIPROT","Q9Y572","directed","Control(Out: ACTIVATION of BiochemicalReaction)"
"UNIPROT","O15294","UNIPROT","Q13546","directed","Control(Out: INHIBITION of BiochemicalReaction)"
"UNIPROT","O15294","UNIPROT","Q9Y572","directed","Control(Out: INHIBITION of BiochemicalReaction)"
"UNIPROT","O15294","UNIPROT","Q9Y572","directed","Control(Out: ACTIVATION of BiochemicalReaction)"
"UNIPROT","O15519","UNIPROT","O00220","undirected","Binding"
"UNIPROT","O15519","UNIPROT","O14763","undirected","Binding"
"UNIPROT","O15519","UNIPROT","P50591","undirected","Binding"
"UNIPROT","O15519","UNIPROT","Q13546","directed","Control(Out: INHIBITION of BiochemicalReaction)"
"UNIPROT","O15519","UNIPROT","Q13546","directed","Control(Out: ACTIVATION of BiochemicalReaction)"
"UNIPROT","O15519","UNIPROT","Q9Y572","directed","Control(Out: INHIBITION of BiochemicalReaction)"
"UNIPROT","O15519","UNIPROT","Q9Y572","directed","Control(Out: ACTIVATION of BiochemicalReaction)"
"UNIPROT","P03496","UNIPROT","Q8NB16","undirected","Binding"
"UNIPROT","P07900","UNIPROT","Q8NB16","undirected","Binding"
"UNIPROT","P07900","UNIPROT","Q9Y572","undirected","Binding"
"UNIPROT","P08543","UNIPROT","Q13546","directed","Control(Out: INHIBITION of BiochemicalReaction)"
"UNIPROT","P08543","UNIPROT","Q9Y572","directed","Control(Out: INHIBITION of BiochemicalReaction)"
"UNIPROT","P0CG47","UNIPROT","Q9UNE7","directed","Control(In: ACTIVATION of BiochemicalReaction)"
"UNIPROT","P0CG47","UNIPROT","Q9UNE7","directed","Process(BiochemicalReaction)"
"UNIPROT","P0CG47","UNIPROT","Q9Y572","directed","Control(In: ACTIVATION of BiochemicalReaction)"
"UNIPROT","P0CG47","UNIPROT","Q9Y572","directed","Process(BiochemicalReaction)"
"UNIPROT","P0CG48","UNIPROT","Q9UNE7","directed","Control(In: ACTIVATION of BiochemicalReaction)"
"UNIPROT","P0CG48","UNIPROT","Q9UNE7","directed","Process(BiochemicalReaction)"
"UNIPROT","P0CG48","UNIPROT","Q9Y572","directed","Control(In: ACTIVATION of BiochemicalReaction)"
"UNIPROT","P0CG48","UNIPROT","Q9Y572","directed","Process(BiochemicalReaction)"
"UNIPROT","P16767","UNIPROT","Q8NB16","undirected","Binding"
"UNIPROT","P25445","UNIPROT","O15519","undirected","Binding"
"UNIPROT","P25445","UNIPROT","P48023","undirected","Binding"
"UNIPROT","P25445","UNIPROT","Q13158","undirected","Binding"
"UNIPROT","P25445","UNIPROT","Q13546","directed","Control(Out: INHIBITION of BiochemicalReaction)"
"UNIPROT","P25445","UNIPROT","Q13546","directed","Control(Out: ACTIVATION of BiochemicalReaction)"
"UNIPROT","P25445","UNIPROT","Q14790","undirected","Binding"
"UNIPROT","P25445","UNIPROT","Q9Y572","directed","Control(Out: INHIBITION of BiochemicalReaction)"
"UNIPROT","P25445","UNIPROT","Q9Y572","directed","Control(Out: ACTIVATION of BiochemicalReaction)"
"UNIPROT","P48023","UNIPROT","O15519","undirected","Binding"
"UNIPROT","P48023","UNIPROT","Q13158","undirected","Binding"
"UNIPROT","P48023","UNIPROT","Q13546","directed","Control(Out: INHIBITION of BiochemicalReaction)"
"UNIPROT","P48023","UNIPROT","Q13546","directed","Control(Out: ACTIVATION of BiochemicalReaction)"
"UNIPROT","P48023","UNIPROT","Q14790","undirected","Binding"
"UNIPROT","P48023","UNIPROT","Q9Y572","directed","Control(Out: INHIBITION of BiochemicalReaction)"
"UNIPROT","P48023","UNIPROT","Q9Y572","directed","Control(Out: ACTIVATION of BiochemicalReaction)"
"UNIPROT","P50591","UNIPROT","O00220","undirected","Binding"
"UNIPROT","P50591","UNIPROT","O14763","undirected","Binding"
"UNIPROT","P50591","UNIPROT","Q13546","directed","Control(Out: INHIBITION of BiochemicalReaction)"
"UNIPROT","P50591","UNIPROT","Q13546","directed","Control(Out: ACTIVATION of BiochemicalReaction)"
"UNIPROT","P50591","UNIPROT","Q9Y572","directed","Control(Out: INHIBITION of BiochemicalReaction)"
"UNIPROT","P50591","UNIPROT","Q9Y572","directed","Control(Out: ACTIVATION of BiochemicalReaction)"
"UNIPROT","P62979","UNIPROT","Q9UNE7","directed","Control(In: ACTIVATION of BiochemicalReaction)"
"UNIPROT","P62979","UNIPROT","Q9UNE7","directed","Process(BiochemicalReaction)"
"UNIPROT","P62979","UNIPROT","Q9Y572","directed","Control(In: ACTIVATION of BiochemicalReaction)"
"UNIPROT","P62979","UNIPROT","Q9Y572","directed","Process(BiochemicalReaction)"
"UNIPROT","P62987","UNIPROT","Q9UNE7","directed","Control(In: ACTIVATION of BiochemicalReaction)"
"UNIPROT","P62987","UNIPROT","Q9UNE7","directed","Process(BiochemicalReaction)"
"UNIPROT","P62987","UNIPROT","Q9Y572","directed","Control(In: ACTIVATION of BiochemicalReaction)"
"UNIPROT","P62987","UNIPROT","Q9Y572","directed","Process(BiochemicalReaction)"
"UNIPROT","P98170","UNIPROT","Q13546","directed","Control(Out: INHIBITION of BiochemicalReaction)"
"UNIPROT","P98170","UNIPROT","Q9Y572","directed","Control(Out: INHIBITION of BiochemicalReaction)"
"UNIPROT","Q12933","UNIPROT","O15519","undirected","Binding"
"UNIPROT","Q12933","UNIPROT","Q13546","directed","Control(Out: INHIBITION of BiochemicalReaction)"
"UNIPROT","Q12933","UNIPROT","Q13546","directed","Control(Out: ACTIVATION of BiochemicalReaction)"
"UNIPROT","Q12933","UNIPROT","Q13546","undirected","Binding"
"UNIPROT","Q12933","UNIPROT","Q15628","undirected","Binding"
"UNIPROT","Q12933","UNIPROT","Q9Y572","directed","Control(Out: INHIBITION of BiochemicalReaction)"
"UNIPROT","Q12933","UNIPROT","Q9Y572","directed","Control(Out: ACTIVATION of BiochemicalReaction)"
"UNIPROT","Q13158","UNIPROT","O00220","undirected","Binding"
"UNIPROT","Q13158","UNIPROT","O14763","undirected","Binding"
"UNIPROT","Q13158","UNIPROT","O15519","undirected","Binding"
"UNIPROT","Q13158","UNIPROT","P50591","undirected","Binding"
"UNIPROT","Q13158","UNIPROT","Q12933","undirected","Binding"
"UNIPROT","Q13158","UNIPROT","Q13546","directed","Control(Out: INHIBITION of BiochemicalReaction)"
"UNIPROT","Q13158","UNIPROT","Q13546","directed","Control(Out: ACTIVATION of BiochemicalReaction)"
"UNIPROT","Q13158","UNIPROT","Q13546","undirected","Binding"
"UNIPROT","Q13158","UNIPROT","Q14790","undirected","Binding"
"UNIPROT","Q13158","UNIPROT","Q15628","undirected","Binding"
"UNIPROT","Q13158","UNIPROT","Q9Y572","directed","Control(Out: INHIBITION of BiochemicalReaction)"
"UNIPROT","Q13158","UNIPROT","Q9Y572","directed","Control(Out: ACTIVATION of BiochemicalReaction)"
"UNIPROT","Q13489","UNIPROT","Q13546","directed","Control(Out: INHIBITION of BiochemicalReaction)"
"UNIPROT","Q13489","UNIPROT","Q9Y572","directed","Control(Out: INHIBITION of BiochemicalReaction)"
"UNIPROT","Q13490","UNIPROT","Q13546","directed","Control(Out: INHIBITION of BiochemicalReaction)"
"UNIPROT","Q13490","UNIPROT","Q9Y572","directed","Control(Out: INHIBITION of BiochemicalReaction)"
"UNIPROT","Q13546","UNIPROT","O15519","undirected","Binding"
"UNIPROT","Q13546","UNIPROT","P08543","undirected","Binding"
"UNIPROT","Q13546","UNIPROT","Q96FA3","undirected","Binding"
"UNIPROT","Q13546","UNIPROT","Q9Y572","directed","Control(Out: INHIBITION of BiochemicalReaction)"
"UNIPROT","Q13546","UNIPROT","Q9Y572","directed","Control(Out: ACTIVATION of BiochemicalReaction)"
"UNIPROT","Q13546","UNIPROT","Q9Y572","undirected","Binding"
"UNIPROT","Q14254","UNIPROT","O75955","undirected","Binding"
"UNIPROT","Q14790","UNIPROT","O00220","undirected","Binding"
"UNIPROT","Q14790","UNIPROT","O14763","undirected","Binding"
"UNIPROT","Q14790","UNIPROT","O15519","undirected","Binding"
"UNIPROT","Q14790","UNIPROT","P07385","undirected","Binding"
"UNIPROT","Q14790","UNIPROT","P08543","undirected","Binding"
"UNIPROT","Q14790","UNIPROT","P15059","undirected","Binding"
"UNIPROT","Q14790","UNIPROT","P50591","undirected","Binding"
"UNIPROT","Q14790","UNIPROT","Q12933","directed","Control(Out: ACTIVATION of BiochemicalReaction)"
"UNIPROT","Q14790","UNIPROT","Q12933","undirected","Binding"
"UNIPROT","Q14790","UNIPROT","Q13158","directed","Control(Out: ACTIVATION of BiochemicalReaction)"
"UNIPROT","Q14790","UNIPROT","Q13546","directed","Control(Out: INHIBITION of BiochemicalReaction)"
"UNIPROT","Q14790","UNIPROT","Q13546","directed","Control(Out: INHIBITION of BiochemicalReaction)"
"UNIPROT","Q14790","UNIPROT","Q13546","directed","Control(Out: ACTIVATION of BiochemicalReaction)"
"UNIPROT","Q14790","UNIPROT","Q13546","directed","Control(Out: ACTIVATION of BiochemicalReaction)"
"UNIPROT","Q14790","UNIPROT","Q13546","undirected","Binding"
"UNIPROT","Q14790","UNIPROT","Q15628","directed","Control(Out: ACTIVATION of BiochemicalReaction)"
"UNIPROT","Q14790","UNIPROT","Q15628","undirected","Binding"
"UNIPROT","Q14790","UNIPROT","Q9Y572","directed","Control(Out: INHIBITION of BiochemicalReaction)"
"UNIPROT","Q14790","UNIPROT","Q9Y572","directed","Control(Out: INHIBITION of BiochemicalReaction)"
"UNIPROT","Q14790","UNIPROT","Q9Y572","directed","Control(Out: ACTIVATION of BiochemicalReaction)"
"UNIPROT","Q14790","UNIPROT","Q9Y572","directed","Control(Out: ACTIVATION of BiochemicalReaction)"
"UNIPROT","Q15628","UNIPROT","O15519","undirected","Binding"
"UNIPROT","Q15628","UNIPROT","Q13546","directed","Control(Out: INHIBITION of BiochemicalReaction)"
"UNIPROT","Q15628","UNIPROT","Q13546","directed","Control(Out: ACTIVATION of BiochemicalReaction)"
"UNIPROT","Q15628","UNIPROT","Q13546","undirected","Binding"
"UNIPROT","Q15628","UNIPROT","Q9Y572","directed","Control(Out: INHIBITION of BiochemicalReaction)"
"UNIPROT","Q15628","UNIPROT","Q9Y572","directed","Control(Out: ACTIVATION of BiochemicalReaction)"
"UNIPROT","Q16543","UNIPROT","P07900","undirected","Binding"
"UNIPROT","Q16543","UNIPROT","Q8NB16","undirected","Binding"
"UNIPROT","Q16543","UNIPROT","Q9Y572","undirected","Binding"
"UNIPROT","Q8NB16","UNIPROT","P03496","directed","Control(In: ACTIVATION of BiochemicalReaction)"
"UNIPROT","Q8WUM4","UNIPROT","O00560","undirected","Binding"
"UNIPROT","Q9UNE7","UNIPROT","Q13546","directed","Control(Out: INHIBITION of BiochemicalReaction)"
"UNIPROT","Q9UNE7","UNIPROT","Q9Y572","directed","Control(Out: INHIBITION of BiochemicalReaction)"
"UNIPROT","Q9UNE7","UNIPROT","Q9Y572","undirected","Binding"
"UNIPROT","Q9Y572","UNIPROT","P08543","undirected","Binding"
"UNIPROT","Q9Y572","UNIPROT","Q13546","directed","Control(Out: INHIBITION of BiochemicalReaction)"
"UNIPROT","Q9Y572","UNIPROT","Q96FA3","undirected","Binding"
