"src_type","src","dest_type","dest","direction","type"
"UNIPROT","O15519","UNIPROT","O00220","undirected","Binding"
"UNIPROT","O15519","UNIPROT","O14763","undirected","Binding"
"UNIPROT","O15519","UNIPROT","P50591","undirected","Binding"
"UNIPROT","P25445","UNIPROT","O15519","undirected","Binding"
"UNIPROT","P25445","UNIPROT","P48023","undirected","Binding"
"UNIPROT","P25445","UNIPROT","Q13158","undirected","Binding"
"UNIPROT","P25445","UNIPROT","Q14790","undirected","Binding"
"UNIPROT","P48023","UNIPROT","O15519","undirected","Binding"
"UNIPROT","P48023","UNIPROT","Q13158","undirected","Binding"
"UNIPROT","P48023","UNIPROT","Q14790","undirected","Binding"
"UNIPROT","P50591","UNIPROT","O00220","undirected","Binding"
"UNIPROT","P50591","UNIPROT","O14763","undirected","Binding"
"UNIPROT","Q12933","UNIPROT","O15519","undirected","Binding"
"UNIPROT","Q12933","UNIPROT","Q13546","undirected","Binding"
"UNIPROT","Q12933","UNIPROT","Q15628","undirected","Binding"
"UNIPROT","Q13158","UNIPROT","O00220","undirected","Binding"
"UNIPROT","Q13158","UNIPROT","O14763","undirected","Binding"
"UNIPROT","Q13158","UNIPROT","O15519","undirected","Binding"
"UNIPROT","Q13158","UNIPROT","P50591","undirected","Binding"
"UNIPROT","Q13158","UNIPROT","Q12933","undirected","Binding"
"UNIPROT","Q13158","UNIPROT","Q13546","undirected","Binding"
"UNIPROT","Q13158","UNIPROT","Q14790","undirected","Binding"
"UNIPROT","Q13158","UNIPROT","Q15628","undirected","Binding"
"UNIPROT","Q13546","UNIPROT","O15519","undirected","Binding"
"UNIPROT","Q14790","UNIPROT","O00220","undirected","Binding"
"UNIPROT","Q14790","UNIPROT","O14763","undirected","Binding"
"UNIPROT","Q14790","UNIPROT","O15519","undirected","Binding"
"UNIPROT","Q14790","UNIPROT","P07385","undirected","Binding"
"UNIPROT","Q14790","UNIPROT","P15059","undirected","Binding"
"UNIPROT","Q14790","UNIPROT","P50591","undirected","Binding"
"UNIPROT","Q14790","UNIPROT","Q12933","undirected","Binding"
"UNIPROT","Q14790","UNIPROT","Q13546","undirected","Binding"
"UNIPROT","Q14790","UNIPROT","Q15628","undirected","Binding"
"UNIPROT","Q15628","UNIPROT","O15519","undirected","Binding"
"UNIPROT","Q15628","UNIPROT","Q13546","undirected","Binding"
