"src_type","src","dest_type","dest","direction","type"
"UNIPROT","P0DPI0","UNIPROT","P60880","directed","Control(Out: ACTIVATION of BiochemicalReaction)"
"UNIPROT","P0DPI0","UNIPROT","P60880","directed","Control(Out: ACTIVATION of BiochemicalReaction)"
"UNIPROT","P0DPI0","UNIPROT","Q45878","undirected","Binding"
"UNIPROT","P0DPI0","UNIPROT","Q496J9","undirected","Binding"
"UNIPROT","P0DPI0","UNIPROT","Q7L0J3","undirected","Binding"
"UNIPROT","P0DPI0","UNIPROT","Q7L1I2","undirected","Binding"
"UNIPROT","P0DPI0","UNIPROT","Q9LBS8","undirected","Binding"
"UNIPROT","Q45877","UNIPROT","P0DPI0","undirected","Binding"
"UNIPROT","Q45877","UNIPROT","Q45878","undirected","Binding"
"UNIPROT","Q45877","UNIPROT","Q57230","undirected","Binding"
"UNIPROT","Q45877","UNIPROT","Q9LBS8","undirected","Binding"
"UNIPROT","Q45878","UNIPROT","Q9LBS8","undirected","Binding"
"UNIPROT","Q57230","UNIPROT","P0DPI0","undirected","Binding"
"UNIPROT","Q57230","UNIPROT","Q45878","undirected","Binding"
"UNIPROT","Q57230","UNIPROT","Q9LBS8","undirected","Binding"
