"src_type","src","dest_type","dest","direction","type"
"UNIPROT","P0CG47","UNIPROT","P12004","undirected","Binding"
"UNIPROT","P0CG47","UNIPROT","P15927","undirected","Binding"
"UNIPROT","P0CG47","UNIPROT","P27694","undirected","Binding"
"UNIPROT","P0CG47","UNIPROT","P35244","undirected","Binding"
"UNIPROT","P0CG47","UNIPROT","P35249","undirected","Binding"
"UNIPROT","P0CG47","UNIPROT","P35250","undirected","Binding"
"UNIPROT","P0CG47","UNIPROT","P35251","undirected","Binding"
"UNIPROT","P0CG47","UNIPROT","P40937","undirected","Binding"
"UNIPROT","P0CG47","UNIPROT","P40938","undirected","Binding"
"UNIPROT","P0CG47","UNIPROT","Q8TAT6","undirected","Binding"
"UNIPROT","P0CG47","UNIPROT","Q92890","undirected","Binding"
"UNIPROT","P0CG48","UNIPROT","P12004","undirected","Binding"
"UNIPROT","P0CG48","UNIPROT","P15927","undirected","Binding"
"UNIPROT","P0CG48","UNIPROT","P27694","undirected","Binding"
"UNIPROT","P0CG48","UNIPROT","P35244","undirected","Binding"
"UNIPROT","P0CG48","UNIPROT","P35249","undirected","Binding"
"UNIPROT","P0CG48","UNIPROT","P35250","undirected","Binding"
"UNIPROT","P0CG48","UNIPROT","P35251","undirected","Binding"
"UNIPROT","P0CG48","UNIPROT","P40937","undirected","Binding"
"UNIPROT","P0CG48","UNIPROT","P40938","undirected","Binding"
"UNIPROT","P0CG48","UNIPROT","Q8TAT6","undirected","Binding"
"UNIPROT","P0CG48","UNIPROT","Q92890","undirected","Binding"
"UNIPROT","P12004","UNIPROT","Q8TAT6","undirected","Binding"
"UNIPROT","P12004","UNIPROT","Q92890","undirected","Binding"
"UNIPROT","P15927","UNIPROT","P12004","undirected","Binding"
"UNIPROT","P15927","UNIPROT","P27694","undirected","Binding"
"UNIPROT","P15927","UNIPROT","P35244","undirected","Binding"
"UNIPROT","P15927","UNIPROT","P35249","undirected","Binding"
"UNIPROT","P15927","UNIPROT","P35250","undirected","Binding"
"UNIPROT","P15927","UNIPROT","P35251","undirected","Binding"
"UNIPROT","P15927","UNIPROT","P40937","undirected","Binding"
"UNIPROT","P15927","UNIPROT","P40938","undirected","Binding"
"UNIPROT","P15927","UNIPROT","Q8TAT6","undirected","Binding"
"UNIPROT","P15927","UNIPROT","Q92890","undirected","Binding"
"UNIPROT","P27694","UNIPROT","P12004","undirected","Binding"
"UNIPROT","P27694","UNIPROT","P35244","undirected","Binding"
"UNIPROT","P27694","UNIPROT","P35249","undirected","Binding"
"UNIPROT","P27694","UNIPROT","P35250","undirected","Binding"
"UNIPROT","P27694","UNIPROT","P35251","undirected","Binding"
"UNIPROT","P27694","UNIPROT","P40937","undirected","Binding"
"UNIPROT","P27694","UNIPROT","P40938","undirected","Binding"
"UNIPROT","P27694","UNIPROT","Q8TAT6","undirected","Binding"
"UNIPROT","P27694","UNIPROT","Q92890","undirected","Binding"
"UNIPROT","P35244","UNIPROT","P12004","undirected","Binding"
"UNIPROT","P35244","UNIPROT","P35249","undirected","Binding"
"UNIPROT","P35244","UNIPROT","P35250","undirected","Binding"
"UNIPROT","P35244","UNIPROT","P35251","undirected","Binding"
"UNIPROT","P35244","UNIPROT","P40937","undirected","Binding"
"UNIPROT","P35244","UNIPROT","P40938","undirected","Binding"
"UNIPROT","P35244","UNIPROT","Q8TAT6","undirected","Binding"
"UNIPROT","P35244","UNIPROT","Q92890","undirected","Binding"
"UNIPROT","P35249","UNIPROT","P12004","undirected","Binding"
"UNIPROT","P35249","UNIPROT","P35251","undirected","Binding"
"UNIPROT","P35249","UNIPROT","Q8TAT6","undirected","Binding"
"UNIPROT","P35249","UNIPROT","Q92890","undirected","Binding"
"UNIPROT","P35250","UNIPROT","P12004","undirected","Binding"
"UNIPROT","P35250","UNIPROT","P35249","undirected","Binding"
"UNIPROT","P35250","UNIPROT","P35251","undirected","Binding"
"UNIPROT","P35250","UNIPROT","Q8TAT6","undirected","Binding"
"UNIPROT","P35250","UNIPROT","Q92890","undirected","Binding"
"UNIPROT","P35251","UNIPROT","P12004","undirected","Binding"
"UNIPROT","P35251","UNIPROT","Q8TAT6","undirected","Binding"
"UNIPROT","P35251","UNIPROT","Q92890","undirected","Binding"
"UNIPROT","P40937","UNIPROT","P12004","undirected","Binding"
"UNIPROT","P40937","UNIPROT","P35249","undirected","Binding"
"UNIPROT","P40937","UNIPROT","P35250","undirected","Binding"
"UNIPROT","P40937","UNIPROT","P35251","undirected","Binding"
"UNIPROT","P40937","UNIPROT","P40938","undirected","Binding"
"UNIPROT","P40937","UNIPROT","Q8TAT6","undirected","Binding"
"UNIPROT","P40937","UNIPROT","Q92890","undirected","Binding"
"UNIPROT","P40938","UNIPROT","P12004","undirected","Binding"
"UNIPROT","P40938","UNIPROT","P35249","undirected","Binding"
"UNIPROT","P40938","UNIPROT","P35250","undirected","Binding"
"UNIPROT","P40938","UNIPROT","P35251","undirected","Binding"
"UNIPROT","P40938","UNIPROT","Q8TAT6","undirected","Binding"
"UNIPROT","P40938","UNIPROT","Q92890","undirected","Binding"
"UNIPROT","P55072","UNIPROT","P0CG47","undirected","Binding"
"UNIPROT","P55072","UNIPROT","P0CG48","undirected","Binding"
"UNIPROT","P55072","UNIPROT","P12004","undirected","Binding"
"UNIPROT","P55072","UNIPROT","P15927","undirected","Binding"
"UNIPROT","P55072","UNIPROT","P27694","undirected","Binding"
"UNIPROT","P55072","UNIPROT","P35244","undirected","Binding"
"UNIPROT","P55072","UNIPROT","P35249","undirected","Binding"
"UNIPROT","P55072","UNIPROT","P35250","undirected","Binding"
"UNIPROT","P55072","UNIPROT","P35251","undirected","Binding"
"UNIPROT","P55072","UNIPROT","P40937","undirected","Binding"
"UNIPROT","P55072","UNIPROT","P40938","undirected","Binding"
"UNIPROT","P55072","UNIPROT","P62979","undirected","Binding"
"UNIPROT","P55072","UNIPROT","P62987","undirected","Binding"
"UNIPROT","P55072","UNIPROT","Q8TAT6","undirected","Binding"
"UNIPROT","P55072","UNIPROT","Q92890","undirected","Binding"
"UNIPROT","P62979","UNIPROT","P12004","undirected","Binding"
"UNIPROT","P62979","UNIPROT","P15927","undirected","Binding"
"UNIPROT","P62979","UNIPROT","P27694","undirected","Binding"
"UNIPROT","P62979","UNIPROT","P35244","undirected","Binding"
"UNIPROT","P62979","UNIPROT","P35249","undirected","Binding"
"UNIPROT","P62979","UNIPROT","P35250","undirected","Binding"
"UNIPROT","P62979","UNIPROT","P35251","undirected","Binding"
"UNIPROT","P62979","UNIPROT","P40937","undirected","Binding"
"UNIPROT","P62979","UNIPROT","P40938","undirected","Binding"
"UNIPROT","P62979","UNIPROT","Q8TAT6","undirected","Binding"
"UNIPROT","P62979","UNIPROT","Q92890","undirected","Binding"
"UNIPROT","P62987","UNIPROT","P12004","undirected","Binding"
"UNIPROT","P62987","UNIPROT","P15927","undirected","Binding"
"UNIPROT","P62987","UNIPROT","P27694","undirected","Binding"
"UNIPROT","P62987","UNIPROT","P35244","undirected","Binding"
"UNIPROT","P62987","UNIPROT","P35249","undirected","Binding"
"UNIPROT","P62987","UNIPROT","P35250","undirected","Binding"
"UNIPROT","P62987","UNIPROT","P35251","undirected","Binding"
"UNIPROT","P62987","UNIPROT","P40937","undirected","Binding"
"UNIPROT","P62987","UNIPROT","P40938","undirected","Binding"
"UNIPROT","P62987","UNIPROT","Q8TAT6","undirected","Binding"
"UNIPROT","P62987","UNIPROT","Q92890","undirected","Binding"
"UNIPROT","Q92890","UNIPROT","Q8TAT6","undirected","Binding"
"UNIPROT","Q96PM5","UNIPROT","P0CG47","directed","Control(Out: INHIBITION of BiochemicalReaction)"
"UNIPROT","Q96PM5","UNIPROT","P0CG47","directed","Control(Out: ACTIVATION of BiochemicalReaction)"
"UNIPROT","Q96PM5","UNIPROT","P0CG48","directed","Control(Out: INHIBITION of BiochemicalReaction)"
"UNIPROT","Q96PM5","UNIPROT","P0CG48","directed","Control(Out: ACTIVATION of BiochemicalReaction)"
"UNIPROT","Q96PM5","UNIPROT","P12004","directed","Control(Out: INHIBITION of BiochemicalReaction)"
"UNIPROT","Q96PM5","UNIPROT","P15927","directed","Control(Out: INHIBITION of BiochemicalReaction)"
"UNIPROT","Q96PM5","UNIPROT","P27694","directed","Control(Out: INHIBITION of BiochemicalReaction)"
"UNIPROT","Q96PM5","UNIPROT","P35244","directed","Control(Out: INHIBITION of BiochemicalReaction)"
"UNIPROT","Q96PM5","UNIPROT","P35249","directed","Control(Out: INHIBITION of BiochemicalReaction)"
"UNIPROT","Q96PM5","UNIPROT","P35250","directed","Control(Out: INHIBITION of BiochemicalReaction)"
"UNIPROT","Q96PM5","UNIPROT","P35251","directed","Control(Out: INHIBITION of BiochemicalReaction)"
"UNIPROT","Q96PM5","UNIPROT","P40937","directed","Control(Out: INHIBITION of BiochemicalReaction)"
"UNIPROT","Q96PM5","UNIPROT","P40938","directed","Control(Out: INHIBITION of BiochemicalReaction)"
"UNIPROT","Q96PM5","UNIPROT","P62979","directed","Control(Out: INHIBITION of BiochemicalReaction)"
"UNIPROT","Q96PM5","UNIPROT","P62979","directed","Control(Out: ACTIVATION of BiochemicalReaction)"
"UNIPROT","Q96PM5","UNIPROT","P62987","directed","Control(Out: INHIBITION of BiochemicalReaction)"
"UNIPROT","Q96PM5","UNIPROT","P62987","directed","Control(Out: ACTIVATION of BiochemicalReaction)"
"UNIPROT","Q96PM5","UNIPROT","Q9Y253","directed","Control(Out: INHIBITION of BiochemicalReaction)"
"UNIPROT","Q9H040","UNIPROT","P0CG47","undirected","Binding"
"UNIPROT","Q9H040","UNIPROT","P0CG48","undirected","Binding"
"UNIPROT","Q9H040","UNIPROT","P12004","undirected","Binding"
"UNIPROT","Q9H040","UNIPROT","P15927","undirected","Binding"
"UNIPROT","Q9H040","UNIPROT","P27694","undirected","Binding"
"UNIPROT","Q9H040","UNIPROT","P35244","undirected","Binding"
"UNIPROT","Q9H040","UNIPROT","P35249","undirected","Binding"
"UNIPROT","Q9H040","UNIPROT","P35250","undirected","Binding"
"UNIPROT","Q9H040","UNIPROT","P35251","undirected","Binding"
"UNIPROT","Q9H040","UNIPROT","P40937","undirected","Binding"
"UNIPROT","Q9H040","UNIPROT","P40938","undirected","Binding"
"UNIPROT","Q9H040","UNIPROT","P55072","undirected","Binding"
"UNIPROT","Q9H040","UNIPROT","P62979","undirected","Binding"
"UNIPROT","Q9H040","UNIPROT","P62987","undirected","Binding"
"UNIPROT","Q9H040","UNIPROT","Q8TAT6","undirected","Binding"
"UNIPROT","Q9H040","UNIPROT","Q92890","undirected","Binding"
"UNIPROT","Q9Y253","UNIPROT","P0CG47","directed","Control(Out: ACTIVATION of BiochemicalReaction)"
"UNIPROT","Q9Y253","UNIPROT","P0CG47","undirected","Binding"
"UNIPROT","Q9Y253","UNIPROT","P0CG48","directed","Control(Out: ACTIVATION of BiochemicalReaction)"
"UNIPROT","Q9Y253","UNIPROT","P0CG48","undirected","Binding"
"UNIPROT","Q9Y253","UNIPROT","P12004","undirected","Binding"
"UNIPROT","Q9Y253","UNIPROT","P15927","undirected","Binding"
"UNIPROT","Q9Y253","UNIPROT","P27694","undirected","Binding"
"UNIPROT","Q9Y253","UNIPROT","P35244","undirected","Binding"
"UNIPROT","Q9Y253","UNIPROT","P35249","undirected","Binding"
"UNIPROT","Q9Y253","UNIPROT","P35250","undirected","Binding"
"UNIPROT","Q9Y253","UNIPROT","P35251","undirected","Binding"
"UNIPROT","Q9Y253","UNIPROT","P40937","undirected","Binding"
"UNIPROT","Q9Y253","UNIPROT","P40938","undirected","Binding"
"UNIPROT","Q9Y253","UNIPROT","P55072","undirected","Binding"
"UNIPROT","Q9Y253","UNIPROT","P62979","directed","Control(Out: ACTIVATION of BiochemicalReaction)"
"UNIPROT","Q9Y253","UNIPROT","P62979","undirected","Binding"
"UNIPROT","Q9Y253","UNIPROT","P62987","directed","Control(Out: ACTIVATION of BiochemicalReaction)"
"UNIPROT","Q9Y253","UNIPROT","P62987","undirected","Binding"
"UNIPROT","Q9Y253","UNIPROT","Q8TAT6","undirected","Binding"
"UNIPROT","Q9Y253","UNIPROT","Q92890","undirected","Binding"
"UNIPROT","Q9Y253","UNIPROT","Q96PM5","undirected","Binding"
"UNIPROT","Q9Y253","UNIPROT","Q9H040","undirected","Binding"
