"src_type","src","dest_type","dest","direction","type"
"UNIPROT","P30996","UNIPROT","P23763","directed","Control(Out: ACTIVATION of BiochemicalReaction)"
"UNIPROT","P30996","UNIPROT","P23763","directed","Control(Out: ACTIVATION of BiochemicalReaction)"
"UNIPROT","P30996","UNIPROT","P63027","directed","Control(Out: ACTIVATION of BiochemicalReaction)"
"UNIPROT","P30996","UNIPROT","P63027","directed","Control(Out: ACTIVATION of BiochemicalReaction)"
"UNIPROT","Q496J9","UNIPROT","P30996","undirected","Binding"
"UNIPROT","Q7L0J3","UNIPROT","P30996","undirected","Binding"
"UNIPROT","Q7L1I2","UNIPROT","P30996","undirected","Binding"
