"src_type","src","dest_type","dest","direction","type"
"UNIPROT","Q60393","UNIPROT","P21579","undirected","Binding"
"UNIPROT","Q60393","UNIPROT","P23763","directed","Control(Out: ACTIVATION of BiochemicalReaction)"
"UNIPROT","Q60393","UNIPROT","P23763","directed","Control(Out: ACTIVATION of BiochemicalReaction)"
"UNIPROT","Q60393","UNIPROT","P63027","directed","Control(Out: ACTIVATION of BiochemicalReaction)"
"UNIPROT","Q60393","UNIPROT","P63027","directed","Control(Out: ACTIVATION of BiochemicalReaction)"
