"src_type","src","dest_type","dest","direction","type"
"UNIPROT","P00519","UNIPROT","O60271","undirected","Binding"
"UNIPROT","P00519","UNIPROT","P19022","undirected","Binding"
"UNIPROT","P00519","UNIPROT","P26232","undirected","Binding"
"UNIPROT","P00519","UNIPROT","P53778","undirected","Binding"
"UNIPROT","P00519","UNIPROT","P55283","undirected","Binding"
"UNIPROT","P00519","UNIPROT","P55291","undirected","Binding"
"UNIPROT","P00519","UNIPROT","Q12982","undirected","Binding"
"UNIPROT","P00519","UNIPROT","Q15759","undirected","Binding"
"UNIPROT","P00519","UNIPROT","Q16539","undirected","Binding"
"UNIPROT","P13349","UNIPROT","P15884","undirected","Binding"
"UNIPROT","P13349","UNIPROT","Q02080","undirected","Binding"
"UNIPROT","P15172","UNIPROT","P15884","undirected","Binding"
"UNIPROT","P15172","UNIPROT","Q02080","undirected","Binding"
"UNIPROT","P15173","UNIPROT","P15884","undirected","Binding"
"UNIPROT","P15173","UNIPROT","Q02080","undirected","Binding"
"UNIPROT","P15884","UNIPROT","Q02080","undirected","Binding"
"UNIPROT","P15923","UNIPROT","P13349","undirected","Binding"
"UNIPROT","P15923","UNIPROT","P15172","undirected","Binding"
"UNIPROT","P15923","UNIPROT","P15173","undirected","Binding"
"UNIPROT","P15923","UNIPROT","P23409","undirected","Binding"
"UNIPROT","P15923","UNIPROT","Q02080","undirected","Binding"
"UNIPROT","P19022","UNIPROT","O60271","undirected","Binding"
"UNIPROT","P19022","UNIPROT","P26232","undirected","Binding"
"UNIPROT","P19022","UNIPROT","Q12982","undirected","Binding"
"UNIPROT","P23409","UNIPROT","P15884","undirected","Binding"
"UNIPROT","P23409","UNIPROT","Q02080","undirected","Binding"
"UNIPROT","P26232","UNIPROT","O60271","undirected","Binding"
"UNIPROT","P26232","UNIPROT","P55283","undirected","Binding"
"UNIPROT","P26232","UNIPROT","P55291","undirected","Binding"
"UNIPROT","P26232","UNIPROT","Q12982","undirected","Binding"
"UNIPROT","P35221","UNIPROT","O60271","undirected","Binding"
"UNIPROT","P35221","UNIPROT","P00519","undirected","Binding"
"UNIPROT","P35221","UNIPROT","P19022","undirected","Binding"
"UNIPROT","P35221","UNIPROT","P53778","undirected","Binding"
"UNIPROT","P35221","UNIPROT","P55283","undirected","Binding"
"UNIPROT","P35221","UNIPROT","P55291","undirected","Binding"
"UNIPROT","P35221","UNIPROT","Q12982","undirected","Binding"
"UNIPROT","P35221","UNIPROT","Q15759","undirected","Binding"
"UNIPROT","P35221","UNIPROT","Q16539","undirected","Binding"
"UNIPROT","P35221","UNIPROT","Q4KMG0","undirected","Binding"
"UNIPROT","P35221","UNIPROT","Q9BWV1","undirected","Binding"
"UNIPROT","P35222","UNIPROT","O60271","undirected","Binding"
"UNIPROT","P35222","UNIPROT","P00519","undirected","Binding"
"UNIPROT","P35222","UNIPROT","P19022","undirected","Binding"
"UNIPROT","P35222","UNIPROT","P53778","undirected","Binding"
"UNIPROT","P35222","UNIPROT","P55283","undirected","Binding"
"UNIPROT","P35222","UNIPROT","P55291","undirected","Binding"
"UNIPROT","P35222","UNIPROT","Q12982","undirected","Binding"
"UNIPROT","P35222","UNIPROT","Q15759","undirected","Binding"
"UNIPROT","P35222","UNIPROT","Q16539","undirected","Binding"
"UNIPROT","P35222","UNIPROT","Q4KMG0","undirected","Binding"
"UNIPROT","P35222","UNIPROT","Q9BWV1","undirected","Binding"
"UNIPROT","P52564","UNIPROT","O60271","directed","Control(Out: ACTIVATION of BiochemicalReaction)"
"UNIPROT","P52564","UNIPROT","P00519","directed","Control(Out: ACTIVATION of BiochemicalReaction)"
"UNIPROT","P52564","UNIPROT","P19022","directed","Control(Out: ACTIVATION of BiochemicalReaction)"
"UNIPROT","P52564","UNIPROT","P26232","directed","Control(Out: ACTIVATION of BiochemicalReaction)"
"UNIPROT","P52564","UNIPROT","P35221","directed","Control(Out: ACTIVATION of BiochemicalReaction)"
"UNIPROT","P52564","UNIPROT","P35222","directed","Control(Out: ACTIVATION of BiochemicalReaction)"
"UNIPROT","P52564","UNIPROT","P53778","directed","Control(Out: ACTIVATION of BiochemicalReaction)"
"UNIPROT","P52564","UNIPROT","P55283","directed","Control(Out: ACTIVATION of BiochemicalReaction)"
"UNIPROT","P52564","UNIPROT","P55291","directed","Control(Out: ACTIVATION of BiochemicalReaction)"
"UNIPROT","P52564","UNIPROT","P60953","directed","Control(Out: ACTIVATION of BiochemicalReaction)"
"UNIPROT","P52564","UNIPROT","Q12982","directed","Control(Out: ACTIVATION of BiochemicalReaction)"
"UNIPROT","P52564","UNIPROT","Q15759","directed","Control(Out: ACTIVATION of BiochemicalReaction)"
"UNIPROT","P52564","UNIPROT","Q16539","directed","Control(Out: ACTIVATION of BiochemicalReaction)"
"UNIPROT","P52564","UNIPROT","Q4KMG0","directed","Control(Out: ACTIVATION of BiochemicalReaction)"
"UNIPROT","P52564","UNIPROT","Q9BWV1","directed","Control(Out: ACTIVATION of BiochemicalReaction)"
"UNIPROT","P53778","UNIPROT","O60271","undirected","Binding"
"UNIPROT","P53778","UNIPROT","P15923","directed","Control(Out: ACTIVATION of BiochemicalReaction)"
"UNIPROT","P53778","UNIPROT","P19022","undirected","Binding"
"UNIPROT","P53778","UNIPROT","P26232","undirected","Binding"
"UNIPROT","P53778","UNIPROT","P55283","undirected","Binding"
"UNIPROT","P53778","UNIPROT","P55291","undirected","Binding"
"UNIPROT","P53778","UNIPROT","Q02078","directed","Control(Out: ACTIVATION of BiochemicalReaction)"
"UNIPROT","P53778","UNIPROT","Q02080","directed","Control(Out: ACTIVATION of BiochemicalReaction)"
"UNIPROT","P53778","UNIPROT","Q02080","undirected","Binding"
"UNIPROT","P53778","UNIPROT","Q06413","directed","Control(Out: ACTIVATION of BiochemicalReaction)"
"UNIPROT","P53778","UNIPROT","Q06413","undirected","Binding"
"UNIPROT","P53778","UNIPROT","Q12982","undirected","Binding"
"UNIPROT","P53778","UNIPROT","Q14814","directed","Control(Out: ACTIVATION of BiochemicalReaction)"
"UNIPROT","P53778","UNIPROT","Q14814","undirected","Binding"
"UNIPROT","P55283","UNIPROT","O60271","undirected","Binding"
"UNIPROT","P55283","UNIPROT","Q12982","undirected","Binding"
"UNIPROT","P55291","UNIPROT","O60271","undirected","Binding"
"UNIPROT","P55291","UNIPROT","Q12982","undirected","Binding"
"UNIPROT","P60953","UNIPROT","O60271","undirected","Binding"
"UNIPROT","P60953","UNIPROT","P00519","undirected","Binding"
"UNIPROT","P60953","UNIPROT","P19022","undirected","Binding"
"UNIPROT","P60953","UNIPROT","P26232","undirected","Binding"
"UNIPROT","P60953","UNIPROT","P35221","undirected","Binding"
"UNIPROT","P60953","UNIPROT","P35222","undirected","Binding"
"UNIPROT","P60953","UNIPROT","P53778","undirected","Binding"
"UNIPROT","P60953","UNIPROT","P55283","undirected","Binding"
"UNIPROT","P60953","UNIPROT","P55291","undirected","Binding"
"UNIPROT","P60953","UNIPROT","Q12982","undirected","Binding"
"UNIPROT","P60953","UNIPROT","Q15759","undirected","Binding"
"UNIPROT","P60953","UNIPROT","Q16539","undirected","Binding"
"UNIPROT","P60953","UNIPROT","Q4KMG0","undirected","Binding"
"UNIPROT","P60953","UNIPROT","Q9BWV1","undirected","Binding"
"UNIPROT","Q02078","UNIPROT","P13349","undirected","Binding"
"UNIPROT","Q02078","UNIPROT","P15172","undirected","Binding"
"UNIPROT","Q02078","UNIPROT","P15173","undirected","Binding"
"UNIPROT","Q02078","UNIPROT","P15884","undirected","Binding"
"UNIPROT","Q02078","UNIPROT","P15923","undirected","Binding"
"UNIPROT","Q02078","UNIPROT","P23409","undirected","Binding"
"UNIPROT","Q02078","UNIPROT","P53778","undirected","Binding"
"UNIPROT","Q02078","UNIPROT","Q15759","undirected","Binding"
"UNIPROT","Q02078","UNIPROT","Q16539","undirected","Binding"
"UNIPROT","Q02078","UNIPROT","Q99081","undirected","Binding"
"UNIPROT","Q06413","UNIPROT","P13349","undirected","Binding"
"UNIPROT","Q06413","UNIPROT","P15172","undirected","Binding"
"UNIPROT","Q06413","UNIPROT","P15173","undirected","Binding"
"UNIPROT","Q06413","UNIPROT","P15884","undirected","Binding"
"UNIPROT","Q06413","UNIPROT","P15923","undirected","Binding"
"UNIPROT","Q06413","UNIPROT","P23409","undirected","Binding"
"UNIPROT","Q12982","UNIPROT","O60271","undirected","Binding"
"UNIPROT","Q14814","UNIPROT","P13349","undirected","Binding"
"UNIPROT","Q14814","UNIPROT","P15172","undirected","Binding"
"UNIPROT","Q14814","UNIPROT","P15173","undirected","Binding"
"UNIPROT","Q14814","UNIPROT","P15884","undirected","Binding"
"UNIPROT","Q14814","UNIPROT","P15923","undirected","Binding"
"UNIPROT","Q14814","UNIPROT","P23409","undirected","Binding"
"UNIPROT","Q15759","UNIPROT","O60271","undirected","Binding"
"UNIPROT","Q15759","UNIPROT","P15923","directed","Control(Out: ACTIVATION of BiochemicalReaction)"
"UNIPROT","Q15759","UNIPROT","P19022","undirected","Binding"
"UNIPROT","Q15759","UNIPROT","P26232","undirected","Binding"
"UNIPROT","Q15759","UNIPROT","P55283","undirected","Binding"
"UNIPROT","Q15759","UNIPROT","P55291","undirected","Binding"
"UNIPROT","Q15759","UNIPROT","Q02078","directed","Control(Out: ACTIVATION of BiochemicalReaction)"
"UNIPROT","Q15759","UNIPROT","Q02080","directed","Control(Out: ACTIVATION of BiochemicalReaction)"
"UNIPROT","Q15759","UNIPROT","Q02080","undirected","Binding"
"UNIPROT","Q15759","UNIPROT","Q06413","directed","Control(Out: ACTIVATION of BiochemicalReaction)"
"UNIPROT","Q15759","UNIPROT","Q06413","undirected","Binding"
"UNIPROT","Q15759","UNIPROT","Q12982","undirected","Binding"
"UNIPROT","Q15759","UNIPROT","Q14814","directed","Control(Out: ACTIVATION of BiochemicalReaction)"
"UNIPROT","Q15759","UNIPROT","Q14814","undirected","Binding"
"UNIPROT","Q16539","UNIPROT","O60271","undirected","Binding"
"UNIPROT","Q16539","UNIPROT","P15923","directed","Control(Out: ACTIVATION of BiochemicalReaction)"
"UNIPROT","Q16539","UNIPROT","P19022","undirected","Binding"
"UNIPROT","Q16539","UNIPROT","P26232","undirected","Binding"
"UNIPROT","Q16539","UNIPROT","P55283","undirected","Binding"
"UNIPROT","Q16539","UNIPROT","P55291","undirected","Binding"
"UNIPROT","Q16539","UNIPROT","Q02078","directed","Control(Out: ACTIVATION of BiochemicalReaction)"
"UNIPROT","Q16539","UNIPROT","Q02080","directed","Control(Out: ACTIVATION of BiochemicalReaction)"
"UNIPROT","Q16539","UNIPROT","Q02080","undirected","Binding"
"UNIPROT","Q16539","UNIPROT","Q06413","directed","Control(Out: ACTIVATION of BiochemicalReaction)"
"UNIPROT","Q16539","UNIPROT","Q06413","undirected","Binding"
"UNIPROT","Q16539","UNIPROT","Q12982","undirected","Binding"
"UNIPROT","Q16539","UNIPROT","Q14814","directed","Control(Out: ACTIVATION of BiochemicalReaction)"
"UNIPROT","Q16539","UNIPROT","Q14814","undirected","Binding"
"UNIPROT","Q4KMG0","UNIPROT","O00634","undirected","Binding"
"UNIPROT","Q4KMG0","UNIPROT","O60271","undirected","Binding"
"UNIPROT","Q4KMG0","UNIPROT","P00519","undirected","Binding"
"UNIPROT","Q4KMG0","UNIPROT","P19022","undirected","Binding"
"UNIPROT","Q4KMG0","UNIPROT","P26232","undirected","Binding"
"UNIPROT","Q4KMG0","UNIPROT","P53778","undirected","Binding"
"UNIPROT","Q4KMG0","UNIPROT","P55283","undirected","Binding"
"UNIPROT","Q4KMG0","UNIPROT","P55291","undirected","Binding"
"UNIPROT","Q4KMG0","UNIPROT","Q12982","undirected","Binding"
"UNIPROT","Q4KMG0","UNIPROT","Q15759","undirected","Binding"
"UNIPROT","Q4KMG0","UNIPROT","Q16539","undirected","Binding"
"UNIPROT","Q4KMG0","UNIPROT","Q92859","undirected","Binding"
"UNIPROT","Q92859","UNIPROT","O00634","undirected","Binding"
"UNIPROT","Q99081","UNIPROT","P13349","undirected","Binding"
"UNIPROT","Q99081","UNIPROT","P15172","undirected","Binding"
"UNIPROT","Q99081","UNIPROT","P15173","undirected","Binding"
"UNIPROT","Q99081","UNIPROT","P23409","undirected","Binding"
"UNIPROT","Q99081","UNIPROT","Q02080","undirected","Binding"
"UNIPROT","Q99081","UNIPROT","Q06413","undirected","Binding"
"UNIPROT","Q99081","UNIPROT","Q14814","undirected","Binding"
"UNIPROT","Q9BWV1","UNIPROT","O00634","undirected","Binding"
"UNIPROT","Q9BWV1","UNIPROT","O60271","undirected","Binding"
"UNIPROT","Q9BWV1","UNIPROT","P00519","undirected","Binding"
"UNIPROT","Q9BWV1","UNIPROT","P19022","undirected","Binding"
"UNIPROT","Q9BWV1","UNIPROT","P26232","undirected","Binding"
"UNIPROT","Q9BWV1","UNIPROT","P53778","undirected","Binding"
"UNIPROT","Q9BWV1","UNIPROT","P55283","undirected","Binding"
"UNIPROT","Q9BWV1","UNIPROT","P55291","undirected","Binding"
"UNIPROT","Q9BWV1","UNIPROT","Q12982","undirected","Binding"
"UNIPROT","Q9BWV1","UNIPROT","Q15759","undirected","Binding"
"UNIPROT","Q9BWV1","UNIPROT","Q16539","undirected","Binding"
"UNIPROT","Q9BWV1","UNIPROT","Q4KMG0","undirected","Binding"
"UNIPROT","Q9BWV1","UNIPROT","Q92859","undirected","Binding"
