"src_type","src","dest_type","dest","direction","type"
"UNIPROT","O00237","UNIPROT","P0CG47","directed","Control(Out: ACTIVATION of BiochemicalReaction)"
"UNIPROT","O00237","UNIPROT","P0CG48","directed","Control(Out: ACTIVATION of BiochemicalReaction)"
"UNIPROT","O00237","UNIPROT","P62979","directed","Control(Out: ACTIVATION of BiochemicalReaction)"
"UNIPROT","O00237","UNIPROT","P62987","directed","Control(Out: ACTIVATION of BiochemicalReaction)"
"UNIPROT","O60337","UNIPROT","P0CG47","directed","Control(Out: ACTIVATION of BiochemicalReaction)"
"UNIPROT","O60337","UNIPROT","P0CG48","directed","Control(Out: ACTIVATION of BiochemicalReaction)"
"UNIPROT","O60337","UNIPROT","P62979","directed","Control(Out: ACTIVATION of BiochemicalReaction)"
"UNIPROT","O60337","UNIPROT","P62987","directed","Control(Out: ACTIVATION of BiochemicalReaction)"
"UNIPROT","O60858","UNIPROT","P0CG47","directed","Control(Out: ACTIVATION of BiochemicalReaction)"
"UNIPROT","O60858","UNIPROT","P0CG48","directed","Control(Out: ACTIVATION of BiochemicalReaction)"
"UNIPROT","O60858","UNIPROT","P62979","directed","Control(Out: ACTIVATION of BiochemicalReaction)"
"UNIPROT","O60858","UNIPROT","P62987","directed","Control(Out: ACTIVATION of BiochemicalReaction)"
"UNIPROT","P0CG47","UNIPROT","O00237","directed","Control(In: ACTIVATION of BiochemicalReaction)"
"UNIPROT","P0CG47","UNIPROT","O60337","directed","Control(In: ACTIVATION of BiochemicalReaction)"
"UNIPROT","P0CG47","UNIPROT","O60858","directed","Control(In: ACTIVATION of BiochemicalReaction)"
"UNIPROT","P0CG47","UNIPROT","P54727","directed","Control(In: ACTIVATION of BiochemicalReaction)"
"UNIPROT","P0CG47","UNIPROT","P55072","directed","Control(In: ACTIVATION of BiochemicalReaction)"
"UNIPROT","P0CG47","UNIPROT","P62191","directed","Control(In: ACTIVATION of BiochemicalReaction)"
"UNIPROT","P0CG47","UNIPROT","Q04323","directed","Control(In: ACTIVATION of BiochemicalReaction)"
"UNIPROT","P0CG47","UNIPROT","Q13438","directed","Control(In: ACTIVATION of BiochemicalReaction)"
"UNIPROT","P0CG47","UNIPROT","Q86TM6","directed","Control(In: ACTIVATION of BiochemicalReaction)"
"UNIPROT","P0CG47","UNIPROT","Q8NFI3","directed","Control(In: ACTIVATION of BiochemicalReaction)"
"UNIPROT","P0CG47","UNIPROT","Q8WU17","directed","Control(In: ACTIVATION of BiochemicalReaction)"
"UNIPROT","P0CG47","UNIPROT","Q96GF1","directed","Control(In: ACTIVATION of BiochemicalReaction)"
"UNIPROT","P0CG47","UNIPROT","Q96IV0","directed","Control(In: ACTIVATION of BiochemicalReaction)"
"UNIPROT","P0CG47","UNIPROT","Q99942","directed","Control(In: ACTIVATION of BiochemicalReaction)"
"UNIPROT","P0CG47","UNIPROT","Q9BUN8","directed","Control(In: ACTIVATION of BiochemicalReaction)"
"UNIPROT","P0CG47","UNIPROT","Q9GZP9","directed","Control(In: ACTIVATION of BiochemicalReaction)"
"UNIPROT","P0CG47","UNIPROT","Q9UBV2","directed","Control(In: ACTIVATION of BiochemicalReaction)"
"UNIPROT","P0CG47","UNIPROT","Q9UKV5","directed","Control(In: ACTIVATION of BiochemicalReaction)"
"UNIPROT","P0CG48","UNIPROT","O00237","directed","Control(In: ACTIVATION of BiochemicalReaction)"
"UNIPROT","P0CG48","UNIPROT","O60337","directed","Control(In: ACTIVATION of BiochemicalReaction)"
"UNIPROT","P0CG48","UNIPROT","O60858","directed","Control(In: ACTIVATION of BiochemicalReaction)"
"UNIPROT","P0CG48","UNIPROT","P54727","directed","Control(In: ACTIVATION of BiochemicalReaction)"
"UNIPROT","P0CG48","UNIPROT","P55072","directed","Control(In: ACTIVATION of BiochemicalReaction)"
"UNIPROT","P0CG48","UNIPROT","P62191","directed","Control(In: ACTIVATION of BiochemicalReaction)"
"UNIPROT","P0CG48","UNIPROT","Q04323","directed","Control(In: ACTIVATION of BiochemicalReaction)"
"UNIPROT","P0CG48","UNIPROT","Q13438","directed","Control(In: ACTIVATION of BiochemicalReaction)"
"UNIPROT","P0CG48","UNIPROT","Q86TM6","directed","Control(In: ACTIVATION of BiochemicalReaction)"
"UNIPROT","P0CG48","UNIPROT","Q8NFI3","directed","Control(In: ACTIVATION of BiochemicalReaction)"
"UNIPROT","P0CG48","UNIPROT","Q8WU17","directed","Control(In: ACTIVATION of BiochemicalReaction)"
"UNIPROT","P0CG48","UNIPROT","Q96GF1","directed","Control(In: ACTIVATION of BiochemicalReaction)"
"UNIPROT","P0CG48","UNIPROT","Q96IV0","directed","Control(In: ACTIVATION of BiochemicalReaction)"
"UNIPROT","P0CG48","UNIPROT","Q99942","directed","Control(In: ACTIVATION of BiochemicalReaction)"
"UNIPROT","P0CG48","UNIPROT","Q9BUN8","directed","Control(In: ACTIVATION of BiochemicalReaction)"
"UNIPROT","P0CG48","UNIPROT","Q9GZP9","directed","Control(In: ACTIVATION of BiochemicalReaction)"
"UNIPROT","P0CG48","UNIPROT","Q9UBV2","directed","Control(In: ACTIVATION of BiochemicalReaction)"
"UNIPROT","P0CG48","UNIPROT","Q9UKV5","directed","Control(In: ACTIVATION of BiochemicalReaction)"
"UNIPROT","P14314","UNIPROT","P27797","directed","Control(Out: ACTIVATION of BiochemicalReaction)"
"UNIPROT","P14314","UNIPROT","P27824","directed","Control(Out: ACTIVATION of BiochemicalReaction)"
"UNIPROT","P14314","UNIPROT","P30101","directed","Control(Out: ACTIVATION of BiochemicalReaction)"
"UNIPROT","P14314","UNIPROT","Q14165","directed","Control(Out: ACTIVATION of BiochemicalReaction)"
"UNIPROT","P27797","UNIPROT","P27824","undirected","Binding"
"UNIPROT","P27797","UNIPROT","P30101","undirected","Binding"
"UNIPROT","P27824","UNIPROT","P30101","undirected","Binding"
"UNIPROT","P55072","UNIPROT","P54727","undirected","Binding"
"UNIPROT","P55072","UNIPROT","P62191","undirected","Binding"
"UNIPROT","P55072","UNIPROT","Q04323","undirected","Binding"
"UNIPROT","P55072","UNIPROT","Q96IV0","undirected","Binding"
"UNIPROT","P55072","UNIPROT","Q9BUN8","undirected","Binding"
"UNIPROT","P55072","UNIPROT","Q9UKV5","undirected","Binding"
"UNIPROT","P62191","UNIPROT","P54727","undirected","Binding"
"UNIPROT","P62191","UNIPROT","Q04323","undirected","Binding"
"UNIPROT","P62191","UNIPROT","Q96IV0","undirected","Binding"
"UNIPROT","P62191","UNIPROT","Q9BUN8","undirected","Binding"
"UNIPROT","P62191","UNIPROT","Q9UKV5","undirected","Binding"
"UNIPROT","P62979","UNIPROT","O00237","directed","Control(In: ACTIVATION of BiochemicalReaction)"
"UNIPROT","P62979","UNIPROT","O60337","directed","Control(In: ACTIVATION of BiochemicalReaction)"
"UNIPROT","P62979","UNIPROT","O60858","directed","Control(In: ACTIVATION of BiochemicalReaction)"
"UNIPROT","P62979","UNIPROT","P54727","directed","Control(In: ACTIVATION of BiochemicalReaction)"
"UNIPROT","P62979","UNIPROT","P55072","directed","Control(In: ACTIVATION of BiochemicalReaction)"
"UNIPROT","P62979","UNIPROT","P62191","directed","Control(In: ACTIVATION of BiochemicalReaction)"
"UNIPROT","P62979","UNIPROT","Q04323","directed","Control(In: ACTIVATION of BiochemicalReaction)"
"UNIPROT","P62979","UNIPROT","Q13438","directed","Control(In: ACTIVATION of BiochemicalReaction)"
"UNIPROT","P62979","UNIPROT","Q86TM6","directed","Control(In: ACTIVATION of BiochemicalReaction)"
"UNIPROT","P62979","UNIPROT","Q8NFI3","directed","Control(In: ACTIVATION of BiochemicalReaction)"
"UNIPROT","P62979","UNIPROT","Q8WU17","directed","Control(In: ACTIVATION of BiochemicalReaction)"
"UNIPROT","P62979","UNIPROT","Q96GF1","directed","Control(In: ACTIVATION of BiochemicalReaction)"
"UNIPROT","P62979","UNIPROT","Q96IV0","directed","Control(In: ACTIVATION of BiochemicalReaction)"
"UNIPROT","P62979","UNIPROT","Q99942","directed","Control(In: ACTIVATION of BiochemicalReaction)"
"UNIPROT","P62979","UNIPROT","Q9BUN8","directed","Control(In: ACTIVATION of BiochemicalReaction)"
"UNIPROT","P62979","UNIPROT","Q9GZP9","directed","Control(In: ACTIVATION of BiochemicalReaction)"
"UNIPROT","P62979","UNIPROT","Q9UBV2","directed","Control(In: ACTIVATION of BiochemicalReaction)"
"UNIPROT","P62979","UNIPROT","Q9UKV5","directed","Control(In: ACTIVATION of BiochemicalReaction)"
"UNIPROT","P62987","UNIPROT","O00237","directed","Control(In: ACTIVATION of BiochemicalReaction)"
"UNIPROT","P62987","UNIPROT","O60337","directed","Control(In: ACTIVATION of BiochemicalReaction)"
"UNIPROT","P62987","UNIPROT","O60858","directed","Control(In: ACTIVATION of BiochemicalReaction)"
"UNIPROT","P62987","UNIPROT","P54727","directed","Control(In: ACTIVATION of BiochemicalReaction)"
"UNIPROT","P62987","UNIPROT","P55072","directed","Control(In: ACTIVATION of BiochemicalReaction)"
"UNIPROT","P62987","UNIPROT","P62191","directed","Control(In: ACTIVATION of BiochemicalReaction)"
"UNIPROT","P62987","UNIPROT","Q04323","directed","Control(In: ACTIVATION of BiochemicalReaction)"
"UNIPROT","P62987","UNIPROT","Q13438","directed","Control(In: ACTIVATION of BiochemicalReaction)"
"UNIPROT","P62987","UNIPROT","Q86TM6","directed","Control(In: ACTIVATION of BiochemicalReaction)"
"UNIPROT","P62987","UNIPROT","Q8NFI3","directed","Control(In: ACTIVATION of BiochemicalReaction)"
"UNIPROT","P62987","UNIPROT","Q8WU17","directed","Control(In: ACTIVATION of BiochemicalReaction)"
"UNIPROT","P62987","UNIPROT","Q96GF1","directed","Control(In: ACTIVATION of BiochemicalReaction)"
"UNIPROT","P62987","UNIPROT","Q96IV0","directed","Control(In: ACTIVATION of BiochemicalReaction)"
"UNIPROT","P62987","UNIPROT","Q99942","directed","Control(In: ACTIVATION of BiochemicalReaction)"
"UNIPROT","P62987","UNIPROT","Q9BUN8","directed","Control(In: ACTIVATION of BiochemicalReaction)"
"UNIPROT","P62987","UNIPROT","Q9GZP9","directed","Control(In: ACTIVATION of BiochemicalReaction)"
"UNIPROT","P62987","UNIPROT","Q9UBV2","directed","Control(In: ACTIVATION of BiochemicalReaction)"
"UNIPROT","P62987","UNIPROT","Q9UKV5","directed","Control(In: ACTIVATION of BiochemicalReaction)"
"UNIPROT","Q04323","UNIPROT","P54727","undirected","Binding"
"UNIPROT","Q13438","UNIPROT","O00237","undirected","Binding"
"UNIPROT","Q13438","UNIPROT","O60337","undirected","Binding"
"UNIPROT","Q13438","UNIPROT","O60858","undirected","Binding"
"UNIPROT","Q13438","UNIPROT","P0CG47","directed","Control(Out: ACTIVATION of BiochemicalReaction)"
"UNIPROT","Q13438","UNIPROT","P0CG48","directed","Control(Out: ACTIVATION of BiochemicalReaction)"
"UNIPROT","Q13438","UNIPROT","P62979","directed","Control(Out: ACTIVATION of BiochemicalReaction)"
"UNIPROT","Q13438","UNIPROT","P62987","directed","Control(Out: ACTIVATION of BiochemicalReaction)"
"UNIPROT","Q13438","UNIPROT","Q86TM6","undirected","Binding"
"UNIPROT","Q13438","UNIPROT","Q8WU17","undirected","Binding"
"UNIPROT","Q13438","UNIPROT","Q96GF1","undirected","Binding"
"UNIPROT","Q13438","UNIPROT","Q99942","undirected","Binding"
"UNIPROT","Q13438","UNIPROT","Q9GZP9","undirected","Binding"
"UNIPROT","Q13438","UNIPROT","Q9UKV5","undirected","Binding"
"UNIPROT","Q14165","UNIPROT","P14314","directed","Control(In: ACTIVATION of BiochemicalReaction)"
"UNIPROT","Q14165","UNIPROT","Q14697","directed","Control(In: ACTIVATION of BiochemicalReaction)"
"UNIPROT","Q14697","UNIPROT","P14314","undirected","Binding"
"UNIPROT","Q14697","UNIPROT","P27797","directed","Control(Out: ACTIVATION of BiochemicalReaction)"
"UNIPROT","Q14697","UNIPROT","P27824","directed","Control(Out: ACTIVATION of BiochemicalReaction)"
"UNIPROT","Q14697","UNIPROT","P30101","directed","Control(Out: ACTIVATION of BiochemicalReaction)"
"UNIPROT","Q14697","UNIPROT","Q14165","directed","Control(Out: ACTIVATION of BiochemicalReaction)"
"UNIPROT","Q86TM6","UNIPROT","P0CG47","directed","Control(Out: ACTIVATION of BiochemicalReaction)"
"UNIPROT","Q86TM6","UNIPROT","P0CG48","directed","Control(Out: ACTIVATION of BiochemicalReaction)"
"UNIPROT","Q86TM6","UNIPROT","P62979","directed","Control(Out: ACTIVATION of BiochemicalReaction)"
"UNIPROT","Q86TM6","UNIPROT","P62987","directed","Control(Out: ACTIVATION of BiochemicalReaction)"
"UNIPROT","Q86TM6","UNIPROT","Q9GZP9","undirected","Binding"
"UNIPROT","Q8WU17","UNIPROT","P0CG47","directed","Control(Out: ACTIVATION of BiochemicalReaction)"
"UNIPROT","Q8WU17","UNIPROT","P0CG48","directed","Control(Out: ACTIVATION of BiochemicalReaction)"
"UNIPROT","Q8WU17","UNIPROT","P62979","directed","Control(Out: ACTIVATION of BiochemicalReaction)"
"UNIPROT","Q8WU17","UNIPROT","P62987","directed","Control(Out: ACTIVATION of BiochemicalReaction)"
"UNIPROT","Q96GF1","UNIPROT","P0CG47","directed","Control(Out: ACTIVATION of BiochemicalReaction)"
"UNIPROT","Q96GF1","UNIPROT","P0CG48","directed","Control(Out: ACTIVATION of BiochemicalReaction)"
"UNIPROT","Q96GF1","UNIPROT","P62979","directed","Control(Out: ACTIVATION of BiochemicalReaction)"
"UNIPROT","Q96GF1","UNIPROT","P62987","directed","Control(Out: ACTIVATION of BiochemicalReaction)"
"UNIPROT","Q96IV0","UNIPROT","P54727","undirected","Binding"
"UNIPROT","Q96IV0","UNIPROT","Q04323","undirected","Binding"
"UNIPROT","Q99942","UNIPROT","P0CG47","directed","Control(Out: ACTIVATION of BiochemicalReaction)"
"UNIPROT","Q99942","UNIPROT","P0CG48","directed","Control(Out: ACTIVATION of BiochemicalReaction)"
"UNIPROT","Q99942","UNIPROT","P62979","directed","Control(Out: ACTIVATION of BiochemicalReaction)"
"UNIPROT","Q99942","UNIPROT","P62987","directed","Control(Out: ACTIVATION of BiochemicalReaction)"
"UNIPROT","Q9BUN8","UNIPROT","P54727","undirected","Binding"
"UNIPROT","Q9BUN8","UNIPROT","Q04323","undirected","Binding"
"UNIPROT","Q9BUN8","UNIPROT","Q96IV0","undirected","Binding"
"UNIPROT","Q9BUN8","UNIPROT","Q9UKV5","undirected","Binding"
"UNIPROT","Q9GZP9","UNIPROT","O00237","undirected","Binding"
"UNIPROT","Q9GZP9","UNIPROT","O60337","undirected","Binding"
"UNIPROT","Q9GZP9","UNIPROT","O60858","undirected","Binding"
"UNIPROT","Q9GZP9","UNIPROT","P0CG47","directed","Control(Out: ACTIVATION of BiochemicalReaction)"
"UNIPROT","Q9GZP9","UNIPROT","P0CG48","directed","Control(Out: ACTIVATION of BiochemicalReaction)"
"UNIPROT","Q9GZP9","UNIPROT","P62979","directed","Control(Out: ACTIVATION of BiochemicalReaction)"
"UNIPROT","Q9GZP9","UNIPROT","P62987","directed","Control(Out: ACTIVATION of BiochemicalReaction)"
"UNIPROT","Q9GZP9","UNIPROT","Q8WU17","undirected","Binding"
"UNIPROT","Q9GZP9","UNIPROT","Q96GF1","undirected","Binding"
"UNIPROT","Q9GZP9","UNIPROT","Q99942","undirected","Binding"
"UNIPROT","Q9GZP9","UNIPROT","Q9UKV5","undirected","Binding"
"UNIPROT","Q9UBV2","UNIPROT","O00237","undirected","Binding"
"UNIPROT","Q9UBV2","UNIPROT","O60337","undirected","Binding"
"UNIPROT","Q9UBV2","UNIPROT","O60858","undirected","Binding"
"UNIPROT","Q9UBV2","UNIPROT","P0CG47","directed","Control(Out: ACTIVATION of BiochemicalReaction)"
"UNIPROT","Q9UBV2","UNIPROT","P0CG48","directed","Control(Out: ACTIVATION of BiochemicalReaction)"
"UNIPROT","Q9UBV2","UNIPROT","P62979","directed","Control(Out: ACTIVATION of BiochemicalReaction)"
"UNIPROT","Q9UBV2","UNIPROT","P62987","directed","Control(Out: ACTIVATION of BiochemicalReaction)"
"UNIPROT","Q9UBV2","UNIPROT","Q13438","undirected","Binding"
"UNIPROT","Q9UBV2","UNIPROT","Q86TM6","undirected","Binding"
"UNIPROT","Q9UBV2","UNIPROT","Q8WU17","undirected","Binding"
"UNIPROT","Q9UBV2","UNIPROT","Q96GF1","undirected","Binding"
"UNIPROT","Q9UBV2","UNIPROT","Q99942","undirected","Binding"
"UNIPROT","Q9UBV2","UNIPROT","Q9GZP9","undirected","Binding"
"UNIPROT","Q9UBV2","UNIPROT","Q9UKV5","undirected","Binding"
"UNIPROT","Q9UKV5","UNIPROT","P0CG47","directed","Control(Out: ACTIVATION of BiochemicalReaction)"
"UNIPROT","Q9UKV5","UNIPROT","P0CG48","directed","Control(Out: ACTIVATION of BiochemicalReaction)"
"UNIPROT","Q9UKV5","UNIPROT","P54727","undirected","Binding"
"UNIPROT","Q9UKV5","UNIPROT","P62979","directed","Control(Out: ACTIVATION of BiochemicalReaction)"
"UNIPROT","Q9UKV5","UNIPROT","P62987","directed","Control(Out: ACTIVATION of BiochemicalReaction)"
"UNIPROT","Q9UKV5","UNIPROT","Q04323","undirected","Binding"
"UNIPROT","Q9UKV5","UNIPROT","Q96IV0","undirected","Binding"
