"src_type","src","dest_type","dest","direction","type"
"UNIPROT","Q6P3W2","UNIPROT","P13639","directed","Control(Out: ACTIVATION of BiochemicalReaction)"
"UNIPROT","Q7L8W6","UNIPROT","P13639","directed","Control(Out: ACTIVATION of BiochemicalReaction)"
"UNIPROT","Q96FX2","UNIPROT","P13639","directed","Control(Out: ACTIVATION of BiochemicalReaction)"
"UNIPROT","Q96FX2","UNIPROT","Q9BQC3","undirected","Binding"
"UNIPROT","Q96FX2","UNIPROT","Q9BZG8","undirected","Binding"
"UNIPROT","Q9BQC3","UNIPROT","P13639","directed","Control(Out: ACTIVATION of BiochemicalReaction)"
"UNIPROT","Q9BTV6","UNIPROT","P13639","directed","Control(Out: ACTIVATION of BiochemicalReaction)"
"UNIPROT","Q9BZG8","UNIPROT","P13639","directed","Control(Out: ACTIVATION of BiochemicalReaction)"
"UNIPROT","Q9BZG8","UNIPROT","Q9BQC3","undirected","Binding"
"UNIPROT","Q9H2P9","UNIPROT","P13639","directed","Control(Out: ACTIVATION of BiochemicalReaction)"
