"src_type","src","dest_type","dest","direction","type"
"UNIPROT","P12004","UNIPROT","P15927","directed","Control(Out: ACTIVATION of BiochemicalReaction)"
"UNIPROT","P12004","UNIPROT","P15927","directed","Process(BiochemicalReaction)"
"UNIPROT","P12004","UNIPROT","P27694","directed","Control(Out: ACTIVATION of BiochemicalReaction)"
"UNIPROT","P12004","UNIPROT","P27694","directed","Process(BiochemicalReaction)"
"UNIPROT","P12004","UNIPROT","P35244","directed","Control(Out: ACTIVATION of BiochemicalReaction)"
"UNIPROT","P12004","UNIPROT","P35244","directed","Process(BiochemicalReaction)"
"UNIPROT","P12004","UNIPROT","P40692","undirected","Binding"
"UNIPROT","P15927","UNIPROT","P27694","undirected","Binding"
"UNIPROT","P15927","UNIPROT","P35244","undirected","Binding"
"UNIPROT","P20585","UNIPROT","P12004","undirected","Binding"
"UNIPROT","P20585","UNIPROT","P15927","directed","Control(Out: ACTIVATION of BiochemicalReaction)"
"UNIPROT","P20585","UNIPROT","P15927","directed","Process(BiochemicalReaction)"
"UNIPROT","P20585","UNIPROT","P27694","directed","Control(Out: ACTIVATION of BiochemicalReaction)"
"UNIPROT","P20585","UNIPROT","P27694","directed","Process(BiochemicalReaction)"
"UNIPROT","P20585","UNIPROT","P35244","directed","Control(Out: ACTIVATION of BiochemicalReaction)"
"UNIPROT","P20585","UNIPROT","P35244","directed","Process(BiochemicalReaction)"
"UNIPROT","P20585","UNIPROT","P40692","undirected","Binding"
"UNIPROT","P20585","UNIPROT","Q9UQ84","undirected","Binding"
"UNIPROT","P27694","UNIPROT","P35244","undirected","Binding"
"UNIPROT","P28340","UNIPROT","P15927","directed","Control(Out: ACTIVATION of BiochemicalReaction)"
"UNIPROT","P28340","UNIPROT","P27694","directed","Control(Out: ACTIVATION of BiochemicalReaction)"
"UNIPROT","P28340","UNIPROT","P35244","directed","Control(Out: ACTIVATION of BiochemicalReaction)"
"UNIPROT","P28340","UNIPROT","P49005","undirected","Binding"
"UNIPROT","P28340","UNIPROT","Q9HCU8","undirected","Binding"
"UNIPROT","P40692","UNIPROT","P15927","directed","Control(Out: ACTIVATION of BiochemicalReaction)"
"UNIPROT","P40692","UNIPROT","P15927","directed","Process(BiochemicalReaction)"
"UNIPROT","P40692","UNIPROT","P27694","directed","Control(Out: ACTIVATION of BiochemicalReaction)"
"UNIPROT","P40692","UNIPROT","P27694","directed","Process(BiochemicalReaction)"
"UNIPROT","P40692","UNIPROT","P35244","directed","Control(Out: ACTIVATION of BiochemicalReaction)"
"UNIPROT","P40692","UNIPROT","P35244","directed","Process(BiochemicalReaction)"
"UNIPROT","P43246","UNIPROT","P12004","undirected","Binding"
"UNIPROT","P43246","UNIPROT","P15927","directed","Control(Out: ACTIVATION of BiochemicalReaction)"
"UNIPROT","P43246","UNIPROT","P15927","directed","Process(BiochemicalReaction)"
"UNIPROT","P43246","UNIPROT","P20585","undirected","Binding"
"UNIPROT","P43246","UNIPROT","P27694","directed","Control(Out: ACTIVATION of BiochemicalReaction)"
"UNIPROT","P43246","UNIPROT","P27694","directed","Process(BiochemicalReaction)"
"UNIPROT","P43246","UNIPROT","P35244","directed","Control(Out: ACTIVATION of BiochemicalReaction)"
"UNIPROT","P43246","UNIPROT","P35244","directed","Process(BiochemicalReaction)"
"UNIPROT","P43246","UNIPROT","P40692","undirected","Binding"
"UNIPROT","P43246","UNIPROT","Q9UQ84","undirected","Binding"
"UNIPROT","P49005","UNIPROT","P15927","directed","Control(Out: ACTIVATION of BiochemicalReaction)"
"UNIPROT","P49005","UNIPROT","P27694","directed","Control(Out: ACTIVATION of BiochemicalReaction)"
"UNIPROT","P49005","UNIPROT","P35244","directed","Control(Out: ACTIVATION of BiochemicalReaction)"
"UNIPROT","P49005","UNIPROT","Q9HCU8","undirected","Binding"
"UNIPROT","P54278","UNIPROT","P12004","undirected","Binding"
"UNIPROT","P54278","UNIPROT","P15927","directed","Control(Out: ACTIVATION of BiochemicalReaction)"
"UNIPROT","P54278","UNIPROT","P15927","directed","Process(BiochemicalReaction)"
"UNIPROT","P54278","UNIPROT","P20585","undirected","Binding"
"UNIPROT","P54278","UNIPROT","P27694","directed","Control(Out: ACTIVATION of BiochemicalReaction)"
"UNIPROT","P54278","UNIPROT","P27694","directed","Process(BiochemicalReaction)"
"UNIPROT","P54278","UNIPROT","P35244","directed","Control(Out: ACTIVATION of BiochemicalReaction)"
"UNIPROT","P54278","UNIPROT","P35244","directed","Process(BiochemicalReaction)"
"UNIPROT","P54278","UNIPROT","P40692","undirected","Binding"
"UNIPROT","P54278","UNIPROT","P43246","undirected","Binding"
"UNIPROT","P54278","UNIPROT","Q9UQ84","undirected","Binding"
"UNIPROT","Q15054","UNIPROT","P15927","directed","Control(Out: ACTIVATION of BiochemicalReaction)"
"UNIPROT","Q15054","UNIPROT","P27694","directed","Control(Out: ACTIVATION of BiochemicalReaction)"
"UNIPROT","Q15054","UNIPROT","P28340","undirected","Binding"
"UNIPROT","Q15054","UNIPROT","P35244","directed","Control(Out: ACTIVATION of BiochemicalReaction)"
"UNIPROT","Q15054","UNIPROT","P49005","undirected","Binding"
"UNIPROT","Q15054","UNIPROT","Q9HCU8","undirected","Binding"
"UNIPROT","Q9HCU8","UNIPROT","P15927","directed","Control(Out: ACTIVATION of BiochemicalReaction)"
"UNIPROT","Q9HCU8","UNIPROT","P27694","directed","Control(Out: ACTIVATION of BiochemicalReaction)"
"UNIPROT","Q9HCU8","UNIPROT","P35244","directed","Control(Out: ACTIVATION of BiochemicalReaction)"
"UNIPROT","Q9UQ84","UNIPROT","P12004","undirected","Binding"
"UNIPROT","Q9UQ84","UNIPROT","P15927","directed","Control(Out: ACTIVATION of BiochemicalReaction)"
"UNIPROT","Q9UQ84","UNIPROT","P15927","directed","Process(BiochemicalReaction)"
"UNIPROT","Q9UQ84","UNIPROT","P27694","directed","Control(Out: ACTIVATION of BiochemicalReaction)"
"UNIPROT","Q9UQ84","UNIPROT","P27694","directed","Process(BiochemicalReaction)"
"UNIPROT","Q9UQ84","UNIPROT","P35244","directed","Control(Out: ACTIVATION of BiochemicalReaction)"
"UNIPROT","Q9UQ84","UNIPROT","P35244","directed","Process(BiochemicalReaction)"
"UNIPROT","Q9UQ84","UNIPROT","P40692","undirected","Binding"
