"src_type","src","dest_type","dest","direction","type"
"UNIPROT","O43323","UNIPROT","A7MBM2","undirected","Binding"
"UNIPROT","O43323","UNIPROT","P78333","undirected","Binding"
"UNIPROT","O43323","UNIPROT","P78536","directed","Control(In: ACTIVATION of BiochemicalReaction)"
"UNIPROT","O43323","UNIPROT","Q6P988","directed","Control(In: ACTIVATION of BiochemicalReaction)"
"UNIPROT","O43323","UNIPROT","Q9NQ36","undirected","Binding"
"UNIPROT","P78333","UNIPROT","Q6P988","directed","Control(In: ACTIVATION of BiochemicalReaction)"
"UNIPROT","P78536","UNIPROT","O43323","directed","Control(Out: ACTIVATION of BiochemicalReaction)"
"UNIPROT","P78536","UNIPROT","Q14623","directed","Control(Out: ACTIVATION of BiochemicalReaction)"
"UNIPROT","P78536","UNIPROT","Q15465","directed","Control(Out: ACTIVATION of BiochemicalReaction)"
"UNIPROT","Q14623","UNIPROT","A7MBM2","undirected","Binding"
"UNIPROT","Q14623","UNIPROT","P78333","undirected","Binding"
"UNIPROT","Q14623","UNIPROT","P78536","directed","Control(In: ACTIVATION of BiochemicalReaction)"
"UNIPROT","Q14623","UNIPROT","Q6P988","directed","Control(In: ACTIVATION of BiochemicalReaction)"
"UNIPROT","Q14623","UNIPROT","Q9NQ36","undirected","Binding"
"UNIPROT","Q15465","UNIPROT","A7MBM2","undirected","Binding"
"UNIPROT","Q15465","UNIPROT","P78333","undirected","Binding"
"UNIPROT","Q15465","UNIPROT","P78536","directed","Control(In: ACTIVATION of BiochemicalReaction)"
"UNIPROT","Q15465","UNIPROT","Q6P988","directed","Control(In: ACTIVATION of BiochemicalReaction)"
"UNIPROT","Q15465","UNIPROT","Q9NQ36","undirected","Binding"
"UNIPROT","Q6P988","UNIPROT","O43323","directed","Control(Out: ACTIVATION of BiochemicalReaction)"
"UNIPROT","Q6P988","UNIPROT","P78333","directed","Control(Out: ACTIVATION of BiochemicalReaction)"
"UNIPROT","Q6P988","UNIPROT","Q14623","directed","Control(Out: ACTIVATION of BiochemicalReaction)"
"UNIPROT","Q6P988","UNIPROT","Q15465","directed","Control(Out: ACTIVATION of BiochemicalReaction)"
