"src_type","src","dest_type","dest","direction","type"
"UNIPROT","P51787","UNIPROT","P15382","undirected","Binding"
"UNIPROT","P51787","UNIPROT","Q8WWG9","undirected","Binding"
"UNIPROT","P51787","UNIPROT","Q99996","undirected","Binding"
"UNIPROT","P51787","UNIPROT","Q9UJ90","undirected","Binding"
"UNIPROT","P51787","UNIPROT","Q9Y6H6","undirected","Binding"
"UNIPROT","P51787","UNIPROT","Q9Y6J6","undirected","Binding"
"UNIPROT","Q12809","UNIPROT","P15382","undirected","Binding"
"UNIPROT","Q12809","UNIPROT","Q8WWG9","undirected","Binding"
"UNIPROT","Q12809","UNIPROT","Q9UJ90","undirected","Binding"
"UNIPROT","Q12809","UNIPROT","Q9Y6H6","undirected","Binding"
"UNIPROT","Q12809","UNIPROT","Q9Y6J6","undirected","Binding"
"UNIPROT","Q99996","UNIPROT","P15382","undirected","Binding"
"UNIPROT","Q99996","UNIPROT","Q8WWG9","undirected","Binding"
"UNIPROT","Q99996","UNIPROT","Q9UJ90","undirected","Binding"
"UNIPROT","Q99996","UNIPROT","Q9Y6H6","undirected","Binding"
"UNIPROT","Q99996","UNIPROT","Q9Y6J6","undirected","Binding"
