"src_type","src","dest_type","dest","direction","type"
"UNIPROT","P51787","UNIPROT","P15382","undirected","Binding"
"UNIPROT","P51787","UNIPROT","Q8WWG9","undirected","Binding"
"UNIPROT","P51787","UNIPROT","Q99996","undirected","Binding"
"UNIPROT","P51787","UNIPROT","Q9UJ90","undirected","Binding"
"UNIPROT","P51787","UNIPROT","Q9Y6H6","undirected","Binding"
"UNIPROT","P51787","UNIPROT","Q9Y6J6","undirected","Binding"
"UNIPROT","P62955","UNIPROT","Q02641","undirected","Binding"
"UNIPROT","P62955","UNIPROT","Q08289","undirected","Binding"
"UNIPROT","P62955","UNIPROT","Q13936","undirected","Binding"
"UNIPROT","P62955","UNIPROT","Q9NY47","undirected","Binding"
"UNIPROT","Q02641","UNIPROT","Q8WXS5","undirected","Binding"
"UNIPROT","Q08289","UNIPROT","Q8WXS5","undirected","Binding"
"UNIPROT","Q13936","UNIPROT","Q02641","undirected","Binding"
"UNIPROT","Q13936","UNIPROT","Q08289","undirected","Binding"
"UNIPROT","Q13936","UNIPROT","Q8WXS5","undirected","Binding"
"UNIPROT","Q13936","UNIPROT","Q9NY47","undirected","Binding"
"UNIPROT","Q13936","UNIPROT","Q9UBN1","undirected","Binding"
"UNIPROT","Q99996","UNIPROT","P15382","undirected","Binding"
"UNIPROT","Q99996","UNIPROT","Q8WWG9","undirected","Binding"
"UNIPROT","Q99996","UNIPROT","Q9UJ90","undirected","Binding"
"UNIPROT","Q99996","UNIPROT","Q9Y6H6","undirected","Binding"
"UNIPROT","Q99996","UNIPROT","Q9Y6J6","undirected","Binding"
"UNIPROT","Q9BXT2","UNIPROT","Q02641","undirected","Binding"
"UNIPROT","Q9BXT2","UNIPROT","Q08289","undirected","Binding"
"UNIPROT","Q9BXT2","UNIPROT","Q13936","undirected","Binding"
"UNIPROT","Q9BXT2","UNIPROT","Q9NY47","undirected","Binding"
"UNIPROT","Q9NY47","UNIPROT","Q02641","undirected","Binding"
"UNIPROT","Q9NY47","UNIPROT","Q08289","undirected","Binding"
"UNIPROT","Q9NY47","UNIPROT","Q8WXS5","undirected","Binding"
"UNIPROT","Q9NY47","UNIPROT","Q9UBN1","undirected","Binding"
"UNIPROT","Q9UBN1","UNIPROT","Q02641","undirected","Binding"
"UNIPROT","Q9UBN1","UNIPROT","Q08289","undirected","Binding"
