"src_type","src","dest_type","dest","direction","type"
"UNIPROT","A8CG34","UNIPROT","O15397","directed","Control(Out: ACTIVATION of BiochemicalReaction)"
"UNIPROT","A8CG34","UNIPROT","O75694","undirected","Binding"
"UNIPROT","A8CG34","UNIPROT","P62826","directed","Control(Out: ACTIVATION of BiochemicalReaction)"
"UNIPROT","A8CG34","UNIPROT","Q8N1F7","undirected","Binding"
"UNIPROT","A8CG34","UNIPROT","Q8NFH5","undirected","Binding"
"UNIPROT","A8CG34","UNIPROT","Q9UKV8","directed","Control(Out: ACTIVATION of BiochemicalReaction)"
"UNIPROT","O15397","UNIPROT","A8CG34","directed","Control(In: ACTIVATION of BiochemicalReaction)"
"UNIPROT","O15397","UNIPROT","O15504","directed","Control(In: ACTIVATION of BiochemicalReaction)"
"UNIPROT","O15397","UNIPROT","O75694","directed","Control(In: ACTIVATION of BiochemicalReaction)"
"UNIPROT","O15397","UNIPROT","P12270","directed","Control(In: ACTIVATION of BiochemicalReaction)"
"UNIPROT","O15397","UNIPROT","P35658","directed","Control(In: ACTIVATION of BiochemicalReaction)"
"UNIPROT","O15397","UNIPROT","P37198","directed","Control(In: ACTIVATION of BiochemicalReaction)"
"UNIPROT","O15397","UNIPROT","P49790","directed","Control(In: ACTIVATION of BiochemicalReaction)"
"UNIPROT","O15397","UNIPROT","P49792","directed","Control(In: ACTIVATION of BiochemicalReaction)"
"UNIPROT","O15397","UNIPROT","P52948","directed","Control(In: ACTIVATION of BiochemicalReaction)"
"UNIPROT","O15397","UNIPROT","P55735","directed","Control(In: ACTIVATION of BiochemicalReaction)"
"UNIPROT","O15397","UNIPROT","P57740","directed","Control(In: ACTIVATION of BiochemicalReaction)"
"UNIPROT","O15397","UNIPROT","P62826","undirected","Binding"
"UNIPROT","O15397","UNIPROT","P78406","directed","Control(In: ACTIVATION of BiochemicalReaction)"
"UNIPROT","O15397","UNIPROT","Q12769","directed","Control(In: ACTIVATION of BiochemicalReaction)"
"UNIPROT","O15397","UNIPROT","Q5SRE5","directed","Control(In: ACTIVATION of BiochemicalReaction)"
"UNIPROT","O15397","UNIPROT","Q7Z3B4","directed","Control(In: ACTIVATION of BiochemicalReaction)"
"UNIPROT","O15397","UNIPROT","Q8N1F7","directed","Control(In: ACTIVATION of BiochemicalReaction)"
"UNIPROT","O15397","UNIPROT","Q8NFH3","directed","Control(In: ACTIVATION of BiochemicalReaction)"
"UNIPROT","O15397","UNIPROT","Q8NFH4","directed","Control(In: ACTIVATION of BiochemicalReaction)"
"UNIPROT","O15397","UNIPROT","Q8NFH5","directed","Control(In: ACTIVATION of BiochemicalReaction)"
"UNIPROT","O15397","UNIPROT","Q8TEM1","directed","Control(In: ACTIVATION of BiochemicalReaction)"
"UNIPROT","O15397","UNIPROT","Q8WUM0","directed","Control(In: ACTIVATION of BiochemicalReaction)"
"UNIPROT","O15397","UNIPROT","Q92621","directed","Control(In: ACTIVATION of BiochemicalReaction)"
"UNIPROT","O15397","UNIPROT","Q96EE3","directed","Control(In: ACTIVATION of BiochemicalReaction)"
"UNIPROT","O15397","UNIPROT","Q96HA1","directed","Control(In: ACTIVATION of BiochemicalReaction)"
"UNIPROT","O15397","UNIPROT","Q99567","directed","Control(In: ACTIVATION of BiochemicalReaction)"
"UNIPROT","O15397","UNIPROT","Q9BTX1","directed","Control(In: ACTIVATION of BiochemicalReaction)"
"UNIPROT","O15397","UNIPROT","Q9BVL2","directed","Control(In: ACTIVATION of BiochemicalReaction)"
"UNIPROT","O15397","UNIPROT","Q9BW27","directed","Control(In: ACTIVATION of BiochemicalReaction)"
"UNIPROT","O15397","UNIPROT","Q9NRG9","directed","Control(In: ACTIVATION of BiochemicalReaction)"
"UNIPROT","O15397","UNIPROT","Q9UKV8","undirected","Binding"
"UNIPROT","O15397","UNIPROT","Q9UKX7","directed","Control(In: ACTIVATION of BiochemicalReaction)"
"UNIPROT","O15504","UNIPROT","A8CG34","undirected","Binding"
"UNIPROT","O15504","UNIPROT","O15397","directed","Control(Out: ACTIVATION of BiochemicalReaction)"
"UNIPROT","O15504","UNIPROT","O75694","undirected","Binding"
"UNIPROT","O15504","UNIPROT","P62826","directed","Control(Out: ACTIVATION of BiochemicalReaction)"
"UNIPROT","O15504","UNIPROT","Q8N1F7","undirected","Binding"
"UNIPROT","O15504","UNIPROT","Q8NFH5","undirected","Binding"
"UNIPROT","O15504","UNIPROT","Q96HA1","undirected","Binding"
"UNIPROT","O15504","UNIPROT","Q9UKV8","directed","Control(Out: ACTIVATION of BiochemicalReaction)"
"UNIPROT","O15514","UNIPROT","O60814","undirected","Binding"
"UNIPROT","O15514","UNIPROT","P04908","undirected","Binding"
"UNIPROT","O15514","UNIPROT","P06899","undirected","Binding"
"UNIPROT","O15514","UNIPROT","P0C0S5","undirected","Binding"
"UNIPROT","O15514","UNIPROT","P0C5Y9","undirected","Binding"
"UNIPROT","O15514","UNIPROT","P16104","undirected","Binding"
"UNIPROT","O15514","UNIPROT","P19387","undirected","Binding"
"UNIPROT","O15514","UNIPROT","P19388","undirected","Binding"
"UNIPROT","O15514","UNIPROT","P20671","undirected","Binding"
"UNIPROT","O15514","UNIPROT","P23527","undirected","Binding"
"UNIPROT","O15514","UNIPROT","P24928","undirected","Binding"
"UNIPROT","O15514","UNIPROT","P33778","undirected","Binding"
"UNIPROT","O15514","UNIPROT","P52434","undirected","Binding"
"UNIPROT","O15514","UNIPROT","P52435","undirected","Binding"
"UNIPROT","O15514","UNIPROT","P57053","undirected","Binding"
"UNIPROT","O15514","UNIPROT","P58876","undirected","Binding"
"UNIPROT","O15514","UNIPROT","P61218","undirected","Binding"
"UNIPROT","O15514","UNIPROT","P62487","undirected","Binding"
"UNIPROT","O15514","UNIPROT","P62807","undirected","Binding"
"UNIPROT","O15514","UNIPROT","P62875","undirected","Binding"
"UNIPROT","O15514","UNIPROT","P68431","undirected","Binding"
"UNIPROT","O15514","UNIPROT","P84243","undirected","Binding"
"UNIPROT","O15514","UNIPROT","Q16777","undirected","Binding"
"UNIPROT","O15514","UNIPROT","Q16778","undirected","Binding"
"UNIPROT","O15514","UNIPROT","Q6FI13","undirected","Binding"
"UNIPROT","O15514","UNIPROT","Q71DI3","undirected","Binding"
"UNIPROT","O15514","UNIPROT","Q71UI9","undirected","Binding"
"UNIPROT","O15514","UNIPROT","Q8N257","undirected","Binding"
"UNIPROT","O15514","UNIPROT","Q93077","undirected","Binding"
"UNIPROT","O15514","UNIPROT","Q93079","undirected","Binding"
"UNIPROT","O15514","UNIPROT","Q96A08","undirected","Binding"
"UNIPROT","O15514","UNIPROT","Q99877","undirected","Binding"
"UNIPROT","O15514","UNIPROT","Q99878","undirected","Binding"
"UNIPROT","O15514","UNIPROT","Q99879","undirected","Binding"
"UNIPROT","O15514","UNIPROT","Q99880","undirected","Binding"
"UNIPROT","O15514","UNIPROT","Q9BTM1","undirected","Binding"
"UNIPROT","O15514","UNIPROT","Q9UKV8","undirected","Binding"
"UNIPROT","O15514","UNIPROT","Q9UL18","undirected","Binding"
"UNIPROT","O75694","UNIPROT","O15397","directed","Control(Out: ACTIVATION of BiochemicalReaction)"
"UNIPROT","O75694","UNIPROT","P62826","directed","Control(Out: ACTIVATION of BiochemicalReaction)"
"UNIPROT","O75694","UNIPROT","Q9UKV8","directed","Control(Out: ACTIVATION of BiochemicalReaction)"
"UNIPROT","P04908","UNIPROT","O60814","undirected","Binding"
"UNIPROT","P04908","UNIPROT","P06899","undirected","Binding"
"UNIPROT","P04908","UNIPROT","P23527","undirected","Binding"
"UNIPROT","P04908","UNIPROT","P33778","undirected","Binding"
"UNIPROT","P04908","UNIPROT","P58876","undirected","Binding"
"UNIPROT","P04908","UNIPROT","P62807","undirected","Binding"
"UNIPROT","P04908","UNIPROT","P68431","undirected","Binding"
"UNIPROT","P04908","UNIPROT","Q16778","undirected","Binding"
"UNIPROT","P04908","UNIPROT","Q71DI3","undirected","Binding"
"UNIPROT","P04908","UNIPROT","Q8N257","undirected","Binding"
"UNIPROT","P04908","UNIPROT","Q93079","undirected","Binding"
"UNIPROT","P04908","UNIPROT","Q96A08","undirected","Binding"
"UNIPROT","P04908","UNIPROT","Q99877","undirected","Binding"
"UNIPROT","P04908","UNIPROT","Q99879","undirected","Binding"
"UNIPROT","P04908","UNIPROT","Q99880","undirected","Binding"
"UNIPROT","P06899","UNIPROT","Q71DI3","undirected","Binding"
"UNIPROT","P0C0S5","UNIPROT","O60814","undirected","Binding"
"UNIPROT","P0C0S5","UNIPROT","P06899","undirected","Binding"
"UNIPROT","P0C0S5","UNIPROT","P23527","undirected","Binding"
"UNIPROT","P0C0S5","UNIPROT","P33778","undirected","Binding"
"UNIPROT","P0C0S5","UNIPROT","P57053","undirected","Binding"
"UNIPROT","P0C0S5","UNIPROT","P58876","undirected","Binding"
"UNIPROT","P0C0S5","UNIPROT","P62807","undirected","Binding"
"UNIPROT","P0C0S5","UNIPROT","P68431","undirected","Binding"
"UNIPROT","P0C0S5","UNIPROT","P84243","undirected","Binding"
"UNIPROT","P0C0S5","UNIPROT","Q16778","undirected","Binding"
"UNIPROT","P0C0S5","UNIPROT","Q71DI3","undirected","Binding"
"UNIPROT","P0C0S5","UNIPROT","Q8N257","undirected","Binding"
"UNIPROT","P0C0S5","UNIPROT","Q93079","undirected","Binding"
"UNIPROT","P0C0S5","UNIPROT","Q96A08","undirected","Binding"
"UNIPROT","P0C0S5","UNIPROT","Q99877","undirected","Binding"
"UNIPROT","P0C0S5","UNIPROT","Q99879","undirected","Binding"
"UNIPROT","P0C0S5","UNIPROT","Q99880","undirected","Binding"
"UNIPROT","P0C0S5","UNIPROT","Q9UKV8","undirected","Binding"
"UNIPROT","P0C0S5","UNIPROT","Q9UL18","undirected","Binding"
"UNIPROT","P0C5Y9","UNIPROT","O60814","undirected","Binding"
"UNIPROT","P0C5Y9","UNIPROT","P06899","undirected","Binding"
"UNIPROT","P0C5Y9","UNIPROT","P23527","undirected","Binding"
"UNIPROT","P0C5Y9","UNIPROT","P33778","undirected","Binding"
"UNIPROT","P0C5Y9","UNIPROT","P57053","undirected","Binding"
"UNIPROT","P0C5Y9","UNIPROT","P58876","undirected","Binding"
"UNIPROT","P0C5Y9","UNIPROT","P62807","undirected","Binding"
"UNIPROT","P0C5Y9","UNIPROT","P68431","undirected","Binding"
"UNIPROT","P0C5Y9","UNIPROT","P84243","undirected","Binding"
"UNIPROT","P0C5Y9","UNIPROT","Q16778","undirected","Binding"
"UNIPROT","P0C5Y9","UNIPROT","Q71DI3","undirected","Binding"
"UNIPROT","P0C5Y9","UNIPROT","Q8N257","undirected","Binding"
"UNIPROT","P0C5Y9","UNIPROT","Q93079","undirected","Binding"
"UNIPROT","P0C5Y9","UNIPROT","Q96A08","undirected","Binding"
"UNIPROT","P0C5Y9","UNIPROT","Q99877","undirected","Binding"
"UNIPROT","P0C5Y9","UNIPROT","Q99879","undirected","Binding"
"UNIPROT","P0C5Y9","UNIPROT","Q99880","undirected","Binding"
"UNIPROT","P0C5Y9","UNIPROT","Q9UKV8","undirected","Binding"
"UNIPROT","P0C5Y9","UNIPROT","Q9UL18","undirected","Binding"
"UNIPROT","P12270","UNIPROT","A8CG34","undirected","Binding"
"UNIPROT","P12270","UNIPROT","O15397","directed","Control(Out: ACTIVATION of BiochemicalReaction)"
"UNIPROT","P12270","UNIPROT","O15504","undirected","Binding"
"UNIPROT","P12270","UNIPROT","O75694","undirected","Binding"
"UNIPROT","P12270","UNIPROT","P35658","undirected","Binding"
"UNIPROT","P12270","UNIPROT","P37198","undirected","Binding"
"UNIPROT","P12270","UNIPROT","P49790","undirected","Binding"
"UNIPROT","P12270","UNIPROT","P62826","directed","Control(Out: ACTIVATION of BiochemicalReaction)"
"UNIPROT","P12270","UNIPROT","P78406","undirected","Binding"
"UNIPROT","P12270","UNIPROT","Q5SRE5","undirected","Binding"
"UNIPROT","P12270","UNIPROT","Q7Z3B4","undirected","Binding"
"UNIPROT","P12270","UNIPROT","Q8N1F7","undirected","Binding"
"UNIPROT","P12270","UNIPROT","Q8NFH5","undirected","Binding"
"UNIPROT","P12270","UNIPROT","Q8TEM1","undirected","Binding"
"UNIPROT","P12270","UNIPROT","Q92621","undirected","Binding"
"UNIPROT","P12270","UNIPROT","Q96HA1","undirected","Binding"
"UNIPROT","P12270","UNIPROT","Q99567","undirected","Binding"
"UNIPROT","P12270","UNIPROT","Q9BTX1","undirected","Binding"
"UNIPROT","P12270","UNIPROT","Q9BVL2","undirected","Binding"
"UNIPROT","P12270","UNIPROT","Q9UKV8","directed","Control(Out: ACTIVATION of BiochemicalReaction)"
"UNIPROT","P12270","UNIPROT","Q9UKX7","undirected","Binding"
"UNIPROT","P16104","UNIPROT","O60814","undirected","Binding"
"UNIPROT","P16104","UNIPROT","P06899","undirected","Binding"
"UNIPROT","P16104","UNIPROT","P23527","undirected","Binding"
"UNIPROT","P16104","UNIPROT","P33778","undirected","Binding"
"UNIPROT","P16104","UNIPROT","P57053","undirected","Binding"
"UNIPROT","P16104","UNIPROT","P58876","undirected","Binding"
"UNIPROT","P16104","UNIPROT","P62807","undirected","Binding"
"UNIPROT","P16104","UNIPROT","P68431","undirected","Binding"
"UNIPROT","P16104","UNIPROT","P84243","undirected","Binding"
"UNIPROT","P16104","UNIPROT","Q16778","undirected","Binding"
"UNIPROT","P16104","UNIPROT","Q71DI3","undirected","Binding"
"UNIPROT","P16104","UNIPROT","Q8N257","undirected","Binding"
"UNIPROT","P16104","UNIPROT","Q93079","undirected","Binding"
"UNIPROT","P16104","UNIPROT","Q96A08","undirected","Binding"
"UNIPROT","P16104","UNIPROT","Q99877","undirected","Binding"
"UNIPROT","P16104","UNIPROT","Q99879","undirected","Binding"
"UNIPROT","P16104","UNIPROT","Q99880","undirected","Binding"
"UNIPROT","P16104","UNIPROT","Q9UKV8","undirected","Binding"
"UNIPROT","P16104","UNIPROT","Q9UL18","undirected","Binding"
"UNIPROT","P19387","UNIPROT","O60814","undirected","Binding"
"UNIPROT","P19387","UNIPROT","P04908","undirected","Binding"
"UNIPROT","P19387","UNIPROT","P06899","undirected","Binding"
"UNIPROT","P19387","UNIPROT","P0C0S5","undirected","Binding"
"UNIPROT","P19387","UNIPROT","P0C5Y9","undirected","Binding"
"UNIPROT","P19387","UNIPROT","P16104","undirected","Binding"
"UNIPROT","P19387","UNIPROT","P19388","undirected","Binding"
"UNIPROT","P19387","UNIPROT","P20671","undirected","Binding"
"UNIPROT","P19387","UNIPROT","P23527","undirected","Binding"
"UNIPROT","P19387","UNIPROT","P24928","undirected","Binding"
"UNIPROT","P19387","UNIPROT","P33778","undirected","Binding"
"UNIPROT","P19387","UNIPROT","P52435","undirected","Binding"
"UNIPROT","P19387","UNIPROT","P57053","undirected","Binding"
"UNIPROT","P19387","UNIPROT","P58876","undirected","Binding"
"UNIPROT","P19387","UNIPROT","P61218","undirected","Binding"
"UNIPROT","P19387","UNIPROT","P62487","undirected","Binding"
"UNIPROT","P19387","UNIPROT","P62807","undirected","Binding"
"UNIPROT","P19387","UNIPROT","P62875","undirected","Binding"
"UNIPROT","P19387","UNIPROT","P68431","undirected","Binding"
"UNIPROT","P19387","UNIPROT","P84243","undirected","Binding"
"UNIPROT","P19387","UNIPROT","Q16777","undirected","Binding"
"UNIPROT","P19387","UNIPROT","Q16778","undirected","Binding"
"UNIPROT","P19387","UNIPROT","Q6FI13","undirected","Binding"
"UNIPROT","P19387","UNIPROT","Q71DI3","undirected","Binding"
"UNIPROT","P19387","UNIPROT","Q71UI9","undirected","Binding"
"UNIPROT","P19387","UNIPROT","Q8N257","undirected","Binding"
"UNIPROT","P19387","UNIPROT","Q93077","undirected","Binding"
"UNIPROT","P19387","UNIPROT","Q93079","undirected","Binding"
"UNIPROT","P19387","UNIPROT","Q96A08","undirected","Binding"
"UNIPROT","P19387","UNIPROT","Q99877","undirected","Binding"
"UNIPROT","P19387","UNIPROT","Q99878","undirected","Binding"
"UNIPROT","P19387","UNIPROT","Q99879","undirected","Binding"
"UNIPROT","P19387","UNIPROT","Q99880","undirected","Binding"
"UNIPROT","P19387","UNIPROT","Q9BTM1","undirected","Binding"
"UNIPROT","P19387","UNIPROT","Q9UKV8","undirected","Binding"
"UNIPROT","P19387","UNIPROT","Q9UL18","undirected","Binding"
"UNIPROT","P19388","UNIPROT","O60814","undirected","Binding"
"UNIPROT","P19388","UNIPROT","P04908","undirected","Binding"
"UNIPROT","P19388","UNIPROT","P06899","undirected","Binding"
"UNIPROT","P19388","UNIPROT","P0C0S5","undirected","Binding"
"UNIPROT","P19388","UNIPROT","P0C5Y9","undirected","Binding"
"UNIPROT","P19388","UNIPROT","P16104","undirected","Binding"
"UNIPROT","P19388","UNIPROT","P20671","undirected","Binding"
"UNIPROT","P19388","UNIPROT","P23527","undirected","Binding"
"UNIPROT","P19388","UNIPROT","P33778","undirected","Binding"
"UNIPROT","P19388","UNIPROT","P52435","undirected","Binding"
"UNIPROT","P19388","UNIPROT","P57053","undirected","Binding"
"UNIPROT","P19388","UNIPROT","P58876","undirected","Binding"
"UNIPROT","P19388","UNIPROT","P62807","undirected","Binding"
"UNIPROT","P19388","UNIPROT","P68431","undirected","Binding"
"UNIPROT","P19388","UNIPROT","P84243","undirected","Binding"
"UNIPROT","P19388","UNIPROT","Q16777","undirected","Binding"
"UNIPROT","P19388","UNIPROT","Q16778","undirected","Binding"
"UNIPROT","P19388","UNIPROT","Q6FI13","undirected","Binding"
"UNIPROT","P19388","UNIPROT","Q71DI3","undirected","Binding"
"UNIPROT","P19388","UNIPROT","Q71UI9","undirected","Binding"
"UNIPROT","P19388","UNIPROT","Q8N257","undirected","Binding"
"UNIPROT","P19388","UNIPROT","Q93077","undirected","Binding"
"UNIPROT","P19388","UNIPROT","Q93079","undirected","Binding"
"UNIPROT","P19388","UNIPROT","Q96A08","undirected","Binding"
"UNIPROT","P19388","UNIPROT","Q99877","undirected","Binding"
"UNIPROT","P19388","UNIPROT","Q99878","undirected","Binding"
"UNIPROT","P19388","UNIPROT","Q99879","undirected","Binding"
"UNIPROT","P19388","UNIPROT","Q99880","undirected","Binding"
"UNIPROT","P19388","UNIPROT","Q9BTM1","undirected","Binding"
"UNIPROT","P19388","UNIPROT","Q9UKV8","undirected","Binding"
"UNIPROT","P19388","UNIPROT","Q9UL18","undirected","Binding"
"UNIPROT","P20671","UNIPROT","O60814","undirected","Binding"
"UNIPROT","P20671","UNIPROT","P06899","undirected","Binding"
"UNIPROT","P20671","UNIPROT","P23527","undirected","Binding"
"UNIPROT","P20671","UNIPROT","P33778","undirected","Binding"
"UNIPROT","P20671","UNIPROT","P58876","undirected","Binding"
"UNIPROT","P20671","UNIPROT","P62807","undirected","Binding"
"UNIPROT","P20671","UNIPROT","P68431","undirected","Binding"
"UNIPROT","P20671","UNIPROT","Q16778","undirected","Binding"
"UNIPROT","P20671","UNIPROT","Q71DI3","undirected","Binding"
"UNIPROT","P20671","UNIPROT","Q8N257","undirected","Binding"
"UNIPROT","P20671","UNIPROT","Q93079","undirected","Binding"
"UNIPROT","P20671","UNIPROT","Q96A08","undirected","Binding"
"UNIPROT","P20671","UNIPROT","Q99877","undirected","Binding"
"UNIPROT","P20671","UNIPROT","Q99879","undirected","Binding"
"UNIPROT","P20671","UNIPROT","Q99880","undirected","Binding"
"UNIPROT","P24928","UNIPROT","O60814","undirected","Binding"
"UNIPROT","P24928","UNIPROT","P04908","undirected","Binding"
"UNIPROT","P24928","UNIPROT","P06899","undirected","Binding"
"UNIPROT","P24928","UNIPROT","P0C0S5","undirected","Binding"
"UNIPROT","P24928","UNIPROT","P0C5Y9","undirected","Binding"
"UNIPROT","P24928","UNIPROT","P16104","undirected","Binding"
"UNIPROT","P24928","UNIPROT","P19388","undirected","Binding"
"UNIPROT","P24928","UNIPROT","P20671","undirected","Binding"
"UNIPROT","P24928","UNIPROT","P23527","undirected","Binding"
"UNIPROT","P24928","UNIPROT","P33778","undirected","Binding"
"UNIPROT","P24928","UNIPROT","P52435","undirected","Binding"
"UNIPROT","P24928","UNIPROT","P57053","undirected","Binding"
"UNIPROT","P24928","UNIPROT","P58876","undirected","Binding"
"UNIPROT","P24928","UNIPROT","P62487","undirected","Binding"
"UNIPROT","P24928","UNIPROT","P62807","undirected","Binding"
"UNIPROT","P24928","UNIPROT","P68431","undirected","Binding"
"UNIPROT","P24928","UNIPROT","P84243","undirected","Binding"
"UNIPROT","P24928","UNIPROT","Q16777","undirected","Binding"
"UNIPROT","P24928","UNIPROT","Q16778","undirected","Binding"
"UNIPROT","P24928","UNIPROT","Q6FI13","undirected","Binding"
"UNIPROT","P24928","UNIPROT","Q71DI3","undirected","Binding"
"UNIPROT","P24928","UNIPROT","Q71UI9","undirected","Binding"
"UNIPROT","P24928","UNIPROT","Q8N257","undirected","Binding"
"UNIPROT","P24928","UNIPROT","Q93077","undirected","Binding"
"UNIPROT","P24928","UNIPROT","Q93079","undirected","Binding"
"UNIPROT","P24928","UNIPROT","Q96A08","undirected","Binding"
"UNIPROT","P24928","UNIPROT","Q99877","undirected","Binding"
"UNIPROT","P24928","UNIPROT","Q99878","undirected","Binding"
"UNIPROT","P24928","UNIPROT","Q99879","undirected","Binding"
"UNIPROT","P24928","UNIPROT","Q99880","undirected","Binding"
"UNIPROT","P24928","UNIPROT","Q9BTM1","undirected","Binding"
"UNIPROT","P24928","UNIPROT","Q9UKV8","undirected","Binding"
"UNIPROT","P24928","UNIPROT","Q9UL18","undirected","Binding"
"UNIPROT","P30876","UNIPROT","O15514","undirected","Binding"
"UNIPROT","P30876","UNIPROT","O60814","undirected","Binding"
"UNIPROT","P30876","UNIPROT","P04908","undirected","Binding"
"UNIPROT","P30876","UNIPROT","P06899","undirected","Binding"
"UNIPROT","P30876","UNIPROT","P0C0S5","undirected","Binding"
"UNIPROT","P30876","UNIPROT","P0C5Y9","undirected","Binding"
"UNIPROT","P30876","UNIPROT","P16104","undirected","Binding"
"UNIPROT","P30876","UNIPROT","P19387","undirected","Binding"
"UNIPROT","P30876","UNIPROT","P19388","undirected","Binding"
"UNIPROT","P30876","UNIPROT","P20671","undirected","Binding"
"UNIPROT","P30876","UNIPROT","P23527","undirected","Binding"
"UNIPROT","P30876","UNIPROT","P24928","undirected","Binding"
"UNIPROT","P30876","UNIPROT","P33778","undirected","Binding"
"UNIPROT","P30876","UNIPROT","P52434","undirected","Binding"
"UNIPROT","P30876","UNIPROT","P52435","undirected","Binding"
"UNIPROT","P30876","UNIPROT","P53803","undirected","Binding"
"UNIPROT","P30876","UNIPROT","P57053","undirected","Binding"
"UNIPROT","P30876","UNIPROT","P58876","undirected","Binding"
"UNIPROT","P30876","UNIPROT","P61218","undirected","Binding"
"UNIPROT","P30876","UNIPROT","P62487","undirected","Binding"
"UNIPROT","P30876","UNIPROT","P62807","undirected","Binding"
"UNIPROT","P30876","UNIPROT","P62875","undirected","Binding"
"UNIPROT","P30876","UNIPROT","P68431","undirected","Binding"
"UNIPROT","P30876","UNIPROT","P84243","undirected","Binding"
"UNIPROT","P30876","UNIPROT","Q16777","undirected","Binding"
"UNIPROT","P30876","UNIPROT","Q16778","undirected","Binding"
"UNIPROT","P30876","UNIPROT","Q6FI13","undirected","Binding"
"UNIPROT","P30876","UNIPROT","Q71DI3","undirected","Binding"
"UNIPROT","P30876","UNIPROT","Q71UI9","undirected","Binding"
"UNIPROT","P30876","UNIPROT","Q8N257","undirected","Binding"
"UNIPROT","P30876","UNIPROT","Q93077","undirected","Binding"
"UNIPROT","P30876","UNIPROT","Q93079","undirected","Binding"
"UNIPROT","P30876","UNIPROT","Q96A08","undirected","Binding"
"UNIPROT","P30876","UNIPROT","Q99877","undirected","Binding"
"UNIPROT","P30876","UNIPROT","Q99878","undirected","Binding"
"UNIPROT","P30876","UNIPROT","Q99879","undirected","Binding"
"UNIPROT","P30876","UNIPROT","Q99880","undirected","Binding"
"UNIPROT","P30876","UNIPROT","Q9BTM1","undirected","Binding"
"UNIPROT","P30876","UNIPROT","Q9UKV8","undirected","Binding"
"UNIPROT","P30876","UNIPROT","Q9UL18","undirected","Binding"
"UNIPROT","P33778","UNIPROT","Q71DI3","undirected","Binding"
"UNIPROT","P35658","UNIPROT","A8CG34","undirected","Binding"
"UNIPROT","P35658","UNIPROT","O15397","directed","Control(Out: ACTIVATION of BiochemicalReaction)"
"UNIPROT","P35658","UNIPROT","O15504","undirected","Binding"
"UNIPROT","P35658","UNIPROT","O75694","undirected","Binding"
"UNIPROT","P35658","UNIPROT","P62826","directed","Control(Out: ACTIVATION of BiochemicalReaction)"
"UNIPROT","P35658","UNIPROT","P78406","undirected","Binding"
"UNIPROT","P35658","UNIPROT","Q8N1F7","undirected","Binding"
"UNIPROT","P35658","UNIPROT","Q8NFH5","undirected","Binding"
"UNIPROT","P35658","UNIPROT","Q96HA1","undirected","Binding"
"UNIPROT","P35658","UNIPROT","Q9BTX1","undirected","Binding"
"UNIPROT","P35658","UNIPROT","Q9UKV8","directed","Control(Out: ACTIVATION of BiochemicalReaction)"
"UNIPROT","P36954","UNIPROT","O15514","undirected","Binding"
"UNIPROT","P36954","UNIPROT","O60814","undirected","Binding"
"UNIPROT","P36954","UNIPROT","P04908","undirected","Binding"
"UNIPROT","P36954","UNIPROT","P06899","undirected","Binding"
"UNIPROT","P36954","UNIPROT","P0C0S5","undirected","Binding"
"UNIPROT","P36954","UNIPROT","P0C5Y9","undirected","Binding"
"UNIPROT","P36954","UNIPROT","P16104","undirected","Binding"
"UNIPROT","P36954","UNIPROT","P19387","undirected","Binding"
"UNIPROT","P36954","UNIPROT","P19388","undirected","Binding"
"UNIPROT","P36954","UNIPROT","P20671","undirected","Binding"
"UNIPROT","P36954","UNIPROT","P23527","undirected","Binding"
"UNIPROT","P36954","UNIPROT","P24928","undirected","Binding"
"UNIPROT","P36954","UNIPROT","P30876","undirected","Binding"
"UNIPROT","P36954","UNIPROT","P33778","undirected","Binding"
"UNIPROT","P36954","UNIPROT","P52434","undirected","Binding"
"UNIPROT","P36954","UNIPROT","P52435","undirected","Binding"
"UNIPROT","P36954","UNIPROT","P53803","undirected","Binding"
"UNIPROT","P36954","UNIPROT","P57053","undirected","Binding"
"UNIPROT","P36954","UNIPROT","P58876","undirected","Binding"
"UNIPROT","P36954","UNIPROT","P61218","undirected","Binding"
"UNIPROT","P36954","UNIPROT","P62487","undirected","Binding"
"UNIPROT","P36954","UNIPROT","P62807","undirected","Binding"
"UNIPROT","P36954","UNIPROT","P62875","undirected","Binding"
"UNIPROT","P36954","UNIPROT","P68431","undirected","Binding"
"UNIPROT","P36954","UNIPROT","P84243","undirected","Binding"
"UNIPROT","P36954","UNIPROT","Q16777","undirected","Binding"
"UNIPROT","P36954","UNIPROT","Q16778","undirected","Binding"
"UNIPROT","P36954","UNIPROT","Q6FI13","undirected","Binding"
"UNIPROT","P36954","UNIPROT","Q71DI3","undirected","Binding"
"UNIPROT","P36954","UNIPROT","Q71UI9","undirected","Binding"
"UNIPROT","P36954","UNIPROT","Q8N257","undirected","Binding"
"UNIPROT","P36954","UNIPROT","Q93077","undirected","Binding"
"UNIPROT","P36954","UNIPROT","Q93079","undirected","Binding"
"UNIPROT","P36954","UNIPROT","Q96A08","undirected","Binding"
"UNIPROT","P36954","UNIPROT","Q99877","undirected","Binding"
"UNIPROT","P36954","UNIPROT","Q99878","undirected","Binding"
"UNIPROT","P36954","UNIPROT","Q99879","undirected","Binding"
"UNIPROT","P36954","UNIPROT","Q99880","undirected","Binding"
"UNIPROT","P36954","UNIPROT","Q9BTM1","undirected","Binding"
"UNIPROT","P36954","UNIPROT","Q9UKV8","undirected","Binding"
"UNIPROT","P36954","UNIPROT","Q9UL18","undirected","Binding"
"UNIPROT","P37198","UNIPROT","A8CG34","undirected","Binding"
"UNIPROT","P37198","UNIPROT","O15397","directed","Control(Out: ACTIVATION of BiochemicalReaction)"
"UNIPROT","P37198","UNIPROT","O15504","undirected","Binding"
"UNIPROT","P37198","UNIPROT","O75694","undirected","Binding"
"UNIPROT","P37198","UNIPROT","P35658","undirected","Binding"
"UNIPROT","P37198","UNIPROT","P49790","undirected","Binding"
"UNIPROT","P37198","UNIPROT","P62826","directed","Control(Out: ACTIVATION of BiochemicalReaction)"
"UNIPROT","P37198","UNIPROT","P78406","undirected","Binding"
"UNIPROT","P37198","UNIPROT","Q5SRE5","undirected","Binding"
"UNIPROT","P37198","UNIPROT","Q7Z3B4","undirected","Binding"
"UNIPROT","P37198","UNIPROT","Q8N1F7","undirected","Binding"
"UNIPROT","P37198","UNIPROT","Q8NFH5","undirected","Binding"
"UNIPROT","P37198","UNIPROT","Q8TEM1","undirected","Binding"
"UNIPROT","P37198","UNIPROT","Q96HA1","undirected","Binding"
"UNIPROT","P37198","UNIPROT","Q99567","undirected","Binding"
"UNIPROT","P37198","UNIPROT","Q9BTX1","undirected","Binding"
"UNIPROT","P37198","UNIPROT","Q9BVL2","undirected","Binding"
"UNIPROT","P37198","UNIPROT","Q9UKV8","directed","Control(Out: ACTIVATION of BiochemicalReaction)"
"UNIPROT","P37198","UNIPROT","Q9UKX7","undirected","Binding"
"UNIPROT","P49790","UNIPROT","A8CG34","undirected","Binding"
"UNIPROT","P49790","UNIPROT","O15397","directed","Control(Out: ACTIVATION of BiochemicalReaction)"
"UNIPROT","P49790","UNIPROT","O15504","undirected","Binding"
"UNIPROT","P49790","UNIPROT","O75694","undirected","Binding"
"UNIPROT","P49790","UNIPROT","P35658","undirected","Binding"
"UNIPROT","P49790","UNIPROT","P62826","directed","Control(Out: ACTIVATION of BiochemicalReaction)"
"UNIPROT","P49790","UNIPROT","P78406","undirected","Binding"
"UNIPROT","P49790","UNIPROT","Q8N1F7","undirected","Binding"
"UNIPROT","P49790","UNIPROT","Q8NFH5","undirected","Binding"
"UNIPROT","P49790","UNIPROT","Q8TEM1","undirected","Binding"
"UNIPROT","P49790","UNIPROT","Q96HA1","undirected","Binding"
"UNIPROT","P49790","UNIPROT","Q9BTX1","undirected","Binding"
"UNIPROT","P49790","UNIPROT","Q9UKV8","directed","Control(Out: ACTIVATION of BiochemicalReaction)"
"UNIPROT","P49790","UNIPROT","Q9UKX7","undirected","Binding"
"UNIPROT","P49792","UNIPROT","A8CG34","undirected","Binding"
"UNIPROT","P49792","UNIPROT","O15397","directed","Control(Out: ACTIVATION of BiochemicalReaction)"
"UNIPROT","P49792","UNIPROT","O15504","undirected","Binding"
"UNIPROT","P49792","UNIPROT","O75694","undirected","Binding"
"UNIPROT","P49792","UNIPROT","P12270","undirected","Binding"
"UNIPROT","P49792","UNIPROT","P35658","undirected","Binding"
"UNIPROT","P49792","UNIPROT","P37198","undirected","Binding"
"UNIPROT","P49792","UNIPROT","P49790","undirected","Binding"
"UNIPROT","P49792","UNIPROT","P52948","undirected","Binding"
"UNIPROT","P49792","UNIPROT","P55735","undirected","Binding"
"UNIPROT","P49792","UNIPROT","P57740","undirected","Binding"
"UNIPROT","P49792","UNIPROT","P62826","directed","Control(Out: ACTIVATION of BiochemicalReaction)"
"UNIPROT","P49792","UNIPROT","P78406","undirected","Binding"
"UNIPROT","P49792","UNIPROT","Q12769","undirected","Binding"
"UNIPROT","P49792","UNIPROT","Q5SRE5","undirected","Binding"
"UNIPROT","P49792","UNIPROT","Q7Z3B4","undirected","Binding"
"UNIPROT","P49792","UNIPROT","Q8N1F7","undirected","Binding"
"UNIPROT","P49792","UNIPROT","Q8NFH3","undirected","Binding"
"UNIPROT","P49792","UNIPROT","Q8NFH4","undirected","Binding"
"UNIPROT","P49792","UNIPROT","Q8NFH5","undirected","Binding"
"UNIPROT","P49792","UNIPROT","Q8TEM1","undirected","Binding"
"UNIPROT","P49792","UNIPROT","Q8WUM0","undirected","Binding"
"UNIPROT","P49792","UNIPROT","Q92621","undirected","Binding"
"UNIPROT","P49792","UNIPROT","Q96EE3","undirected","Binding"
"UNIPROT","P49792","UNIPROT","Q96HA1","undirected","Binding"
"UNIPROT","P49792","UNIPROT","Q99567","undirected","Binding"
"UNIPROT","P49792","UNIPROT","Q9BTX1","undirected","Binding"
"UNIPROT","P49792","UNIPROT","Q9BVL2","undirected","Binding"
"UNIPROT","P49792","UNIPROT","Q9BW27","undirected","Binding"
"UNIPROT","P49792","UNIPROT","Q9UKV8","directed","Control(Out: ACTIVATION of BiochemicalReaction)"
"UNIPROT","P49792","UNIPROT","Q9UKX7","undirected","Binding"
"UNIPROT","P52434","UNIPROT","O60814","undirected","Binding"
"UNIPROT","P52434","UNIPROT","P04908","undirected","Binding"
"UNIPROT","P52434","UNIPROT","P06899","undirected","Binding"
"UNIPROT","P52434","UNIPROT","P0C0S5","undirected","Binding"
"UNIPROT","P52434","UNIPROT","P0C5Y9","undirected","Binding"
"UNIPROT","P52434","UNIPROT","P16104","undirected","Binding"
"UNIPROT","P52434","UNIPROT","P19387","undirected","Binding"
"UNIPROT","P52434","UNIPROT","P19388","undirected","Binding"
"UNIPROT","P52434","UNIPROT","P20671","undirected","Binding"
"UNIPROT","P52434","UNIPROT","P23527","undirected","Binding"
"UNIPROT","P52434","UNIPROT","P24928","undirected","Binding"
"UNIPROT","P52434","UNIPROT","P33778","undirected","Binding"
"UNIPROT","P52434","UNIPROT","P52435","undirected","Binding"
"UNIPROT","P52434","UNIPROT","P57053","undirected","Binding"
"UNIPROT","P52434","UNIPROT","P58876","undirected","Binding"
"UNIPROT","P52434","UNIPROT","P61218","undirected","Binding"
"UNIPROT","P52434","UNIPROT","P62487","undirected","Binding"
"UNIPROT","P52434","UNIPROT","P62807","undirected","Binding"
"UNIPROT","P52434","UNIPROT","P62875","undirected","Binding"
"UNIPROT","P52434","UNIPROT","P68431","undirected","Binding"
"UNIPROT","P52434","UNIPROT","P84243","undirected","Binding"
"UNIPROT","P52434","UNIPROT","Q16777","undirected","Binding"
"UNIPROT","P52434","UNIPROT","Q16778","undirected","Binding"
"UNIPROT","P52434","UNIPROT","Q6FI13","undirected","Binding"
"UNIPROT","P52434","UNIPROT","Q71DI3","undirected","Binding"
"UNIPROT","P52434","UNIPROT","Q71UI9","undirected","Binding"
"UNIPROT","P52434","UNIPROT","Q8N257","undirected","Binding"
"UNIPROT","P52434","UNIPROT","Q93077","undirected","Binding"
"UNIPROT","P52434","UNIPROT","Q93079","undirected","Binding"
"UNIPROT","P52434","UNIPROT","Q96A08","undirected","Binding"
"UNIPROT","P52434","UNIPROT","Q99877","undirected","Binding"
"UNIPROT","P52434","UNIPROT","Q99878","undirected","Binding"
"UNIPROT","P52434","UNIPROT","Q99879","undirected","Binding"
"UNIPROT","P52434","UNIPROT","Q99880","undirected","Binding"
"UNIPROT","P52434","UNIPROT","Q9BTM1","undirected","Binding"
"UNIPROT","P52434","UNIPROT","Q9UKV8","undirected","Binding"
"UNIPROT","P52434","UNIPROT","Q9UL18","undirected","Binding"
"UNIPROT","P52435","UNIPROT","O60814","undirected","Binding"
"UNIPROT","P52435","UNIPROT","P04908","undirected","Binding"
"UNIPROT","P52435","UNIPROT","P06899","undirected","Binding"
"UNIPROT","P52435","UNIPROT","P0C0S5","undirected","Binding"
"UNIPROT","P52435","UNIPROT","P0C5Y9","undirected","Binding"
"UNIPROT","P52435","UNIPROT","P16104","undirected","Binding"
"UNIPROT","P52435","UNIPROT","P20671","undirected","Binding"
"UNIPROT","P52435","UNIPROT","P23527","undirected","Binding"
"UNIPROT","P52435","UNIPROT","P33778","undirected","Binding"
"UNIPROT","P52435","UNIPROT","P57053","undirected","Binding"
"UNIPROT","P52435","UNIPROT","P58876","undirected","Binding"
"UNIPROT","P52435","UNIPROT","P62807","undirected","Binding"
"UNIPROT","P52435","UNIPROT","P68431","undirected","Binding"
"UNIPROT","P52435","UNIPROT","P84243","undirected","Binding"
"UNIPROT","P52435","UNIPROT","Q16777","undirected","Binding"
"UNIPROT","P52435","UNIPROT","Q16778","undirected","Binding"
"UNIPROT","P52435","UNIPROT","Q6FI13","undirected","Binding"
"UNIPROT","P52435","UNIPROT","Q71DI3","undirected","Binding"
"UNIPROT","P52435","UNIPROT","Q71UI9","undirected","Binding"
"UNIPROT","P52435","UNIPROT","Q8N257","undirected","Binding"
"UNIPROT","P52435","UNIPROT","Q93077","undirected","Binding"
"UNIPROT","P52435","UNIPROT","Q93079","undirected","Binding"
"UNIPROT","P52435","UNIPROT","Q96A08","undirected","Binding"
"UNIPROT","P52435","UNIPROT","Q99877","undirected","Binding"
"UNIPROT","P52435","UNIPROT","Q99878","undirected","Binding"
"UNIPROT","P52435","UNIPROT","Q99879","undirected","Binding"
"UNIPROT","P52435","UNIPROT","Q99880","undirected","Binding"
"UNIPROT","P52435","UNIPROT","Q9BTM1","undirected","Binding"
"UNIPROT","P52435","UNIPROT","Q9UKV8","undirected","Binding"
"UNIPROT","P52435","UNIPROT","Q9UL18","undirected","Binding"
"UNIPROT","P52948","UNIPROT","A8CG34","undirected","Binding"
"UNIPROT","P52948","UNIPROT","O15397","directed","Control(Out: ACTIVATION of BiochemicalReaction)"
"UNIPROT","P52948","UNIPROT","O15504","undirected","Binding"
"UNIPROT","P52948","UNIPROT","O75694","undirected","Binding"
"UNIPROT","P52948","UNIPROT","P12270","undirected","Binding"
"UNIPROT","P52948","UNIPROT","P35658","undirected","Binding"
"UNIPROT","P52948","UNIPROT","P37198","undirected","Binding"
"UNIPROT","P52948","UNIPROT","P49790","undirected","Binding"
"UNIPROT","P52948","UNIPROT","P55735","undirected","Binding"
"UNIPROT","P52948","UNIPROT","P62826","directed","Control(Out: ACTIVATION of BiochemicalReaction)"
"UNIPROT","P52948","UNIPROT","P78406","undirected","Binding"
"UNIPROT","P52948","UNIPROT","Q12769","undirected","Binding"
"UNIPROT","P52948","UNIPROT","Q5SRE5","undirected","Binding"
"UNIPROT","P52948","UNIPROT","Q7Z3B4","undirected","Binding"
"UNIPROT","P52948","UNIPROT","Q8N1F7","undirected","Binding"
"UNIPROT","P52948","UNIPROT","Q8NFH4","undirected","Binding"
"UNIPROT","P52948","UNIPROT","Q8NFH5","undirected","Binding"
"UNIPROT","P52948","UNIPROT","Q8TEM1","undirected","Binding"
"UNIPROT","P52948","UNIPROT","Q92621","undirected","Binding"
"UNIPROT","P52948","UNIPROT","Q96HA1","undirected","Binding"
"UNIPROT","P52948","UNIPROT","Q99567","undirected","Binding"
"UNIPROT","P52948","UNIPROT","Q9BTX1","undirected","Binding"
"UNIPROT","P52948","UNIPROT","Q9BVL2","undirected","Binding"
"UNIPROT","P52948","UNIPROT","Q9UKV8","directed","Control(Out: ACTIVATION of BiochemicalReaction)"
"UNIPROT","P52948","UNIPROT","Q9UKX7","undirected","Binding"
"UNIPROT","P53803","UNIPROT","O15514","undirected","Binding"
"UNIPROT","P53803","UNIPROT","O60814","undirected","Binding"
"UNIPROT","P53803","UNIPROT","P04908","undirected","Binding"
"UNIPROT","P53803","UNIPROT","P06899","undirected","Binding"
"UNIPROT","P53803","UNIPROT","P0C0S5","undirected","Binding"
"UNIPROT","P53803","UNIPROT","P0C5Y9","undirected","Binding"
"UNIPROT","P53803","UNIPROT","P16104","undirected","Binding"
"UNIPROT","P53803","UNIPROT","P19387","undirected","Binding"
"UNIPROT","P53803","UNIPROT","P19388","undirected","Binding"
"UNIPROT","P53803","UNIPROT","P20671","undirected","Binding"
"UNIPROT","P53803","UNIPROT","P23527","undirected","Binding"
"UNIPROT","P53803","UNIPROT","P24928","undirected","Binding"
"UNIPROT","P53803","UNIPROT","P33778","undirected","Binding"
"UNIPROT","P53803","UNIPROT","P52434","undirected","Binding"
"UNIPROT","P53803","UNIPROT","P52435","undirected","Binding"
"UNIPROT","P53803","UNIPROT","P57053","undirected","Binding"
"UNIPROT","P53803","UNIPROT","P58876","undirected","Binding"
"UNIPROT","P53803","UNIPROT","P61218","undirected","Binding"
"UNIPROT","P53803","UNIPROT","P62487","undirected","Binding"
"UNIPROT","P53803","UNIPROT","P62807","undirected","Binding"
"UNIPROT","P53803","UNIPROT","P62875","undirected","Binding"
"UNIPROT","P53803","UNIPROT","P68431","undirected","Binding"
"UNIPROT","P53803","UNIPROT","P84243","undirected","Binding"
"UNIPROT","P53803","UNIPROT","Q16777","undirected","Binding"
"UNIPROT","P53803","UNIPROT","Q16778","undirected","Binding"
"UNIPROT","P53803","UNIPROT","Q6FI13","undirected","Binding"
"UNIPROT","P53803","UNIPROT","Q71DI3","undirected","Binding"
"UNIPROT","P53803","UNIPROT","Q71UI9","undirected","Binding"
"UNIPROT","P53803","UNIPROT","Q8N257","undirected","Binding"
"UNIPROT","P53803","UNIPROT","Q93077","undirected","Binding"
"UNIPROT","P53803","UNIPROT","Q93079","undirected","Binding"
"UNIPROT","P53803","UNIPROT","Q96A08","undirected","Binding"
"UNIPROT","P53803","UNIPROT","Q99877","undirected","Binding"
"UNIPROT","P53803","UNIPROT","Q99878","undirected","Binding"
"UNIPROT","P53803","UNIPROT","Q99879","undirected","Binding"
"UNIPROT","P53803","UNIPROT","Q99880","undirected","Binding"
"UNIPROT","P53803","UNIPROT","Q9BTM1","undirected","Binding"
"UNIPROT","P53803","UNIPROT","Q9UKV8","undirected","Binding"
"UNIPROT","P53803","UNIPROT","Q9UL18","undirected","Binding"
"UNIPROT","P55735","UNIPROT","A8CG34","undirected","Binding"
"UNIPROT","P55735","UNIPROT","O15397","directed","Control(Out: ACTIVATION of BiochemicalReaction)"
"UNIPROT","P55735","UNIPROT","O15504","undirected","Binding"
"UNIPROT","P55735","UNIPROT","O75694","undirected","Binding"
"UNIPROT","P55735","UNIPROT","P12270","undirected","Binding"
"UNIPROT","P55735","UNIPROT","P35658","undirected","Binding"
"UNIPROT","P55735","UNIPROT","P37198","undirected","Binding"
"UNIPROT","P55735","UNIPROT","P49790","undirected","Binding"
"UNIPROT","P55735","UNIPROT","P62826","directed","Control(Out: ACTIVATION of BiochemicalReaction)"
"UNIPROT","P55735","UNIPROT","P78406","undirected","Binding"
"UNIPROT","P55735","UNIPROT","Q5SRE5","undirected","Binding"
"UNIPROT","P55735","UNIPROT","Q7Z3B4","undirected","Binding"
"UNIPROT","P55735","UNIPROT","Q8N1F7","undirected","Binding"
"UNIPROT","P55735","UNIPROT","Q8NFH5","undirected","Binding"
"UNIPROT","P55735","UNIPROT","Q8TEM1","undirected","Binding"
"UNIPROT","P55735","UNIPROT","Q92621","undirected","Binding"
"UNIPROT","P55735","UNIPROT","Q96HA1","undirected","Binding"
"UNIPROT","P55735","UNIPROT","Q99567","undirected","Binding"
"UNIPROT","P55735","UNIPROT","Q9BTX1","undirected","Binding"
"UNIPROT","P55735","UNIPROT","Q9BVL2","undirected","Binding"
"UNIPROT","P55735","UNIPROT","Q9UKV8","directed","Control(Out: ACTIVATION of BiochemicalReaction)"
"UNIPROT","P55735","UNIPROT","Q9UKX7","undirected","Binding"
"UNIPROT","P57053","UNIPROT","P04908","undirected","Binding"
"UNIPROT","P57053","UNIPROT","P20671","undirected","Binding"
"UNIPROT","P57053","UNIPROT","P68431","undirected","Binding"
"UNIPROT","P57053","UNIPROT","Q16777","undirected","Binding"
"UNIPROT","P57053","UNIPROT","Q6FI13","undirected","Binding"
"UNIPROT","P57053","UNIPROT","Q71DI3","undirected","Binding"
"UNIPROT","P57053","UNIPROT","Q93077","undirected","Binding"
"UNIPROT","P57053","UNIPROT","Q99878","undirected","Binding"
"UNIPROT","P57740","UNIPROT","A8CG34","undirected","Binding"
"UNIPROT","P57740","UNIPROT","O15397","directed","Control(Out: ACTIVATION of BiochemicalReaction)"
"UNIPROT","P57740","UNIPROT","O15504","undirected","Binding"
"UNIPROT","P57740","UNIPROT","O75694","undirected","Binding"
"UNIPROT","P57740","UNIPROT","P12270","undirected","Binding"
"UNIPROT","P57740","UNIPROT","P35658","undirected","Binding"
"UNIPROT","P57740","UNIPROT","P37198","undirected","Binding"
"UNIPROT","P57740","UNIPROT","P49790","undirected","Binding"
"UNIPROT","P57740","UNIPROT","P52948","undirected","Binding"
"UNIPROT","P57740","UNIPROT","P55735","undirected","Binding"
"UNIPROT","P57740","UNIPROT","P62826","directed","Control(Out: ACTIVATION of BiochemicalReaction)"
"UNIPROT","P57740","UNIPROT","P78406","undirected","Binding"
"UNIPROT","P57740","UNIPROT","Q12769","undirected","Binding"
"UNIPROT","P57740","UNIPROT","Q5SRE5","undirected","Binding"
"UNIPROT","P57740","UNIPROT","Q7Z3B4","undirected","Binding"
"UNIPROT","P57740","UNIPROT","Q8N1F7","undirected","Binding"
"UNIPROT","P57740","UNIPROT","Q8NFH4","undirected","Binding"
"UNIPROT","P57740","UNIPROT","Q8NFH5","undirected","Binding"
"UNIPROT","P57740","UNIPROT","Q8TEM1","undirected","Binding"
"UNIPROT","P57740","UNIPROT","Q92621","undirected","Binding"
"UNIPROT","P57740","UNIPROT","Q96EE3","undirected","Binding"
"UNIPROT","P57740","UNIPROT","Q96HA1","undirected","Binding"
"UNIPROT","P57740","UNIPROT","Q99567","undirected","Binding"
"UNIPROT","P57740","UNIPROT","Q9BTX1","undirected","Binding"
"UNIPROT","P57740","UNIPROT","Q9BVL2","undirected","Binding"
"UNIPROT","P57740","UNIPROT","Q9BW27","undirected","Binding"
"UNIPROT","P57740","UNIPROT","Q9UKV8","directed","Control(Out: ACTIVATION of BiochemicalReaction)"
"UNIPROT","P57740","UNIPROT","Q9UKX7","undirected","Binding"
"UNIPROT","P58876","UNIPROT","Q71DI3","undirected","Binding"
"UNIPROT","P61218","UNIPROT","O60814","undirected","Binding"
"UNIPROT","P61218","UNIPROT","P04908","undirected","Binding"
"UNIPROT","P61218","UNIPROT","P06899","undirected","Binding"
"UNIPROT","P61218","UNIPROT","P0C0S5","undirected","Binding"
"UNIPROT","P61218","UNIPROT","P0C5Y9","undirected","Binding"
"UNIPROT","P61218","UNIPROT","P16104","undirected","Binding"
"UNIPROT","P61218","UNIPROT","P19388","undirected","Binding"
"UNIPROT","P61218","UNIPROT","P20671","undirected","Binding"
"UNIPROT","P61218","UNIPROT","P23527","undirected","Binding"
"UNIPROT","P61218","UNIPROT","P24928","undirected","Binding"
"UNIPROT","P61218","UNIPROT","P33778","undirected","Binding"
"UNIPROT","P61218","UNIPROT","P52435","undirected","Binding"
"UNIPROT","P61218","UNIPROT","P57053","undirected","Binding"
"UNIPROT","P61218","UNIPROT","P58876","undirected","Binding"
"UNIPROT","P61218","UNIPROT","P62487","undirected","Binding"
"UNIPROT","P61218","UNIPROT","P62807","undirected","Binding"
"UNIPROT","P61218","UNIPROT","P68431","undirected","Binding"
"UNIPROT","P61218","UNIPROT","P84243","undirected","Binding"
"UNIPROT","P61218","UNIPROT","Q16777","undirected","Binding"
"UNIPROT","P61218","UNIPROT","Q16778","undirected","Binding"
"UNIPROT","P61218","UNIPROT","Q6FI13","undirected","Binding"
"UNIPROT","P61218","UNIPROT","Q71DI3","undirected","Binding"
"UNIPROT","P61218","UNIPROT","Q71UI9","undirected","Binding"
"UNIPROT","P61218","UNIPROT","Q8N257","undirected","Binding"
"UNIPROT","P61218","UNIPROT","Q93077","undirected","Binding"
"UNIPROT","P61218","UNIPROT","Q93079","undirected","Binding"
"UNIPROT","P61218","UNIPROT","Q96A08","undirected","Binding"
"UNIPROT","P61218","UNIPROT","Q99877","undirected","Binding"
"UNIPROT","P61218","UNIPROT","Q99878","undirected","Binding"
"UNIPROT","P61218","UNIPROT","Q99879","undirected","Binding"
"UNIPROT","P61218","UNIPROT","Q99880","undirected","Binding"
"UNIPROT","P61218","UNIPROT","Q9BTM1","undirected","Binding"
"UNIPROT","P61218","UNIPROT","Q9UKV8","undirected","Binding"
"UNIPROT","P61218","UNIPROT","Q9UL18","undirected","Binding"
"UNIPROT","P62487","UNIPROT","O60814","undirected","Binding"
"UNIPROT","P62487","UNIPROT","P04908","undirected","Binding"
"UNIPROT","P62487","UNIPROT","P06899","undirected","Binding"
"UNIPROT","P62487","UNIPROT","P0C0S5","undirected","Binding"
"UNIPROT","P62487","UNIPROT","P0C5Y9","undirected","Binding"
"UNIPROT","P62487","UNIPROT","P16104","undirected","Binding"
"UNIPROT","P62487","UNIPROT","P19388","undirected","Binding"
"UNIPROT","P62487","UNIPROT","P20671","undirected","Binding"
"UNIPROT","P62487","UNIPROT","P23527","undirected","Binding"
"UNIPROT","P62487","UNIPROT","P33778","undirected","Binding"
"UNIPROT","P62487","UNIPROT","P52435","undirected","Binding"
"UNIPROT","P62487","UNIPROT","P57053","undirected","Binding"
"UNIPROT","P62487","UNIPROT","P58876","undirected","Binding"
"UNIPROT","P62487","UNIPROT","P62807","undirected","Binding"
"UNIPROT","P62487","UNIPROT","P68431","undirected","Binding"
"UNIPROT","P62487","UNIPROT","P84243","undirected","Binding"
"UNIPROT","P62487","UNIPROT","Q16777","undirected","Binding"
"UNIPROT","P62487","UNIPROT","Q16778","undirected","Binding"
"UNIPROT","P62487","UNIPROT","Q6FI13","undirected","Binding"
"UNIPROT","P62487","UNIPROT","Q71DI3","undirected","Binding"
"UNIPROT","P62487","UNIPROT","Q71UI9","undirected","Binding"
"UNIPROT","P62487","UNIPROT","Q8N257","undirected","Binding"
"UNIPROT","P62487","UNIPROT","Q93077","undirected","Binding"
"UNIPROT","P62487","UNIPROT","Q93079","undirected","Binding"
"UNIPROT","P62487","UNIPROT","Q96A08","undirected","Binding"
"UNIPROT","P62487","UNIPROT","Q99877","undirected","Binding"
"UNIPROT","P62487","UNIPROT","Q99878","undirected","Binding"
"UNIPROT","P62487","UNIPROT","Q99879","undirected","Binding"
"UNIPROT","P62487","UNIPROT","Q99880","undirected","Binding"
"UNIPROT","P62487","UNIPROT","Q9BTM1","undirected","Binding"
"UNIPROT","P62487","UNIPROT","Q9UKV8","undirected","Binding"
"UNIPROT","P62487","UNIPROT","Q9UL18","undirected","Binding"
"UNIPROT","P62805","UNIPROT","O15514","undirected","Binding"
"UNIPROT","P62805","UNIPROT","O60814","undirected","Binding"
"UNIPROT","P62805","UNIPROT","P04908","undirected","Binding"
"UNIPROT","P62805","UNIPROT","P06899","undirected","Binding"
"UNIPROT","P62805","UNIPROT","P0C0S5","undirected","Binding"
"UNIPROT","P62805","UNIPROT","P0C5Y9","undirected","Binding"
"UNIPROT","P62805","UNIPROT","P16104","undirected","Binding"
"UNIPROT","P62805","UNIPROT","P19387","undirected","Binding"
"UNIPROT","P62805","UNIPROT","P19388","undirected","Binding"
"UNIPROT","P62805","UNIPROT","P20671","undirected","Binding"
"UNIPROT","P62805","UNIPROT","P23527","undirected","Binding"
"UNIPROT","P62805","UNIPROT","P24928","undirected","Binding"
"UNIPROT","P62805","UNIPROT","P30876","undirected","Binding"
"UNIPROT","P62805","UNIPROT","P33778","undirected","Binding"
"UNIPROT","P62805","UNIPROT","P36954","undirected","Binding"
"UNIPROT","P62805","UNIPROT","P52434","undirected","Binding"
"UNIPROT","P62805","UNIPROT","P52435","undirected","Binding"
"UNIPROT","P62805","UNIPROT","P53803","undirected","Binding"
"UNIPROT","P62805","UNIPROT","P57053","undirected","Binding"
"UNIPROT","P62805","UNIPROT","P58876","undirected","Binding"
"UNIPROT","P62805","UNIPROT","P61218","undirected","Binding"
"UNIPROT","P62805","UNIPROT","P62487","undirected","Binding"
"UNIPROT","P62805","UNIPROT","P62807","undirected","Binding"
"UNIPROT","P62805","UNIPROT","P62875","undirected","Binding"
"UNIPROT","P62805","UNIPROT","P68431","undirected","Binding"
"UNIPROT","P62805","UNIPROT","P84243","undirected","Binding"
"UNIPROT","P62805","UNIPROT","Q16777","undirected","Binding"
"UNIPROT","P62805","UNIPROT","Q16778","undirected","Binding"
"UNIPROT","P62805","UNIPROT","Q6FI13","undirected","Binding"
"UNIPROT","P62805","UNIPROT","Q71DI3","undirected","Binding"
"UNIPROT","P62805","UNIPROT","Q71UI9","undirected","Binding"
"UNIPROT","P62805","UNIPROT","Q8N257","undirected","Binding"
"UNIPROT","P62805","UNIPROT","Q93077","undirected","Binding"
"UNIPROT","P62805","UNIPROT","Q93079","undirected","Binding"
"UNIPROT","P62805","UNIPROT","Q96A08","undirected","Binding"
"UNIPROT","P62805","UNIPROT","Q99877","undirected","Binding"
"UNIPROT","P62805","UNIPROT","Q99878","undirected","Binding"
"UNIPROT","P62805","UNIPROT","Q99879","undirected","Binding"
"UNIPROT","P62805","UNIPROT","Q99880","undirected","Binding"
"UNIPROT","P62805","UNIPROT","Q9BTM1","undirected","Binding"
"UNIPROT","P62805","UNIPROT","Q9UKV8","undirected","Binding"
"UNIPROT","P62805","UNIPROT","Q9UL18","undirected","Binding"
"UNIPROT","P62807","UNIPROT","Q71DI3","undirected","Binding"
"UNIPROT","P62826","UNIPROT","A8CG34","directed","Control(In: ACTIVATION of BiochemicalReaction)"
"UNIPROT","P62826","UNIPROT","O15504","directed","Control(In: ACTIVATION of BiochemicalReaction)"
"UNIPROT","P62826","UNIPROT","O75694","directed","Control(In: ACTIVATION of BiochemicalReaction)"
"UNIPROT","P62826","UNIPROT","P12270","directed","Control(In: ACTIVATION of BiochemicalReaction)"
"UNIPROT","P62826","UNIPROT","P35658","directed","Control(In: ACTIVATION of BiochemicalReaction)"
"UNIPROT","P62826","UNIPROT","P37198","directed","Control(In: ACTIVATION of BiochemicalReaction)"
"UNIPROT","P62826","UNIPROT","P49790","directed","Control(In: ACTIVATION of BiochemicalReaction)"
"UNIPROT","P62826","UNIPROT","P49792","directed","Control(In: ACTIVATION of BiochemicalReaction)"
"UNIPROT","P62826","UNIPROT","P52948","directed","Control(In: ACTIVATION of BiochemicalReaction)"
"UNIPROT","P62826","UNIPROT","P55735","directed","Control(In: ACTIVATION of BiochemicalReaction)"
"UNIPROT","P62826","UNIPROT","P57740","directed","Control(In: ACTIVATION of BiochemicalReaction)"
"UNIPROT","P62826","UNIPROT","P78406","directed","Control(In: ACTIVATION of BiochemicalReaction)"
"UNIPROT","P62826","UNIPROT","Q12769","directed","Control(In: ACTIVATION of BiochemicalReaction)"
"UNIPROT","P62826","UNIPROT","Q5SRE5","directed","Control(In: ACTIVATION of BiochemicalReaction)"
"UNIPROT","P62826","UNIPROT","Q7Z3B4","directed","Control(In: ACTIVATION of BiochemicalReaction)"
"UNIPROT","P62826","UNIPROT","Q8N1F7","directed","Control(In: ACTIVATION of BiochemicalReaction)"
"UNIPROT","P62826","UNIPROT","Q8NFH3","directed","Control(In: ACTIVATION of BiochemicalReaction)"
"UNIPROT","P62826","UNIPROT","Q8NFH4","directed","Control(In: ACTIVATION of BiochemicalReaction)"
"UNIPROT","P62826","UNIPROT","Q8NFH5","directed","Control(In: ACTIVATION of BiochemicalReaction)"
"UNIPROT","P62826","UNIPROT","Q8TEM1","directed","Control(In: ACTIVATION of BiochemicalReaction)"
"UNIPROT","P62826","UNIPROT","Q8WUM0","directed","Control(In: ACTIVATION of BiochemicalReaction)"
"UNIPROT","P62826","UNIPROT","Q92621","directed","Control(In: ACTIVATION of BiochemicalReaction)"
"UNIPROT","P62826","UNIPROT","Q96EE3","directed","Control(In: ACTIVATION of BiochemicalReaction)"
"UNIPROT","P62826","UNIPROT","Q96HA1","directed","Control(In: ACTIVATION of BiochemicalReaction)"
"UNIPROT","P62826","UNIPROT","Q99567","directed","Control(In: ACTIVATION of BiochemicalReaction)"
"UNIPROT","P62826","UNIPROT","Q9BTX1","directed","Control(In: ACTIVATION of BiochemicalReaction)"
"UNIPROT","P62826","UNIPROT","Q9BVL2","directed","Control(In: ACTIVATION of BiochemicalReaction)"
"UNIPROT","P62826","UNIPROT","Q9BW27","directed","Control(In: ACTIVATION of BiochemicalReaction)"
"UNIPROT","P62826","UNIPROT","Q9NRG9","directed","Control(In: ACTIVATION of BiochemicalReaction)"
"UNIPROT","P62826","UNIPROT","Q9UKX7","directed","Control(In: ACTIVATION of BiochemicalReaction)"
"UNIPROT","P62875","UNIPROT","O60814","undirected","Binding"
"UNIPROT","P62875","UNIPROT","P04908","undirected","Binding"
"UNIPROT","P62875","UNIPROT","P06899","undirected","Binding"
"UNIPROT","P62875","UNIPROT","P0C0S5","undirected","Binding"
"UNIPROT","P62875","UNIPROT","P0C5Y9","undirected","Binding"
"UNIPROT","P62875","UNIPROT","P16104","undirected","Binding"
"UNIPROT","P62875","UNIPROT","P19388","undirected","Binding"
"UNIPROT","P62875","UNIPROT","P20671","undirected","Binding"
"UNIPROT","P62875","UNIPROT","P23527","undirected","Binding"
"UNIPROT","P62875","UNIPROT","P24928","undirected","Binding"
"UNIPROT","P62875","UNIPROT","P33778","undirected","Binding"
"UNIPROT","P62875","UNIPROT","P52435","undirected","Binding"
"UNIPROT","P62875","UNIPROT","P57053","undirected","Binding"
"UNIPROT","P62875","UNIPROT","P58876","undirected","Binding"
"UNIPROT","P62875","UNIPROT","P61218","undirected","Binding"
"UNIPROT","P62875","UNIPROT","P62487","undirected","Binding"
"UNIPROT","P62875","UNIPROT","P62807","undirected","Binding"
"UNIPROT","P62875","UNIPROT","P68431","undirected","Binding"
"UNIPROT","P62875","UNIPROT","P84243","undirected","Binding"
"UNIPROT","P62875","UNIPROT","Q16777","undirected","Binding"
"UNIPROT","P62875","UNIPROT","Q16778","undirected","Binding"
"UNIPROT","P62875","UNIPROT","Q6FI13","undirected","Binding"
"UNIPROT","P62875","UNIPROT","Q71DI3","undirected","Binding"
"UNIPROT","P62875","UNIPROT","Q71UI9","undirected","Binding"
"UNIPROT","P62875","UNIPROT","Q8N257","undirected","Binding"
"UNIPROT","P62875","UNIPROT","Q93077","undirected","Binding"
"UNIPROT","P62875","UNIPROT","Q93079","undirected","Binding"
"UNIPROT","P62875","UNIPROT","Q96A08","undirected","Binding"
"UNIPROT","P62875","UNIPROT","Q99877","undirected","Binding"
"UNIPROT","P62875","UNIPROT","Q99878","undirected","Binding"
"UNIPROT","P62875","UNIPROT","Q99879","undirected","Binding"
"UNIPROT","P62875","UNIPROT","Q99880","undirected","Binding"
"UNIPROT","P62875","UNIPROT","Q9BTM1","undirected","Binding"
"UNIPROT","P62875","UNIPROT","Q9UKV8","undirected","Binding"
"UNIPROT","P62875","UNIPROT","Q9UL18","undirected","Binding"
"UNIPROT","P68431","UNIPROT","O60814","undirected","Binding"
"UNIPROT","P68431","UNIPROT","P06899","undirected","Binding"
"UNIPROT","P68431","UNIPROT","P23527","undirected","Binding"
"UNIPROT","P68431","UNIPROT","P33778","undirected","Binding"
"UNIPROT","P68431","UNIPROT","P58876","undirected","Binding"
"UNIPROT","P68431","UNIPROT","P62807","undirected","Binding"
"UNIPROT","P68431","UNIPROT","Q16777","undirected","Binding"
"UNIPROT","P68431","UNIPROT","Q16778","undirected","Binding"
"UNIPROT","P68431","UNIPROT","Q6FI13","undirected","Binding"
"UNIPROT","P68431","UNIPROT","Q8N257","undirected","Binding"
"UNIPROT","P68431","UNIPROT","Q93079","undirected","Binding"
"UNIPROT","P68431","UNIPROT","Q96A08","undirected","Binding"
"UNIPROT","P68431","UNIPROT","Q99877","undirected","Binding"
"UNIPROT","P68431","UNIPROT","Q99879","undirected","Binding"
"UNIPROT","P68431","UNIPROT","Q99880","undirected","Binding"
"UNIPROT","P78406","UNIPROT","A8CG34","undirected","Binding"
"UNIPROT","P78406","UNIPROT","O15397","directed","Control(Out: ACTIVATION of BiochemicalReaction)"
"UNIPROT","P78406","UNIPROT","O15504","undirected","Binding"
"UNIPROT","P78406","UNIPROT","O75694","undirected","Binding"
"UNIPROT","P78406","UNIPROT","P62826","directed","Control(Out: ACTIVATION of BiochemicalReaction)"
"UNIPROT","P78406","UNIPROT","Q8N1F7","undirected","Binding"
"UNIPROT","P78406","UNIPROT","Q8NFH5","undirected","Binding"
"UNIPROT","P78406","UNIPROT","Q96HA1","undirected","Binding"
"UNIPROT","P78406","UNIPROT","Q9UKV8","directed","Control(Out: ACTIVATION of BiochemicalReaction)"
"UNIPROT","P84243","UNIPROT","O60814","undirected","Binding"
"UNIPROT","P84243","UNIPROT","P04908","undirected","Binding"
"UNIPROT","P84243","UNIPROT","P06899","undirected","Binding"
"UNIPROT","P84243","UNIPROT","P20671","undirected","Binding"
"UNIPROT","P84243","UNIPROT","P23527","undirected","Binding"
"UNIPROT","P84243","UNIPROT","P33778","undirected","Binding"
"UNIPROT","P84243","UNIPROT","P57053","undirected","Binding"
"UNIPROT","P84243","UNIPROT","P58876","undirected","Binding"
"UNIPROT","P84243","UNIPROT","P62807","undirected","Binding"
"UNIPROT","P84243","UNIPROT","Q16777","undirected","Binding"
"UNIPROT","P84243","UNIPROT","Q16778","undirected","Binding"
"UNIPROT","P84243","UNIPROT","Q6FI13","undirected","Binding"
"UNIPROT","P84243","UNIPROT","Q8N257","undirected","Binding"
"UNIPROT","P84243","UNIPROT","Q93077","undirected","Binding"
"UNIPROT","P84243","UNIPROT","Q93079","undirected","Binding"
"UNIPROT","P84243","UNIPROT","Q96A08","undirected","Binding"
"UNIPROT","P84243","UNIPROT","Q99877","undirected","Binding"
"UNIPROT","P84243","UNIPROT","Q99878","undirected","Binding"
"UNIPROT","P84243","UNIPROT","Q99879","undirected","Binding"
"UNIPROT","P84243","UNIPROT","Q99880","undirected","Binding"
"UNIPROT","Q12769","UNIPROT","A8CG34","undirected","Binding"
"UNIPROT","Q12769","UNIPROT","O15397","directed","Control(Out: ACTIVATION of BiochemicalReaction)"
"UNIPROT","Q12769","UNIPROT","O15504","undirected","Binding"
"UNIPROT","Q12769","UNIPROT","O75694","undirected","Binding"
"UNIPROT","Q12769","UNIPROT","P12270","undirected","Binding"
"UNIPROT","Q12769","UNIPROT","P35658","undirected","Binding"
"UNIPROT","Q12769","UNIPROT","P37198","undirected","Binding"
"UNIPROT","Q12769","UNIPROT","P49790","undirected","Binding"
"UNIPROT","Q12769","UNIPROT","P55735","undirected","Binding"
"UNIPROT","Q12769","UNIPROT","P62826","directed","Control(Out: ACTIVATION of BiochemicalReaction)"
"UNIPROT","Q12769","UNIPROT","P78406","undirected","Binding"
"UNIPROT","Q12769","UNIPROT","Q5SRE5","undirected","Binding"
"UNIPROT","Q12769","UNIPROT","Q7Z3B4","undirected","Binding"
"UNIPROT","Q12769","UNIPROT","Q8N1F7","undirected","Binding"
"UNIPROT","Q12769","UNIPROT","Q8NFH4","undirected","Binding"
"UNIPROT","Q12769","UNIPROT","Q8NFH5","undirected","Binding"
"UNIPROT","Q12769","UNIPROT","Q8TEM1","undirected","Binding"
"UNIPROT","Q12769","UNIPROT","Q92621","undirected","Binding"
"UNIPROT","Q12769","UNIPROT","Q96HA1","undirected","Binding"
"UNIPROT","Q12769","UNIPROT","Q99567","undirected","Binding"
"UNIPROT","Q12769","UNIPROT","Q9BTX1","undirected","Binding"
"UNIPROT","Q12769","UNIPROT","Q9BVL2","undirected","Binding"
"UNIPROT","Q12769","UNIPROT","Q9UKV8","directed","Control(Out: ACTIVATION of BiochemicalReaction)"
"UNIPROT","Q12769","UNIPROT","Q9UKX7","undirected","Binding"
"UNIPROT","Q16777","UNIPROT","O60814","undirected","Binding"
"UNIPROT","Q16777","UNIPROT","P06899","undirected","Binding"
"UNIPROT","Q16777","UNIPROT","P23527","undirected","Binding"
"UNIPROT","Q16777","UNIPROT","P33778","undirected","Binding"
"UNIPROT","Q16777","UNIPROT","P58876","undirected","Binding"
"UNIPROT","Q16777","UNIPROT","P62807","undirected","Binding"
"UNIPROT","Q16777","UNIPROT","Q16778","undirected","Binding"
"UNIPROT","Q16777","UNIPROT","Q71DI3","undirected","Binding"
"UNIPROT","Q16777","UNIPROT","Q8N257","undirected","Binding"
"UNIPROT","Q16777","UNIPROT","Q93079","undirected","Binding"
"UNIPROT","Q16777","UNIPROT","Q96A08","undirected","Binding"
"UNIPROT","Q16777","UNIPROT","Q99877","undirected","Binding"
"UNIPROT","Q16777","UNIPROT","Q99879","undirected","Binding"
"UNIPROT","Q16777","UNIPROT","Q99880","undirected","Binding"
"UNIPROT","Q5SRE5","UNIPROT","A8CG34","undirected","Binding"
"UNIPROT","Q5SRE5","UNIPROT","O15397","directed","Control(Out: ACTIVATION of BiochemicalReaction)"
"UNIPROT","Q5SRE5","UNIPROT","O15504","undirected","Binding"
"UNIPROT","Q5SRE5","UNIPROT","O75694","undirected","Binding"
"UNIPROT","Q5SRE5","UNIPROT","P35658","undirected","Binding"
"UNIPROT","Q5SRE5","UNIPROT","P49790","undirected","Binding"
"UNIPROT","Q5SRE5","UNIPROT","P62826","directed","Control(Out: ACTIVATION of BiochemicalReaction)"
"UNIPROT","Q5SRE5","UNIPROT","P78406","undirected","Binding"
"UNIPROT","Q5SRE5","UNIPROT","Q8N1F7","undirected","Binding"
"UNIPROT","Q5SRE5","UNIPROT","Q8NFH5","undirected","Binding"
"UNIPROT","Q5SRE5","UNIPROT","Q8TEM1","undirected","Binding"
"UNIPROT","Q5SRE5","UNIPROT","Q96HA1","undirected","Binding"
"UNIPROT","Q5SRE5","UNIPROT","Q99567","undirected","Binding"
"UNIPROT","Q5SRE5","UNIPROT","Q9BTX1","undirected","Binding"
"UNIPROT","Q5SRE5","UNIPROT","Q9UKV8","directed","Control(Out: ACTIVATION of BiochemicalReaction)"
"UNIPROT","Q5SRE5","UNIPROT","Q9UKX7","undirected","Binding"
"UNIPROT","Q6FI13","UNIPROT","O60814","undirected","Binding"
"UNIPROT","Q6FI13","UNIPROT","P06899","undirected","Binding"
"UNIPROT","Q6FI13","UNIPROT","P23527","undirected","Binding"
"UNIPROT","Q6FI13","UNIPROT","P33778","undirected","Binding"
"UNIPROT","Q6FI13","UNIPROT","P58876","undirected","Binding"
"UNIPROT","Q6FI13","UNIPROT","P62807","undirected","Binding"
"UNIPROT","Q6FI13","UNIPROT","Q16778","undirected","Binding"
"UNIPROT","Q6FI13","UNIPROT","Q71DI3","undirected","Binding"
"UNIPROT","Q6FI13","UNIPROT","Q8N257","undirected","Binding"
"UNIPROT","Q6FI13","UNIPROT","Q93079","undirected","Binding"
"UNIPROT","Q6FI13","UNIPROT","Q96A08","undirected","Binding"
"UNIPROT","Q6FI13","UNIPROT","Q99877","undirected","Binding"
"UNIPROT","Q6FI13","UNIPROT","Q99879","undirected","Binding"
"UNIPROT","Q6FI13","UNIPROT","Q99880","undirected","Binding"
"UNIPROT","Q71DI3","UNIPROT","O60814","undirected","Binding"
"UNIPROT","Q71DI3","UNIPROT","P23527","undirected","Binding"
"UNIPROT","Q71DI3","UNIPROT","Q16778","undirected","Binding"
"UNIPROT","Q71DI3","UNIPROT","Q8N257","undirected","Binding"
"UNIPROT","Q71DI3","UNIPROT","Q99877","undirected","Binding"
"UNIPROT","Q71DI3","UNIPROT","Q99879","undirected","Binding"
"UNIPROT","Q71DI3","UNIPROT","Q99880","undirected","Binding"
"UNIPROT","Q71UI9","UNIPROT","O60814","undirected","Binding"
"UNIPROT","Q71UI9","UNIPROT","P06899","undirected","Binding"
"UNIPROT","Q71UI9","UNIPROT","P23527","undirected","Binding"
"UNIPROT","Q71UI9","UNIPROT","P33778","undirected","Binding"
"UNIPROT","Q71UI9","UNIPROT","P57053","undirected","Binding"
"UNIPROT","Q71UI9","UNIPROT","P58876","undirected","Binding"
"UNIPROT","Q71UI9","UNIPROT","P62807","undirected","Binding"
"UNIPROT","Q71UI9","UNIPROT","P68431","undirected","Binding"
"UNIPROT","Q71UI9","UNIPROT","P84243","undirected","Binding"
"UNIPROT","Q71UI9","UNIPROT","Q16778","undirected","Binding"
"UNIPROT","Q71UI9","UNIPROT","Q71DI3","undirected","Binding"
"UNIPROT","Q71UI9","UNIPROT","Q8N257","undirected","Binding"
"UNIPROT","Q71UI9","UNIPROT","Q93079","undirected","Binding"
"UNIPROT","Q71UI9","UNIPROT","Q96A08","undirected","Binding"
"UNIPROT","Q71UI9","UNIPROT","Q99877","undirected","Binding"
"UNIPROT","Q71UI9","UNIPROT","Q99879","undirected","Binding"
"UNIPROT","Q71UI9","UNIPROT","Q99880","undirected","Binding"
"UNIPROT","Q71UI9","UNIPROT","Q9UKV8","undirected","Binding"
"UNIPROT","Q71UI9","UNIPROT","Q9UL18","undirected","Binding"
"UNIPROT","Q7Z3B4","UNIPROT","A8CG34","undirected","Binding"
"UNIPROT","Q7Z3B4","UNIPROT","O15397","directed","Control(Out: ACTIVATION of BiochemicalReaction)"
"UNIPROT","Q7Z3B4","UNIPROT","O15504","undirected","Binding"
"UNIPROT","Q7Z3B4","UNIPROT","O75694","undirected","Binding"
"UNIPROT","Q7Z3B4","UNIPROT","P35658","undirected","Binding"
"UNIPROT","Q7Z3B4","UNIPROT","P49790","undirected","Binding"
"UNIPROT","Q7Z3B4","UNIPROT","P62826","directed","Control(Out: ACTIVATION of BiochemicalReaction)"
"UNIPROT","Q7Z3B4","UNIPROT","P78406","undirected","Binding"
"UNIPROT","Q7Z3B4","UNIPROT","Q5SRE5","undirected","Binding"
"UNIPROT","Q7Z3B4","UNIPROT","Q8N1F7","undirected","Binding"
"UNIPROT","Q7Z3B4","UNIPROT","Q8NFH5","undirected","Binding"
"UNIPROT","Q7Z3B4","UNIPROT","Q8TEM1","undirected","Binding"
"UNIPROT","Q7Z3B4","UNIPROT","Q96HA1","undirected","Binding"
"UNIPROT","Q7Z3B4","UNIPROT","Q99567","undirected","Binding"
"UNIPROT","Q7Z3B4","UNIPROT","Q9BTX1","undirected","Binding"
"UNIPROT","Q7Z3B4","UNIPROT","Q9UKV8","directed","Control(Out: ACTIVATION of BiochemicalReaction)"
"UNIPROT","Q7Z3B4","UNIPROT","Q9UKX7","undirected","Binding"
"UNIPROT","Q8N1F7","UNIPROT","O15397","directed","Control(Out: ACTIVATION of BiochemicalReaction)"
"UNIPROT","Q8N1F7","UNIPROT","O75694","undirected","Binding"
"UNIPROT","Q8N1F7","UNIPROT","P62826","directed","Control(Out: ACTIVATION of BiochemicalReaction)"
"UNIPROT","Q8N1F7","UNIPROT","Q8NFH5","undirected","Binding"
"UNIPROT","Q8N1F7","UNIPROT","Q9UKV8","directed","Control(Out: ACTIVATION of BiochemicalReaction)"
"UNIPROT","Q8NDV7","UNIPROT","Q9UKV8","undirected","Binding"
"UNIPROT","Q8NFH3","UNIPROT","A8CG34","undirected","Binding"
"UNIPROT","Q8NFH3","UNIPROT","O15397","directed","Control(Out: ACTIVATION of BiochemicalReaction)"
"UNIPROT","Q8NFH3","UNIPROT","O15504","undirected","Binding"
"UNIPROT","Q8NFH3","UNIPROT","O75694","undirected","Binding"
"UNIPROT","Q8NFH3","UNIPROT","P12270","undirected","Binding"
"UNIPROT","Q8NFH3","UNIPROT","P35658","undirected","Binding"
"UNIPROT","Q8NFH3","UNIPROT","P37198","undirected","Binding"
"UNIPROT","Q8NFH3","UNIPROT","P49790","undirected","Binding"
"UNIPROT","Q8NFH3","UNIPROT","P52948","undirected","Binding"
"UNIPROT","Q8NFH3","UNIPROT","P55735","undirected","Binding"
"UNIPROT","Q8NFH3","UNIPROT","P57740","undirected","Binding"
"UNIPROT","Q8NFH3","UNIPROT","P62826","directed","Control(Out: ACTIVATION of BiochemicalReaction)"
"UNIPROT","Q8NFH3","UNIPROT","P78406","undirected","Binding"
"UNIPROT","Q8NFH3","UNIPROT","Q12769","undirected","Binding"
"UNIPROT","Q8NFH3","UNIPROT","Q5SRE5","undirected","Binding"
"UNIPROT","Q8NFH3","UNIPROT","Q7Z3B4","undirected","Binding"
"UNIPROT","Q8NFH3","UNIPROT","Q8N1F7","undirected","Binding"
"UNIPROT","Q8NFH3","UNIPROT","Q8NFH4","undirected","Binding"
"UNIPROT","Q8NFH3","UNIPROT","Q8NFH5","undirected","Binding"
"UNIPROT","Q8NFH3","UNIPROT","Q8TEM1","undirected","Binding"
"UNIPROT","Q8NFH3","UNIPROT","Q92621","undirected","Binding"
"UNIPROT","Q8NFH3","UNIPROT","Q96EE3","undirected","Binding"
"UNIPROT","Q8NFH3","UNIPROT","Q96HA1","undirected","Binding"
"UNIPROT","Q8NFH3","UNIPROT","Q99567","undirected","Binding"
"UNIPROT","Q8NFH3","UNIPROT","Q9BTX1","undirected","Binding"
"UNIPROT","Q8NFH3","UNIPROT","Q9BVL2","undirected","Binding"
"UNIPROT","Q8NFH3","UNIPROT","Q9BW27","undirected","Binding"
"UNIPROT","Q8NFH3","UNIPROT","Q9UKV8","directed","Control(Out: ACTIVATION of BiochemicalReaction)"
"UNIPROT","Q8NFH3","UNIPROT","Q9UKX7","undirected","Binding"
"UNIPROT","Q8NFH4","UNIPROT","A8CG34","undirected","Binding"
"UNIPROT","Q8NFH4","UNIPROT","O15397","directed","Control(Out: ACTIVATION of BiochemicalReaction)"
"UNIPROT","Q8NFH4","UNIPROT","O15504","undirected","Binding"
"UNIPROT","Q8NFH4","UNIPROT","O75694","undirected","Binding"
"UNIPROT","Q8NFH4","UNIPROT","P12270","undirected","Binding"
"UNIPROT","Q8NFH4","UNIPROT","P35658","undirected","Binding"
"UNIPROT","Q8NFH4","UNIPROT","P37198","undirected","Binding"
"UNIPROT","Q8NFH4","UNIPROT","P49790","undirected","Binding"
"UNIPROT","Q8NFH4","UNIPROT","P55735","undirected","Binding"
"UNIPROT","Q8NFH4","UNIPROT","P62826","directed","Control(Out: ACTIVATION of BiochemicalReaction)"
"UNIPROT","Q8NFH4","UNIPROT","P78406","undirected","Binding"
"UNIPROT","Q8NFH4","UNIPROT","Q5SRE5","undirected","Binding"
"UNIPROT","Q8NFH4","UNIPROT","Q7Z3B4","undirected","Binding"
"UNIPROT","Q8NFH4","UNIPROT","Q8N1F7","undirected","Binding"
"UNIPROT","Q8NFH4","UNIPROT","Q8NFH5","undirected","Binding"
"UNIPROT","Q8NFH4","UNIPROT","Q8TEM1","undirected","Binding"
"UNIPROT","Q8NFH4","UNIPROT","Q92621","undirected","Binding"
"UNIPROT","Q8NFH4","UNIPROT","Q96HA1","undirected","Binding"
"UNIPROT","Q8NFH4","UNIPROT","Q99567","undirected","Binding"
"UNIPROT","Q8NFH4","UNIPROT","Q9BTX1","undirected","Binding"
"UNIPROT","Q8NFH4","UNIPROT","Q9BVL2","undirected","Binding"
"UNIPROT","Q8NFH4","UNIPROT","Q9UKV8","directed","Control(Out: ACTIVATION of BiochemicalReaction)"
"UNIPROT","Q8NFH4","UNIPROT","Q9UKX7","undirected","Binding"
"UNIPROT","Q8NFH5","UNIPROT","O15397","directed","Control(Out: ACTIVATION of BiochemicalReaction)"
"UNIPROT","Q8NFH5","UNIPROT","O75694","undirected","Binding"
"UNIPROT","Q8NFH5","UNIPROT","P62826","directed","Control(Out: ACTIVATION of BiochemicalReaction)"
"UNIPROT","Q8NFH5","UNIPROT","Q9UKV8","directed","Control(Out: ACTIVATION of BiochemicalReaction)"
"UNIPROT","Q8TEM1","UNIPROT","A8CG34","undirected","Binding"
"UNIPROT","Q8TEM1","UNIPROT","O15397","directed","Control(Out: ACTIVATION of BiochemicalReaction)"
"UNIPROT","Q8TEM1","UNIPROT","O15504","undirected","Binding"
"UNIPROT","Q8TEM1","UNIPROT","O75694","undirected","Binding"
"UNIPROT","Q8TEM1","UNIPROT","P35658","undirected","Binding"
"UNIPROT","Q8TEM1","UNIPROT","P62826","directed","Control(Out: ACTIVATION of BiochemicalReaction)"
"UNIPROT","Q8TEM1","UNIPROT","P78406","undirected","Binding"
"UNIPROT","Q8TEM1","UNIPROT","Q8N1F7","undirected","Binding"
"UNIPROT","Q8TEM1","UNIPROT","Q8NFH5","undirected","Binding"
"UNIPROT","Q8TEM1","UNIPROT","Q96HA1","undirected","Binding"
"UNIPROT","Q8TEM1","UNIPROT","Q9BTX1","undirected","Binding"
"UNIPROT","Q8TEM1","UNIPROT","Q9UKV8","directed","Control(Out: ACTIVATION of BiochemicalReaction)"
"UNIPROT","Q8TEM1","UNIPROT","Q9UKX7","undirected","Binding"
"UNIPROT","Q8WUM0","UNIPROT","A8CG34","undirected","Binding"
"UNIPROT","Q8WUM0","UNIPROT","O15397","directed","Control(Out: ACTIVATION of BiochemicalReaction)"
"UNIPROT","Q8WUM0","UNIPROT","O15504","undirected","Binding"
"UNIPROT","Q8WUM0","UNIPROT","O75694","undirected","Binding"
"UNIPROT","Q8WUM0","UNIPROT","P12270","undirected","Binding"
"UNIPROT","Q8WUM0","UNIPROT","P35658","undirected","Binding"
"UNIPROT","Q8WUM0","UNIPROT","P37198","undirected","Binding"
"UNIPROT","Q8WUM0","UNIPROT","P49790","undirected","Binding"
"UNIPROT","Q8WUM0","UNIPROT","P52948","undirected","Binding"
"UNIPROT","Q8WUM0","UNIPROT","P55735","undirected","Binding"
"UNIPROT","Q8WUM0","UNIPROT","P57740","undirected","Binding"
"UNIPROT","Q8WUM0","UNIPROT","P62826","directed","Control(Out: ACTIVATION of BiochemicalReaction)"
"UNIPROT","Q8WUM0","UNIPROT","P78406","undirected","Binding"
"UNIPROT","Q8WUM0","UNIPROT","Q12769","undirected","Binding"
"UNIPROT","Q8WUM0","UNIPROT","Q5SRE5","undirected","Binding"
"UNIPROT","Q8WUM0","UNIPROT","Q7Z3B4","undirected","Binding"
"UNIPROT","Q8WUM0","UNIPROT","Q8N1F7","undirected","Binding"
"UNIPROT","Q8WUM0","UNIPROT","Q8NFH3","undirected","Binding"
"UNIPROT","Q8WUM0","UNIPROT","Q8NFH4","undirected","Binding"
"UNIPROT","Q8WUM0","UNIPROT","Q8NFH5","undirected","Binding"
"UNIPROT","Q8WUM0","UNIPROT","Q8TEM1","undirected","Binding"
"UNIPROT","Q8WUM0","UNIPROT","Q92621","undirected","Binding"
"UNIPROT","Q8WUM0","UNIPROT","Q96EE3","undirected","Binding"
"UNIPROT","Q8WUM0","UNIPROT","Q96HA1","undirected","Binding"
"UNIPROT","Q8WUM0","UNIPROT","Q99567","undirected","Binding"
"UNIPROT","Q8WUM0","UNIPROT","Q9BTX1","undirected","Binding"
"UNIPROT","Q8WUM0","UNIPROT","Q9BVL2","undirected","Binding"
"UNIPROT","Q8WUM0","UNIPROT","Q9BW27","undirected","Binding"
"UNIPROT","Q8WUM0","UNIPROT","Q9UKV8","directed","Control(Out: ACTIVATION of BiochemicalReaction)"
"UNIPROT","Q8WUM0","UNIPROT","Q9UKX7","undirected","Binding"
"UNIPROT","Q92621","UNIPROT","A8CG34","undirected","Binding"
"UNIPROT","Q92621","UNIPROT","O15397","directed","Control(Out: ACTIVATION of BiochemicalReaction)"
"UNIPROT","Q92621","UNIPROT","O15504","undirected","Binding"
"UNIPROT","Q92621","UNIPROT","O75694","undirected","Binding"
"UNIPROT","Q92621","UNIPROT","P35658","undirected","Binding"
"UNIPROT","Q92621","UNIPROT","P37198","undirected","Binding"
"UNIPROT","Q92621","UNIPROT","P49790","undirected","Binding"
"UNIPROT","Q92621","UNIPROT","P62826","directed","Control(Out: ACTIVATION of BiochemicalReaction)"
"UNIPROT","Q92621","UNIPROT","P78406","undirected","Binding"
"UNIPROT","Q92621","UNIPROT","Q5SRE5","undirected","Binding"
"UNIPROT","Q92621","UNIPROT","Q7Z3B4","undirected","Binding"
"UNIPROT","Q92621","UNIPROT","Q8N1F7","undirected","Binding"
"UNIPROT","Q92621","UNIPROT","Q8NFH5","undirected","Binding"
"UNIPROT","Q92621","UNIPROT","Q8TEM1","undirected","Binding"
"UNIPROT","Q92621","UNIPROT","Q96HA1","undirected","Binding"
"UNIPROT","Q92621","UNIPROT","Q99567","undirected","Binding"
"UNIPROT","Q92621","UNIPROT","Q9BTX1","undirected","Binding"
"UNIPROT","Q92621","UNIPROT","Q9BVL2","undirected","Binding"
"UNIPROT","Q92621","UNIPROT","Q9UKV8","directed","Control(Out: ACTIVATION of BiochemicalReaction)"
"UNIPROT","Q92621","UNIPROT","Q9UKX7","undirected","Binding"
"UNIPROT","Q93077","UNIPROT","O60814","undirected","Binding"
"UNIPROT","Q93077","UNIPROT","P06899","undirected","Binding"
"UNIPROT","Q93077","UNIPROT","P23527","undirected","Binding"
"UNIPROT","Q93077","UNIPROT","P33778","undirected","Binding"
"UNIPROT","Q93077","UNIPROT","P58876","undirected","Binding"
"UNIPROT","Q93077","UNIPROT","P62807","undirected","Binding"
"UNIPROT","Q93077","UNIPROT","P68431","undirected","Binding"
"UNIPROT","Q93077","UNIPROT","Q16778","undirected","Binding"
"UNIPROT","Q93077","UNIPROT","Q71DI3","undirected","Binding"
"UNIPROT","Q93077","UNIPROT","Q8N257","undirected","Binding"
"UNIPROT","Q93077","UNIPROT","Q93079","undirected","Binding"
"UNIPROT","Q93077","UNIPROT","Q96A08","undirected","Binding"
"UNIPROT","Q93077","UNIPROT","Q99877","undirected","Binding"
"UNIPROT","Q93077","UNIPROT","Q99879","undirected","Binding"
"UNIPROT","Q93077","UNIPROT","Q99880","undirected","Binding"
"UNIPROT","Q93079","UNIPROT","Q71DI3","undirected","Binding"
"UNIPROT","Q96A08","UNIPROT","Q71DI3","undirected","Binding"
"UNIPROT","Q96EE3","UNIPROT","A8CG34","undirected","Binding"
"UNIPROT","Q96EE3","UNIPROT","O15397","directed","Control(Out: ACTIVATION of BiochemicalReaction)"
"UNIPROT","Q96EE3","UNIPROT","O15504","undirected","Binding"
"UNIPROT","Q96EE3","UNIPROT","O75694","undirected","Binding"
"UNIPROT","Q96EE3","UNIPROT","P12270","undirected","Binding"
"UNIPROT","Q96EE3","UNIPROT","P35658","undirected","Binding"
"UNIPROT","Q96EE3","UNIPROT","P37198","undirected","Binding"
"UNIPROT","Q96EE3","UNIPROT","P49790","undirected","Binding"
"UNIPROT","Q96EE3","UNIPROT","P52948","undirected","Binding"
"UNIPROT","Q96EE3","UNIPROT","P55735","undirected","Binding"
"UNIPROT","Q96EE3","UNIPROT","P62826","directed","Control(Out: ACTIVATION of BiochemicalReaction)"
"UNIPROT","Q96EE3","UNIPROT","P78406","undirected","Binding"
"UNIPROT","Q96EE3","UNIPROT","Q12769","undirected","Binding"
"UNIPROT","Q96EE3","UNIPROT","Q5SRE5","undirected","Binding"
"UNIPROT","Q96EE3","UNIPROT","Q7Z3B4","undirected","Binding"
"UNIPROT","Q96EE3","UNIPROT","Q8N1F7","undirected","Binding"
"UNIPROT","Q96EE3","UNIPROT","Q8NFH4","undirected","Binding"
"UNIPROT","Q96EE3","UNIPROT","Q8NFH5","undirected","Binding"
"UNIPROT","Q96EE3","UNIPROT","Q8TEM1","undirected","Binding"
"UNIPROT","Q96EE3","UNIPROT","Q92621","undirected","Binding"
"UNIPROT","Q96EE3","UNIPROT","Q96HA1","undirected","Binding"
"UNIPROT","Q96EE3","UNIPROT","Q99567","undirected","Binding"
"UNIPROT","Q96EE3","UNIPROT","Q9BTX1","undirected","Binding"
"UNIPROT","Q96EE3","UNIPROT","Q9BVL2","undirected","Binding"
"UNIPROT","Q96EE3","UNIPROT","Q9UKV8","directed","Control(Out: ACTIVATION of BiochemicalReaction)"
"UNIPROT","Q96EE3","UNIPROT","Q9UKX7","undirected","Binding"
"UNIPROT","Q96HA1","UNIPROT","O15397","directed","Control(Out: ACTIVATION of BiochemicalReaction)"
"UNIPROT","Q96HA1","UNIPROT","O75694","undirected","Binding"
"UNIPROT","Q96HA1","UNIPROT","P62826","directed","Control(Out: ACTIVATION of BiochemicalReaction)"
"UNIPROT","Q96HA1","UNIPROT","Q8N1F7","undirected","Binding"
"UNIPROT","Q96HA1","UNIPROT","Q8NFH5","undirected","Binding"
"UNIPROT","Q96HA1","UNIPROT","Q9UKV8","directed","Control(Out: ACTIVATION of BiochemicalReaction)"
"UNIPROT","Q99567","UNIPROT","A8CG34","undirected","Binding"
"UNIPROT","Q99567","UNIPROT","O15397","directed","Control(Out: ACTIVATION of BiochemicalReaction)"
"UNIPROT","Q99567","UNIPROT","O15504","undirected","Binding"
"UNIPROT","Q99567","UNIPROT","O75694","undirected","Binding"
"UNIPROT","Q99567","UNIPROT","P35658","undirected","Binding"
"UNIPROT","Q99567","UNIPROT","P49790","undirected","Binding"
"UNIPROT","Q99567","UNIPROT","P62826","directed","Control(Out: ACTIVATION of BiochemicalReaction)"
"UNIPROT","Q99567","UNIPROT","P78406","undirected","Binding"
"UNIPROT","Q99567","UNIPROT","Q8N1F7","undirected","Binding"
"UNIPROT","Q99567","UNIPROT","Q8NFH5","undirected","Binding"
"UNIPROT","Q99567","UNIPROT","Q8TEM1","undirected","Binding"
"UNIPROT","Q99567","UNIPROT","Q96HA1","undirected","Binding"
"UNIPROT","Q99567","UNIPROT","Q9BTX1","undirected","Binding"
"UNIPROT","Q99567","UNIPROT","Q9UKV8","directed","Control(Out: ACTIVATION of BiochemicalReaction)"
"UNIPROT","Q99567","UNIPROT","Q9UKX7","undirected","Binding"
"UNIPROT","Q99878","UNIPROT","O60814","undirected","Binding"
"UNIPROT","Q99878","UNIPROT","P06899","undirected","Binding"
"UNIPROT","Q99878","UNIPROT","P23527","undirected","Binding"
"UNIPROT","Q99878","UNIPROT","P33778","undirected","Binding"
"UNIPROT","Q99878","UNIPROT","P58876","undirected","Binding"
"UNIPROT","Q99878","UNIPROT","P62807","undirected","Binding"
"UNIPROT","Q99878","UNIPROT","P68431","undirected","Binding"
"UNIPROT","Q99878","UNIPROT","Q16778","undirected","Binding"
"UNIPROT","Q99878","UNIPROT","Q71DI3","undirected","Binding"
"UNIPROT","Q99878","UNIPROT","Q8N257","undirected","Binding"
"UNIPROT","Q99878","UNIPROT","Q93079","undirected","Binding"
"UNIPROT","Q99878","UNIPROT","Q96A08","undirected","Binding"
"UNIPROT","Q99878","UNIPROT","Q99877","undirected","Binding"
"UNIPROT","Q99878","UNIPROT","Q99879","undirected","Binding"
"UNIPROT","Q99878","UNIPROT","Q99880","undirected","Binding"
"UNIPROT","Q9BTM1","UNIPROT","O60814","undirected","Binding"
"UNIPROT","Q9BTM1","UNIPROT","P06899","undirected","Binding"
"UNIPROT","Q9BTM1","UNIPROT","P23527","undirected","Binding"
"UNIPROT","Q9BTM1","UNIPROT","P33778","undirected","Binding"
"UNIPROT","Q9BTM1","UNIPROT","P57053","undirected","Binding"
"UNIPROT","Q9BTM1","UNIPROT","P58876","undirected","Binding"
"UNIPROT","Q9BTM1","UNIPROT","P62807","undirected","Binding"
"UNIPROT","Q9BTM1","UNIPROT","P68431","undirected","Binding"
"UNIPROT","Q9BTM1","UNIPROT","P84243","undirected","Binding"
"UNIPROT","Q9BTM1","UNIPROT","Q16778","undirected","Binding"
"UNIPROT","Q9BTM1","UNIPROT","Q71DI3","undirected","Binding"
"UNIPROT","Q9BTM1","UNIPROT","Q8N257","undirected","Binding"
"UNIPROT","Q9BTM1","UNIPROT","Q93079","undirected","Binding"
"UNIPROT","Q9BTM1","UNIPROT","Q96A08","undirected","Binding"
"UNIPROT","Q9BTM1","UNIPROT","Q99877","undirected","Binding"
"UNIPROT","Q9BTM1","UNIPROT","Q99879","undirected","Binding"
"UNIPROT","Q9BTM1","UNIPROT","Q99880","undirected","Binding"
"UNIPROT","Q9BTM1","UNIPROT","Q9UKV8","undirected","Binding"
"UNIPROT","Q9BTM1","UNIPROT","Q9UL18","undirected","Binding"
"UNIPROT","Q9BTX1","UNIPROT","A8CG34","undirected","Binding"
"UNIPROT","Q9BTX1","UNIPROT","O15397","directed","Control(Out: ACTIVATION of BiochemicalReaction)"
"UNIPROT","Q9BTX1","UNIPROT","O15504","undirected","Binding"
"UNIPROT","Q9BTX1","UNIPROT","O75694","undirected","Binding"
"UNIPROT","Q9BTX1","UNIPROT","P62826","directed","Control(Out: ACTIVATION of BiochemicalReaction)"
"UNIPROT","Q9BTX1","UNIPROT","P78406","undirected","Binding"
"UNIPROT","Q9BTX1","UNIPROT","Q8N1F7","undirected","Binding"
"UNIPROT","Q9BTX1","UNIPROT","Q8NFH5","undirected","Binding"
"UNIPROT","Q9BTX1","UNIPROT","Q96HA1","undirected","Binding"
"UNIPROT","Q9BTX1","UNIPROT","Q9UKV8","directed","Control(Out: ACTIVATION of BiochemicalReaction)"
"UNIPROT","Q9BVL2","UNIPROT","A8CG34","undirected","Binding"
"UNIPROT","Q9BVL2","UNIPROT","O15397","directed","Control(Out: ACTIVATION of BiochemicalReaction)"
"UNIPROT","Q9BVL2","UNIPROT","O15504","undirected","Binding"
"UNIPROT","Q9BVL2","UNIPROT","O75694","undirected","Binding"
"UNIPROT","Q9BVL2","UNIPROT","P35658","undirected","Binding"
"UNIPROT","Q9BVL2","UNIPROT","P49790","undirected","Binding"
"UNIPROT","Q9BVL2","UNIPROT","P62826","directed","Control(Out: ACTIVATION of BiochemicalReaction)"
"UNIPROT","Q9BVL2","UNIPROT","P78406","undirected","Binding"
"UNIPROT","Q9BVL2","UNIPROT","Q5SRE5","undirected","Binding"
"UNIPROT","Q9BVL2","UNIPROT","Q7Z3B4","undirected","Binding"
"UNIPROT","Q9BVL2","UNIPROT","Q8N1F7","undirected","Binding"
"UNIPROT","Q9BVL2","UNIPROT","Q8NFH5","undirected","Binding"
"UNIPROT","Q9BVL2","UNIPROT","Q8TEM1","undirected","Binding"
"UNIPROT","Q9BVL2","UNIPROT","Q96HA1","undirected","Binding"
"UNIPROT","Q9BVL2","UNIPROT","Q99567","undirected","Binding"
"UNIPROT","Q9BVL2","UNIPROT","Q9BTX1","undirected","Binding"
"UNIPROT","Q9BVL2","UNIPROT","Q9UKV8","directed","Control(Out: ACTIVATION of BiochemicalReaction)"
"UNIPROT","Q9BVL2","UNIPROT","Q9UKX7","undirected","Binding"
"UNIPROT","Q9BW27","UNIPROT","A8CG34","undirected","Binding"
"UNIPROT","Q9BW27","UNIPROT","O15397","directed","Control(Out: ACTIVATION of BiochemicalReaction)"
"UNIPROT","Q9BW27","UNIPROT","O15504","undirected","Binding"
"UNIPROT","Q9BW27","UNIPROT","O75694","undirected","Binding"
"UNIPROT","Q9BW27","UNIPROT","P12270","undirected","Binding"
"UNIPROT","Q9BW27","UNIPROT","P35658","undirected","Binding"
"UNIPROT","Q9BW27","UNIPROT","P37198","undirected","Binding"
"UNIPROT","Q9BW27","UNIPROT","P49790","undirected","Binding"
"UNIPROT","Q9BW27","UNIPROT","P52948","undirected","Binding"
"UNIPROT","Q9BW27","UNIPROT","P55735","undirected","Binding"
"UNIPROT","Q9BW27","UNIPROT","P62826","directed","Control(Out: ACTIVATION of BiochemicalReaction)"
"UNIPROT","Q9BW27","UNIPROT","P78406","undirected","Binding"
"UNIPROT","Q9BW27","UNIPROT","Q12769","undirected","Binding"
"UNIPROT","Q9BW27","UNIPROT","Q5SRE5","undirected","Binding"
"UNIPROT","Q9BW27","UNIPROT","Q7Z3B4","undirected","Binding"
"UNIPROT","Q9BW27","UNIPROT","Q8N1F7","undirected","Binding"
"UNIPROT","Q9BW27","UNIPROT","Q8NFH4","undirected","Binding"
"UNIPROT","Q9BW27","UNIPROT","Q8NFH5","undirected","Binding"
"UNIPROT","Q9BW27","UNIPROT","Q8TEM1","undirected","Binding"
"UNIPROT","Q9BW27","UNIPROT","Q92621","undirected","Binding"
"UNIPROT","Q9BW27","UNIPROT","Q96EE3","undirected","Binding"
"UNIPROT","Q9BW27","UNIPROT","Q96HA1","undirected","Binding"
"UNIPROT","Q9BW27","UNIPROT","Q99567","undirected","Binding"
"UNIPROT","Q9BW27","UNIPROT","Q9BTX1","undirected","Binding"
"UNIPROT","Q9BW27","UNIPROT","Q9BVL2","undirected","Binding"
"UNIPROT","Q9BW27","UNIPROT","Q9UKV8","directed","Control(Out: ACTIVATION of BiochemicalReaction)"
"UNIPROT","Q9BW27","UNIPROT","Q9UKX7","undirected","Binding"
"UNIPROT","Q9NRG9","UNIPROT","A8CG34","undirected","Binding"
"UNIPROT","Q9NRG9","UNIPROT","O15397","directed","Control(Out: ACTIVATION of BiochemicalReaction)"
"UNIPROT","Q9NRG9","UNIPROT","O15504","undirected","Binding"
"UNIPROT","Q9NRG9","UNIPROT","O75694","undirected","Binding"
"UNIPROT","Q9NRG9","UNIPROT","P12270","undirected","Binding"
"UNIPROT","Q9NRG9","UNIPROT","P35658","undirected","Binding"
"UNIPROT","Q9NRG9","UNIPROT","P37198","undirected","Binding"
"UNIPROT","Q9NRG9","UNIPROT","P49790","undirected","Binding"
"UNIPROT","Q9NRG9","UNIPROT","P49792","undirected","Binding"
"UNIPROT","Q9NRG9","UNIPROT","P52948","undirected","Binding"
"UNIPROT","Q9NRG9","UNIPROT","P55735","undirected","Binding"
"UNIPROT","Q9NRG9","UNIPROT","P57740","undirected","Binding"
"UNIPROT","Q9NRG9","UNIPROT","P62826","directed","Control(Out: ACTIVATION of BiochemicalReaction)"
"UNIPROT","Q9NRG9","UNIPROT","P78406","undirected","Binding"
"UNIPROT","Q9NRG9","UNIPROT","Q12769","undirected","Binding"
"UNIPROT","Q9NRG9","UNIPROT","Q5SRE5","undirected","Binding"
"UNIPROT","Q9NRG9","UNIPROT","Q7Z3B4","undirected","Binding"
"UNIPROT","Q9NRG9","UNIPROT","Q8N1F7","undirected","Binding"
"UNIPROT","Q9NRG9","UNIPROT","Q8NFH3","undirected","Binding"
"UNIPROT","Q9NRG9","UNIPROT","Q8NFH4","undirected","Binding"
"UNIPROT","Q9NRG9","UNIPROT","Q8NFH5","undirected","Binding"
"UNIPROT","Q9NRG9","UNIPROT","Q8TEM1","undirected","Binding"
"UNIPROT","Q9NRG9","UNIPROT","Q8WUM0","undirected","Binding"
"UNIPROT","Q9NRG9","UNIPROT","Q92621","undirected","Binding"
"UNIPROT","Q9NRG9","UNIPROT","Q96EE3","undirected","Binding"
"UNIPROT","Q9NRG9","UNIPROT","Q96HA1","undirected","Binding"
"UNIPROT","Q9NRG9","UNIPROT","Q99567","undirected","Binding"
"UNIPROT","Q9NRG9","UNIPROT","Q9BTX1","undirected","Binding"
"UNIPROT","Q9NRG9","UNIPROT","Q9BVL2","undirected","Binding"
"UNIPROT","Q9NRG9","UNIPROT","Q9BW27","undirected","Binding"
"UNIPROT","Q9NRG9","UNIPROT","Q9UKV8","directed","Control(Out: ACTIVATION of BiochemicalReaction)"
"UNIPROT","Q9NRG9","UNIPROT","Q9UKX7","undirected","Binding"
"UNIPROT","Q9UKV8","UNIPROT","A8CG34","directed","Control(In: ACTIVATION of BiochemicalReaction)"
"UNIPROT","Q9UKV8","UNIPROT","O15504","directed","Control(In: ACTIVATION of BiochemicalReaction)"
"UNIPROT","Q9UKV8","UNIPROT","O60814","undirected","Binding"
"UNIPROT","Q9UKV8","UNIPROT","O75694","directed","Control(In: ACTIVATION of BiochemicalReaction)"
"UNIPROT","Q9UKV8","UNIPROT","P04908","undirected","Binding"
"UNIPROT","Q9UKV8","UNIPROT","P06899","undirected","Binding"
"UNIPROT","Q9UKV8","UNIPROT","P12270","directed","Control(In: ACTIVATION of BiochemicalReaction)"
"UNIPROT","Q9UKV8","UNIPROT","P20671","undirected","Binding"
"UNIPROT","Q9UKV8","UNIPROT","P23527","undirected","Binding"
"UNIPROT","Q9UKV8","UNIPROT","P33778","undirected","Binding"
"UNIPROT","Q9UKV8","UNIPROT","P35658","directed","Control(In: ACTIVATION of BiochemicalReaction)"
"UNIPROT","Q9UKV8","UNIPROT","P37198","directed","Control(In: ACTIVATION of BiochemicalReaction)"
"UNIPROT","Q9UKV8","UNIPROT","P49790","directed","Control(In: ACTIVATION of BiochemicalReaction)"
"UNIPROT","Q9UKV8","UNIPROT","P49792","directed","Control(In: ACTIVATION of BiochemicalReaction)"
"UNIPROT","Q9UKV8","UNIPROT","P52948","directed","Control(In: ACTIVATION of BiochemicalReaction)"
"UNIPROT","Q9UKV8","UNIPROT","P55735","directed","Control(In: ACTIVATION of BiochemicalReaction)"
"UNIPROT","Q9UKV8","UNIPROT","P57053","undirected","Binding"
"UNIPROT","Q9UKV8","UNIPROT","P57740","directed","Control(In: ACTIVATION of BiochemicalReaction)"
"UNIPROT","Q9UKV8","UNIPROT","P58876","undirected","Binding"
"UNIPROT","Q9UKV8","UNIPROT","P62807","undirected","Binding"
"UNIPROT","Q9UKV8","UNIPROT","P68431","undirected","Binding"
"UNIPROT","Q9UKV8","UNIPROT","P78406","directed","Control(In: ACTIVATION of BiochemicalReaction)"
"UNIPROT","Q9UKV8","UNIPROT","P84243","undirected","Binding"
"UNIPROT","Q9UKV8","UNIPROT","Q12769","directed","Control(In: ACTIVATION of BiochemicalReaction)"
"UNIPROT","Q9UKV8","UNIPROT","Q16777","undirected","Binding"
"UNIPROT","Q9UKV8","UNIPROT","Q16778","undirected","Binding"
"UNIPROT","Q9UKV8","UNIPROT","Q5SRE5","directed","Control(In: ACTIVATION of BiochemicalReaction)"
"UNIPROT","Q9UKV8","UNIPROT","Q6FI13","undirected","Binding"
"UNIPROT","Q9UKV8","UNIPROT","Q71DI3","undirected","Binding"
"UNIPROT","Q9UKV8","UNIPROT","Q7Z3B4","directed","Control(In: ACTIVATION of BiochemicalReaction)"
"UNIPROT","Q9UKV8","UNIPROT","Q8N1F7","directed","Control(In: ACTIVATION of BiochemicalReaction)"
"UNIPROT","Q9UKV8","UNIPROT","Q8N257","undirected","Binding"
"UNIPROT","Q9UKV8","UNIPROT","Q8NFH3","directed","Control(In: ACTIVATION of BiochemicalReaction)"
"UNIPROT","Q9UKV8","UNIPROT","Q8NFH4","directed","Control(In: ACTIVATION of BiochemicalReaction)"
"UNIPROT","Q9UKV8","UNIPROT","Q8NFH5","directed","Control(In: ACTIVATION of BiochemicalReaction)"
"UNIPROT","Q9UKV8","UNIPROT","Q8TEM1","directed","Control(In: ACTIVATION of BiochemicalReaction)"
"UNIPROT","Q9UKV8","UNIPROT","Q8WUM0","directed","Control(In: ACTIVATION of BiochemicalReaction)"
"UNIPROT","Q9UKV8","UNIPROT","Q92621","directed","Control(In: ACTIVATION of BiochemicalReaction)"
"UNIPROT","Q9UKV8","UNIPROT","Q93077","undirected","Binding"
"UNIPROT","Q9UKV8","UNIPROT","Q93079","undirected","Binding"
"UNIPROT","Q9UKV8","UNIPROT","Q96A08","undirected","Binding"
"UNIPROT","Q9UKV8","UNIPROT","Q96EE3","directed","Control(In: ACTIVATION of BiochemicalReaction)"
"UNIPROT","Q9UKV8","UNIPROT","Q96HA1","directed","Control(In: ACTIVATION of BiochemicalReaction)"
"UNIPROT","Q9UKV8","UNIPROT","Q99567","directed","Control(In: ACTIVATION of BiochemicalReaction)"
"UNIPROT","Q9UKV8","UNIPROT","Q99877","undirected","Binding"
"UNIPROT","Q9UKV8","UNIPROT","Q99878","undirected","Binding"
"UNIPROT","Q9UKV8","UNIPROT","Q99879","undirected","Binding"
"UNIPROT","Q9UKV8","UNIPROT","Q99880","undirected","Binding"
"UNIPROT","Q9UKV8","UNIPROT","Q9BTX1","directed","Control(In: ACTIVATION of BiochemicalReaction)"
"UNIPROT","Q9UKV8","UNIPROT","Q9BVL2","directed","Control(In: ACTIVATION of BiochemicalReaction)"
"UNIPROT","Q9UKV8","UNIPROT","Q9BW27","directed","Control(In: ACTIVATION of BiochemicalReaction)"
"UNIPROT","Q9UKV8","UNIPROT","Q9NRG9","directed","Control(In: ACTIVATION of BiochemicalReaction)"
"UNIPROT","Q9UKV8","UNIPROT","Q9UKX7","directed","Control(In: ACTIVATION of BiochemicalReaction)"
"UNIPROT","Q9UKX7","UNIPROT","A8CG34","undirected","Binding"
"UNIPROT","Q9UKX7","UNIPROT","O15397","directed","Control(Out: ACTIVATION of BiochemicalReaction)"
"UNIPROT","Q9UKX7","UNIPROT","O15504","undirected","Binding"
"UNIPROT","Q9UKX7","UNIPROT","O75694","undirected","Binding"
"UNIPROT","Q9UKX7","UNIPROT","P35658","undirected","Binding"
"UNIPROT","Q9UKX7","UNIPROT","P62826","directed","Control(Out: ACTIVATION of BiochemicalReaction)"
"UNIPROT","Q9UKX7","UNIPROT","P78406","undirected","Binding"
"UNIPROT","Q9UKX7","UNIPROT","Q8N1F7","undirected","Binding"
"UNIPROT","Q9UKX7","UNIPROT","Q8NFH5","undirected","Binding"
"UNIPROT","Q9UKX7","UNIPROT","Q96HA1","undirected","Binding"
"UNIPROT","Q9UKX7","UNIPROT","Q9BTX1","undirected","Binding"
"UNIPROT","Q9UKX7","UNIPROT","Q9UKV8","directed","Control(Out: ACTIVATION of BiochemicalReaction)"
"UNIPROT","Q9UL18","UNIPROT","O60814","undirected","Binding"
"UNIPROT","Q9UL18","UNIPROT","P04908","undirected","Binding"
"UNIPROT","Q9UL18","UNIPROT","P06899","undirected","Binding"
"UNIPROT","Q9UL18","UNIPROT","P20671","undirected","Binding"
"UNIPROT","Q9UL18","UNIPROT","P23527","undirected","Binding"
"UNIPROT","Q9UL18","UNIPROT","P33778","undirected","Binding"
"UNIPROT","Q9UL18","UNIPROT","P57053","undirected","Binding"
"UNIPROT","Q9UL18","UNIPROT","P58876","undirected","Binding"
"UNIPROT","Q9UL18","UNIPROT","P62807","undirected","Binding"
"UNIPROT","Q9UL18","UNIPROT","P68431","undirected","Binding"
"UNIPROT","Q9UL18","UNIPROT","P84243","undirected","Binding"
"UNIPROT","Q9UL18","UNIPROT","Q16777","undirected","Binding"
"UNIPROT","Q9UL18","UNIPROT","Q16778","undirected","Binding"
"UNIPROT","Q9UL18","UNIPROT","Q6FI13","undirected","Binding"
"UNIPROT","Q9UL18","UNIPROT","Q71DI3","undirected","Binding"
"UNIPROT","Q9UL18","UNIPROT","Q8N257","undirected","Binding"
"UNIPROT","Q9UL18","UNIPROT","Q93077","undirected","Binding"
"UNIPROT","Q9UL18","UNIPROT","Q93079","undirected","Binding"
"UNIPROT","Q9UL18","UNIPROT","Q96A08","undirected","Binding"
"UNIPROT","Q9UL18","UNIPROT","Q99877","undirected","Binding"
"UNIPROT","Q9UL18","UNIPROT","Q99878","undirected","Binding"
"UNIPROT","Q9UL18","UNIPROT","Q99879","undirected","Binding"
"UNIPROT","Q9UL18","UNIPROT","Q99880","undirected","Binding"
