"src_type","src","dest_type","dest","direction","type"
"UNIPROT","O15514","UNIPROT","P19387","undirected","Binding"
"UNIPROT","O15514","UNIPROT","P19388","undirected","Binding"
"UNIPROT","O15514","UNIPROT","P24928","undirected","Binding"
"UNIPROT","O15514","UNIPROT","P52434","undirected","Binding"
"UNIPROT","O15514","UNIPROT","P52435","undirected","Binding"
"UNIPROT","O15514","UNIPROT","P61218","undirected","Binding"
"UNIPROT","O15514","UNIPROT","P62487","undirected","Binding"
"UNIPROT","O15514","UNIPROT","P62875","undirected","Binding"
"UNIPROT","O60522","UNIPROT","Q9Y2W6","undirected","Binding"
"UNIPROT","O75344","UNIPROT","Q587J7","directed","Control(Out: ACTIVATION of BiochemicalReaction)"
"UNIPROT","O75344","UNIPROT","Q7Z3Z4","directed","Control(Out: ACTIVATION of BiochemicalReaction)"
"UNIPROT","O75344","UNIPROT","Q8NDG6","directed","Control(Out: ACTIVATION of BiochemicalReaction)"
"UNIPROT","O75344","UNIPROT","Q8TC59","directed","Control(Out: ACTIVATION of BiochemicalReaction)"
"UNIPROT","O75344","UNIPROT","Q8WWH4","directed","Control(Out: ACTIVATION of BiochemicalReaction)"
"UNIPROT","O75344","UNIPROT","Q96JY0","directed","Control(Out: ACTIVATION of BiochemicalReaction)"
"UNIPROT","O75344","UNIPROT","Q9BXT4","directed","Control(Out: ACTIVATION of BiochemicalReaction)"
"UNIPROT","O75344","UNIPROT","Q9BXT6","directed","Control(Out: ACTIVATION of BiochemicalReaction)"
"UNIPROT","O75344","UNIPROT","Q9NQI0","directed","Control(Out: ACTIVATION of BiochemicalReaction)"
"UNIPROT","O75344","UNIPROT","Q9Y2W6","directed","Control(Out: ACTIVATION of BiochemicalReaction)"
"UNIPROT","P07900","UNIPROT","O75344","undirected","Binding"
"UNIPROT","P07900","UNIPROT","Q587J7","directed","Control(Out: ACTIVATION of BiochemicalReaction)"
"UNIPROT","P07900","UNIPROT","Q7Z3Z4","directed","Control(Out: ACTIVATION of BiochemicalReaction)"
"UNIPROT","P07900","UNIPROT","Q8NDG6","directed","Control(Out: ACTIVATION of BiochemicalReaction)"
"UNIPROT","P07900","UNIPROT","Q8TC59","directed","Control(Out: ACTIVATION of BiochemicalReaction)"
"UNIPROT","P07900","UNIPROT","Q8WWH4","directed","Control(Out: ACTIVATION of BiochemicalReaction)"
"UNIPROT","P07900","UNIPROT","Q96JY0","directed","Control(Out: ACTIVATION of BiochemicalReaction)"
"UNIPROT","P07900","UNIPROT","Q9BXT4","directed","Control(Out: ACTIVATION of BiochemicalReaction)"
"UNIPROT","P07900","UNIPROT","Q9BXT6","directed","Control(Out: ACTIVATION of BiochemicalReaction)"
"UNIPROT","P07900","UNIPROT","Q9NQI0","directed","Control(Out: ACTIVATION of BiochemicalReaction)"
"UNIPROT","P07900","UNIPROT","Q9Y2W6","directed","Control(Out: ACTIVATION of BiochemicalReaction)"
"UNIPROT","P19387","UNIPROT","P19388","undirected","Binding"
"UNIPROT","P19387","UNIPROT","P24928","undirected","Binding"
"UNIPROT","P19387","UNIPROT","P52435","undirected","Binding"
"UNIPROT","P19387","UNIPROT","P61218","undirected","Binding"
"UNIPROT","P19387","UNIPROT","P62487","undirected","Binding"
"UNIPROT","P19387","UNIPROT","P62875","undirected","Binding"
"UNIPROT","P19388","UNIPROT","P52435","undirected","Binding"
"UNIPROT","P24928","UNIPROT","P19388","undirected","Binding"
"UNIPROT","P24928","UNIPROT","P52435","undirected","Binding"
"UNIPROT","P24928","UNIPROT","P62487","undirected","Binding"
"UNIPROT","P30876","UNIPROT","O15514","undirected","Binding"
"UNIPROT","P30876","UNIPROT","P19387","undirected","Binding"
"UNIPROT","P30876","UNIPROT","P19388","undirected","Binding"
"UNIPROT","P30876","UNIPROT","P24928","undirected","Binding"
"UNIPROT","P30876","UNIPROT","P52434","undirected","Binding"
"UNIPROT","P30876","UNIPROT","P52435","undirected","Binding"
"UNIPROT","P30876","UNIPROT","P53803","undirected","Binding"
"UNIPROT","P30876","UNIPROT","P61218","undirected","Binding"
"UNIPROT","P30876","UNIPROT","P62487","undirected","Binding"
"UNIPROT","P30876","UNIPROT","P62875","undirected","Binding"
"UNIPROT","P36954","UNIPROT","O15514","undirected","Binding"
"UNIPROT","P36954","UNIPROT","P19387","undirected","Binding"
"UNIPROT","P36954","UNIPROT","P19388","undirected","Binding"
"UNIPROT","P36954","UNIPROT","P24928","undirected","Binding"
"UNIPROT","P36954","UNIPROT","P30876","undirected","Binding"
"UNIPROT","P36954","UNIPROT","P52434","undirected","Binding"
"UNIPROT","P36954","UNIPROT","P52435","undirected","Binding"
"UNIPROT","P36954","UNIPROT","P53803","undirected","Binding"
"UNIPROT","P36954","UNIPROT","P61218","undirected","Binding"
"UNIPROT","P36954","UNIPROT","P62487","undirected","Binding"
"UNIPROT","P36954","UNIPROT","P62875","undirected","Binding"
"UNIPROT","P52434","UNIPROT","P19387","undirected","Binding"
"UNIPROT","P52434","UNIPROT","P19388","undirected","Binding"
"UNIPROT","P52434","UNIPROT","P24928","undirected","Binding"
"UNIPROT","P52434","UNIPROT","P52435","undirected","Binding"
"UNIPROT","P52434","UNIPROT","P61218","undirected","Binding"
"UNIPROT","P52434","UNIPROT","P62487","undirected","Binding"
"UNIPROT","P52434","UNIPROT","P62875","undirected","Binding"
"UNIPROT","P53803","UNIPROT","O15514","undirected","Binding"
"UNIPROT","P53803","UNIPROT","P19387","undirected","Binding"
"UNIPROT","P53803","UNIPROT","P19388","undirected","Binding"
"UNIPROT","P53803","UNIPROT","P24928","undirected","Binding"
"UNIPROT","P53803","UNIPROT","P52434","undirected","Binding"
"UNIPROT","P53803","UNIPROT","P52435","undirected","Binding"
"UNIPROT","P53803","UNIPROT","P61218","undirected","Binding"
"UNIPROT","P53803","UNIPROT","P62487","undirected","Binding"
"UNIPROT","P53803","UNIPROT","P62875","undirected","Binding"
"UNIPROT","P61218","UNIPROT","P19388","undirected","Binding"
"UNIPROT","P61218","UNIPROT","P24928","undirected","Binding"
"UNIPROT","P61218","UNIPROT","P52435","undirected","Binding"
"UNIPROT","P61218","UNIPROT","P62487","undirected","Binding"
"UNIPROT","P62487","UNIPROT","P19388","undirected","Binding"
"UNIPROT","P62487","UNIPROT","P52435","undirected","Binding"
"UNIPROT","P62875","UNIPROT","P19388","undirected","Binding"
"UNIPROT","P62875","UNIPROT","P24928","undirected","Binding"
"UNIPROT","P62875","UNIPROT","P52435","undirected","Binding"
"UNIPROT","P62875","UNIPROT","P61218","undirected","Binding"
"UNIPROT","P62875","UNIPROT","P62487","undirected","Binding"
"UNIPROT","Q587J7","UNIPROT","Q9NQI0","undirected","Binding"
"UNIPROT","Q5T8I9","UNIPROT","O60522","directed","Control(Out: ACTIVATION of BiochemicalReaction)"
"UNIPROT","Q5T8I9","UNIPROT","Q587J7","directed","Control(Out: ACTIVATION of BiochemicalReaction)"
"UNIPROT","Q5T8I9","UNIPROT","Q7Z3Z4","directed","Control(Out: ACTIVATION of BiochemicalReaction)"
"UNIPROT","Q5T8I9","UNIPROT","Q8NDG6","directed","Control(Out: ACTIVATION of BiochemicalReaction)"
"UNIPROT","Q5T8I9","UNIPROT","Q8TC59","directed","Control(Out: ACTIVATION of BiochemicalReaction)"
"UNIPROT","Q5T8I9","UNIPROT","Q8WWH4","directed","Control(Out: ACTIVATION of BiochemicalReaction)"
"UNIPROT","Q5T8I9","UNIPROT","Q96J94","directed","Control(Out: ACTIVATION of BiochemicalReaction)"
"UNIPROT","Q5T8I9","UNIPROT","Q96JY0","directed","Control(Out: ACTIVATION of BiochemicalReaction)"
"UNIPROT","Q5T8I9","UNIPROT","Q9BXT4","directed","Control(Out: ACTIVATION of BiochemicalReaction)"
"UNIPROT","Q5T8I9","UNIPROT","Q9BXT6","directed","Control(Out: ACTIVATION of BiochemicalReaction)"
"UNIPROT","Q5T8I9","UNIPROT","Q9NQI0","directed","Control(Out: ACTIVATION of BiochemicalReaction)"
"UNIPROT","Q5T8I9","UNIPROT","Q9Y2W6","directed","Control(Out: ACTIVATION of BiochemicalReaction)"
"UNIPROT","Q7Z3Z4","UNIPROT","Q8NDG6","undirected","Binding"
"UNIPROT","Q7Z3Z4","UNIPROT","Q96JY0","undirected","Binding"
"UNIPROT","Q8NDG6","UNIPROT","Q96JY0","undirected","Binding"
"UNIPROT","Q8TC59","UNIPROT","Q587J7","undirected","Binding"
"UNIPROT","Q8TC59","UNIPROT","Q9NQI0","undirected","Binding"
"UNIPROT","Q8WWH4","UNIPROT","Q587J7","undirected","Binding"
"UNIPROT","Q8WWH4","UNIPROT","Q8TC59","undirected","Binding"
"UNIPROT","Q8WWH4","UNIPROT","Q9BXT4","undirected","Binding"
"UNIPROT","Q8WWH4","UNIPROT","Q9NQI0","undirected","Binding"
"UNIPROT","Q96J94","UNIPROT","O60522","undirected","Binding"
"UNIPROT","Q96J94","UNIPROT","Q9Y2W6","undirected","Binding"
"UNIPROT","Q9BXT4","UNIPROT","Q587J7","undirected","Binding"
"UNIPROT","Q9BXT4","UNIPROT","Q8TC59","undirected","Binding"
"UNIPROT","Q9BXT4","UNIPROT","Q9NQI0","undirected","Binding"
"UNIPROT","Q9BXT6","UNIPROT","Q587J7","undirected","Binding"
"UNIPROT","Q9BXT6","UNIPROT","Q8TC59","undirected","Binding"
"UNIPROT","Q9BXT6","UNIPROT","Q8WWH4","undirected","Binding"
"UNIPROT","Q9BXT6","UNIPROT","Q9BXT4","undirected","Binding"
"UNIPROT","Q9BXT6","UNIPROT","Q9NQI0","undirected","Binding"
"UNIPROT","Q9Y2W6","UNIPROT","Q7Z3Z4","undirected","Binding"
"UNIPROT","Q9Y2W6","UNIPROT","Q8NDG6","undirected","Binding"
"UNIPROT","Q9Y2W6","UNIPROT","Q96JY0","undirected","Binding"
