"src_type","src","dest_type","dest","direction","type"
"UNIPROT","O00206","UNIPROT","P09429","undirected","Binding"
"UNIPROT","O00206","UNIPROT","P23297","undirected","Binding"
"UNIPROT","O00206","UNIPROT","P58753","undirected","Binding"
"UNIPROT","O60603","UNIPROT","P08571","undirected","Binding"
"UNIPROT","O60603","UNIPROT","P16671","undirected","Binding"
"UNIPROT","O60603","UNIPROT","P26623","undirected","Binding"
"UNIPROT","O60603","UNIPROT","P30690","undirected","Binding"
"UNIPROT","O60603","UNIPROT","P58753","undirected","Binding"
"UNIPROT","O60603","UNIPROT","Q15399","undirected","Binding"
"UNIPROT","O60603","UNIPROT","Q9Y2C9","undirected","Binding"
"UNIPROT","P02671","UNIPROT","O00206","undirected","Binding"
"UNIPROT","P02671","UNIPROT","P58753","undirected","Binding"
"UNIPROT","P02671","UNIPROT","Q99836","undirected","Binding"
"UNIPROT","P02671","UNIPROT","Q9Y6Y9","undirected","Binding"
"UNIPROT","P02675","UNIPROT","O00206","undirected","Binding"
"UNIPROT","P02675","UNIPROT","P58753","undirected","Binding"
"UNIPROT","P02675","UNIPROT","Q99836","undirected","Binding"
"UNIPROT","P02675","UNIPROT","Q9Y6Y9","undirected","Binding"
"UNIPROT","P02679","UNIPROT","O00206","undirected","Binding"
"UNIPROT","P02679","UNIPROT","P58753","undirected","Binding"
"UNIPROT","P02679","UNIPROT","Q99836","undirected","Binding"
"UNIPROT","P02679","UNIPROT","Q9Y6Y9","undirected","Binding"
"UNIPROT","P05109","UNIPROT","O00206","undirected","Binding"
"UNIPROT","P05109","UNIPROT","P58753","undirected","Binding"
"UNIPROT","P05109","UNIPROT","Q9Y6Y9","undirected","Binding"
"UNIPROT","P06702","UNIPROT","O00206","undirected","Binding"
"UNIPROT","P06702","UNIPROT","P05109","undirected","Binding"
"UNIPROT","P06702","UNIPROT","P58753","undirected","Binding"
"UNIPROT","P06702","UNIPROT","Q9Y6Y9","undirected","Binding"
"UNIPROT","P08571","UNIPROT","O00206","undirected","Binding"
"UNIPROT","P08571","UNIPROT","P16671","undirected","Binding"
"UNIPROT","P08571","UNIPROT","P26623","undirected","Binding"
"UNIPROT","P08571","UNIPROT","P58753","undirected","Binding"
"UNIPROT","P08571","UNIPROT","Q9Y2C9","undirected","Binding"
"UNIPROT","P08571","UNIPROT","Q9Y6Y9","undirected","Binding"
"UNIPROT","P09429","UNIPROT","P58753","undirected","Binding"
"UNIPROT","P16671","UNIPROT","P58753","undirected","Binding"
"UNIPROT","P16671","UNIPROT","Q9Y2C9","undirected","Binding"
"UNIPROT","P23297","UNIPROT","P58753","undirected","Binding"
"UNIPROT","P26623","UNIPROT","P16671","undirected","Binding"
"UNIPROT","P26623","UNIPROT","P58753","undirected","Binding"
"UNIPROT","P26623","UNIPROT","Q9Y2C9","undirected","Binding"
"UNIPROT","P30690","UNIPROT","P08571","undirected","Binding"
"UNIPROT","P30690","UNIPROT","P58753","undirected","Binding"
"UNIPROT","Q06187","UNIPROT","O00206","undirected","Binding"
"UNIPROT","Q06187","UNIPROT","O60603","undirected","Binding"
"UNIPROT","Q06187","UNIPROT","P02671","undirected","Binding"
"UNIPROT","Q06187","UNIPROT","P02675","undirected","Binding"
"UNIPROT","Q06187","UNIPROT","P02679","undirected","Binding"
"UNIPROT","Q06187","UNIPROT","P05109","undirected","Binding"
"UNIPROT","Q06187","UNIPROT","P06702","undirected","Binding"
"UNIPROT","Q06187","UNIPROT","P08571","undirected","Binding"
"UNIPROT","Q06187","UNIPROT","P09429","undirected","Binding"
"UNIPROT","Q06187","UNIPROT","P16671","undirected","Binding"
"UNIPROT","Q06187","UNIPROT","P23297","undirected","Binding"
"UNIPROT","Q06187","UNIPROT","P26623","undirected","Binding"
"UNIPROT","Q06187","UNIPROT","P30690","undirected","Binding"
"UNIPROT","Q06187","UNIPROT","P58753","undirected","Binding"
"UNIPROT","Q06187","UNIPROT","Q15399","undirected","Binding"
"UNIPROT","Q06187","UNIPROT","Q99836","undirected","Binding"
"UNIPROT","Q06187","UNIPROT","Q9Y2C9","undirected","Binding"
"UNIPROT","Q06187","UNIPROT","Q9Y6Y9","undirected","Binding"
"UNIPROT","Q15399","UNIPROT","P08571","undirected","Binding"
"UNIPROT","Q15399","UNIPROT","P30690","undirected","Binding"
"UNIPROT","Q15399","UNIPROT","P58753","undirected","Binding"
"UNIPROT","Q99836","UNIPROT","O00206","undirected","Binding"
"UNIPROT","Q99836","UNIPROT","O60603","undirected","Binding"
"UNIPROT","Q99836","UNIPROT","P05109","undirected","Binding"
"UNIPROT","Q99836","UNIPROT","P06702","undirected","Binding"
"UNIPROT","Q99836","UNIPROT","P08571","undirected","Binding"
"UNIPROT","Q99836","UNIPROT","P09429","undirected","Binding"
"UNIPROT","Q99836","UNIPROT","P16671","undirected","Binding"
"UNIPROT","Q99836","UNIPROT","P23297","undirected","Binding"
"UNIPROT","Q99836","UNIPROT","P26623","undirected","Binding"
"UNIPROT","Q99836","UNIPROT","P30690","undirected","Binding"
"UNIPROT","Q99836","UNIPROT","P58753","undirected","Binding"
"UNIPROT","Q99836","UNIPROT","Q15399","undirected","Binding"
"UNIPROT","Q99836","UNIPROT","Q9Y2C9","undirected","Binding"
"UNIPROT","Q99836","UNIPROT","Q9Y6Y9","undirected","Binding"
"UNIPROT","Q9Y2C9","UNIPROT","P58753","undirected","Binding"
"UNIPROT","Q9Y6Y9","UNIPROT","O00206","undirected","Binding"
"UNIPROT","Q9Y6Y9","UNIPROT","P09429","undirected","Binding"
"UNIPROT","Q9Y6Y9","UNIPROT","P23297","undirected","Binding"
"UNIPROT","Q9Y6Y9","UNIPROT","P58753","undirected","Binding"
