"src_type","src","dest_type","dest","direction","type"
"UNIPROT","O14610","UNIPROT","O75899","undirected","Binding"
"UNIPROT","O14610","UNIPROT","P48050","undirected","Binding"
"UNIPROT","O14610","UNIPROT","P48051","undirected","Binding"
"UNIPROT","O14610","UNIPROT","P48544","undirected","Binding"
"UNIPROT","O14610","UNIPROT","P48549","undirected","Binding"
"UNIPROT","O14610","UNIPROT","P63252","undirected","Binding"
"UNIPROT","O14610","UNIPROT","P78508","undirected","Binding"
"UNIPROT","O14610","UNIPROT","Q14500","undirected","Binding"
"UNIPROT","O14610","UNIPROT","Q92806","undirected","Binding"
"UNIPROT","O14610","UNIPROT","Q99712","undirected","Binding"
"UNIPROT","O14610","UNIPROT","Q9NPI9","undirected","Binding"
"UNIPROT","O14610","UNIPROT","Q9UBS5","undirected","Binding"
"UNIPROT","O14775","UNIPROT","O14610","undirected","Binding"
"UNIPROT","O14775","UNIPROT","O60262","undirected","Binding"
"UNIPROT","O14775","UNIPROT","O75899","undirected","Binding"
"UNIPROT","O14775","UNIPROT","P48050","undirected","Binding"
"UNIPROT","O14775","UNIPROT","P48051","undirected","Binding"
"UNIPROT","O14775","UNIPROT","P48544","undirected","Binding"
"UNIPROT","O14775","UNIPROT","P48549","undirected","Binding"
"UNIPROT","O14775","UNIPROT","P50150","undirected","Binding"
"UNIPROT","O14775","UNIPROT","P50151","undirected","Binding"
"UNIPROT","O14775","UNIPROT","P59768","undirected","Binding"
"UNIPROT","O14775","UNIPROT","P61952","undirected","Binding"
"UNIPROT","O14775","UNIPROT","P63211","undirected","Binding"
"UNIPROT","O14775","UNIPROT","P63215","undirected","Binding"
"UNIPROT","O14775","UNIPROT","P63218","undirected","Binding"
"UNIPROT","O14775","UNIPROT","P63252","undirected","Binding"
"UNIPROT","O14775","UNIPROT","P78508","undirected","Binding"
"UNIPROT","O14775","UNIPROT","Q14500","undirected","Binding"
"UNIPROT","O14775","UNIPROT","Q92806","undirected","Binding"
"UNIPROT","O14775","UNIPROT","Q99712","undirected","Binding"
"UNIPROT","O14775","UNIPROT","Q9NPI9","undirected","Binding"
"UNIPROT","O14775","UNIPROT","Q9P2W3","undirected","Binding"
"UNIPROT","O14775","UNIPROT","Q9UBI6","undirected","Binding"
"UNIPROT","O14775","UNIPROT","Q9UBS5","undirected","Binding"
"UNIPROT","O14775","UNIPROT","Q9UK08","undirected","Binding"
"UNIPROT","O60262","UNIPROT","O75899","undirected","Binding"
"UNIPROT","O60262","UNIPROT","P48050","undirected","Binding"
"UNIPROT","O60262","UNIPROT","P48051","undirected","Binding"
"UNIPROT","O60262","UNIPROT","P48544","undirected","Binding"
"UNIPROT","O60262","UNIPROT","P48549","undirected","Binding"
"UNIPROT","O60262","UNIPROT","P63252","undirected","Binding"
"UNIPROT","O60262","UNIPROT","P78508","undirected","Binding"
"UNIPROT","O60262","UNIPROT","Q14500","undirected","Binding"
"UNIPROT","O60262","UNIPROT","Q92806","undirected","Binding"
"UNIPROT","O60262","UNIPROT","Q99712","undirected","Binding"
"UNIPROT","O60262","UNIPROT","Q9NPI9","undirected","Binding"
"UNIPROT","O60262","UNIPROT","Q9UBS5","undirected","Binding"
"UNIPROT","O75899","UNIPROT","O14610","directed","Control(Out: ACTIVATION of BiochemicalReaction)"
"UNIPROT","O75899","UNIPROT","O14775","directed","Control(Out: ACTIVATION of BiochemicalReaction)"
"UNIPROT","O75899","UNIPROT","O60262","directed","Control(Out: ACTIVATION of BiochemicalReaction)"
"UNIPROT","O75899","UNIPROT","P16520","directed","Control(Out: ACTIVATION of BiochemicalReaction)"
"UNIPROT","O75899","UNIPROT","P48050","directed","Control(Out: ACTIVATION of BiochemicalReaction)"
"UNIPROT","O75899","UNIPROT","P48050","undirected","Binding"
"UNIPROT","O75899","UNIPROT","P48051","directed","Control(Out: ACTIVATION of BiochemicalReaction)"
"UNIPROT","O75899","UNIPROT","P48051","undirected","Binding"
"UNIPROT","O75899","UNIPROT","P48544","directed","Control(Out: ACTIVATION of BiochemicalReaction)"
"UNIPROT","O75899","UNIPROT","P48544","undirected","Binding"
"UNIPROT","O75899","UNIPROT","P48549","directed","Control(Out: ACTIVATION of BiochemicalReaction)"
"UNIPROT","O75899","UNIPROT","P48549","undirected","Binding"
"UNIPROT","O75899","UNIPROT","P50150","directed","Control(Out: ACTIVATION of BiochemicalReaction)"
"UNIPROT","O75899","UNIPROT","P50151","directed","Control(Out: ACTIVATION of BiochemicalReaction)"
"UNIPROT","O75899","UNIPROT","P59768","directed","Control(Out: ACTIVATION of BiochemicalReaction)"
"UNIPROT","O75899","UNIPROT","P61952","directed","Control(Out: ACTIVATION of BiochemicalReaction)"
"UNIPROT","O75899","UNIPROT","P62873","directed","Control(Out: ACTIVATION of BiochemicalReaction)"
"UNIPROT","O75899","UNIPROT","P62879","directed","Control(Out: ACTIVATION of BiochemicalReaction)"
"UNIPROT","O75899","UNIPROT","P63211","directed","Control(Out: ACTIVATION of BiochemicalReaction)"
"UNIPROT","O75899","UNIPROT","P63215","directed","Control(Out: ACTIVATION of BiochemicalReaction)"
"UNIPROT","O75899","UNIPROT","P63218","directed","Control(Out: ACTIVATION of BiochemicalReaction)"
"UNIPROT","O75899","UNIPROT","P63252","directed","Control(Out: ACTIVATION of BiochemicalReaction)"
"UNIPROT","O75899","UNIPROT","P63252","undirected","Binding"
"UNIPROT","O75899","UNIPROT","P78508","directed","Control(Out: ACTIVATION of BiochemicalReaction)"
"UNIPROT","O75899","UNIPROT","P78508","undirected","Binding"
"UNIPROT","O75899","UNIPROT","Q14500","directed","Control(Out: ACTIVATION of BiochemicalReaction)"
"UNIPROT","O75899","UNIPROT","Q14500","undirected","Binding"
"UNIPROT","O75899","UNIPROT","Q92806","directed","Control(Out: ACTIVATION of BiochemicalReaction)"
"UNIPROT","O75899","UNIPROT","Q92806","undirected","Binding"
"UNIPROT","O75899","UNIPROT","Q99712","directed","Control(Out: ACTIVATION of BiochemicalReaction)"
"UNIPROT","O75899","UNIPROT","Q99712","undirected","Binding"
"UNIPROT","O75899","UNIPROT","Q9HAV0","directed","Control(Out: ACTIVATION of BiochemicalReaction)"
"UNIPROT","O75899","UNIPROT","Q9NPI9","directed","Control(Out: ACTIVATION of BiochemicalReaction)"
"UNIPROT","O75899","UNIPROT","Q9NPI9","undirected","Binding"
"UNIPROT","O75899","UNIPROT","Q9P2W3","directed","Control(Out: ACTIVATION of BiochemicalReaction)"
"UNIPROT","O75899","UNIPROT","Q9UBI6","directed","Control(Out: ACTIVATION of BiochemicalReaction)"
"UNIPROT","O75899","UNIPROT","Q9UK08","directed","Control(Out: ACTIVATION of BiochemicalReaction)"
"UNIPROT","P16520","UNIPROT","O14610","undirected","Binding"
"UNIPROT","P16520","UNIPROT","O60262","undirected","Binding"
"UNIPROT","P16520","UNIPROT","O75899","undirected","Binding"
"UNIPROT","P16520","UNIPROT","P48050","undirected","Binding"
"UNIPROT","P16520","UNIPROT","P48051","undirected","Binding"
"UNIPROT","P16520","UNIPROT","P48544","undirected","Binding"
"UNIPROT","P16520","UNIPROT","P48549","undirected","Binding"
"UNIPROT","P16520","UNIPROT","P50150","undirected","Binding"
"UNIPROT","P16520","UNIPROT","P50151","undirected","Binding"
"UNIPROT","P16520","UNIPROT","P59768","undirected","Binding"
"UNIPROT","P16520","UNIPROT","P61952","undirected","Binding"
"UNIPROT","P16520","UNIPROT","P63211","undirected","Binding"
"UNIPROT","P16520","UNIPROT","P63215","undirected","Binding"
"UNIPROT","P16520","UNIPROT","P63218","undirected","Binding"
"UNIPROT","P16520","UNIPROT","P63252","undirected","Binding"
"UNIPROT","P16520","UNIPROT","P78508","undirected","Binding"
"UNIPROT","P16520","UNIPROT","Q14500","undirected","Binding"
"UNIPROT","P16520","UNIPROT","Q92806","undirected","Binding"
"UNIPROT","P16520","UNIPROT","Q99712","undirected","Binding"
"UNIPROT","P16520","UNIPROT","Q9NPI9","undirected","Binding"
"UNIPROT","P16520","UNIPROT","Q9P2W3","undirected","Binding"
"UNIPROT","P16520","UNIPROT","Q9UBI6","undirected","Binding"
"UNIPROT","P16520","UNIPROT","Q9UBS5","undirected","Binding"
"UNIPROT","P16520","UNIPROT","Q9UK08","undirected","Binding"
"UNIPROT","P48050","UNIPROT","P63252","undirected","Binding"
"UNIPROT","P50150","UNIPROT","O75899","undirected","Binding"
"UNIPROT","P50150","UNIPROT","P48050","undirected","Binding"
"UNIPROT","P50150","UNIPROT","P48051","undirected","Binding"
"UNIPROT","P50150","UNIPROT","P48544","undirected","Binding"
"UNIPROT","P50150","UNIPROT","P48549","undirected","Binding"
"UNIPROT","P50150","UNIPROT","P63252","undirected","Binding"
"UNIPROT","P50150","UNIPROT","P78508","undirected","Binding"
"UNIPROT","P50150","UNIPROT","Q14500","undirected","Binding"
"UNIPROT","P50150","UNIPROT","Q92806","undirected","Binding"
"UNIPROT","P50150","UNIPROT","Q99712","undirected","Binding"
"UNIPROT","P50150","UNIPROT","Q9NPI9","undirected","Binding"
"UNIPROT","P50150","UNIPROT","Q9UBS5","undirected","Binding"
"UNIPROT","P50151","UNIPROT","O75899","undirected","Binding"
"UNIPROT","P50151","UNIPROT","P48050","undirected","Binding"
"UNIPROT","P50151","UNIPROT","P48051","undirected","Binding"
"UNIPROT","P50151","UNIPROT","P48544","undirected","Binding"
"UNIPROT","P50151","UNIPROT","P48549","undirected","Binding"
"UNIPROT","P50151","UNIPROT","P63252","undirected","Binding"
"UNIPROT","P50151","UNIPROT","P78508","undirected","Binding"
"UNIPROT","P50151","UNIPROT","Q14500","undirected","Binding"
"UNIPROT","P50151","UNIPROT","Q92806","undirected","Binding"
"UNIPROT","P50151","UNIPROT","Q99712","undirected","Binding"
"UNIPROT","P50151","UNIPROT","Q9NPI9","undirected","Binding"
"UNIPROT","P50151","UNIPROT","Q9UBS5","undirected","Binding"
"UNIPROT","P59768","UNIPROT","O75899","undirected","Binding"
"UNIPROT","P59768","UNIPROT","P48050","undirected","Binding"
"UNIPROT","P59768","UNIPROT","P48051","undirected","Binding"
"UNIPROT","P59768","UNIPROT","P48544","undirected","Binding"
"UNIPROT","P59768","UNIPROT","P48549","undirected","Binding"
"UNIPROT","P59768","UNIPROT","P63252","undirected","Binding"
"UNIPROT","P59768","UNIPROT","P78508","undirected","Binding"
"UNIPROT","P59768","UNIPROT","Q14500","undirected","Binding"
"UNIPROT","P59768","UNIPROT","Q92806","undirected","Binding"
"UNIPROT","P59768","UNIPROT","Q99712","undirected","Binding"
"UNIPROT","P59768","UNIPROT","Q9NPI9","undirected","Binding"
"UNIPROT","P59768","UNIPROT","Q9UBS5","undirected","Binding"
"UNIPROT","P61952","UNIPROT","O75899","undirected","Binding"
"UNIPROT","P61952","UNIPROT","P48050","undirected","Binding"
"UNIPROT","P61952","UNIPROT","P48051","undirected","Binding"
"UNIPROT","P61952","UNIPROT","P48544","undirected","Binding"
"UNIPROT","P61952","UNIPROT","P48549","undirected","Binding"
"UNIPROT","P61952","UNIPROT","P63252","undirected","Binding"
"UNIPROT","P61952","UNIPROT","P78508","undirected","Binding"
"UNIPROT","P61952","UNIPROT","Q14500","undirected","Binding"
"UNIPROT","P61952","UNIPROT","Q92806","undirected","Binding"
"UNIPROT","P61952","UNIPROT","Q99712","undirected","Binding"
"UNIPROT","P61952","UNIPROT","Q9NPI9","undirected","Binding"
"UNIPROT","P61952","UNIPROT","Q9UBS5","undirected","Binding"
"UNIPROT","P62873","UNIPROT","O14610","undirected","Binding"
"UNIPROT","P62873","UNIPROT","O60262","undirected","Binding"
"UNIPROT","P62873","UNIPROT","O75899","undirected","Binding"
"UNIPROT","P62873","UNIPROT","P48050","undirected","Binding"
"UNIPROT","P62873","UNIPROT","P48051","undirected","Binding"
"UNIPROT","P62873","UNIPROT","P48544","undirected","Binding"
"UNIPROT","P62873","UNIPROT","P48549","undirected","Binding"
"UNIPROT","P62873","UNIPROT","P50150","undirected","Binding"
"UNIPROT","P62873","UNIPROT","P50151","undirected","Binding"
"UNIPROT","P62873","UNIPROT","P59768","undirected","Binding"
"UNIPROT","P62873","UNIPROT","P61952","undirected","Binding"
"UNIPROT","P62873","UNIPROT","P63211","undirected","Binding"
"UNIPROT","P62873","UNIPROT","P63215","undirected","Binding"
"UNIPROT","P62873","UNIPROT","P63218","undirected","Binding"
"UNIPROT","P62873","UNIPROT","P63252","undirected","Binding"
"UNIPROT","P62873","UNIPROT","P78508","undirected","Binding"
"UNIPROT","P62873","UNIPROT","Q14500","undirected","Binding"
"UNIPROT","P62873","UNIPROT","Q92806","undirected","Binding"
"UNIPROT","P62873","UNIPROT","Q99712","undirected","Binding"
"UNIPROT","P62873","UNIPROT","Q9NPI9","undirected","Binding"
"UNIPROT","P62873","UNIPROT","Q9P2W3","undirected","Binding"
"UNIPROT","P62873","UNIPROT","Q9UBI6","undirected","Binding"
"UNIPROT","P62873","UNIPROT","Q9UBS5","undirected","Binding"
"UNIPROT","P62873","UNIPROT","Q9UK08","undirected","Binding"
"UNIPROT","P62879","UNIPROT","O14610","undirected","Binding"
"UNIPROT","P62879","UNIPROT","O60262","undirected","Binding"
"UNIPROT","P62879","UNIPROT","O75899","undirected","Binding"
"UNIPROT","P62879","UNIPROT","P48050","undirected","Binding"
"UNIPROT","P62879","UNIPROT","P48051","undirected","Binding"
"UNIPROT","P62879","UNIPROT","P48544","undirected","Binding"
"UNIPROT","P62879","UNIPROT","P48549","undirected","Binding"
"UNIPROT","P62879","UNIPROT","P50150","undirected","Binding"
"UNIPROT","P62879","UNIPROT","P50151","undirected","Binding"
"UNIPROT","P62879","UNIPROT","P59768","undirected","Binding"
"UNIPROT","P62879","UNIPROT","P61952","undirected","Binding"
"UNIPROT","P62879","UNIPROT","P63211","undirected","Binding"
"UNIPROT","P62879","UNIPROT","P63215","undirected","Binding"
"UNIPROT","P62879","UNIPROT","P63218","undirected","Binding"
"UNIPROT","P62879","UNIPROT","P63252","undirected","Binding"
"UNIPROT","P62879","UNIPROT","P78508","undirected","Binding"
"UNIPROT","P62879","UNIPROT","Q14500","undirected","Binding"
"UNIPROT","P62879","UNIPROT","Q92806","undirected","Binding"
"UNIPROT","P62879","UNIPROT","Q99712","undirected","Binding"
"UNIPROT","P62879","UNIPROT","Q9NPI9","undirected","Binding"
"UNIPROT","P62879","UNIPROT","Q9P2W3","undirected","Binding"
"UNIPROT","P62879","UNIPROT","Q9UBI6","undirected","Binding"
"UNIPROT","P62879","UNIPROT","Q9UBS5","undirected","Binding"
"UNIPROT","P62879","UNIPROT","Q9UK08","undirected","Binding"
"UNIPROT","P63211","UNIPROT","O75899","undirected","Binding"
"UNIPROT","P63211","UNIPROT","P48050","undirected","Binding"
"UNIPROT","P63211","UNIPROT","P48051","undirected","Binding"
"UNIPROT","P63211","UNIPROT","P48544","undirected","Binding"
"UNIPROT","P63211","UNIPROT","P48549","undirected","Binding"
"UNIPROT","P63211","UNIPROT","P63252","undirected","Binding"
"UNIPROT","P63211","UNIPROT","P78508","undirected","Binding"
"UNIPROT","P63211","UNIPROT","Q14500","undirected","Binding"
"UNIPROT","P63211","UNIPROT","Q92806","undirected","Binding"
"UNIPROT","P63211","UNIPROT","Q99712","undirected","Binding"
"UNIPROT","P63211","UNIPROT","Q9NPI9","undirected","Binding"
"UNIPROT","P63211","UNIPROT","Q9UBS5","undirected","Binding"
"UNIPROT","P63215","UNIPROT","O75899","undirected","Binding"
"UNIPROT","P63215","UNIPROT","P48050","undirected","Binding"
"UNIPROT","P63215","UNIPROT","P48051","undirected","Binding"
"UNIPROT","P63215","UNIPROT","P48544","undirected","Binding"
"UNIPROT","P63215","UNIPROT","P48549","undirected","Binding"
"UNIPROT","P63215","UNIPROT","P63252","undirected","Binding"
"UNIPROT","P63215","UNIPROT","P78508","undirected","Binding"
"UNIPROT","P63215","UNIPROT","Q14500","undirected","Binding"
"UNIPROT","P63215","UNIPROT","Q92806","undirected","Binding"
"UNIPROT","P63215","UNIPROT","Q99712","undirected","Binding"
"UNIPROT","P63215","UNIPROT","Q9NPI9","undirected","Binding"
"UNIPROT","P63215","UNIPROT","Q9UBS5","undirected","Binding"
"UNIPROT","P63218","UNIPROT","O75899","undirected","Binding"
"UNIPROT","P63218","UNIPROT","P48050","undirected","Binding"
"UNIPROT","P63218","UNIPROT","P48051","undirected","Binding"
"UNIPROT","P63218","UNIPROT","P48544","undirected","Binding"
"UNIPROT","P63218","UNIPROT","P48549","undirected","Binding"
"UNIPROT","P63218","UNIPROT","P63252","undirected","Binding"
"UNIPROT","P63218","UNIPROT","P78508","undirected","Binding"
"UNIPROT","P63218","UNIPROT","Q14500","undirected","Binding"
"UNIPROT","P63218","UNIPROT","Q92806","undirected","Binding"
"UNIPROT","P63218","UNIPROT","Q99712","undirected","Binding"
"UNIPROT","P63218","UNIPROT","Q9NPI9","undirected","Binding"
"UNIPROT","P63218","UNIPROT","Q9UBS5","undirected","Binding"
"UNIPROT","P78508","UNIPROT","P63252","undirected","Binding"
"UNIPROT","P78508","UNIPROT","Q9NPI9","undirected","Binding"
"UNIPROT","Q14500","UNIPROT","P63252","undirected","Binding"
"UNIPROT","Q14654","UNIPROT","O60706","undirected","Binding"
"UNIPROT","Q14654","UNIPROT","Q09428","undirected","Binding"
"UNIPROT","Q15842","UNIPROT","O60706","undirected","Binding"
"UNIPROT","Q15842","UNIPROT","Q09428","undirected","Binding"
"UNIPROT","Q9HAV0","UNIPROT","O14610","undirected","Binding"
"UNIPROT","Q9HAV0","UNIPROT","O60262","undirected","Binding"
"UNIPROT","Q9HAV0","UNIPROT","O75899","undirected","Binding"
"UNIPROT","Q9HAV0","UNIPROT","P48050","undirected","Binding"
"UNIPROT","Q9HAV0","UNIPROT","P48051","undirected","Binding"
"UNIPROT","Q9HAV0","UNIPROT","P48544","undirected","Binding"
"UNIPROT","Q9HAV0","UNIPROT","P48549","undirected","Binding"
"UNIPROT","Q9HAV0","UNIPROT","P50150","undirected","Binding"
"UNIPROT","Q9HAV0","UNIPROT","P50151","undirected","Binding"
"UNIPROT","Q9HAV0","UNIPROT","P59768","undirected","Binding"
"UNIPROT","Q9HAV0","UNIPROT","P61952","undirected","Binding"
"UNIPROT","Q9HAV0","UNIPROT","P63211","undirected","Binding"
"UNIPROT","Q9HAV0","UNIPROT","P63215","undirected","Binding"
"UNIPROT","Q9HAV0","UNIPROT","P63218","undirected","Binding"
"UNIPROT","Q9HAV0","UNIPROT","P63252","undirected","Binding"
"UNIPROT","Q9HAV0","UNIPROT","P78508","undirected","Binding"
"UNIPROT","Q9HAV0","UNIPROT","Q14500","undirected","Binding"
"UNIPROT","Q9HAV0","UNIPROT","Q92806","undirected","Binding"
"UNIPROT","Q9HAV0","UNIPROT","Q99712","undirected","Binding"
"UNIPROT","Q9HAV0","UNIPROT","Q9NPI9","undirected","Binding"
"UNIPROT","Q9HAV0","UNIPROT","Q9P2W3","undirected","Binding"
"UNIPROT","Q9HAV0","UNIPROT","Q9UBI6","undirected","Binding"
"UNIPROT","Q9HAV0","UNIPROT","Q9UBS5","undirected","Binding"
"UNIPROT","Q9HAV0","UNIPROT","Q9UK08","undirected","Binding"
"UNIPROT","Q9NPI9","UNIPROT","P63252","undirected","Binding"
"UNIPROT","Q9NPI9","UNIPROT","Q99712","undirected","Binding"
"UNIPROT","Q9P2W3","UNIPROT","O75899","undirected","Binding"
"UNIPROT","Q9P2W3","UNIPROT","P48050","undirected","Binding"
"UNIPROT","Q9P2W3","UNIPROT","P48051","undirected","Binding"
"UNIPROT","Q9P2W3","UNIPROT","P48544","undirected","Binding"
"UNIPROT","Q9P2W3","UNIPROT","P48549","undirected","Binding"
"UNIPROT","Q9P2W3","UNIPROT","P63252","undirected","Binding"
"UNIPROT","Q9P2W3","UNIPROT","P78508","undirected","Binding"
"UNIPROT","Q9P2W3","UNIPROT","Q14500","undirected","Binding"
"UNIPROT","Q9P2W3","UNIPROT","Q92806","undirected","Binding"
"UNIPROT","Q9P2W3","UNIPROT","Q99712","undirected","Binding"
"UNIPROT","Q9P2W3","UNIPROT","Q9NPI9","undirected","Binding"
"UNIPROT","Q9P2W3","UNIPROT","Q9UBS5","undirected","Binding"
"UNIPROT","Q9UBI6","UNIPROT","O75899","undirected","Binding"
"UNIPROT","Q9UBI6","UNIPROT","P48050","undirected","Binding"
"UNIPROT","Q9UBI6","UNIPROT","P48051","undirected","Binding"
"UNIPROT","Q9UBI6","UNIPROT","P48544","undirected","Binding"
"UNIPROT","Q9UBI6","UNIPROT","P48549","undirected","Binding"
"UNIPROT","Q9UBI6","UNIPROT","P63252","undirected","Binding"
"UNIPROT","Q9UBI6","UNIPROT","P78508","undirected","Binding"
"UNIPROT","Q9UBI6","UNIPROT","Q14500","undirected","Binding"
"UNIPROT","Q9UBI6","UNIPROT","Q92806","undirected","Binding"
"UNIPROT","Q9UBI6","UNIPROT","Q99712","undirected","Binding"
"UNIPROT","Q9UBI6","UNIPROT","Q9NPI9","undirected","Binding"
"UNIPROT","Q9UBI6","UNIPROT","Q9UBS5","undirected","Binding"
"UNIPROT","Q9UBS5","UNIPROT","O14610","directed","Control(Out: ACTIVATION of BiochemicalReaction)"
"UNIPROT","Q9UBS5","UNIPROT","O14775","directed","Control(Out: ACTIVATION of BiochemicalReaction)"
"UNIPROT","Q9UBS5","UNIPROT","O60262","directed","Control(Out: ACTIVATION of BiochemicalReaction)"
"UNIPROT","Q9UBS5","UNIPROT","O75899","undirected","Binding"
"UNIPROT","Q9UBS5","UNIPROT","P16520","directed","Control(Out: ACTIVATION of BiochemicalReaction)"
"UNIPROT","Q9UBS5","UNIPROT","P48050","directed","Control(Out: ACTIVATION of BiochemicalReaction)"
"UNIPROT","Q9UBS5","UNIPROT","P48050","undirected","Binding"
"UNIPROT","Q9UBS5","UNIPROT","P48051","directed","Control(Out: ACTIVATION of BiochemicalReaction)"
"UNIPROT","Q9UBS5","UNIPROT","P48051","undirected","Binding"
"UNIPROT","Q9UBS5","UNIPROT","P48544","directed","Control(Out: ACTIVATION of BiochemicalReaction)"
"UNIPROT","Q9UBS5","UNIPROT","P48544","undirected","Binding"
"UNIPROT","Q9UBS5","UNIPROT","P48549","directed","Control(Out: ACTIVATION of BiochemicalReaction)"
"UNIPROT","Q9UBS5","UNIPROT","P48549","undirected","Binding"
"UNIPROT","Q9UBS5","UNIPROT","P50150","directed","Control(Out: ACTIVATION of BiochemicalReaction)"
"UNIPROT","Q9UBS5","UNIPROT","P50151","directed","Control(Out: ACTIVATION of BiochemicalReaction)"
"UNIPROT","Q9UBS5","UNIPROT","P59768","directed","Control(Out: ACTIVATION of BiochemicalReaction)"
"UNIPROT","Q9UBS5","UNIPROT","P61952","directed","Control(Out: ACTIVATION of BiochemicalReaction)"
"UNIPROT","Q9UBS5","UNIPROT","P62873","directed","Control(Out: ACTIVATION of BiochemicalReaction)"
"UNIPROT","Q9UBS5","UNIPROT","P62879","directed","Control(Out: ACTIVATION of BiochemicalReaction)"
"UNIPROT","Q9UBS5","UNIPROT","P63211","directed","Control(Out: ACTIVATION of BiochemicalReaction)"
"UNIPROT","Q9UBS5","UNIPROT","P63215","directed","Control(Out: ACTIVATION of BiochemicalReaction)"
"UNIPROT","Q9UBS5","UNIPROT","P63218","directed","Control(Out: ACTIVATION of BiochemicalReaction)"
"UNIPROT","Q9UBS5","UNIPROT","P63252","directed","Control(Out: ACTIVATION of BiochemicalReaction)"
"UNIPROT","Q9UBS5","UNIPROT","P63252","undirected","Binding"
"UNIPROT","Q9UBS5","UNIPROT","P78508","directed","Control(Out: ACTIVATION of BiochemicalReaction)"
"UNIPROT","Q9UBS5","UNIPROT","P78508","undirected","Binding"
"UNIPROT","Q9UBS5","UNIPROT","Q14500","directed","Control(Out: ACTIVATION of BiochemicalReaction)"
"UNIPROT","Q9UBS5","UNIPROT","Q14500","undirected","Binding"
"UNIPROT","Q9UBS5","UNIPROT","Q92806","directed","Control(Out: ACTIVATION of BiochemicalReaction)"
"UNIPROT","Q9UBS5","UNIPROT","Q92806","undirected","Binding"
"UNIPROT","Q9UBS5","UNIPROT","Q99712","directed","Control(Out: ACTIVATION of BiochemicalReaction)"
"UNIPROT","Q9UBS5","UNIPROT","Q99712","undirected","Binding"
"UNIPROT","Q9UBS5","UNIPROT","Q9HAV0","directed","Control(Out: ACTIVATION of BiochemicalReaction)"
"UNIPROT","Q9UBS5","UNIPROT","Q9NPI9","directed","Control(Out: ACTIVATION of BiochemicalReaction)"
"UNIPROT","Q9UBS5","UNIPROT","Q9NPI9","undirected","Binding"
"UNIPROT","Q9UBS5","UNIPROT","Q9P2W3","directed","Control(Out: ACTIVATION of BiochemicalReaction)"
"UNIPROT","Q9UBS5","UNIPROT","Q9UBI6","directed","Control(Out: ACTIVATION of BiochemicalReaction)"
"UNIPROT","Q9UBS5","UNIPROT","Q9UK08","directed","Control(Out: ACTIVATION of BiochemicalReaction)"
"UNIPROT","Q9UK08","UNIPROT","O75899","undirected","Binding"
"UNIPROT","Q9UK08","UNIPROT","P48050","undirected","Binding"
"UNIPROT","Q9UK08","UNIPROT","P48051","undirected","Binding"
"UNIPROT","Q9UK08","UNIPROT","P48544","undirected","Binding"
"UNIPROT","Q9UK08","UNIPROT","P48549","undirected","Binding"
"UNIPROT","Q9UK08","UNIPROT","P63252","undirected","Binding"
"UNIPROT","Q9UK08","UNIPROT","P78508","undirected","Binding"
"UNIPROT","Q9UK08","UNIPROT","Q14500","undirected","Binding"
"UNIPROT","Q9UK08","UNIPROT","Q92806","undirected","Binding"
"UNIPROT","Q9UK08","UNIPROT","Q99712","undirected","Binding"
"UNIPROT","Q9UK08","UNIPROT","Q9NPI9","undirected","Binding"
"UNIPROT","Q9UK08","UNIPROT","Q9UBS5","undirected","Binding"
