"src_type","src","dest_type","dest","direction","type"
"UNIPROT","O00471","UNIPROT","P08100","directed","Process(BiochemicalReaction)"
"UNIPROT","O00471","UNIPROT","P98161","directed","Process(BiochemicalReaction)"
"UNIPROT","O00471","UNIPROT","Q13563","directed","Process(BiochemicalReaction)"
"UNIPROT","O00471","UNIPROT","Q14028","directed","Process(BiochemicalReaction)"
"UNIPROT","O00471","UNIPROT","Q16280","directed","Process(BiochemicalReaction)"
"UNIPROT","O00471","UNIPROT","Q8IV77","directed","Process(BiochemicalReaction)"
"UNIPROT","O00471","UNIPROT","Q8IYI6","undirected","Binding"
"UNIPROT","O00471","UNIPROT","Q8TAG9","undirected","Binding"
"UNIPROT","O00471","UNIPROT","Q9NV70","undirected","Binding"
"UNIPROT","O00471","UNIPROT","Q9UPT5","undirected","Binding"
"UNIPROT","O60645","UNIPROT","O00471","undirected","Binding"
"UNIPROT","O60645","UNIPROT","P08100","directed","Process(BiochemicalReaction)"
"UNIPROT","O60645","UNIPROT","P98161","directed","Process(BiochemicalReaction)"
"UNIPROT","O60645","UNIPROT","Q13563","directed","Process(BiochemicalReaction)"
"UNIPROT","O60645","UNIPROT","Q14028","directed","Process(BiochemicalReaction)"
"UNIPROT","O60645","UNIPROT","Q16280","directed","Process(BiochemicalReaction)"
"UNIPROT","O60645","UNIPROT","Q8IV77","directed","Process(BiochemicalReaction)"
"UNIPROT","O60645","UNIPROT","Q8IYI6","undirected","Binding"
"UNIPROT","O60645","UNIPROT","Q8TAG9","undirected","Binding"
"UNIPROT","O60645","UNIPROT","Q96A65","undirected","Binding"
"UNIPROT","O60645","UNIPROT","Q96KP1","undirected","Binding"
"UNIPROT","O60645","UNIPROT","Q9NV70","undirected","Binding"
"UNIPROT","O60645","UNIPROT","Q9UPT5","undirected","Binding"
"UNIPROT","O75154","UNIPROT","O00471","undirected","Binding"
"UNIPROT","O75154","UNIPROT","O60645","undirected","Binding"
"UNIPROT","O75154","UNIPROT","P08100","directed","Process(BiochemicalReaction)"
"UNIPROT","O75154","UNIPROT","P98161","directed","Process(BiochemicalReaction)"
"UNIPROT","O75154","UNIPROT","Q13563","directed","Process(BiochemicalReaction)"
"UNIPROT","O75154","UNIPROT","Q14028","directed","Process(BiochemicalReaction)"
"UNIPROT","O75154","UNIPROT","Q16280","directed","Process(BiochemicalReaction)"
"UNIPROT","O75154","UNIPROT","Q8IV77","directed","Process(BiochemicalReaction)"
"UNIPROT","O75154","UNIPROT","Q8IYI6","undirected","Binding"
"UNIPROT","O75154","UNIPROT","Q8TAG9","undirected","Binding"
"UNIPROT","O75154","UNIPROT","Q96A65","undirected","Binding"
"UNIPROT","O75154","UNIPROT","Q96KP1","undirected","Binding"
"UNIPROT","O75154","UNIPROT","Q9NV70","undirected","Binding"
"UNIPROT","O75154","UNIPROT","Q9UPT5","undirected","Binding"
"UNIPROT","P08100","UNIPROT","O00471","undirected","Binding"
"UNIPROT","P08100","UNIPROT","O60645","undirected","Binding"
"UNIPROT","P08100","UNIPROT","O75154","undirected","Binding"
"UNIPROT","P08100","UNIPROT","Q8IYI6","undirected","Binding"
"UNIPROT","P08100","UNIPROT","Q8TAG9","undirected","Binding"
"UNIPROT","P08100","UNIPROT","Q96A65","undirected","Binding"
"UNIPROT","P08100","UNIPROT","Q96KP1","undirected","Binding"
"UNIPROT","P08100","UNIPROT","Q9NV70","undirected","Binding"
"UNIPROT","P08100","UNIPROT","Q9ULH1","undirected","Binding"
"UNIPROT","P08100","UNIPROT","Q9UPT5","undirected","Binding"
"UNIPROT","P18085","UNIPROT","O75154","directed","Control(In: ACTIVATION of BiochemicalReaction)"
"UNIPROT","P18085","UNIPROT","O75154","undirected","Binding"
"UNIPROT","P18085","UNIPROT","P08100","directed","Control(In: ACTIVATION of BiochemicalReaction)"
"UNIPROT","P18085","UNIPROT","P08100","undirected","Binding"
"UNIPROT","P18085","UNIPROT","P62491","directed","Control(In: ACTIVATION of BiochemicalReaction)"
"UNIPROT","P18085","UNIPROT","P98161","directed","Control(In: ACTIVATION of BiochemicalReaction)"
"UNIPROT","P18085","UNIPROT","P98161","undirected","Binding"
"UNIPROT","P18085","UNIPROT","Q13563","directed","Control(In: ACTIVATION of BiochemicalReaction)"
"UNIPROT","P18085","UNIPROT","Q13563","undirected","Binding"
"UNIPROT","P18085","UNIPROT","Q14028","directed","Control(In: ACTIVATION of BiochemicalReaction)"
"UNIPROT","P18085","UNIPROT","Q14028","undirected","Binding"
"UNIPROT","P18085","UNIPROT","Q16280","directed","Control(In: ACTIVATION of BiochemicalReaction)"
"UNIPROT","P18085","UNIPROT","Q16280","undirected","Binding"
"UNIPROT","P18085","UNIPROT","Q8IV77","directed","Control(In: ACTIVATION of BiochemicalReaction)"
"UNIPROT","P18085","UNIPROT","Q8IV77","undirected","Binding"
"UNIPROT","P18085","UNIPROT","Q9ULH1","directed","Control(In: ACTIVATION of BiochemicalReaction)"
"UNIPROT","P18085","UNIPROT","Q9ULH1","undirected","Binding"
"UNIPROT","P61006","UNIPROT","O00471","undirected","Binding"
"UNIPROT","P61006","UNIPROT","O60645","undirected","Binding"
"UNIPROT","P61006","UNIPROT","O75154","undirected","Binding"
"UNIPROT","P61006","UNIPROT","P08100","directed","Process(BiochemicalReaction)"
"UNIPROT","P61006","UNIPROT","P08100","undirected","Binding"
"UNIPROT","P61006","UNIPROT","P98161","directed","Process(BiochemicalReaction)"
"UNIPROT","P61006","UNIPROT","P98161","undirected","Binding"
"UNIPROT","P61006","UNIPROT","Q13563","directed","Process(BiochemicalReaction)"
"UNIPROT","P61006","UNIPROT","Q13563","undirected","Binding"
"UNIPROT","P61006","UNIPROT","Q14028","directed","Process(BiochemicalReaction)"
"UNIPROT","P61006","UNIPROT","Q14028","undirected","Binding"
"UNIPROT","P61006","UNIPROT","Q16280","directed","Process(BiochemicalReaction)"
"UNIPROT","P61006","UNIPROT","Q16280","undirected","Binding"
"UNIPROT","P61006","UNIPROT","Q8IV77","directed","Process(BiochemicalReaction)"
"UNIPROT","P61006","UNIPROT","Q8IV77","undirected","Binding"
"UNIPROT","P61006","UNIPROT","Q8IYI6","undirected","Binding"
"UNIPROT","P61006","UNIPROT","Q8TAG9","undirected","Binding"
"UNIPROT","P61006","UNIPROT","Q96A65","undirected","Binding"
"UNIPROT","P61006","UNIPROT","Q96KP1","undirected","Binding"
"UNIPROT","P61006","UNIPROT","Q9NV70","undirected","Binding"
"UNIPROT","P61006","UNIPROT","Q9ULH1","undirected","Binding"
"UNIPROT","P61006","UNIPROT","Q9UPT5","undirected","Binding"
"UNIPROT","P62491","UNIPROT","O00471","undirected","Binding"
"UNIPROT","P62491","UNIPROT","O60645","undirected","Binding"
"UNIPROT","P62491","UNIPROT","O75154","undirected","Binding"
"UNIPROT","P62491","UNIPROT","P08100","directed","Process(BiochemicalReaction)"
"UNIPROT","P62491","UNIPROT","P08100","undirected","Binding"
"UNIPROT","P62491","UNIPROT","P18085","undirected","Binding"
"UNIPROT","P62491","UNIPROT","P61006","undirected","Binding"
"UNIPROT","P62491","UNIPROT","P98161","directed","Process(BiochemicalReaction)"
"UNIPROT","P62491","UNIPROT","P98161","undirected","Binding"
"UNIPROT","P62491","UNIPROT","Q13563","directed","Process(BiochemicalReaction)"
"UNIPROT","P62491","UNIPROT","Q13563","undirected","Binding"
"UNIPROT","P62491","UNIPROT","Q14028","directed","Process(BiochemicalReaction)"
"UNIPROT","P62491","UNIPROT","Q14028","undirected","Binding"
"UNIPROT","P62491","UNIPROT","Q16280","directed","Process(BiochemicalReaction)"
"UNIPROT","P62491","UNIPROT","Q16280","undirected","Binding"
"UNIPROT","P62491","UNIPROT","Q8IV77","directed","Process(BiochemicalReaction)"
"UNIPROT","P62491","UNIPROT","Q8IV77","undirected","Binding"
"UNIPROT","P62491","UNIPROT","Q8IYI6","undirected","Binding"
"UNIPROT","P62491","UNIPROT","Q8TAG9","undirected","Binding"
"UNIPROT","P62491","UNIPROT","Q96A65","undirected","Binding"
"UNIPROT","P62491","UNIPROT","Q96KP1","undirected","Binding"
"UNIPROT","P62491","UNIPROT","Q9NV70","undirected","Binding"
"UNIPROT","P62491","UNIPROT","Q9ULH1","undirected","Binding"
"UNIPROT","P62491","UNIPROT","Q9UPT5","undirected","Binding"
"UNIPROT","P98161","UNIPROT","O00471","undirected","Binding"
"UNIPROT","P98161","UNIPROT","O60645","undirected","Binding"
"UNIPROT","P98161","UNIPROT","O75154","undirected","Binding"
"UNIPROT","P98161","UNIPROT","Q8IYI6","undirected","Binding"
"UNIPROT","P98161","UNIPROT","Q8TAG9","undirected","Binding"
"UNIPROT","P98161","UNIPROT","Q96A65","undirected","Binding"
"UNIPROT","P98161","UNIPROT","Q96KP1","undirected","Binding"
"UNIPROT","P98161","UNIPROT","Q9NV70","undirected","Binding"
"UNIPROT","P98161","UNIPROT","Q9ULH1","undirected","Binding"
"UNIPROT","P98161","UNIPROT","Q9UPT5","undirected","Binding"
"UNIPROT","Q13563","UNIPROT","O00471","undirected","Binding"
"UNIPROT","Q13563","UNIPROT","O60645","undirected","Binding"
"UNIPROT","Q13563","UNIPROT","O75154","undirected","Binding"
"UNIPROT","Q13563","UNIPROT","Q8IYI6","undirected","Binding"
"UNIPROT","Q13563","UNIPROT","Q8TAG9","undirected","Binding"
"UNIPROT","Q13563","UNIPROT","Q96A65","undirected","Binding"
"UNIPROT","Q13563","UNIPROT","Q96KP1","undirected","Binding"
"UNIPROT","Q13563","UNIPROT","Q9NV70","undirected","Binding"
"UNIPROT","Q13563","UNIPROT","Q9ULH1","undirected","Binding"
"UNIPROT","Q13563","UNIPROT","Q9UPT5","undirected","Binding"
"UNIPROT","Q14028","UNIPROT","O00471","undirected","Binding"
"UNIPROT","Q14028","UNIPROT","O60645","undirected","Binding"
"UNIPROT","Q14028","UNIPROT","O75154","undirected","Binding"
"UNIPROT","Q14028","UNIPROT","Q16280","undirected","Binding"
"UNIPROT","Q14028","UNIPROT","Q8IYI6","undirected","Binding"
"UNIPROT","Q14028","UNIPROT","Q8TAG9","undirected","Binding"
"UNIPROT","Q14028","UNIPROT","Q96A65","undirected","Binding"
"UNIPROT","Q14028","UNIPROT","Q96KP1","undirected","Binding"
"UNIPROT","Q14028","UNIPROT","Q9NV70","undirected","Binding"
"UNIPROT","Q14028","UNIPROT","Q9ULH1","undirected","Binding"
"UNIPROT","Q14028","UNIPROT","Q9UPT5","undirected","Binding"
"UNIPROT","Q16280","UNIPROT","O00471","undirected","Binding"
"UNIPROT","Q16280","UNIPROT","O60645","undirected","Binding"
"UNIPROT","Q16280","UNIPROT","O75154","undirected","Binding"
"UNIPROT","Q16280","UNIPROT","Q8IYI6","undirected","Binding"
"UNIPROT","Q16280","UNIPROT","Q8TAG9","undirected","Binding"
"UNIPROT","Q16280","UNIPROT","Q96A65","undirected","Binding"
"UNIPROT","Q16280","UNIPROT","Q96KP1","undirected","Binding"
"UNIPROT","Q16280","UNIPROT","Q9NV70","undirected","Binding"
"UNIPROT","Q16280","UNIPROT","Q9ULH1","undirected","Binding"
"UNIPROT","Q16280","UNIPROT","Q9UPT5","undirected","Binding"
"UNIPROT","Q8IV77","UNIPROT","O00471","undirected","Binding"
"UNIPROT","Q8IV77","UNIPROT","O60645","undirected","Binding"
"UNIPROT","Q8IV77","UNIPROT","O75154","undirected","Binding"
"UNIPROT","Q8IV77","UNIPROT","Q14028","undirected","Binding"
"UNIPROT","Q8IV77","UNIPROT","Q16280","undirected","Binding"
"UNIPROT","Q8IV77","UNIPROT","Q8IYI6","undirected","Binding"
"UNIPROT","Q8IV77","UNIPROT","Q8TAG9","undirected","Binding"
"UNIPROT","Q8IV77","UNIPROT","Q96A65","undirected","Binding"
"UNIPROT","Q8IV77","UNIPROT","Q96KP1","undirected","Binding"
"UNIPROT","Q8IV77","UNIPROT","Q9NV70","undirected","Binding"
"UNIPROT","Q8IV77","UNIPROT","Q9ULH1","undirected","Binding"
"UNIPROT","Q8IV77","UNIPROT","Q9UPT5","undirected","Binding"
"UNIPROT","Q8IYI6","UNIPROT","P08100","directed","Process(BiochemicalReaction)"
"UNIPROT","Q8IYI6","UNIPROT","P98161","directed","Process(BiochemicalReaction)"
"UNIPROT","Q8IYI6","UNIPROT","Q13563","directed","Process(BiochemicalReaction)"
"UNIPROT","Q8IYI6","UNIPROT","Q14028","directed","Process(BiochemicalReaction)"
"UNIPROT","Q8IYI6","UNIPROT","Q16280","directed","Process(BiochemicalReaction)"
"UNIPROT","Q8IYI6","UNIPROT","Q8IV77","directed","Process(BiochemicalReaction)"
"UNIPROT","Q8IYI6","UNIPROT","Q8TAG9","undirected","Binding"
"UNIPROT","Q8IYI6","UNIPROT","Q9NV70","undirected","Binding"
"UNIPROT","Q8IYI6","UNIPROT","Q9UPT5","undirected","Binding"
"UNIPROT","Q8TAG9","UNIPROT","P08100","directed","Process(BiochemicalReaction)"
"UNIPROT","Q8TAG9","UNIPROT","P98161","directed","Process(BiochemicalReaction)"
"UNIPROT","Q8TAG9","UNIPROT","Q13563","directed","Process(BiochemicalReaction)"
"UNIPROT","Q8TAG9","UNIPROT","Q14028","directed","Process(BiochemicalReaction)"
"UNIPROT","Q8TAG9","UNIPROT","Q16280","directed","Process(BiochemicalReaction)"
"UNIPROT","Q8TAG9","UNIPROT","Q8IV77","directed","Process(BiochemicalReaction)"
"UNIPROT","Q8TAG9","UNIPROT","Q9NV70","undirected","Binding"
"UNIPROT","Q8TAG9","UNIPROT","Q9UPT5","undirected","Binding"
"UNIPROT","Q92538","UNIPROT","P18085","directed","Control(Out: ACTIVATION of BiochemicalReaction)"
"UNIPROT","Q96A65","UNIPROT","O00471","undirected","Binding"
"UNIPROT","Q96A65","UNIPROT","P08100","directed","Process(BiochemicalReaction)"
"UNIPROT","Q96A65","UNIPROT","P98161","directed","Process(BiochemicalReaction)"
"UNIPROT","Q96A65","UNIPROT","Q13563","directed","Process(BiochemicalReaction)"
"UNIPROT","Q96A65","UNIPROT","Q14028","directed","Process(BiochemicalReaction)"
"UNIPROT","Q96A65","UNIPROT","Q16280","directed","Process(BiochemicalReaction)"
"UNIPROT","Q96A65","UNIPROT","Q8IV77","directed","Process(BiochemicalReaction)"
"UNIPROT","Q96A65","UNIPROT","Q8IYI6","undirected","Binding"
"UNIPROT","Q96A65","UNIPROT","Q8TAG9","undirected","Binding"
"UNIPROT","Q96A65","UNIPROT","Q9NV70","undirected","Binding"
"UNIPROT","Q96A65","UNIPROT","Q9UPT5","undirected","Binding"
"UNIPROT","Q96KP1","UNIPROT","O00471","undirected","Binding"
"UNIPROT","Q96KP1","UNIPROT","P08100","directed","Process(BiochemicalReaction)"
"UNIPROT","Q96KP1","UNIPROT","P98161","directed","Process(BiochemicalReaction)"
"UNIPROT","Q96KP1","UNIPROT","Q13563","directed","Process(BiochemicalReaction)"
"UNIPROT","Q96KP1","UNIPROT","Q14028","directed","Process(BiochemicalReaction)"
"UNIPROT","Q96KP1","UNIPROT","Q16280","directed","Process(BiochemicalReaction)"
"UNIPROT","Q96KP1","UNIPROT","Q8IV77","directed","Process(BiochemicalReaction)"
"UNIPROT","Q96KP1","UNIPROT","Q8IYI6","undirected","Binding"
"UNIPROT","Q96KP1","UNIPROT","Q8TAG9","undirected","Binding"
"UNIPROT","Q96KP1","UNIPROT","Q96A65","undirected","Binding"
"UNIPROT","Q96KP1","UNIPROT","Q9NV70","undirected","Binding"
"UNIPROT","Q96KP1","UNIPROT","Q9UPT5","undirected","Binding"
"UNIPROT","Q96QF0","UNIPROT","O00471","undirected","Binding"
"UNIPROT","Q96QF0","UNIPROT","O60645","undirected","Binding"
"UNIPROT","Q96QF0","UNIPROT","O75154","undirected","Binding"
"UNIPROT","Q96QF0","UNIPROT","P08100","directed","Process(BiochemicalReaction)"
"UNIPROT","Q96QF0","UNIPROT","P08100","undirected","Binding"
"UNIPROT","Q96QF0","UNIPROT","P61006","undirected","Binding"
"UNIPROT","Q96QF0","UNIPROT","P62491","undirected","Binding"
"UNIPROT","Q96QF0","UNIPROT","P98161","directed","Process(BiochemicalReaction)"
"UNIPROT","Q96QF0","UNIPROT","P98161","undirected","Binding"
"UNIPROT","Q96QF0","UNIPROT","Q13563","directed","Process(BiochemicalReaction)"
"UNIPROT","Q96QF0","UNIPROT","Q13563","undirected","Binding"
"UNIPROT","Q96QF0","UNIPROT","Q14028","directed","Process(BiochemicalReaction)"
"UNIPROT","Q96QF0","UNIPROT","Q14028","undirected","Binding"
"UNIPROT","Q96QF0","UNIPROT","Q16280","directed","Process(BiochemicalReaction)"
"UNIPROT","Q96QF0","UNIPROT","Q16280","undirected","Binding"
"UNIPROT","Q96QF0","UNIPROT","Q8IV77","directed","Process(BiochemicalReaction)"
"UNIPROT","Q96QF0","UNIPROT","Q8IV77","undirected","Binding"
"UNIPROT","Q96QF0","UNIPROT","Q8IYI6","undirected","Binding"
"UNIPROT","Q96QF0","UNIPROT","Q8TAG9","undirected","Binding"
"UNIPROT","Q96QF0","UNIPROT","Q96A65","undirected","Binding"
"UNIPROT","Q96QF0","UNIPROT","Q96KP1","undirected","Binding"
"UNIPROT","Q96QF0","UNIPROT","Q9NV70","undirected","Binding"
"UNIPROT","Q96QF0","UNIPROT","Q9ULH1","undirected","Binding"
"UNIPROT","Q96QF0","UNIPROT","Q9UPT5","undirected","Binding"
"UNIPROT","Q9NV70","UNIPROT","P08100","directed","Process(BiochemicalReaction)"
"UNIPROT","Q9NV70","UNIPROT","P98161","directed","Process(BiochemicalReaction)"
"UNIPROT","Q9NV70","UNIPROT","Q13563","directed","Process(BiochemicalReaction)"
"UNIPROT","Q9NV70","UNIPROT","Q14028","directed","Process(BiochemicalReaction)"
"UNIPROT","Q9NV70","UNIPROT","Q16280","directed","Process(BiochemicalReaction)"
"UNIPROT","Q9NV70","UNIPROT","Q8IV77","directed","Process(BiochemicalReaction)"
"UNIPROT","Q9NV70","UNIPROT","Q9UPT5","undirected","Binding"
"UNIPROT","Q9ULH1","UNIPROT","O00471","undirected","Binding"
"UNIPROT","Q9ULH1","UNIPROT","O60645","undirected","Binding"
"UNIPROT","Q9ULH1","UNIPROT","O75154","undirected","Binding"
"UNIPROT","Q9ULH1","UNIPROT","P08100","directed","Process(BiochemicalReaction)"
"UNIPROT","Q9ULH1","UNIPROT","P98161","directed","Process(BiochemicalReaction)"
"UNIPROT","Q9ULH1","UNIPROT","Q13563","directed","Process(BiochemicalReaction)"
"UNIPROT","Q9ULH1","UNIPROT","Q14028","directed","Process(BiochemicalReaction)"
"UNIPROT","Q9ULH1","UNIPROT","Q16280","directed","Process(BiochemicalReaction)"
"UNIPROT","Q9ULH1","UNIPROT","Q8IV77","directed","Process(BiochemicalReaction)"
"UNIPROT","Q9ULH1","UNIPROT","Q8IYI6","undirected","Binding"
"UNIPROT","Q9ULH1","UNIPROT","Q8TAG9","undirected","Binding"
"UNIPROT","Q9ULH1","UNIPROT","Q96A65","undirected","Binding"
"UNIPROT","Q9ULH1","UNIPROT","Q96KP1","undirected","Binding"
"UNIPROT","Q9ULH1","UNIPROT","Q9NV70","undirected","Binding"
"UNIPROT","Q9ULH1","UNIPROT","Q9UPT5","undirected","Binding"
"UNIPROT","Q9UPT5","UNIPROT","P08100","directed","Process(BiochemicalReaction)"
"UNIPROT","Q9UPT5","UNIPROT","P98161","directed","Process(BiochemicalReaction)"
"UNIPROT","Q9UPT5","UNIPROT","Q13563","directed","Process(BiochemicalReaction)"
"UNIPROT","Q9UPT5","UNIPROT","Q14028","directed","Process(BiochemicalReaction)"
"UNIPROT","Q9UPT5","UNIPROT","Q16280","directed","Process(BiochemicalReaction)"
"UNIPROT","Q9UPT5","UNIPROT","Q8IV77","directed","Process(BiochemicalReaction)"
