"src_type","src","dest_type","dest","direction","type"
"UNIPROT","O14610","UNIPROT","O75899","undirected","Binding"
"UNIPROT","O14610","UNIPROT","P48050","undirected","Binding"
"UNIPROT","O14610","UNIPROT","P48051","undirected","Binding"
"UNIPROT","O14610","UNIPROT","P48544","undirected","Binding"
"UNIPROT","O14610","UNIPROT","P48549","undirected","Binding"
"UNIPROT","O14610","UNIPROT","P63252","undirected","Binding"
"UNIPROT","O14610","UNIPROT","P78508","undirected","Binding"
"UNIPROT","O14610","UNIPROT","Q14500","undirected","Binding"
"UNIPROT","O14610","UNIPROT","Q92806","undirected","Binding"
"UNIPROT","O14610","UNIPROT","Q99712","undirected","Binding"
"UNIPROT","O14610","UNIPROT","Q9NPI9","undirected","Binding"
"UNIPROT","O14610","UNIPROT","Q9UBS5","undirected","Binding"
"UNIPROT","O14649","UNIPROT","Q9NPC2","undirected","Binding"
"UNIPROT","O14775","UNIPROT","O14610","undirected","Binding"
"UNIPROT","O14775","UNIPROT","O60262","undirected","Binding"
"UNIPROT","O14775","UNIPROT","O75899","undirected","Binding"
"UNIPROT","O14775","UNIPROT","P48050","undirected","Binding"
"UNIPROT","O14775","UNIPROT","P48051","undirected","Binding"
"UNIPROT","O14775","UNIPROT","P48544","undirected","Binding"
"UNIPROT","O14775","UNIPROT","P48549","undirected","Binding"
"UNIPROT","O14775","UNIPROT","P50150","undirected","Binding"
"UNIPROT","O14775","UNIPROT","P50151","undirected","Binding"
"UNIPROT","O14775","UNIPROT","P59768","undirected","Binding"
"UNIPROT","O14775","UNIPROT","P61952","undirected","Binding"
"UNIPROT","O14775","UNIPROT","P63211","undirected","Binding"
"UNIPROT","O14775","UNIPROT","P63215","undirected","Binding"
"UNIPROT","O14775","UNIPROT","P63218","undirected","Binding"
"UNIPROT","O14775","UNIPROT","P63252","undirected","Binding"
"UNIPROT","O14775","UNIPROT","P78508","undirected","Binding"
"UNIPROT","O14775","UNIPROT","Q14500","undirected","Binding"
"UNIPROT","O14775","UNIPROT","Q92806","undirected","Binding"
"UNIPROT","O14775","UNIPROT","Q99712","undirected","Binding"
"UNIPROT","O14775","UNIPROT","Q9NPI9","undirected","Binding"
"UNIPROT","O14775","UNIPROT","Q9P2W3","undirected","Binding"
"UNIPROT","O14775","UNIPROT","Q9UBI6","undirected","Binding"
"UNIPROT","O14775","UNIPROT","Q9UBS5","undirected","Binding"
"UNIPROT","O14775","UNIPROT","Q9UK08","undirected","Binding"
"UNIPROT","O43448","UNIPROT","P16389","undirected","Binding"
"UNIPROT","O43448","UNIPROT","P17658","undirected","Binding"
"UNIPROT","O43448","UNIPROT","P22001","undirected","Binding"
"UNIPROT","O43448","UNIPROT","P22459","undirected","Binding"
"UNIPROT","O43448","UNIPROT","P22460","undirected","Binding"
"UNIPROT","O43448","UNIPROT","Q09470","undirected","Binding"
"UNIPROT","O43448","UNIPROT","Q16322","undirected","Binding"
"UNIPROT","O43448","UNIPROT","Q8NCM2","undirected","Binding"
"UNIPROT","O43448","UNIPROT","Q96RP8","undirected","Binding"
"UNIPROT","O43525","UNIPROT","O43448","undirected","Binding"
"UNIPROT","O43525","UNIPROT","Q13303","undirected","Binding"
"UNIPROT","O43525","UNIPROT","Q14722","undirected","Binding"
"UNIPROT","O43526","UNIPROT","O43448","undirected","Binding"
"UNIPROT","O43526","UNIPROT","Q13303","undirected","Binding"
"UNIPROT","O43526","UNIPROT","Q14722","undirected","Binding"
"UNIPROT","O60262","UNIPROT","O75899","undirected","Binding"
"UNIPROT","O60262","UNIPROT","P48050","undirected","Binding"
"UNIPROT","O60262","UNIPROT","P48051","undirected","Binding"
"UNIPROT","O60262","UNIPROT","P48544","undirected","Binding"
"UNIPROT","O60262","UNIPROT","P48549","undirected","Binding"
"UNIPROT","O60262","UNIPROT","P63252","undirected","Binding"
"UNIPROT","O60262","UNIPROT","P78508","undirected","Binding"
"UNIPROT","O60262","UNIPROT","Q14500","undirected","Binding"
"UNIPROT","O60262","UNIPROT","Q92806","undirected","Binding"
"UNIPROT","O60262","UNIPROT","Q99712","undirected","Binding"
"UNIPROT","O60262","UNIPROT","Q9NPI9","undirected","Binding"
"UNIPROT","O60262","UNIPROT","Q9UBS5","undirected","Binding"
"UNIPROT","O75899","UNIPROT","O14610","directed","Control(Out: ACTIVATION of BiochemicalReaction)"
"UNIPROT","O75899","UNIPROT","O14775","directed","Control(Out: ACTIVATION of BiochemicalReaction)"
"UNIPROT","O75899","UNIPROT","O60262","directed","Control(Out: ACTIVATION of BiochemicalReaction)"
"UNIPROT","O75899","UNIPROT","P16520","directed","Control(Out: ACTIVATION of BiochemicalReaction)"
"UNIPROT","O75899","UNIPROT","P48050","directed","Control(Out: ACTIVATION of BiochemicalReaction)"
"UNIPROT","O75899","UNIPROT","P48050","undirected","Binding"
"UNIPROT","O75899","UNIPROT","P48051","directed","Control(Out: ACTIVATION of BiochemicalReaction)"
"UNIPROT","O75899","UNIPROT","P48051","undirected","Binding"
"UNIPROT","O75899","UNIPROT","P48544","directed","Control(Out: ACTIVATION of BiochemicalReaction)"
"UNIPROT","O75899","UNIPROT","P48544","undirected","Binding"
"UNIPROT","O75899","UNIPROT","P48549","directed","Control(Out: ACTIVATION of BiochemicalReaction)"
"UNIPROT","O75899","UNIPROT","P48549","undirected","Binding"
"UNIPROT","O75899","UNIPROT","P50150","directed","Control(Out: ACTIVATION of BiochemicalReaction)"
"UNIPROT","O75899","UNIPROT","P50151","directed","Control(Out: ACTIVATION of BiochemicalReaction)"
"UNIPROT","O75899","UNIPROT","P59768","directed","Control(Out: ACTIVATION of BiochemicalReaction)"
"UNIPROT","O75899","UNIPROT","P61952","directed","Control(Out: ACTIVATION of BiochemicalReaction)"
"UNIPROT","O75899","UNIPROT","P62873","directed","Control(Out: ACTIVATION of BiochemicalReaction)"
"UNIPROT","O75899","UNIPROT","P62879","directed","Control(Out: ACTIVATION of BiochemicalReaction)"
"UNIPROT","O75899","UNIPROT","P63211","directed","Control(Out: ACTIVATION of BiochemicalReaction)"
"UNIPROT","O75899","UNIPROT","P63215","directed","Control(Out: ACTIVATION of BiochemicalReaction)"
"UNIPROT","O75899","UNIPROT","P63218","directed","Control(Out: ACTIVATION of BiochemicalReaction)"
"UNIPROT","O75899","UNIPROT","P63252","directed","Control(Out: ACTIVATION of BiochemicalReaction)"
"UNIPROT","O75899","UNIPROT","P63252","undirected","Binding"
"UNIPROT","O75899","UNIPROT","P78508","directed","Control(Out: ACTIVATION of BiochemicalReaction)"
"UNIPROT","O75899","UNIPROT","P78508","undirected","Binding"
"UNIPROT","O75899","UNIPROT","Q14500","directed","Control(Out: ACTIVATION of BiochemicalReaction)"
"UNIPROT","O75899","UNIPROT","Q14500","undirected","Binding"
"UNIPROT","O75899","UNIPROT","Q92806","directed","Control(Out: ACTIVATION of BiochemicalReaction)"
"UNIPROT","O75899","UNIPROT","Q92806","undirected","Binding"
"UNIPROT","O75899","UNIPROT","Q99712","directed","Control(Out: ACTIVATION of BiochemicalReaction)"
"UNIPROT","O75899","UNIPROT","Q99712","undirected","Binding"
"UNIPROT","O75899","UNIPROT","Q9HAV0","directed","Control(Out: ACTIVATION of BiochemicalReaction)"
"UNIPROT","O75899","UNIPROT","Q9NPI9","directed","Control(Out: ACTIVATION of BiochemicalReaction)"
"UNIPROT","O75899","UNIPROT","Q9NPI9","undirected","Binding"
"UNIPROT","O75899","UNIPROT","Q9P2W3","directed","Control(Out: ACTIVATION of BiochemicalReaction)"
"UNIPROT","O75899","UNIPROT","Q9UBI6","directed","Control(Out: ACTIVATION of BiochemicalReaction)"
"UNIPROT","O75899","UNIPROT","Q9UK08","directed","Control(Out: ACTIVATION of BiochemicalReaction)"
"UNIPROT","O95259","UNIPROT","O43448","undirected","Binding"
"UNIPROT","O95259","UNIPROT","Q13303","undirected","Binding"
"UNIPROT","O95259","UNIPROT","Q14722","undirected","Binding"
"UNIPROT","P16520","UNIPROT","O14610","undirected","Binding"
"UNIPROT","P16520","UNIPROT","O60262","undirected","Binding"
"UNIPROT","P16520","UNIPROT","O75899","undirected","Binding"
"UNIPROT","P16520","UNIPROT","P48050","undirected","Binding"
"UNIPROT","P16520","UNIPROT","P48051","undirected","Binding"
"UNIPROT","P16520","UNIPROT","P48544","undirected","Binding"
"UNIPROT","P16520","UNIPROT","P48549","undirected","Binding"
"UNIPROT","P16520","UNIPROT","P50150","undirected","Binding"
"UNIPROT","P16520","UNIPROT","P50151","undirected","Binding"
"UNIPROT","P16520","UNIPROT","P59768","undirected","Binding"
"UNIPROT","P16520","UNIPROT","P61952","undirected","Binding"
"UNIPROT","P16520","UNIPROT","P63211","undirected","Binding"
"UNIPROT","P16520","UNIPROT","P63215","undirected","Binding"
"UNIPROT","P16520","UNIPROT","P63218","undirected","Binding"
"UNIPROT","P16520","UNIPROT","P63252","undirected","Binding"
"UNIPROT","P16520","UNIPROT","P78508","undirected","Binding"
"UNIPROT","P16520","UNIPROT","Q14500","undirected","Binding"
"UNIPROT","P16520","UNIPROT","Q92806","undirected","Binding"
"UNIPROT","P16520","UNIPROT","Q99712","undirected","Binding"
"UNIPROT","P16520","UNIPROT","Q9NPI9","undirected","Binding"
"UNIPROT","P16520","UNIPROT","Q9P2W3","undirected","Binding"
"UNIPROT","P16520","UNIPROT","Q9UBI6","undirected","Binding"
"UNIPROT","P16520","UNIPROT","Q9UBS5","undirected","Binding"
"UNIPROT","P16520","UNIPROT","Q9UK08","undirected","Binding"
"UNIPROT","P48050","UNIPROT","P63252","undirected","Binding"
"UNIPROT","P48547","UNIPROT","O43448","undirected","Binding"
"UNIPROT","P48547","UNIPROT","Q13303","undirected","Binding"
"UNIPROT","P48547","UNIPROT","Q14722","undirected","Binding"
"UNIPROT","P50150","UNIPROT","O75899","undirected","Binding"
"UNIPROT","P50150","UNIPROT","P48050","undirected","Binding"
"UNIPROT","P50150","UNIPROT","P48051","undirected","Binding"
"UNIPROT","P50150","UNIPROT","P48544","undirected","Binding"
"UNIPROT","P50150","UNIPROT","P48549","undirected","Binding"
"UNIPROT","P50150","UNIPROT","P63252","undirected","Binding"
"UNIPROT","P50150","UNIPROT","P78508","undirected","Binding"
"UNIPROT","P50150","UNIPROT","Q14500","undirected","Binding"
"UNIPROT","P50150","UNIPROT","Q92806","undirected","Binding"
"UNIPROT","P50150","UNIPROT","Q99712","undirected","Binding"
"UNIPROT","P50150","UNIPROT","Q9NPI9","undirected","Binding"
"UNIPROT","P50150","UNIPROT","Q9UBS5","undirected","Binding"
"UNIPROT","P50151","UNIPROT","O75899","undirected","Binding"
"UNIPROT","P50151","UNIPROT","P48050","undirected","Binding"
"UNIPROT","P50151","UNIPROT","P48051","undirected","Binding"
"UNIPROT","P50151","UNIPROT","P48544","undirected","Binding"
"UNIPROT","P50151","UNIPROT","P48549","undirected","Binding"
"UNIPROT","P50151","UNIPROT","P63252","undirected","Binding"
"UNIPROT","P50151","UNIPROT","P78508","undirected","Binding"
"UNIPROT","P50151","UNIPROT","Q14500","undirected","Binding"
"UNIPROT","P50151","UNIPROT","Q92806","undirected","Binding"
"UNIPROT","P50151","UNIPROT","Q99712","undirected","Binding"
"UNIPROT","P50151","UNIPROT","Q9NPI9","undirected","Binding"
"UNIPROT","P50151","UNIPROT","Q9UBS5","undirected","Binding"
"UNIPROT","P51787","UNIPROT","O43448","undirected","Binding"
"UNIPROT","P51787","UNIPROT","Q13303","undirected","Binding"
"UNIPROT","P51787","UNIPROT","Q14722","undirected","Binding"
"UNIPROT","P56696","UNIPROT","O43448","undirected","Binding"
"UNIPROT","P56696","UNIPROT","Q13303","undirected","Binding"
"UNIPROT","P56696","UNIPROT","Q14722","undirected","Binding"
"UNIPROT","P59768","UNIPROT","O75899","undirected","Binding"
"UNIPROT","P59768","UNIPROT","P48050","undirected","Binding"
"UNIPROT","P59768","UNIPROT","P48051","undirected","Binding"
"UNIPROT","P59768","UNIPROT","P48544","undirected","Binding"
"UNIPROT","P59768","UNIPROT","P48549","undirected","Binding"
"UNIPROT","P59768","UNIPROT","P63252","undirected","Binding"
"UNIPROT","P59768","UNIPROT","P78508","undirected","Binding"
"UNIPROT","P59768","UNIPROT","Q14500","undirected","Binding"
"UNIPROT","P59768","UNIPROT","Q92806","undirected","Binding"
"UNIPROT","P59768","UNIPROT","Q99712","undirected","Binding"
"UNIPROT","P59768","UNIPROT","Q9NPI9","undirected","Binding"
"UNIPROT","P59768","UNIPROT","Q9UBS5","undirected","Binding"
"UNIPROT","P61952","UNIPROT","O75899","undirected","Binding"
"UNIPROT","P61952","UNIPROT","P48050","undirected","Binding"
"UNIPROT","P61952","UNIPROT","P48051","undirected","Binding"
"UNIPROT","P61952","UNIPROT","P48544","undirected","Binding"
"UNIPROT","P61952","UNIPROT","P48549","undirected","Binding"
"UNIPROT","P61952","UNIPROT","P63252","undirected","Binding"
"UNIPROT","P61952","UNIPROT","P78508","undirected","Binding"
"UNIPROT","P61952","UNIPROT","Q14500","undirected","Binding"
"UNIPROT","P61952","UNIPROT","Q92806","undirected","Binding"
"UNIPROT","P61952","UNIPROT","Q99712","undirected","Binding"
"UNIPROT","P61952","UNIPROT","Q9NPI9","undirected","Binding"
"UNIPROT","P61952","UNIPROT","Q9UBS5","undirected","Binding"
"UNIPROT","P62873","UNIPROT","O14610","undirected","Binding"
"UNIPROT","P62873","UNIPROT","O60262","undirected","Binding"
"UNIPROT","P62873","UNIPROT","O75899","undirected","Binding"
"UNIPROT","P62873","UNIPROT","P48050","undirected","Binding"
"UNIPROT","P62873","UNIPROT","P48051","undirected","Binding"
"UNIPROT","P62873","UNIPROT","P48544","undirected","Binding"
"UNIPROT","P62873","UNIPROT","P48549","undirected","Binding"
"UNIPROT","P62873","UNIPROT","P50150","undirected","Binding"
"UNIPROT","P62873","UNIPROT","P50151","undirected","Binding"
"UNIPROT","P62873","UNIPROT","P59768","undirected","Binding"
"UNIPROT","P62873","UNIPROT","P61952","undirected","Binding"
"UNIPROT","P62873","UNIPROT","P63211","undirected","Binding"
"UNIPROT","P62873","UNIPROT","P63215","undirected","Binding"
"UNIPROT","P62873","UNIPROT","P63218","undirected","Binding"
"UNIPROT","P62873","UNIPROT","P63252","undirected","Binding"
"UNIPROT","P62873","UNIPROT","P78508","undirected","Binding"
"UNIPROT","P62873","UNIPROT","Q14500","undirected","Binding"
"UNIPROT","P62873","UNIPROT","Q92806","undirected","Binding"
"UNIPROT","P62873","UNIPROT","Q99712","undirected","Binding"
"UNIPROT","P62873","UNIPROT","Q9NPI9","undirected","Binding"
"UNIPROT","P62873","UNIPROT","Q9P2W3","undirected","Binding"
"UNIPROT","P62873","UNIPROT","Q9UBI6","undirected","Binding"
"UNIPROT","P62873","UNIPROT","Q9UBS5","undirected","Binding"
"UNIPROT","P62873","UNIPROT","Q9UK08","undirected","Binding"
"UNIPROT","P62879","UNIPROT","O14610","undirected","Binding"
"UNIPROT","P62879","UNIPROT","O60262","undirected","Binding"
"UNIPROT","P62879","UNIPROT","O75899","undirected","Binding"
"UNIPROT","P62879","UNIPROT","P48050","undirected","Binding"
"UNIPROT","P62879","UNIPROT","P48051","undirected","Binding"
"UNIPROT","P62879","UNIPROT","P48544","undirected","Binding"
"UNIPROT","P62879","UNIPROT","P48549","undirected","Binding"
"UNIPROT","P62879","UNIPROT","P50150","undirected","Binding"
"UNIPROT","P62879","UNIPROT","P50151","undirected","Binding"
"UNIPROT","P62879","UNIPROT","P59768","undirected","Binding"
"UNIPROT","P62879","UNIPROT","P61952","undirected","Binding"
"UNIPROT","P62879","UNIPROT","P63211","undirected","Binding"
"UNIPROT","P62879","UNIPROT","P63215","undirected","Binding"
"UNIPROT","P62879","UNIPROT","P63218","undirected","Binding"
"UNIPROT","P62879","UNIPROT","P63252","undirected","Binding"
"UNIPROT","P62879","UNIPROT","P78508","undirected","Binding"
"UNIPROT","P62879","UNIPROT","Q14500","undirected","Binding"
"UNIPROT","P62879","UNIPROT","Q92806","undirected","Binding"
"UNIPROT","P62879","UNIPROT","Q99712","undirected","Binding"
"UNIPROT","P62879","UNIPROT","Q9NPI9","undirected","Binding"
"UNIPROT","P62879","UNIPROT","Q9P2W3","undirected","Binding"
"UNIPROT","P62879","UNIPROT","Q9UBI6","undirected","Binding"
"UNIPROT","P62879","UNIPROT","Q9UBS5","undirected","Binding"
"UNIPROT","P62879","UNIPROT","Q9UK08","undirected","Binding"
"UNIPROT","P63211","UNIPROT","O75899","undirected","Binding"
"UNIPROT","P63211","UNIPROT","P48050","undirected","Binding"
"UNIPROT","P63211","UNIPROT","P48051","undirected","Binding"
"UNIPROT","P63211","UNIPROT","P48544","undirected","Binding"
"UNIPROT","P63211","UNIPROT","P48549","undirected","Binding"
"UNIPROT","P63211","UNIPROT","P63252","undirected","Binding"
"UNIPROT","P63211","UNIPROT","P78508","undirected","Binding"
"UNIPROT","P63211","UNIPROT","Q14500","undirected","Binding"
"UNIPROT","P63211","UNIPROT","Q92806","undirected","Binding"
"UNIPROT","P63211","UNIPROT","Q99712","undirected","Binding"
"UNIPROT","P63211","UNIPROT","Q9NPI9","undirected","Binding"
"UNIPROT","P63211","UNIPROT","Q9UBS5","undirected","Binding"
"UNIPROT","P63215","UNIPROT","O75899","undirected","Binding"
"UNIPROT","P63215","UNIPROT","P48050","undirected","Binding"
"UNIPROT","P63215","UNIPROT","P48051","undirected","Binding"
"UNIPROT","P63215","UNIPROT","P48544","undirected","Binding"
"UNIPROT","P63215","UNIPROT","P48549","undirected","Binding"
"UNIPROT","P63215","UNIPROT","P63252","undirected","Binding"
"UNIPROT","P63215","UNIPROT","P78508","undirected","Binding"
"UNIPROT","P63215","UNIPROT","Q14500","undirected","Binding"
"UNIPROT","P63215","UNIPROT","Q92806","undirected","Binding"
"UNIPROT","P63215","UNIPROT","Q99712","undirected","Binding"
"UNIPROT","P63215","UNIPROT","Q9NPI9","undirected","Binding"
"UNIPROT","P63215","UNIPROT","Q9UBS5","undirected","Binding"
"UNIPROT","P63218","UNIPROT","O75899","undirected","Binding"
"UNIPROT","P63218","UNIPROT","P48050","undirected","Binding"
"UNIPROT","P63218","UNIPROT","P48051","undirected","Binding"
"UNIPROT","P63218","UNIPROT","P48544","undirected","Binding"
"UNIPROT","P63218","UNIPROT","P48549","undirected","Binding"
"UNIPROT","P63218","UNIPROT","P63252","undirected","Binding"
"UNIPROT","P63218","UNIPROT","P78508","undirected","Binding"
"UNIPROT","P63218","UNIPROT","Q14500","undirected","Binding"
"UNIPROT","P63218","UNIPROT","Q92806","undirected","Binding"
"UNIPROT","P63218","UNIPROT","Q99712","undirected","Binding"
"UNIPROT","P63218","UNIPROT","Q9NPI9","undirected","Binding"
"UNIPROT","P63218","UNIPROT","Q9UBS5","undirected","Binding"
"UNIPROT","P78508","UNIPROT","P63252","undirected","Binding"
"UNIPROT","P78508","UNIPROT","Q9NPI9","undirected","Binding"
"UNIPROT","Q03721","UNIPROT","O43448","undirected","Binding"
"UNIPROT","Q03721","UNIPROT","Q13303","undirected","Binding"
"UNIPROT","Q03721","UNIPROT","Q14722","undirected","Binding"
"UNIPROT","Q12791","UNIPROT","Q16558","undirected","Binding"
"UNIPROT","Q12791","UNIPROT","Q86W47","undirected","Binding"
"UNIPROT","Q12791","UNIPROT","Q9NPA1","undirected","Binding"
"UNIPROT","Q12791","UNIPROT","Q9Y691","undirected","Binding"
"UNIPROT","Q12809","UNIPROT","O43448","undirected","Binding"
"UNIPROT","Q12809","UNIPROT","Q13303","undirected","Binding"
"UNIPROT","Q12809","UNIPROT","Q14722","undirected","Binding"
"UNIPROT","Q13303","UNIPROT","P16389","undirected","Binding"
"UNIPROT","Q13303","UNIPROT","P17658","undirected","Binding"
"UNIPROT","Q13303","UNIPROT","P22001","undirected","Binding"
"UNIPROT","Q13303","UNIPROT","P22459","undirected","Binding"
"UNIPROT","Q13303","UNIPROT","P22460","undirected","Binding"
"UNIPROT","Q13303","UNIPROT","Q09470","undirected","Binding"
"UNIPROT","Q13303","UNIPROT","Q16322","undirected","Binding"
"UNIPROT","Q13303","UNIPROT","Q8NCM2","undirected","Binding"
"UNIPROT","Q13303","UNIPROT","Q96RP8","undirected","Binding"
"UNIPROT","Q14003","UNIPROT","O43448","undirected","Binding"
"UNIPROT","Q14003","UNIPROT","Q13303","undirected","Binding"
"UNIPROT","Q14003","UNIPROT","Q14722","undirected","Binding"
"UNIPROT","Q14500","UNIPROT","P63252","undirected","Binding"
"UNIPROT","Q14654","UNIPROT","O60706","undirected","Binding"
"UNIPROT","Q14654","UNIPROT","Q09428","undirected","Binding"
"UNIPROT","Q14721","UNIPROT","O43448","undirected","Binding"
"UNIPROT","Q14721","UNIPROT","Q13303","undirected","Binding"
"UNIPROT","Q14721","UNIPROT","Q14722","undirected","Binding"
"UNIPROT","Q14722","UNIPROT","P16389","undirected","Binding"
"UNIPROT","Q14722","UNIPROT","P17658","undirected","Binding"
"UNIPROT","Q14722","UNIPROT","P22001","undirected","Binding"
"UNIPROT","Q14722","UNIPROT","P22459","undirected","Binding"
"UNIPROT","Q14722","UNIPROT","P22460","undirected","Binding"
"UNIPROT","Q14722","UNIPROT","Q09470","undirected","Binding"
"UNIPROT","Q14722","UNIPROT","Q16322","undirected","Binding"
"UNIPROT","Q14722","UNIPROT","Q8NCM2","undirected","Binding"
"UNIPROT","Q14722","UNIPROT","Q96RP8","undirected","Binding"
"UNIPROT","Q15842","UNIPROT","O60706","undirected","Binding"
"UNIPROT","Q15842","UNIPROT","Q09428","undirected","Binding"
"UNIPROT","Q6PIU1","UNIPROT","O43448","undirected","Binding"
"UNIPROT","Q6PIU1","UNIPROT","Q13303","undirected","Binding"
"UNIPROT","Q6PIU1","UNIPROT","Q14722","undirected","Binding"
"UNIPROT","Q8TAE7","UNIPROT","O43448","undirected","Binding"
"UNIPROT","Q8TAE7","UNIPROT","Q13303","undirected","Binding"
"UNIPROT","Q8TAE7","UNIPROT","Q14722","undirected","Binding"
"UNIPROT","Q8TDN1","UNIPROT","O43448","undirected","Binding"
"UNIPROT","Q8TDN1","UNIPROT","Q13303","undirected","Binding"
"UNIPROT","Q8TDN1","UNIPROT","Q14722","undirected","Binding"
"UNIPROT","Q8TDN2","UNIPROT","O43448","undirected","Binding"
"UNIPROT","Q8TDN2","UNIPROT","Q13303","undirected","Binding"
"UNIPROT","Q8TDN2","UNIPROT","Q14722","undirected","Binding"
"UNIPROT","Q92953","UNIPROT","O43448","undirected","Binding"
"UNIPROT","Q92953","UNIPROT","Q13303","undirected","Binding"
"UNIPROT","Q92953","UNIPROT","Q14722","undirected","Binding"
"UNIPROT","Q96KK3","UNIPROT","O43448","undirected","Binding"
"UNIPROT","Q96KK3","UNIPROT","Q13303","undirected","Binding"
"UNIPROT","Q96KK3","UNIPROT","Q14722","undirected","Binding"
"UNIPROT","Q96L42","UNIPROT","O43448","undirected","Binding"
"UNIPROT","Q96L42","UNIPROT","Q13303","undirected","Binding"
"UNIPROT","Q96L42","UNIPROT","Q14722","undirected","Binding"
"UNIPROT","Q96PR1","UNIPROT","O43448","undirected","Binding"
"UNIPROT","Q96PR1","UNIPROT","Q13303","undirected","Binding"
"UNIPROT","Q96PR1","UNIPROT","Q14722","undirected","Binding"
"UNIPROT","Q9BQ31","UNIPROT","O43448","undirected","Binding"
"UNIPROT","Q9BQ31","UNIPROT","Q13303","undirected","Binding"
"UNIPROT","Q9BQ31","UNIPROT","Q14722","undirected","Binding"
"UNIPROT","Q9H252","UNIPROT","O43448","undirected","Binding"
"UNIPROT","Q9H252","UNIPROT","Q13303","undirected","Binding"
"UNIPROT","Q9H252","UNIPROT","Q14722","undirected","Binding"
"UNIPROT","Q9H3M0","UNIPROT","O43448","undirected","Binding"
"UNIPROT","Q9H3M0","UNIPROT","Q13303","undirected","Binding"
"UNIPROT","Q9H3M0","UNIPROT","Q14722","undirected","Binding"
"UNIPROT","Q9HAV0","UNIPROT","O14610","undirected","Binding"
"UNIPROT","Q9HAV0","UNIPROT","O60262","undirected","Binding"
"UNIPROT","Q9HAV0","UNIPROT","O75899","undirected","Binding"
"UNIPROT","Q9HAV0","UNIPROT","P48050","undirected","Binding"
"UNIPROT","Q9HAV0","UNIPROT","P48051","undirected","Binding"
"UNIPROT","Q9HAV0","UNIPROT","P48544","undirected","Binding"
"UNIPROT","Q9HAV0","UNIPROT","P48549","undirected","Binding"
"UNIPROT","Q9HAV0","UNIPROT","P50150","undirected","Binding"
"UNIPROT","Q9HAV0","UNIPROT","P50151","undirected","Binding"
"UNIPROT","Q9HAV0","UNIPROT","P59768","undirected","Binding"
"UNIPROT","Q9HAV0","UNIPROT","P61952","undirected","Binding"
"UNIPROT","Q9HAV0","UNIPROT","P63211","undirected","Binding"
"UNIPROT","Q9HAV0","UNIPROT","P63215","undirected","Binding"
"UNIPROT","Q9HAV0","UNIPROT","P63218","undirected","Binding"
"UNIPROT","Q9HAV0","UNIPROT","P63252","undirected","Binding"
"UNIPROT","Q9HAV0","UNIPROT","P78508","undirected","Binding"
"UNIPROT","Q9HAV0","UNIPROT","Q14500","undirected","Binding"
"UNIPROT","Q9HAV0","UNIPROT","Q92806","undirected","Binding"
"UNIPROT","Q9HAV0","UNIPROT","Q99712","undirected","Binding"
"UNIPROT","Q9HAV0","UNIPROT","Q9NPI9","undirected","Binding"
"UNIPROT","Q9HAV0","UNIPROT","Q9P2W3","undirected","Binding"
"UNIPROT","Q9HAV0","UNIPROT","Q9UBI6","undirected","Binding"
"UNIPROT","Q9HAV0","UNIPROT","Q9UBS5","undirected","Binding"
"UNIPROT","Q9HAV0","UNIPROT","Q9UK08","undirected","Binding"
"UNIPROT","Q9NPI9","UNIPROT","P63252","undirected","Binding"
"UNIPROT","Q9NPI9","UNIPROT","Q99712","undirected","Binding"
"UNIPROT","Q9NR82","UNIPROT","O43448","undirected","Binding"
"UNIPROT","Q9NR82","UNIPROT","Q13303","undirected","Binding"
"UNIPROT","Q9NR82","UNIPROT","Q14722","undirected","Binding"
"UNIPROT","Q9NS40","UNIPROT","O43448","undirected","Binding"
"UNIPROT","Q9NS40","UNIPROT","Q13303","undirected","Binding"
"UNIPROT","Q9NS40","UNIPROT","Q14722","undirected","Binding"
"UNIPROT","Q9NSA2","UNIPROT","O43448","undirected","Binding"
"UNIPROT","Q9NSA2","UNIPROT","Q13303","undirected","Binding"
"UNIPROT","Q9NSA2","UNIPROT","Q14722","undirected","Binding"
"UNIPROT","Q9NZV8","UNIPROT","O43448","undirected","Binding"
"UNIPROT","Q9NZV8","UNIPROT","Q13303","undirected","Binding"
"UNIPROT","Q9NZV8","UNIPROT","Q14722","undirected","Binding"
"UNIPROT","Q9P2W3","UNIPROT","O75899","undirected","Binding"
"UNIPROT","Q9P2W3","UNIPROT","P48050","undirected","Binding"
"UNIPROT","Q9P2W3","UNIPROT","P48051","undirected","Binding"
"UNIPROT","Q9P2W3","UNIPROT","P48544","undirected","Binding"
"UNIPROT","Q9P2W3","UNIPROT","P48549","undirected","Binding"
"UNIPROT","Q9P2W3","UNIPROT","P63252","undirected","Binding"
"UNIPROT","Q9P2W3","UNIPROT","P78508","undirected","Binding"
"UNIPROT","Q9P2W3","UNIPROT","Q14500","undirected","Binding"
"UNIPROT","Q9P2W3","UNIPROT","Q92806","undirected","Binding"
"UNIPROT","Q9P2W3","UNIPROT","Q99712","undirected","Binding"
"UNIPROT","Q9P2W3","UNIPROT","Q9NPI9","undirected","Binding"
"UNIPROT","Q9P2W3","UNIPROT","Q9UBS5","undirected","Binding"
"UNIPROT","Q9UBI6","UNIPROT","O75899","undirected","Binding"
"UNIPROT","Q9UBI6","UNIPROT","P48050","undirected","Binding"
"UNIPROT","Q9UBI6","UNIPROT","P48051","undirected","Binding"
"UNIPROT","Q9UBI6","UNIPROT","P48544","undirected","Binding"
"UNIPROT","Q9UBI6","UNIPROT","P48549","undirected","Binding"
"UNIPROT","Q9UBI6","UNIPROT","P63252","undirected","Binding"
"UNIPROT","Q9UBI6","UNIPROT","P78508","undirected","Binding"
"UNIPROT","Q9UBI6","UNIPROT","Q14500","undirected","Binding"
"UNIPROT","Q9UBI6","UNIPROT","Q92806","undirected","Binding"
"UNIPROT","Q9UBI6","UNIPROT","Q99712","undirected","Binding"
"UNIPROT","Q9UBI6","UNIPROT","Q9NPI9","undirected","Binding"
"UNIPROT","Q9UBI6","UNIPROT","Q9UBS5","undirected","Binding"
"UNIPROT","Q9UBS5","UNIPROT","O14610","directed","Control(Out: ACTIVATION of BiochemicalReaction)"
"UNIPROT","Q9UBS5","UNIPROT","O14775","directed","Control(Out: ACTIVATION of BiochemicalReaction)"
"UNIPROT","Q9UBS5","UNIPROT","O60262","directed","Control(Out: ACTIVATION of BiochemicalReaction)"
"UNIPROT","Q9UBS5","UNIPROT","O75899","undirected","Binding"
"UNIPROT","Q9UBS5","UNIPROT","P16520","directed","Control(Out: ACTIVATION of BiochemicalReaction)"
"UNIPROT","Q9UBS5","UNIPROT","P48050","directed","Control(Out: ACTIVATION of BiochemicalReaction)"
"UNIPROT","Q9UBS5","UNIPROT","P48050","undirected","Binding"
"UNIPROT","Q9UBS5","UNIPROT","P48051","directed","Control(Out: ACTIVATION of BiochemicalReaction)"
"UNIPROT","Q9UBS5","UNIPROT","P48051","undirected","Binding"
"UNIPROT","Q9UBS5","UNIPROT","P48544","directed","Control(Out: ACTIVATION of BiochemicalReaction)"
"UNIPROT","Q9UBS5","UNIPROT","P48544","undirected","Binding"
"UNIPROT","Q9UBS5","UNIPROT","P48549","directed","Control(Out: ACTIVATION of BiochemicalReaction)"
"UNIPROT","Q9UBS5","UNIPROT","P48549","undirected","Binding"
"UNIPROT","Q9UBS5","UNIPROT","P50150","directed","Control(Out: ACTIVATION of BiochemicalReaction)"
"UNIPROT","Q9UBS5","UNIPROT","P50151","directed","Control(Out: ACTIVATION of BiochemicalReaction)"
"UNIPROT","Q9UBS5","UNIPROT","P59768","directed","Control(Out: ACTIVATION of BiochemicalReaction)"
"UNIPROT","Q9UBS5","UNIPROT","P61952","directed","Control(Out: ACTIVATION of BiochemicalReaction)"
"UNIPROT","Q9UBS5","UNIPROT","P62873","directed","Control(Out: ACTIVATION of BiochemicalReaction)"
"UNIPROT","Q9UBS5","UNIPROT","P62879","directed","Control(Out: ACTIVATION of BiochemicalReaction)"
"UNIPROT","Q9UBS5","UNIPROT","P63211","directed","Control(Out: ACTIVATION of BiochemicalReaction)"
"UNIPROT","Q9UBS5","UNIPROT","P63215","directed","Control(Out: ACTIVATION of BiochemicalReaction)"
"UNIPROT","Q9UBS5","UNIPROT","P63218","directed","Control(Out: ACTIVATION of BiochemicalReaction)"
"UNIPROT","Q9UBS5","UNIPROT","P63252","directed","Control(Out: ACTIVATION of BiochemicalReaction)"
"UNIPROT","Q9UBS5","UNIPROT","P63252","undirected","Binding"
"UNIPROT","Q9UBS5","UNIPROT","P78508","directed","Control(Out: ACTIVATION of BiochemicalReaction)"
"UNIPROT","Q9UBS5","UNIPROT","P78508","undirected","Binding"
"UNIPROT","Q9UBS5","UNIPROT","Q14500","directed","Control(Out: ACTIVATION of BiochemicalReaction)"
"UNIPROT","Q9UBS5","UNIPROT","Q14500","undirected","Binding"
"UNIPROT","Q9UBS5","UNIPROT","Q92806","directed","Control(Out: ACTIVATION of BiochemicalReaction)"
"UNIPROT","Q9UBS5","UNIPROT","Q92806","undirected","Binding"
"UNIPROT","Q9UBS5","UNIPROT","Q99712","directed","Control(Out: ACTIVATION of BiochemicalReaction)"
"UNIPROT","Q9UBS5","UNIPROT","Q99712","undirected","Binding"
"UNIPROT","Q9UBS5","UNIPROT","Q9HAV0","directed","Control(Out: ACTIVATION of BiochemicalReaction)"
"UNIPROT","Q9UBS5","UNIPROT","Q9NPI9","directed","Control(Out: ACTIVATION of BiochemicalReaction)"
"UNIPROT","Q9UBS5","UNIPROT","Q9NPI9","undirected","Binding"
"UNIPROT","Q9UBS5","UNIPROT","Q9P2W3","directed","Control(Out: ACTIVATION of BiochemicalReaction)"
"UNIPROT","Q9UBS5","UNIPROT","Q9UBI6","directed","Control(Out: ACTIVATION of BiochemicalReaction)"
"UNIPROT","Q9UBS5","UNIPROT","Q9UK08","directed","Control(Out: ACTIVATION of BiochemicalReaction)"
"UNIPROT","Q9UIX4","UNIPROT","O43448","undirected","Binding"
"UNIPROT","Q9UIX4","UNIPROT","Q13303","undirected","Binding"
"UNIPROT","Q9UIX4","UNIPROT","Q14722","undirected","Binding"
"UNIPROT","Q9UJ96","UNIPROT","O43448","undirected","Binding"
"UNIPROT","Q9UJ96","UNIPROT","Q13303","undirected","Binding"
"UNIPROT","Q9UJ96","UNIPROT","Q14722","undirected","Binding"
"UNIPROT","Q9UK08","UNIPROT","O75899","undirected","Binding"
"UNIPROT","Q9UK08","UNIPROT","P48050","undirected","Binding"
"UNIPROT","Q9UK08","UNIPROT","P48051","undirected","Binding"
"UNIPROT","Q9UK08","UNIPROT","P48544","undirected","Binding"
"UNIPROT","Q9UK08","UNIPROT","P48549","undirected","Binding"
"UNIPROT","Q9UK08","UNIPROT","P63252","undirected","Binding"
"UNIPROT","Q9UK08","UNIPROT","P78508","undirected","Binding"
"UNIPROT","Q9UK08","UNIPROT","Q14500","undirected","Binding"
"UNIPROT","Q9UK08","UNIPROT","Q92806","undirected","Binding"
"UNIPROT","Q9UK08","UNIPROT","Q99712","undirected","Binding"
"UNIPROT","Q9UK08","UNIPROT","Q9NPI9","undirected","Binding"
"UNIPROT","Q9UK08","UNIPROT","Q9UBS5","undirected","Binding"
"UNIPROT","Q9UK17","UNIPROT","O43448","undirected","Binding"
"UNIPROT","Q9UK17","UNIPROT","Q13303","undirected","Binding"
"UNIPROT","Q9UK17","UNIPROT","Q14722","undirected","Binding"
"UNIPROT","Q9ULD8","UNIPROT","O43448","undirected","Binding"
"UNIPROT","Q9ULD8","UNIPROT","Q13303","undirected","Binding"
"UNIPROT","Q9ULD8","UNIPROT","Q14722","undirected","Binding"
"UNIPROT","Q9ULS6","UNIPROT","O43448","undirected","Binding"
"UNIPROT","Q9ULS6","UNIPROT","Q13303","undirected","Binding"
"UNIPROT","Q9ULS6","UNIPROT","Q14722","undirected","Binding"
"UNIPROT","Q9UQ05","UNIPROT","O43448","undirected","Binding"
"UNIPROT","Q9UQ05","UNIPROT","Q13303","undirected","Binding"
"UNIPROT","Q9UQ05","UNIPROT","Q14722","undirected","Binding"
