"src_type","src","dest_type","dest","direction","type"
"UNIPROT","O43633","UNIPROT","P57764","directed","Control(Out: INHIBITION of BiochemicalReaction)"
"UNIPROT","O43633","UNIPROT","Q96FZ7","undirected","Binding"
"UNIPROT","O60443","UNIPROT","P09429","directed","Control(Out: ACTIVATION of BiochemicalReaction)"
"UNIPROT","O60443","UNIPROT","P99999","directed","Control(Out: ACTIVATION of BiochemicalReaction)"
"UNIPROT","P01583","UNIPROT","P57764","directed","Control(In: ACTIVATION of BiochemicalReaction)"
"UNIPROT","P01584","UNIPROT","P57764","directed","Control(In: ACTIVATION of BiochemicalReaction)"
"UNIPROT","P04637","UNIPROT","O60443","directed","Control(Out: ACTIVATION of BiochemicalReaction)"
"UNIPROT","P08246","UNIPROT","P57764","directed","Control(Out: ACTIVATION of BiochemicalReaction)"
"UNIPROT","P09429","UNIPROT","O60443","directed","Control(In: ACTIVATION of BiochemicalReaction)"
"UNIPROT","P09429","UNIPROT","P57764","directed","Control(In: ACTIVATION of BiochemicalReaction)"
"UNIPROT","P10144","UNIPROT","O60443","directed","Control(Out: ACTIVATION of BiochemicalReaction)"
"UNIPROT","P10914","UNIPROT","P57764","directed","Control(Out: ACTIVATION of BiochemicalReaction)"
"UNIPROT","P14316","UNIPROT","P57764","directed","Control(Out: ACTIVATION of BiochemicalReaction)"
"UNIPROT","P29466","UNIPROT","P57764","directed","Control(Out: ACTIVATION of BiochemicalReaction)"
"UNIPROT","P42574","UNIPROT","O60443","directed","Control(Out: ACTIVATION of BiochemicalReaction)"
"UNIPROT","P42574","UNIPROT","P57764","directed","Control(Out: INHIBITION of BiochemicalReaction)"
"UNIPROT","P42574","UNIPROT","P57764","directed","Control(Out: ACTIVATION of BiochemicalReaction)"
"UNIPROT","P49662","UNIPROT","P57764","directed","Control(Out: ACTIVATION of BiochemicalReaction)"
"UNIPROT","P51878","UNIPROT","P57764","directed","Control(Out: ACTIVATION of BiochemicalReaction)"
"UNIPROT","P57764","UNIPROT","P01583","directed","Control(Out: ACTIVATION of BiochemicalReaction)"
"UNIPROT","P57764","UNIPROT","P01584","directed","Control(Out: ACTIVATION of BiochemicalReaction)"
"UNIPROT","P57764","UNIPROT","P09429","directed","Control(Out: ACTIVATION of BiochemicalReaction)"
"UNIPROT","P57764","UNIPROT","P99999","directed","Control(Out: ACTIVATION of BiochemicalReaction)"
"UNIPROT","P57764","UNIPROT","Q14116","directed","Control(Out: ACTIVATION of BiochemicalReaction)"
"UNIPROT","P99999","UNIPROT","O60443","directed","Control(In: ACTIVATION of BiochemicalReaction)"
"UNIPROT","P99999","UNIPROT","P57764","directed","Control(In: ACTIVATION of BiochemicalReaction)"
"UNIPROT","P99999","UNIPROT","Q07812","directed","Control(In: ACTIVATION of BiochemicalReaction)"
"UNIPROT","P99999","UNIPROT","Q16611","directed","Control(In: ACTIVATION of BiochemicalReaction)"
"UNIPROT","Q07812","UNIPROT","P99999","directed","Control(Out: ACTIVATION of BiochemicalReaction)"
"UNIPROT","Q14116","UNIPROT","P57764","directed","Control(In: ACTIVATION of BiochemicalReaction)"
"UNIPROT","Q16611","UNIPROT","P99999","directed","Control(Out: ACTIVATION of BiochemicalReaction)"
"UNIPROT","Q8WUX9","UNIPROT","O43633","undirected","Binding"
"UNIPROT","Q8WUX9","UNIPROT","P57764","directed","Control(Out: INHIBITION of BiochemicalReaction)"
"UNIPROT","Q8WUX9","UNIPROT","Q96FZ7","undirected","Binding"
"UNIPROT","Q8WUX9","UNIPROT","Q9UQN3","undirected","Binding"
"UNIPROT","Q96CF2","UNIPROT","O43633","undirected","Binding"
"UNIPROT","Q96CF2","UNIPROT","P57764","directed","Control(Out: INHIBITION of BiochemicalReaction)"
"UNIPROT","Q96CF2","UNIPROT","Q8WUX9","undirected","Binding"
"UNIPROT","Q96CF2","UNIPROT","Q96FZ7","undirected","Binding"
"UNIPROT","Q96CF2","UNIPROT","Q9UQN3","undirected","Binding"
"UNIPROT","Q96CF2","UNIPROT","Q9Y3E7","undirected","Binding"
"UNIPROT","Q96FZ7","UNIPROT","P57764","directed","Control(Out: INHIBITION of BiochemicalReaction)"
"UNIPROT","Q9BY43","UNIPROT","O43633","undirected","Binding"
"UNIPROT","Q9BY43","UNIPROT","P57764","directed","Control(Out: INHIBITION of BiochemicalReaction)"
"UNIPROT","Q9BY43","UNIPROT","Q8WUX9","undirected","Binding"
"UNIPROT","Q9BY43","UNIPROT","Q96FZ7","undirected","Binding"
"UNIPROT","Q9BY43","UNIPROT","Q9UQN3","undirected","Binding"
"UNIPROT","Q9BY43","UNIPROT","Q9Y3E7","undirected","Binding"
"UNIPROT","Q9H3D4","UNIPROT","O60443","directed","Control(Out: ACTIVATION of BiochemicalReaction)"
"UNIPROT","Q9H444","UNIPROT","O43633","undirected","Binding"
"UNIPROT","Q9H444","UNIPROT","P57764","directed","Control(Out: INHIBITION of BiochemicalReaction)"
"UNIPROT","Q9H444","UNIPROT","Q8WUX9","undirected","Binding"
"UNIPROT","Q9H444","UNIPROT","Q96FZ7","undirected","Binding"
"UNIPROT","Q9H444","UNIPROT","Q9UQN3","undirected","Binding"
"UNIPROT","Q9H444","UNIPROT","Q9Y3E7","undirected","Binding"
"UNIPROT","Q9UQN3","UNIPROT","P57764","directed","Control(Out: INHIBITION of BiochemicalReaction)"
"UNIPROT","Q9UQN3","UNIPROT","Q96FZ7","undirected","Binding"
"UNIPROT","Q9Y3E7","UNIPROT","O43633","undirected","Binding"
"UNIPROT","Q9Y3E7","UNIPROT","P57764","directed","Control(Out: INHIBITION of BiochemicalReaction)"
"UNIPROT","Q9Y3E7","UNIPROT","Q8WUX9","undirected","Binding"
"UNIPROT","Q9Y3E7","UNIPROT","Q96FZ7","undirected","Binding"
"UNIPROT","Q9Y3E7","UNIPROT","Q9UQN3","undirected","Binding"
