"src_type","src","dest_type","dest","direction","type"
"UNIPROT","P03375","UNIPROT","Q9UMR7","undirected","Binding"
"UNIPROT","P03377","UNIPROT","Q9UMR7","undirected","Binding"
"UNIPROT","P03378","UNIPROT","Q9UMR7","undirected","Binding"
"UNIPROT","P04579","UNIPROT","Q9UMR7","undirected","Binding"
"UNIPROT","P04580","UNIPROT","Q9UMR7","undirected","Binding"
"UNIPROT","P04581","UNIPROT","Q9UMR7","undirected","Binding"
"UNIPROT","P04582","UNIPROT","Q9UMR7","undirected","Binding"
"UNIPROT","P04583","UNIPROT","Q9UMR7","undirected","Binding"
"UNIPROT","P04624","UNIPROT","Q9UMR7","undirected","Binding"
"UNIPROT","P05877","UNIPROT","Q9UMR7","undirected","Binding"
"UNIPROT","P05878","UNIPROT","Q9UMR7","undirected","Binding"
"UNIPROT","P05879","UNIPROT","Q9UMR7","undirected","Binding"
"UNIPROT","P05880","UNIPROT","Q9UMR7","undirected","Binding"
"UNIPROT","P05881","UNIPROT","Q9UMR7","undirected","Binding"
"UNIPROT","P05882","UNIPROT","Q9UMR7","undirected","Binding"
"UNIPROT","P06241","UNIPROT","P30273","directed","Control(Out: ACTIVATION of BiochemicalReaction)"
"UNIPROT","P06241","UNIPROT","Q6EIG7","directed","Control(Out: ACTIVATION of BiochemicalReaction)"
"UNIPROT","P06241","UNIPROT","Q9ULY5","directed","Control(Out: ACTIVATION of BiochemicalReaction)"
"UNIPROT","P07948","UNIPROT","P30273","directed","Control(Out: ACTIVATION of BiochemicalReaction)"
"UNIPROT","P07948","UNIPROT","Q6EIG7","directed","Control(Out: ACTIVATION of BiochemicalReaction)"
"UNIPROT","P07948","UNIPROT","Q9ULY5","directed","Control(Out: ACTIVATION of BiochemicalReaction)"
"UNIPROT","P12487","UNIPROT","Q9UMR7","undirected","Binding"
"UNIPROT","P12488","UNIPROT","Q9UMR7","undirected","Binding"
"UNIPROT","P12489","UNIPROT","Q9UMR7","undirected","Binding"
"UNIPROT","P12490","UNIPROT","Q9UMR7","undirected","Binding"
"UNIPROT","P12491","UNIPROT","Q9UMR7","undirected","Binding"
"UNIPROT","P18799","UNIPROT","Q9UMR7","undirected","Binding"
"UNIPROT","P19549","UNIPROT","Q9UMR7","undirected","Binding"
"UNIPROT","P19550","UNIPROT","Q9UMR7","undirected","Binding"
"UNIPROT","P19551","UNIPROT","Q9UMR7","undirected","Binding"
"UNIPROT","P20871","UNIPROT","Q9UMR7","undirected","Binding"
"UNIPROT","P20888","UNIPROT","Q9UMR7","undirected","Binding"
"UNIPROT","P30273","UNIPROT","P03375","undirected","Binding"
"UNIPROT","P30273","UNIPROT","P03377","undirected","Binding"
"UNIPROT","P30273","UNIPROT","P03378","undirected","Binding"
"UNIPROT","P30273","UNIPROT","P04578","undirected","Binding"
"UNIPROT","P30273","UNIPROT","P04579","undirected","Binding"
"UNIPROT","P30273","UNIPROT","P04580","undirected","Binding"
"UNIPROT","P30273","UNIPROT","P04581","undirected","Binding"
"UNIPROT","P30273","UNIPROT","P04582","undirected","Binding"
"UNIPROT","P30273","UNIPROT","P04583","undirected","Binding"
"UNIPROT","P30273","UNIPROT","P04624","undirected","Binding"
"UNIPROT","P30273","UNIPROT","P05877","undirected","Binding"
"UNIPROT","P30273","UNIPROT","P05878","undirected","Binding"
"UNIPROT","P30273","UNIPROT","P05879","undirected","Binding"
"UNIPROT","P30273","UNIPROT","P05880","undirected","Binding"
"UNIPROT","P30273","UNIPROT","P05881","undirected","Binding"
"UNIPROT","P30273","UNIPROT","P05882","undirected","Binding"
"UNIPROT","P30273","UNIPROT","P12487","undirected","Binding"
"UNIPROT","P30273","UNIPROT","P12488","undirected","Binding"
"UNIPROT","P30273","UNIPROT","P12489","undirected","Binding"
"UNIPROT","P30273","UNIPROT","P12490","undirected","Binding"
"UNIPROT","P30273","UNIPROT","P12491","undirected","Binding"
"UNIPROT","P30273","UNIPROT","P16885","undirected","Binding"
"UNIPROT","P30273","UNIPROT","P18799","undirected","Binding"
"UNIPROT","P30273","UNIPROT","P19549","undirected","Binding"
"UNIPROT","P30273","UNIPROT","P19550","undirected","Binding"
"UNIPROT","P30273","UNIPROT","P19551","undirected","Binding"
"UNIPROT","P30273","UNIPROT","P20871","undirected","Binding"
"UNIPROT","P30273","UNIPROT","P20888","undirected","Binding"
"UNIPROT","P30273","UNIPROT","P31819","undirected","Binding"
"UNIPROT","P30273","UNIPROT","P31872","undirected","Binding"
"UNIPROT","P30273","UNIPROT","P35961","undirected","Binding"
"UNIPROT","P30273","UNIPROT","P43405","undirected","Binding"
"UNIPROT","P30273","UNIPROT","Q6EIG7","undirected","Binding"
"UNIPROT","P30273","UNIPROT","Q70626","undirected","Binding"
"UNIPROT","P30273","UNIPROT","Q8WTT0","undirected","Binding"
"UNIPROT","P30273","UNIPROT","Q8WXI8","undirected","Binding"
"UNIPROT","P30273","UNIPROT","Q99IB8","undirected","Binding"
"UNIPROT","P30273","UNIPROT","Q9ULY5","undirected","Binding"
"UNIPROT","P31819","UNIPROT","Q9UMR7","undirected","Binding"
"UNIPROT","P31872","UNIPROT","Q9UMR7","undirected","Binding"
"UNIPROT","P35961","UNIPROT","Q9UMR7","undirected","Binding"
"UNIPROT","P43405","UNIPROT","P16885","undirected","Binding"
"UNIPROT","Q6EIG7","UNIPROT","P16885","undirected","Binding"
"UNIPROT","Q6EIG7","UNIPROT","P43405","undirected","Binding"
"UNIPROT","Q70626","UNIPROT","Q9UMR7","undirected","Binding"
"UNIPROT","Q8IUN9","UNIPROT","P15941","undirected","Binding"
"UNIPROT","Q8IUN9","UNIPROT","P98088","undirected","Binding"
"UNIPROT","Q8IUN9","UNIPROT","Q02505","undirected","Binding"
"UNIPROT","Q8IUN9","UNIPROT","Q02817","undirected","Binding"
"UNIPROT","Q8IUN9","UNIPROT","Q5SSG8","undirected","Binding"
"UNIPROT","Q8IUN9","UNIPROT","Q685J3","undirected","Binding"
"UNIPROT","Q8IUN9","UNIPROT","Q6W4X9","undirected","Binding"
"UNIPROT","Q8IUN9","UNIPROT","Q7Z5P9","undirected","Binding"
"UNIPROT","Q8IUN9","UNIPROT","Q8N307","undirected","Binding"
"UNIPROT","Q8IUN9","UNIPROT","Q8N387","undirected","Binding"
"UNIPROT","Q8IUN9","UNIPROT","Q8TAX7","undirected","Binding"
"UNIPROT","Q8IUN9","UNIPROT","Q8WXI7","undirected","Binding"
"UNIPROT","Q8IUN9","UNIPROT","Q96DR8","undirected","Binding"
"UNIPROT","Q8IUN9","UNIPROT","Q99102","undirected","Binding"
"UNIPROT","Q8IUN9","UNIPROT","Q9H195","undirected","Binding"
"UNIPROT","Q8IUN9","UNIPROT","Q9H3R2","undirected","Binding"
"UNIPROT","Q8IUN9","UNIPROT","Q9HC84","undirected","Binding"
"UNIPROT","Q8IUN9","UNIPROT","Q9UKN1","undirected","Binding"
"UNIPROT","Q8WTT0","UNIPROT","P03375","undirected","Binding"
"UNIPROT","Q8WTT0","UNIPROT","P03377","undirected","Binding"
"UNIPROT","Q8WTT0","UNIPROT","P03378","undirected","Binding"
"UNIPROT","Q8WTT0","UNIPROT","P04578","undirected","Binding"
"UNIPROT","Q8WTT0","UNIPROT","P04579","undirected","Binding"
"UNIPROT","Q8WTT0","UNIPROT","P04580","undirected","Binding"
"UNIPROT","Q8WTT0","UNIPROT","P04581","undirected","Binding"
"UNIPROT","Q8WTT0","UNIPROT","P04582","undirected","Binding"
"UNIPROT","Q8WTT0","UNIPROT","P04583","undirected","Binding"
"UNIPROT","Q8WTT0","UNIPROT","P04624","undirected","Binding"
"UNIPROT","Q8WTT0","UNIPROT","P05877","undirected","Binding"
"UNIPROT","Q8WTT0","UNIPROT","P05878","undirected","Binding"
"UNIPROT","Q8WTT0","UNIPROT","P05879","undirected","Binding"
"UNIPROT","Q8WTT0","UNIPROT","P05880","undirected","Binding"
"UNIPROT","Q8WTT0","UNIPROT","P05881","undirected","Binding"
"UNIPROT","Q8WTT0","UNIPROT","P05882","undirected","Binding"
"UNIPROT","Q8WTT0","UNIPROT","P12487","undirected","Binding"
"UNIPROT","Q8WTT0","UNIPROT","P12488","undirected","Binding"
"UNIPROT","Q8WTT0","UNIPROT","P12489","undirected","Binding"
"UNIPROT","Q8WTT0","UNIPROT","P12490","undirected","Binding"
"UNIPROT","Q8WTT0","UNIPROT","P12491","undirected","Binding"
"UNIPROT","Q8WTT0","UNIPROT","P18799","undirected","Binding"
"UNIPROT","Q8WTT0","UNIPROT","P19549","undirected","Binding"
"UNIPROT","Q8WTT0","UNIPROT","P19550","undirected","Binding"
"UNIPROT","Q8WTT0","UNIPROT","P19551","undirected","Binding"
"UNIPROT","Q8WTT0","UNIPROT","P20871","undirected","Binding"
"UNIPROT","Q8WTT0","UNIPROT","P20888","undirected","Binding"
"UNIPROT","Q8WTT0","UNIPROT","P31819","undirected","Binding"
"UNIPROT","Q8WTT0","UNIPROT","P31872","undirected","Binding"
"UNIPROT","Q8WTT0","UNIPROT","P35961","undirected","Binding"
"UNIPROT","Q8WTT0","UNIPROT","Q70626","undirected","Binding"
"UNIPROT","Q8WTT0","UNIPROT","Q99IB8","undirected","Binding"
"UNIPROT","Q99IB8","UNIPROT","Q9UMR7","undirected","Binding"
"UNIPROT","Q9ULY5","UNIPROT","P16885","undirected","Binding"
"UNIPROT","Q9ULY5","UNIPROT","P43405","undirected","Binding"
"UNIPROT","Q9UMR7","UNIPROT","P04578","undirected","Binding"
