"src_type","src","dest_type","dest","direction","type"
"UNIPROT","O60341","UNIPROT","O60814","undirected","Binding"
"UNIPROT","O60341","UNIPROT","P04908","undirected","Binding"
"UNIPROT","O60341","UNIPROT","P06899","undirected","Binding"
"UNIPROT","O60341","UNIPROT","P0C0S5","undirected","Binding"
"UNIPROT","O60341","UNIPROT","P0C5Y9","undirected","Binding"
"UNIPROT","O60341","UNIPROT","P10275","undirected","Binding"
"UNIPROT","O60341","UNIPROT","P16104","undirected","Binding"
"UNIPROT","O60341","UNIPROT","P20671","undirected","Binding"
"UNIPROT","O60341","UNIPROT","P23527","undirected","Binding"
"UNIPROT","O60341","UNIPROT","P33778","undirected","Binding"
"UNIPROT","O60341","UNIPROT","P57053","undirected","Binding"
"UNIPROT","O60341","UNIPROT","P58876","undirected","Binding"
"UNIPROT","O60341","UNIPROT","P62807","undirected","Binding"
"UNIPROT","O60341","UNIPROT","P68431","undirected","Binding"
"UNIPROT","O60341","UNIPROT","P84243","undirected","Binding"
"UNIPROT","O60341","UNIPROT","Q16512","undirected","Binding"
"UNIPROT","O60341","UNIPROT","Q16777","undirected","Binding"
"UNIPROT","O60341","UNIPROT","Q16778","undirected","Binding"
"UNIPROT","O60341","UNIPROT","Q6FI13","undirected","Binding"
"UNIPROT","O60341","UNIPROT","Q71DI3","undirected","Binding"
"UNIPROT","O60341","UNIPROT","Q71UI9","undirected","Binding"
"UNIPROT","O60341","UNIPROT","Q8N257","undirected","Binding"
"UNIPROT","O60341","UNIPROT","Q93077","undirected","Binding"
"UNIPROT","O60341","UNIPROT","Q93079","undirected","Binding"
"UNIPROT","O60341","UNIPROT","Q96A08","undirected","Binding"
"UNIPROT","O60341","UNIPROT","Q99877","undirected","Binding"
"UNIPROT","O60341","UNIPROT","Q99878","undirected","Binding"
"UNIPROT","O60341","UNIPROT","Q99879","undirected","Binding"
"UNIPROT","O60341","UNIPROT","Q99880","undirected","Binding"
"UNIPROT","O60341","UNIPROT","Q9BTM1","undirected","Binding"
"UNIPROT","O60814","UNIPROT","P07288","directed","Control(Out: ACTIVATION of BiochemicalReaction)"
"UNIPROT","O60814","UNIPROT","P20151","directed","Control(Out: ACTIVATION of BiochemicalReaction)"
"UNIPROT","P04908","UNIPROT","O60814","undirected","Binding"
"UNIPROT","P04908","UNIPROT","P06899","undirected","Binding"
"UNIPROT","P04908","UNIPROT","P07288","directed","Control(Out: ACTIVATION of BiochemicalReaction)"
"UNIPROT","P04908","UNIPROT","P20151","directed","Control(Out: ACTIVATION of BiochemicalReaction)"
"UNIPROT","P04908","UNIPROT","P23527","undirected","Binding"
"UNIPROT","P04908","UNIPROT","P33778","undirected","Binding"
"UNIPROT","P04908","UNIPROT","P58876","undirected","Binding"
"UNIPROT","P04908","UNIPROT","P62807","undirected","Binding"
"UNIPROT","P04908","UNIPROT","P68431","undirected","Binding"
"UNIPROT","P04908","UNIPROT","Q16778","undirected","Binding"
"UNIPROT","P04908","UNIPROT","Q71DI3","undirected","Binding"
"UNIPROT","P04908","UNIPROT","Q8N257","undirected","Binding"
"UNIPROT","P04908","UNIPROT","Q93079","undirected","Binding"
"UNIPROT","P04908","UNIPROT","Q96A08","undirected","Binding"
"UNIPROT","P04908","UNIPROT","Q99877","undirected","Binding"
"UNIPROT","P04908","UNIPROT","Q99879","undirected","Binding"
"UNIPROT","P04908","UNIPROT","Q99880","undirected","Binding"
"UNIPROT","P06899","UNIPROT","P07288","directed","Control(Out: ACTIVATION of BiochemicalReaction)"
"UNIPROT","P06899","UNIPROT","P20151","directed","Control(Out: ACTIVATION of BiochemicalReaction)"
"UNIPROT","P06899","UNIPROT","Q71DI3","undirected","Binding"
"UNIPROT","P0C0S5","UNIPROT","O60814","undirected","Binding"
"UNIPROT","P0C0S5","UNIPROT","P06899","undirected","Binding"
"UNIPROT","P0C0S5","UNIPROT","P07288","directed","Control(Out: ACTIVATION of BiochemicalReaction)"
"UNIPROT","P0C0S5","UNIPROT","P10275","undirected","Binding"
"UNIPROT","P0C0S5","UNIPROT","P20151","directed","Control(Out: ACTIVATION of BiochemicalReaction)"
"UNIPROT","P0C0S5","UNIPROT","P23527","undirected","Binding"
"UNIPROT","P0C0S5","UNIPROT","P33778","undirected","Binding"
"UNIPROT","P0C0S5","UNIPROT","P57053","undirected","Binding"
"UNIPROT","P0C0S5","UNIPROT","P58876","undirected","Binding"
"UNIPROT","P0C0S5","UNIPROT","P62807","undirected","Binding"
"UNIPROT","P0C0S5","UNIPROT","P68431","undirected","Binding"
"UNIPROT","P0C0S5","UNIPROT","P84243","undirected","Binding"
"UNIPROT","P0C0S5","UNIPROT","Q16512","undirected","Binding"
"UNIPROT","P0C0S5","UNIPROT","Q16778","undirected","Binding"
"UNIPROT","P0C0S5","UNIPROT","Q71DI3","undirected","Binding"
"UNIPROT","P0C0S5","UNIPROT","Q8N257","undirected","Binding"
"UNIPROT","P0C0S5","UNIPROT","Q93079","undirected","Binding"
"UNIPROT","P0C0S5","UNIPROT","Q96A08","undirected","Binding"
"UNIPROT","P0C0S5","UNIPROT","Q99877","undirected","Binding"
"UNIPROT","P0C0S5","UNIPROT","Q99879","undirected","Binding"
"UNIPROT","P0C0S5","UNIPROT","Q99880","undirected","Binding"
"UNIPROT","P0C5Y9","UNIPROT","O60814","undirected","Binding"
"UNIPROT","P0C5Y9","UNIPROT","P06899","undirected","Binding"
"UNIPROT","P0C5Y9","UNIPROT","P07288","directed","Control(Out: ACTIVATION of BiochemicalReaction)"
"UNIPROT","P0C5Y9","UNIPROT","P10275","undirected","Binding"
"UNIPROT","P0C5Y9","UNIPROT","P20151","directed","Control(Out: ACTIVATION of BiochemicalReaction)"
"UNIPROT","P0C5Y9","UNIPROT","P23527","undirected","Binding"
"UNIPROT","P0C5Y9","UNIPROT","P33778","undirected","Binding"
"UNIPROT","P0C5Y9","UNIPROT","P57053","undirected","Binding"
"UNIPROT","P0C5Y9","UNIPROT","P58876","undirected","Binding"
"UNIPROT","P0C5Y9","UNIPROT","P62807","undirected","Binding"
"UNIPROT","P0C5Y9","UNIPROT","P68431","undirected","Binding"
"UNIPROT","P0C5Y9","UNIPROT","P84243","undirected","Binding"
"UNIPROT","P0C5Y9","UNIPROT","Q16512","undirected","Binding"
"UNIPROT","P0C5Y9","UNIPROT","Q16778","undirected","Binding"
"UNIPROT","P0C5Y9","UNIPROT","Q71DI3","undirected","Binding"
"UNIPROT","P0C5Y9","UNIPROT","Q8N257","undirected","Binding"
"UNIPROT","P0C5Y9","UNIPROT","Q93079","undirected","Binding"
"UNIPROT","P0C5Y9","UNIPROT","Q96A08","undirected","Binding"
"UNIPROT","P0C5Y9","UNIPROT","Q99877","undirected","Binding"
"UNIPROT","P0C5Y9","UNIPROT","Q99879","undirected","Binding"
"UNIPROT","P0C5Y9","UNIPROT","Q99880","undirected","Binding"
"UNIPROT","P10275","UNIPROT","O60814","undirected","Binding"
"UNIPROT","P10275","UNIPROT","P04908","undirected","Binding"
"UNIPROT","P10275","UNIPROT","P06899","undirected","Binding"
"UNIPROT","P10275","UNIPROT","P07288","directed","Control(Out: ACTIVATION of BiochemicalReaction)"
"UNIPROT","P10275","UNIPROT","P20151","directed","Control(Out: ACTIVATION of BiochemicalReaction)"
"UNIPROT","P10275","UNIPROT","P20671","undirected","Binding"
"UNIPROT","P10275","UNIPROT","P23527","undirected","Binding"
"UNIPROT","P10275","UNIPROT","P33778","undirected","Binding"
"UNIPROT","P10275","UNIPROT","P58876","undirected","Binding"
"UNIPROT","P10275","UNIPROT","P62807","undirected","Binding"
"UNIPROT","P10275","UNIPROT","P68431","undirected","Binding"
"UNIPROT","P10275","UNIPROT","Q16777","undirected","Binding"
"UNIPROT","P10275","UNIPROT","Q16778","undirected","Binding"
"UNIPROT","P10275","UNIPROT","Q6FI13","undirected","Binding"
"UNIPROT","P10275","UNIPROT","Q71DI3","undirected","Binding"
"UNIPROT","P10275","UNIPROT","Q8N257","undirected","Binding"
"UNIPROT","P10275","UNIPROT","Q93077","undirected","Binding"
"UNIPROT","P10275","UNIPROT","Q93079","undirected","Binding"
"UNIPROT","P10275","UNIPROT","Q96A08","undirected","Binding"
"UNIPROT","P10275","UNIPROT","Q99877","undirected","Binding"
"UNIPROT","P10275","UNIPROT","Q99878","undirected","Binding"
"UNIPROT","P10275","UNIPROT","Q99879","undirected","Binding"
"UNIPROT","P10275","UNIPROT","Q99880","undirected","Binding"
"UNIPROT","P16104","UNIPROT","O60814","undirected","Binding"
"UNIPROT","P16104","UNIPROT","P06899","undirected","Binding"
"UNIPROT","P16104","UNIPROT","P07288","directed","Control(Out: ACTIVATION of BiochemicalReaction)"
"UNIPROT","P16104","UNIPROT","P10275","undirected","Binding"
"UNIPROT","P16104","UNIPROT","P20151","directed","Control(Out: ACTIVATION of BiochemicalReaction)"
"UNIPROT","P16104","UNIPROT","P23527","undirected","Binding"
"UNIPROT","P16104","UNIPROT","P33778","undirected","Binding"
"UNIPROT","P16104","UNIPROT","P57053","undirected","Binding"
"UNIPROT","P16104","UNIPROT","P58876","undirected","Binding"
"UNIPROT","P16104","UNIPROT","P62807","undirected","Binding"
"UNIPROT","P16104","UNIPROT","P68431","undirected","Binding"
"UNIPROT","P16104","UNIPROT","P84243","undirected","Binding"
"UNIPROT","P16104","UNIPROT","Q16512","undirected","Binding"
"UNIPROT","P16104","UNIPROT","Q16778","undirected","Binding"
"UNIPROT","P16104","UNIPROT","Q71DI3","undirected","Binding"
"UNIPROT","P16104","UNIPROT","Q8N257","undirected","Binding"
"UNIPROT","P16104","UNIPROT","Q93079","undirected","Binding"
"UNIPROT","P16104","UNIPROT","Q96A08","undirected","Binding"
"UNIPROT","P16104","UNIPROT","Q99877","undirected","Binding"
"UNIPROT","P16104","UNIPROT","Q99879","undirected","Binding"
"UNIPROT","P16104","UNIPROT","Q99880","undirected","Binding"
"UNIPROT","P20671","UNIPROT","O60814","undirected","Binding"
"UNIPROT","P20671","UNIPROT","P06899","undirected","Binding"
"UNIPROT","P20671","UNIPROT","P07288","directed","Control(Out: ACTIVATION of BiochemicalReaction)"
"UNIPROT","P20671","UNIPROT","P20151","directed","Control(Out: ACTIVATION of BiochemicalReaction)"
"UNIPROT","P20671","UNIPROT","P23527","undirected","Binding"
"UNIPROT","P20671","UNIPROT","P33778","undirected","Binding"
"UNIPROT","P20671","UNIPROT","P58876","undirected","Binding"
"UNIPROT","P20671","UNIPROT","P62807","undirected","Binding"
"UNIPROT","P20671","UNIPROT","P68431","undirected","Binding"
"UNIPROT","P20671","UNIPROT","Q16778","undirected","Binding"
"UNIPROT","P20671","UNIPROT","Q71DI3","undirected","Binding"
"UNIPROT","P20671","UNIPROT","Q8N257","undirected","Binding"
"UNIPROT","P20671","UNIPROT","Q93079","undirected","Binding"
"UNIPROT","P20671","UNIPROT","Q96A08","undirected","Binding"
"UNIPROT","P20671","UNIPROT","Q99877","undirected","Binding"
"UNIPROT","P20671","UNIPROT","Q99879","undirected","Binding"
"UNIPROT","P20671","UNIPROT","Q99880","undirected","Binding"
"UNIPROT","P23527","UNIPROT","P07288","directed","Control(Out: ACTIVATION of BiochemicalReaction)"
"UNIPROT","P23527","UNIPROT","P20151","directed","Control(Out: ACTIVATION of BiochemicalReaction)"
"UNIPROT","P33778","UNIPROT","P07288","directed","Control(Out: ACTIVATION of BiochemicalReaction)"
"UNIPROT","P33778","UNIPROT","P20151","directed","Control(Out: ACTIVATION of BiochemicalReaction)"
"UNIPROT","P33778","UNIPROT","Q71DI3","undirected","Binding"
"UNIPROT","P57053","UNIPROT","P04908","undirected","Binding"
"UNIPROT","P57053","UNIPROT","P07288","directed","Control(Out: ACTIVATION of BiochemicalReaction)"
"UNIPROT","P57053","UNIPROT","P10275","undirected","Binding"
"UNIPROT","P57053","UNIPROT","P20151","directed","Control(Out: ACTIVATION of BiochemicalReaction)"
"UNIPROT","P57053","UNIPROT","P20671","undirected","Binding"
"UNIPROT","P57053","UNIPROT","P68431","undirected","Binding"
"UNIPROT","P57053","UNIPROT","Q16512","undirected","Binding"
"UNIPROT","P57053","UNIPROT","Q16777","undirected","Binding"
"UNIPROT","P57053","UNIPROT","Q6FI13","undirected","Binding"
"UNIPROT","P57053","UNIPROT","Q71DI3","undirected","Binding"
"UNIPROT","P57053","UNIPROT","Q93077","undirected","Binding"
"UNIPROT","P57053","UNIPROT","Q99878","undirected","Binding"
"UNIPROT","P58876","UNIPROT","P07288","directed","Control(Out: ACTIVATION of BiochemicalReaction)"
"UNIPROT","P58876","UNIPROT","P20151","directed","Control(Out: ACTIVATION of BiochemicalReaction)"
"UNIPROT","P58876","UNIPROT","Q71DI3","undirected","Binding"
"UNIPROT","P62805","UNIPROT","O60341","undirected","Binding"
"UNIPROT","P62805","UNIPROT","O60814","undirected","Binding"
"UNIPROT","P62805","UNIPROT","P04908","undirected","Binding"
"UNIPROT","P62805","UNIPROT","P06899","undirected","Binding"
"UNIPROT","P62805","UNIPROT","P07288","directed","Control(Out: ACTIVATION of BiochemicalReaction)"
"UNIPROT","P62805","UNIPROT","P0C0S5","undirected","Binding"
"UNIPROT","P62805","UNIPROT","P0C5Y9","undirected","Binding"
"UNIPROT","P62805","UNIPROT","P10275","undirected","Binding"
"UNIPROT","P62805","UNIPROT","P16104","undirected","Binding"
"UNIPROT","P62805","UNIPROT","P20151","directed","Control(Out: ACTIVATION of BiochemicalReaction)"
"UNIPROT","P62805","UNIPROT","P20671","undirected","Binding"
"UNIPROT","P62805","UNIPROT","P23527","undirected","Binding"
"UNIPROT","P62805","UNIPROT","P33778","undirected","Binding"
"UNIPROT","P62805","UNIPROT","P57053","undirected","Binding"
"UNIPROT","P62805","UNIPROT","P58876","undirected","Binding"
"UNIPROT","P62805","UNIPROT","P62807","undirected","Binding"
"UNIPROT","P62805","UNIPROT","P68431","undirected","Binding"
"UNIPROT","P62805","UNIPROT","P84243","undirected","Binding"
"UNIPROT","P62805","UNIPROT","Q16512","undirected","Binding"
"UNIPROT","P62805","UNIPROT","Q16777","undirected","Binding"
"UNIPROT","P62805","UNIPROT","Q16778","undirected","Binding"
"UNIPROT","P62805","UNIPROT","Q6FI13","undirected","Binding"
"UNIPROT","P62805","UNIPROT","Q71DI3","undirected","Binding"
"UNIPROT","P62805","UNIPROT","Q71UI9","undirected","Binding"
"UNIPROT","P62805","UNIPROT","Q8N257","undirected","Binding"
"UNIPROT","P62805","UNIPROT","Q93077","undirected","Binding"
"UNIPROT","P62805","UNIPROT","Q93079","undirected","Binding"
"UNIPROT","P62805","UNIPROT","Q96A08","undirected","Binding"
"UNIPROT","P62805","UNIPROT","Q99877","undirected","Binding"
"UNIPROT","P62805","UNIPROT","Q99878","undirected","Binding"
"UNIPROT","P62805","UNIPROT","Q99879","undirected","Binding"
"UNIPROT","P62805","UNIPROT","Q99880","undirected","Binding"
"UNIPROT","P62805","UNIPROT","Q9BTM1","undirected","Binding"
"UNIPROT","P62805","UNIPROT","Q9H3R0","undirected","Binding"
"UNIPROT","P62807","UNIPROT","P07288","directed","Control(Out: ACTIVATION of BiochemicalReaction)"
"UNIPROT","P62807","UNIPROT","P20151","directed","Control(Out: ACTIVATION of BiochemicalReaction)"
"UNIPROT","P62807","UNIPROT","Q71DI3","undirected","Binding"
"UNIPROT","P68431","UNIPROT","O60814","undirected","Binding"
"UNIPROT","P68431","UNIPROT","P06899","undirected","Binding"
"UNIPROT","P68431","UNIPROT","P07288","directed","Control(Out: ACTIVATION of BiochemicalReaction)"
"UNIPROT","P68431","UNIPROT","P20151","directed","Control(Out: ACTIVATION of BiochemicalReaction)"
"UNIPROT","P68431","UNIPROT","P23527","undirected","Binding"
"UNIPROT","P68431","UNIPROT","P33778","undirected","Binding"
"UNIPROT","P68431","UNIPROT","P58876","undirected","Binding"
"UNIPROT","P68431","UNIPROT","P62807","undirected","Binding"
"UNIPROT","P68431","UNIPROT","Q16777","undirected","Binding"
"UNIPROT","P68431","UNIPROT","Q16778","undirected","Binding"
"UNIPROT","P68431","UNIPROT","Q6FI13","undirected","Binding"
"UNIPROT","P68431","UNIPROT","Q8N257","undirected","Binding"
"UNIPROT","P68431","UNIPROT","Q93079","undirected","Binding"
"UNIPROT","P68431","UNIPROT","Q96A08","undirected","Binding"
"UNIPROT","P68431","UNIPROT","Q99877","undirected","Binding"
"UNIPROT","P68431","UNIPROT","Q99879","undirected","Binding"
"UNIPROT","P68431","UNIPROT","Q99880","undirected","Binding"
"UNIPROT","P84243","UNIPROT","O60814","undirected","Binding"
"UNIPROT","P84243","UNIPROT","P04908","undirected","Binding"
"UNIPROT","P84243","UNIPROT","P06899","undirected","Binding"
"UNIPROT","P84243","UNIPROT","P07288","directed","Control(Out: ACTIVATION of BiochemicalReaction)"
"UNIPROT","P84243","UNIPROT","P10275","undirected","Binding"
"UNIPROT","P84243","UNIPROT","P20151","directed","Control(Out: ACTIVATION of BiochemicalReaction)"
"UNIPROT","P84243","UNIPROT","P20671","undirected","Binding"
"UNIPROT","P84243","UNIPROT","P23527","undirected","Binding"
"UNIPROT","P84243","UNIPROT","P33778","undirected","Binding"
"UNIPROT","P84243","UNIPROT","P57053","undirected","Binding"
"UNIPROT","P84243","UNIPROT","P58876","undirected","Binding"
"UNIPROT","P84243","UNIPROT","P62807","undirected","Binding"
"UNIPROT","P84243","UNIPROT","Q16512","undirected","Binding"
"UNIPROT","P84243","UNIPROT","Q16777","undirected","Binding"
"UNIPROT","P84243","UNIPROT","Q16778","undirected","Binding"
"UNIPROT","P84243","UNIPROT","Q6FI13","undirected","Binding"
"UNIPROT","P84243","UNIPROT","Q8N257","undirected","Binding"
"UNIPROT","P84243","UNIPROT","Q93077","undirected","Binding"
"UNIPROT","P84243","UNIPROT","Q93079","undirected","Binding"
"UNIPROT","P84243","UNIPROT","Q96A08","undirected","Binding"
"UNIPROT","P84243","UNIPROT","Q99877","undirected","Binding"
"UNIPROT","P84243","UNIPROT","Q99878","undirected","Binding"
"UNIPROT","P84243","UNIPROT","Q99879","undirected","Binding"
"UNIPROT","P84243","UNIPROT","Q99880","undirected","Binding"
"UNIPROT","Q15596","UNIPROT","P10275","undirected","Binding"
"UNIPROT","Q15596","UNIPROT","Q16512","undirected","Binding"
"UNIPROT","Q16512","UNIPROT","O60814","undirected","Binding"
"UNIPROT","Q16512","UNIPROT","P04908","undirected","Binding"
"UNIPROT","Q16512","UNIPROT","P06899","undirected","Binding"
"UNIPROT","Q16512","UNIPROT","P07288","directed","Control(Out: ACTIVATION of BiochemicalReaction)"
"UNIPROT","Q16512","UNIPROT","P10275","undirected","Binding"
"UNIPROT","Q16512","UNIPROT","P20151","directed","Control(Out: ACTIVATION of BiochemicalReaction)"
"UNIPROT","Q16512","UNIPROT","P20671","undirected","Binding"
"UNIPROT","Q16512","UNIPROT","P23527","undirected","Binding"
"UNIPROT","Q16512","UNIPROT","P33778","undirected","Binding"
"UNIPROT","Q16512","UNIPROT","P58876","undirected","Binding"
"UNIPROT","Q16512","UNIPROT","P62807","undirected","Binding"
"UNIPROT","Q16512","UNIPROT","P68431","undirected","Binding"
"UNIPROT","Q16512","UNIPROT","Q16777","undirected","Binding"
"UNIPROT","Q16512","UNIPROT","Q16778","undirected","Binding"
"UNIPROT","Q16512","UNIPROT","Q6FI13","undirected","Binding"
"UNIPROT","Q16512","UNIPROT","Q71DI3","undirected","Binding"
"UNIPROT","Q16512","UNIPROT","Q8N257","undirected","Binding"
"UNIPROT","Q16512","UNIPROT","Q93077","undirected","Binding"
"UNIPROT","Q16512","UNIPROT","Q93079","undirected","Binding"
"UNIPROT","Q16512","UNIPROT","Q96A08","undirected","Binding"
"UNIPROT","Q16512","UNIPROT","Q99877","undirected","Binding"
"UNIPROT","Q16512","UNIPROT","Q99878","undirected","Binding"
"UNIPROT","Q16512","UNIPROT","Q99879","undirected","Binding"
"UNIPROT","Q16512","UNIPROT","Q99880","undirected","Binding"
"UNIPROT","Q16777","UNIPROT","O60814","undirected","Binding"
"UNIPROT","Q16777","UNIPROT","P06899","undirected","Binding"
"UNIPROT","Q16777","UNIPROT","P07288","directed","Control(Out: ACTIVATION of BiochemicalReaction)"
"UNIPROT","Q16777","UNIPROT","P20151","directed","Control(Out: ACTIVATION of BiochemicalReaction)"
"UNIPROT","Q16777","UNIPROT","P23527","undirected","Binding"
"UNIPROT","Q16777","UNIPROT","P33778","undirected","Binding"
"UNIPROT","Q16777","UNIPROT","P58876","undirected","Binding"
"UNIPROT","Q16777","UNIPROT","P62807","undirected","Binding"
"UNIPROT","Q16777","UNIPROT","Q16778","undirected","Binding"
"UNIPROT","Q16777","UNIPROT","Q71DI3","undirected","Binding"
"UNIPROT","Q16777","UNIPROT","Q8N257","undirected","Binding"
"UNIPROT","Q16777","UNIPROT","Q93079","undirected","Binding"
"UNIPROT","Q16777","UNIPROT","Q96A08","undirected","Binding"
"UNIPROT","Q16777","UNIPROT","Q99877","undirected","Binding"
"UNIPROT","Q16777","UNIPROT","Q99879","undirected","Binding"
"UNIPROT","Q16777","UNIPROT","Q99880","undirected","Binding"
"UNIPROT","Q16778","UNIPROT","P07288","directed","Control(Out: ACTIVATION of BiochemicalReaction)"
"UNIPROT","Q16778","UNIPROT","P20151","directed","Control(Out: ACTIVATION of BiochemicalReaction)"
"UNIPROT","Q6FI13","UNIPROT","O60814","undirected","Binding"
"UNIPROT","Q6FI13","UNIPROT","P06899","undirected","Binding"
"UNIPROT","Q6FI13","UNIPROT","P07288","directed","Control(Out: ACTIVATION of BiochemicalReaction)"
"UNIPROT","Q6FI13","UNIPROT","P20151","directed","Control(Out: ACTIVATION of BiochemicalReaction)"
"UNIPROT","Q6FI13","UNIPROT","P23527","undirected","Binding"
"UNIPROT","Q6FI13","UNIPROT","P33778","undirected","Binding"
"UNIPROT","Q6FI13","UNIPROT","P58876","undirected","Binding"
"UNIPROT","Q6FI13","UNIPROT","P62807","undirected","Binding"
"UNIPROT","Q6FI13","UNIPROT","Q16778","undirected","Binding"
"UNIPROT","Q6FI13","UNIPROT","Q71DI3","undirected","Binding"
"UNIPROT","Q6FI13","UNIPROT","Q8N257","undirected","Binding"
"UNIPROT","Q6FI13","UNIPROT","Q93079","undirected","Binding"
"UNIPROT","Q6FI13","UNIPROT","Q96A08","undirected","Binding"
"UNIPROT","Q6FI13","UNIPROT","Q99877","undirected","Binding"
"UNIPROT","Q6FI13","UNIPROT","Q99879","undirected","Binding"
"UNIPROT","Q6FI13","UNIPROT","Q99880","undirected","Binding"
"UNIPROT","Q71DI3","UNIPROT","O60814","undirected","Binding"
"UNIPROT","Q71DI3","UNIPROT","P07288","directed","Control(Out: ACTIVATION of BiochemicalReaction)"
"UNIPROT","Q71DI3","UNIPROT","P20151","directed","Control(Out: ACTIVATION of BiochemicalReaction)"
"UNIPROT","Q71DI3","UNIPROT","P23527","undirected","Binding"
"UNIPROT","Q71DI3","UNIPROT","Q16778","undirected","Binding"
"UNIPROT","Q71DI3","UNIPROT","Q8N257","undirected","Binding"
"UNIPROT","Q71DI3","UNIPROT","Q99877","undirected","Binding"
"UNIPROT","Q71DI3","UNIPROT","Q99879","undirected","Binding"
"UNIPROT","Q71DI3","UNIPROT","Q99880","undirected","Binding"
"UNIPROT","Q71UI9","UNIPROT","O60814","undirected","Binding"
"UNIPROT","Q71UI9","UNIPROT","P06899","undirected","Binding"
"UNIPROT","Q71UI9","UNIPROT","P07288","directed","Control(Out: ACTIVATION of BiochemicalReaction)"
"UNIPROT","Q71UI9","UNIPROT","P10275","undirected","Binding"
"UNIPROT","Q71UI9","UNIPROT","P20151","directed","Control(Out: ACTIVATION of BiochemicalReaction)"
"UNIPROT","Q71UI9","UNIPROT","P23527","undirected","Binding"
"UNIPROT","Q71UI9","UNIPROT","P33778","undirected","Binding"
"UNIPROT","Q71UI9","UNIPROT","P57053","undirected","Binding"
"UNIPROT","Q71UI9","UNIPROT","P58876","undirected","Binding"
"UNIPROT","Q71UI9","UNIPROT","P62807","undirected","Binding"
"UNIPROT","Q71UI9","UNIPROT","P68431","undirected","Binding"
"UNIPROT","Q71UI9","UNIPROT","P84243","undirected","Binding"
"UNIPROT","Q71UI9","UNIPROT","Q16512","undirected","Binding"
"UNIPROT","Q71UI9","UNIPROT","Q16778","undirected","Binding"
"UNIPROT","Q71UI9","UNIPROT","Q71DI3","undirected","Binding"
"UNIPROT","Q71UI9","UNIPROT","Q8N257","undirected","Binding"
"UNIPROT","Q71UI9","UNIPROT","Q93079","undirected","Binding"
"UNIPROT","Q71UI9","UNIPROT","Q96A08","undirected","Binding"
"UNIPROT","Q71UI9","UNIPROT","Q99877","undirected","Binding"
"UNIPROT","Q71UI9","UNIPROT","Q99879","undirected","Binding"
"UNIPROT","Q71UI9","UNIPROT","Q99880","undirected","Binding"
"UNIPROT","Q8N257","UNIPROT","P07288","directed","Control(Out: ACTIVATION of BiochemicalReaction)"
"UNIPROT","Q8N257","UNIPROT","P20151","directed","Control(Out: ACTIVATION of BiochemicalReaction)"
"UNIPROT","Q93077","UNIPROT","O60814","undirected","Binding"
"UNIPROT","Q93077","UNIPROT","P06899","undirected","Binding"
"UNIPROT","Q93077","UNIPROT","P07288","directed","Control(Out: ACTIVATION of BiochemicalReaction)"
"UNIPROT","Q93077","UNIPROT","P20151","directed","Control(Out: ACTIVATION of BiochemicalReaction)"
"UNIPROT","Q93077","UNIPROT","P23527","undirected","Binding"
"UNIPROT","Q93077","UNIPROT","P33778","undirected","Binding"
"UNIPROT","Q93077","UNIPROT","P58876","undirected","Binding"
"UNIPROT","Q93077","UNIPROT","P62807","undirected","Binding"
"UNIPROT","Q93077","UNIPROT","P68431","undirected","Binding"
"UNIPROT","Q93077","UNIPROT","Q16778","undirected","Binding"
"UNIPROT","Q93077","UNIPROT","Q71DI3","undirected","Binding"
"UNIPROT","Q93077","UNIPROT","Q8N257","undirected","Binding"
"UNIPROT","Q93077","UNIPROT","Q93079","undirected","Binding"
"UNIPROT","Q93077","UNIPROT","Q96A08","undirected","Binding"
"UNIPROT","Q93077","UNIPROT","Q99877","undirected","Binding"
"UNIPROT","Q93077","UNIPROT","Q99879","undirected","Binding"
"UNIPROT","Q93077","UNIPROT","Q99880","undirected","Binding"
"UNIPROT","Q93079","UNIPROT","P07288","directed","Control(Out: ACTIVATION of BiochemicalReaction)"
"UNIPROT","Q93079","UNIPROT","P20151","directed","Control(Out: ACTIVATION of BiochemicalReaction)"
"UNIPROT","Q93079","UNIPROT","Q71DI3","undirected","Binding"
"UNIPROT","Q96A08","UNIPROT","P07288","directed","Control(Out: ACTIVATION of BiochemicalReaction)"
"UNIPROT","Q96A08","UNIPROT","P20151","directed","Control(Out: ACTIVATION of BiochemicalReaction)"
"UNIPROT","Q96A08","UNIPROT","Q71DI3","undirected","Binding"
"UNIPROT","Q99877","UNIPROT","P07288","directed","Control(Out: ACTIVATION of BiochemicalReaction)"
"UNIPROT","Q99877","UNIPROT","P20151","directed","Control(Out: ACTIVATION of BiochemicalReaction)"
"UNIPROT","Q99878","UNIPROT","O60814","undirected","Binding"
"UNIPROT","Q99878","UNIPROT","P06899","undirected","Binding"
"UNIPROT","Q99878","UNIPROT","P07288","directed","Control(Out: ACTIVATION of BiochemicalReaction)"
"UNIPROT","Q99878","UNIPROT","P20151","directed","Control(Out: ACTIVATION of BiochemicalReaction)"
"UNIPROT","Q99878","UNIPROT","P23527","undirected","Binding"
"UNIPROT","Q99878","UNIPROT","P33778","undirected","Binding"
"UNIPROT","Q99878","UNIPROT","P58876","undirected","Binding"
"UNIPROT","Q99878","UNIPROT","P62807","undirected","Binding"
"UNIPROT","Q99878","UNIPROT","P68431","undirected","Binding"
"UNIPROT","Q99878","UNIPROT","Q16778","undirected","Binding"
"UNIPROT","Q99878","UNIPROT","Q71DI3","undirected","Binding"
"UNIPROT","Q99878","UNIPROT","Q8N257","undirected","Binding"
"UNIPROT","Q99878","UNIPROT","Q93079","undirected","Binding"
"UNIPROT","Q99878","UNIPROT","Q96A08","undirected","Binding"
"UNIPROT","Q99878","UNIPROT","Q99877","undirected","Binding"
"UNIPROT","Q99878","UNIPROT","Q99879","undirected","Binding"
"UNIPROT","Q99878","UNIPROT","Q99880","undirected","Binding"
"UNIPROT","Q99879","UNIPROT","P07288","directed","Control(Out: ACTIVATION of BiochemicalReaction)"
"UNIPROT","Q99879","UNIPROT","P20151","directed","Control(Out: ACTIVATION of BiochemicalReaction)"
"UNIPROT","Q99880","UNIPROT","P07288","directed","Control(Out: ACTIVATION of BiochemicalReaction)"
"UNIPROT","Q99880","UNIPROT","P20151","directed","Control(Out: ACTIVATION of BiochemicalReaction)"
"UNIPROT","Q9BTM1","UNIPROT","O60814","undirected","Binding"
"UNIPROT","Q9BTM1","UNIPROT","P06899","undirected","Binding"
"UNIPROT","Q9BTM1","UNIPROT","P07288","directed","Control(Out: ACTIVATION of BiochemicalReaction)"
"UNIPROT","Q9BTM1","UNIPROT","P10275","undirected","Binding"
"UNIPROT","Q9BTM1","UNIPROT","P20151","directed","Control(Out: ACTIVATION of BiochemicalReaction)"
"UNIPROT","Q9BTM1","UNIPROT","P23527","undirected","Binding"
"UNIPROT","Q9BTM1","UNIPROT","P33778","undirected","Binding"
"UNIPROT","Q9BTM1","UNIPROT","P57053","undirected","Binding"
"UNIPROT","Q9BTM1","UNIPROT","P58876","undirected","Binding"
"UNIPROT","Q9BTM1","UNIPROT","P62807","undirected","Binding"
"UNIPROT","Q9BTM1","UNIPROT","P68431","undirected","Binding"
"UNIPROT","Q9BTM1","UNIPROT","P84243","undirected","Binding"
"UNIPROT","Q9BTM1","UNIPROT","Q16512","undirected","Binding"
"UNIPROT","Q9BTM1","UNIPROT","Q16778","undirected","Binding"
"UNIPROT","Q9BTM1","UNIPROT","Q71DI3","undirected","Binding"
"UNIPROT","Q9BTM1","UNIPROT","Q8N257","undirected","Binding"
"UNIPROT","Q9BTM1","UNIPROT","Q93079","undirected","Binding"
"UNIPROT","Q9BTM1","UNIPROT","Q96A08","undirected","Binding"
"UNIPROT","Q9BTM1","UNIPROT","Q99877","undirected","Binding"
"UNIPROT","Q9BTM1","UNIPROT","Q99879","undirected","Binding"
"UNIPROT","Q9BTM1","UNIPROT","Q99880","undirected","Binding"
"UNIPROT","Q9H3R0","UNIPROT","O60814","undirected","Binding"
"UNIPROT","Q9H3R0","UNIPROT","P04908","undirected","Binding"
"UNIPROT","Q9H3R0","UNIPROT","P06899","undirected","Binding"
"UNIPROT","Q9H3R0","UNIPROT","P0C0S5","undirected","Binding"
"UNIPROT","Q9H3R0","UNIPROT","P0C5Y9","undirected","Binding"
"UNIPROT","Q9H3R0","UNIPROT","P10275","undirected","Binding"
"UNIPROT","Q9H3R0","UNIPROT","P16104","undirected","Binding"
"UNIPROT","Q9H3R0","UNIPROT","P20671","undirected","Binding"
"UNIPROT","Q9H3R0","UNIPROT","P23527","undirected","Binding"
"UNIPROT","Q9H3R0","UNIPROT","P33778","undirected","Binding"
"UNIPROT","Q9H3R0","UNIPROT","P57053","undirected","Binding"
"UNIPROT","Q9H3R0","UNIPROT","P58876","undirected","Binding"
"UNIPROT","Q9H3R0","UNIPROT","P62807","undirected","Binding"
"UNIPROT","Q9H3R0","UNIPROT","P68431","undirected","Binding"
"UNIPROT","Q9H3R0","UNIPROT","P84243","undirected","Binding"
"UNIPROT","Q9H3R0","UNIPROT","Q16512","undirected","Binding"
"UNIPROT","Q9H3R0","UNIPROT","Q16777","undirected","Binding"
"UNIPROT","Q9H3R0","UNIPROT","Q16778","undirected","Binding"
"UNIPROT","Q9H3R0","UNIPROT","Q6FI13","undirected","Binding"
"UNIPROT","Q9H3R0","UNIPROT","Q71DI3","undirected","Binding"
"UNIPROT","Q9H3R0","UNIPROT","Q71UI9","undirected","Binding"
"UNIPROT","Q9H3R0","UNIPROT","Q8N257","undirected","Binding"
"UNIPROT","Q9H3R0","UNIPROT","Q93077","undirected","Binding"
"UNIPROT","Q9H3R0","UNIPROT","Q93079","undirected","Binding"
"UNIPROT","Q9H3R0","UNIPROT","Q96A08","undirected","Binding"
"UNIPROT","Q9H3R0","UNIPROT","Q99877","undirected","Binding"
"UNIPROT","Q9H3R0","UNIPROT","Q99878","undirected","Binding"
"UNIPROT","Q9H3R0","UNIPROT","Q99879","undirected","Binding"
"UNIPROT","Q9H3R0","UNIPROT","Q99880","undirected","Binding"
"UNIPROT","Q9H3R0","UNIPROT","Q9BTM1","undirected","Binding"
