"src_type","src","dest_type","dest","direction","type"
"UNIPROT","P33176","UNIPROT","P63000","undirected","Binding"
"UNIPROT","P33176","UNIPROT","Q07866","undirected","Binding"
"UNIPROT","P33176","UNIPROT","Q6P597","undirected","Binding"
"UNIPROT","P33176","UNIPROT","Q9H0B6","undirected","Binding"
"UNIPROT","P33176","UNIPROT","Q9NSK0","undirected","Binding"
"UNIPROT","P60953","UNIPROT","P33176","undirected","Binding"
"UNIPROT","P60953","UNIPROT","Q07866","undirected","Binding"
"UNIPROT","P60953","UNIPROT","Q12840","undirected","Binding"
"UNIPROT","P60953","UNIPROT","Q6P597","undirected","Binding"
"UNIPROT","P60953","UNIPROT","Q86UP2","undirected","Binding"
"UNIPROT","P60953","UNIPROT","Q9H0B6","undirected","Binding"
"UNIPROT","P60953","UNIPROT","Q9NSK0","undirected","Binding"
"UNIPROT","P61586","UNIPROT","P33176","undirected","Binding"
"UNIPROT","P61586","UNIPROT","Q07866","undirected","Binding"
"UNIPROT","P61586","UNIPROT","Q12840","undirected","Binding"
"UNIPROT","P61586","UNIPROT","Q6P597","undirected","Binding"
"UNIPROT","P61586","UNIPROT","Q86UP2","undirected","Binding"
"UNIPROT","P61586","UNIPROT","Q9H0B6","undirected","Binding"
"UNIPROT","P61586","UNIPROT","Q9NSK0","undirected","Binding"
"UNIPROT","P84095","UNIPROT","P33176","undirected","Binding"
"UNIPROT","P84095","UNIPROT","Q07866","undirected","Binding"
"UNIPROT","P84095","UNIPROT","Q12840","undirected","Binding"
"UNIPROT","P84095","UNIPROT","Q6P597","undirected","Binding"
"UNIPROT","P84095","UNIPROT","Q86UP2","undirected","Binding"
"UNIPROT","P84095","UNIPROT","Q9H0B6","undirected","Binding"
"UNIPROT","P84095","UNIPROT","Q9NSK0","undirected","Binding"
"UNIPROT","Q07866","UNIPROT","P63000","undirected","Binding"
"UNIPROT","Q12840","UNIPROT","P63000","undirected","Binding"
"UNIPROT","Q12840","UNIPROT","Q07866","undirected","Binding"
"UNIPROT","Q12840","UNIPROT","Q6P597","undirected","Binding"
"UNIPROT","Q12840","UNIPROT","Q9H0B6","undirected","Binding"
"UNIPROT","Q12840","UNIPROT","Q9NSK0","undirected","Binding"
"UNIPROT","Q6P597","UNIPROT","P63000","undirected","Binding"
"UNIPROT","Q86UP2","UNIPROT","P33176","undirected","Binding"
"UNIPROT","Q86UP2","UNIPROT","P63000","undirected","Binding"
"UNIPROT","Q86UP2","UNIPROT","Q07866","undirected","Binding"
"UNIPROT","Q86UP2","UNIPROT","Q12840","undirected","Binding"
"UNIPROT","Q86UP2","UNIPROT","Q6P597","undirected","Binding"
"UNIPROT","Q86UP2","UNIPROT","Q9H0B6","undirected","Binding"
"UNIPROT","Q86UP2","UNIPROT","Q9NSK0","undirected","Binding"
"UNIPROT","Q9H0B6","UNIPROT","P63000","undirected","Binding"
"UNIPROT","Q9NSK0","UNIPROT","P63000","undirected","Binding"
