"src_type","src","dest_type","dest","direction","type"
"UNIPROT","O00255","UNIPROT","P12830","undirected","Binding"
"UNIPROT","O00255","UNIPROT","P46940","directed","Control(In: INHIBITION of BiochemicalReaction)"
"UNIPROT","O00255","UNIPROT","P46940","undirected","Binding"
"UNIPROT","O00255","UNIPROT","P60953","directed","Control(In: INHIBITION of BiochemicalReaction)"
"UNIPROT","O00255","UNIPROT","P63000","directed","Control(In: INHIBITION of BiochemicalReaction)"
"UNIPROT","O00255","UNIPROT","Q13576","directed","Control(In: INHIBITION of BiochemicalReaction)"
"UNIPROT","O00255","UNIPROT","Q86VI3","directed","Control(In: INHIBITION of BiochemicalReaction)"
"UNIPROT","P0DP23","UNIPROT","P46940","directed","Control(Out: INHIBITION of BiochemicalReaction)"
"UNIPROT","P0DP23","UNIPROT","P60953","directed","Control(Out: INHIBITION of BiochemicalReaction)"
"UNIPROT","P0DP23","UNIPROT","P63000","directed","Control(Out: INHIBITION of BiochemicalReaction)"
"UNIPROT","P0DP23","UNIPROT","P63000","undirected","Binding"
"UNIPROT","P0DP23","UNIPROT","Q13576","directed","Control(Out: INHIBITION of BiochemicalReaction)"
"UNIPROT","P0DP23","UNIPROT","Q86VI3","directed","Control(Out: INHIBITION of BiochemicalReaction)"
"UNIPROT","P30622","UNIPROT","P63000","undirected","Binding"
"UNIPROT","P35221","UNIPROT","O00255","undirected","Binding"
"UNIPROT","P35221","UNIPROT","P12830","undirected","Binding"
"UNIPROT","P35221","UNIPROT","P46940","undirected","Binding"
"UNIPROT","P35222","UNIPROT","O00255","undirected","Binding"
"UNIPROT","P35222","UNIPROT","P12830","undirected","Binding"
"UNIPROT","P35222","UNIPROT","P35221","undirected","Binding"
"UNIPROT","P35222","UNIPROT","P46940","undirected","Binding"
"UNIPROT","P46940","UNIPROT","O00255","directed","Control(Out: INHIBITION of BiochemicalReaction)"
"UNIPROT","P46940","UNIPROT","P0DP23","undirected","Binding"
"UNIPROT","P46940","UNIPROT","P12830","directed","Control(Out: INHIBITION of BiochemicalReaction)"
"UNIPROT","P46940","UNIPROT","P12830","undirected","Binding"
"UNIPROT","P46940","UNIPROT","P30622","undirected","Binding"
"UNIPROT","P46940","UNIPROT","P35221","directed","Control(Out: INHIBITION of BiochemicalReaction)"
"UNIPROT","P46940","UNIPROT","P35222","directed","Control(Out: INHIBITION of BiochemicalReaction)"
"UNIPROT","P46940","UNIPROT","P60953","directed","Control(In: INHIBITION of BiochemicalReaction)"
"UNIPROT","P46940","UNIPROT","P63000","directed","Control(In: INHIBITION of BiochemicalReaction)"
"UNIPROT","P46940","UNIPROT","P63000","undirected","Binding"
"UNIPROT","P46940","UNIPROT","Q13576","directed","Control(In: INHIBITION of BiochemicalReaction)"
"UNIPROT","P46940","UNIPROT","Q86VI3","directed","Control(In: INHIBITION of BiochemicalReaction)"
"UNIPROT","P60953","UNIPROT","O00255","directed","Control(Out: INHIBITION of BiochemicalReaction)"
"UNIPROT","P60953","UNIPROT","P0DP23","undirected","Binding"
"UNIPROT","P60953","UNIPROT","P12830","directed","Control(Out: INHIBITION of BiochemicalReaction)"
"UNIPROT","P60953","UNIPROT","P30622","undirected","Binding"
"UNIPROT","P60953","UNIPROT","P35221","directed","Control(Out: INHIBITION of BiochemicalReaction)"
"UNIPROT","P60953","UNIPROT","P35222","directed","Control(Out: INHIBITION of BiochemicalReaction)"
"UNIPROT","P60953","UNIPROT","P46940","directed","Control(Out: INHIBITION of BiochemicalReaction)"
"UNIPROT","P60953","UNIPROT","P46940","undirected","Binding"
"UNIPROT","P60953","UNIPROT","Q13576","undirected","Binding"
"UNIPROT","P60953","UNIPROT","Q86VI3","undirected","Binding"
"UNIPROT","P63000","UNIPROT","O00255","directed","Control(Out: INHIBITION of BiochemicalReaction)"
"UNIPROT","P63000","UNIPROT","P12830","directed","Control(Out: INHIBITION of BiochemicalReaction)"
"UNIPROT","P63000","UNIPROT","P35221","directed","Control(Out: INHIBITION of BiochemicalReaction)"
"UNIPROT","P63000","UNIPROT","P35222","directed","Control(Out: INHIBITION of BiochemicalReaction)"
"UNIPROT","P63000","UNIPROT","P46940","directed","Control(Out: INHIBITION of BiochemicalReaction)"
"UNIPROT","Q13576","UNIPROT","O00255","directed","Control(Out: INHIBITION of BiochemicalReaction)"
"UNIPROT","Q13576","UNIPROT","P0DP23","undirected","Binding"
"UNIPROT","Q13576","UNIPROT","P12830","directed","Control(Out: INHIBITION of BiochemicalReaction)"
"UNIPROT","Q13576","UNIPROT","P35221","directed","Control(Out: INHIBITION of BiochemicalReaction)"
"UNIPROT","Q13576","UNIPROT","P35222","directed","Control(Out: INHIBITION of BiochemicalReaction)"
"UNIPROT","Q13576","UNIPROT","P46940","directed","Control(Out: INHIBITION of BiochemicalReaction)"
"UNIPROT","Q13576","UNIPROT","P63000","undirected","Binding"
"UNIPROT","Q86VI3","UNIPROT","O00255","directed","Control(Out: INHIBITION of BiochemicalReaction)"
"UNIPROT","Q86VI3","UNIPROT","P0DP23","undirected","Binding"
"UNIPROT","Q86VI3","UNIPROT","P12830","directed","Control(Out: INHIBITION of BiochemicalReaction)"
"UNIPROT","Q86VI3","UNIPROT","P35221","directed","Control(Out: INHIBITION of BiochemicalReaction)"
"UNIPROT","Q86VI3","UNIPROT","P35222","directed","Control(Out: INHIBITION of BiochemicalReaction)"
"UNIPROT","Q86VI3","UNIPROT","P46940","directed","Control(Out: INHIBITION of BiochemicalReaction)"
"UNIPROT","Q86VI3","UNIPROT","P63000","undirected","Binding"
