"src_type","src","dest_type","dest","direction","type"
"UNIPROT","P01375","UNIPROT","O60906","undirected","Binding"
"UNIPROT","P01375","UNIPROT","P19438","undirected","Binding"
"UNIPROT","P01375","UNIPROT","P63244","undirected","Binding"
"UNIPROT","P01375","UNIPROT","Q92636","undirected","Binding"
"UNIPROT","P01375","UNIPROT","Q9NY59","undirected","Binding"
"UNIPROT","P19438","UNIPROT","O60906","undirected","Binding"
"UNIPROT","P19438","UNIPROT","P63244","undirected","Binding"
"UNIPROT","P19438","UNIPROT","Q92636","undirected","Binding"
"UNIPROT","P19438","UNIPROT","Q9NY59","undirected","Binding"
"UNIPROT","P63244","UNIPROT","O60906","undirected","Binding"
"UNIPROT","P63244","UNIPROT","Q92636","undirected","Binding"
"UNIPROT","P63244","UNIPROT","Q9NY59","undirected","Binding"
"UNIPROT","Q92636","UNIPROT","O60906","undirected","Binding"
"UNIPROT","Q92636","UNIPROT","Q9NY59","undirected","Binding"
