"src_type","src","dest_type","dest","direction","type"
"UNIPROT","O14950","UNIPROT","P35579","undirected","Binding"
"UNIPROT","O14950","UNIPROT","P35580","undirected","Binding"
"UNIPROT","O14950","UNIPROT","P35749","undirected","Binding"
"UNIPROT","O14950","UNIPROT","P60660","undirected","Binding"
"UNIPROT","O14950","UNIPROT","Q7Z406","undirected","Binding"
"UNIPROT","O14974","UNIPROT","O14950","directed","Control(Out: ACTIVATION of BiochemicalReaction)"
"UNIPROT","O14974","UNIPROT","O60237","undirected","Binding"
"UNIPROT","O14974","UNIPROT","P24844","directed","Control(Out: ACTIVATION of BiochemicalReaction)"
"UNIPROT","O14974","UNIPROT","P35579","directed","Control(Out: ACTIVATION of BiochemicalReaction)"
"UNIPROT","O14974","UNIPROT","P35580","directed","Control(Out: ACTIVATION of BiochemicalReaction)"
"UNIPROT","O14974","UNIPROT","P35749","directed","Control(Out: ACTIVATION of BiochemicalReaction)"
"UNIPROT","O14974","UNIPROT","P60660","directed","Control(Out: ACTIVATION of BiochemicalReaction)"
"UNIPROT","O14974","UNIPROT","Q7Z406","directed","Control(Out: ACTIVATION of BiochemicalReaction)"
"UNIPROT","O60237","UNIPROT","O14950","directed","Control(Out: ACTIVATION of BiochemicalReaction)"
"UNIPROT","O60237","UNIPROT","P24844","directed","Control(Out: ACTIVATION of BiochemicalReaction)"
"UNIPROT","O60237","UNIPROT","P35579","directed","Control(Out: ACTIVATION of BiochemicalReaction)"
"UNIPROT","O60237","UNIPROT","P35580","directed","Control(Out: ACTIVATION of BiochemicalReaction)"
"UNIPROT","O60237","UNIPROT","P35749","directed","Control(Out: ACTIVATION of BiochemicalReaction)"
"UNIPROT","O60237","UNIPROT","P60660","directed","Control(Out: ACTIVATION of BiochemicalReaction)"
"UNIPROT","O60237","UNIPROT","Q7Z406","directed","Control(Out: ACTIVATION of BiochemicalReaction)"
"UNIPROT","O75116","UNIPROT","O14950","directed","Control(Out: ACTIVATION of BiochemicalReaction)"
"UNIPROT","O75116","UNIPROT","O14974","directed","Control(Out: ACTIVATION of BiochemicalReaction)"
"UNIPROT","O75116","UNIPROT","O60237","directed","Control(Out: ACTIVATION of BiochemicalReaction)"
"UNIPROT","O75116","UNIPROT","P08134","directed","Control(Out: INHIBITION of BiochemicalReaction)"
"UNIPROT","O75116","UNIPROT","P08134","undirected","Binding"
"UNIPROT","O75116","UNIPROT","P24844","directed","Control(Out: ACTIVATION of BiochemicalReaction)"
"UNIPROT","O75116","UNIPROT","P35579","directed","Control(Out: ACTIVATION of BiochemicalReaction)"
"UNIPROT","O75116","UNIPROT","P35580","directed","Control(Out: ACTIVATION of BiochemicalReaction)"
"UNIPROT","O75116","UNIPROT","P35749","directed","Control(Out: ACTIVATION of BiochemicalReaction)"
"UNIPROT","O75116","UNIPROT","P53667","directed","Control(Out: ACTIVATION of BiochemicalReaction)"
"UNIPROT","O75116","UNIPROT","P53671","directed","Control(Out: ACTIVATION of BiochemicalReaction)"
"UNIPROT","O75116","UNIPROT","P60660","directed","Control(Out: ACTIVATION of BiochemicalReaction)"
"UNIPROT","O75116","UNIPROT","P61586","directed","Control(Out: INHIBITION of BiochemicalReaction)"
"UNIPROT","O75116","UNIPROT","P62140","directed","Control(Out: ACTIVATION of BiochemicalReaction)"
"UNIPROT","O75116","UNIPROT","P62745","directed","Control(Out: INHIBITION of BiochemicalReaction)"
"UNIPROT","O75116","UNIPROT","P62745","undirected","Binding"
"UNIPROT","O75116","UNIPROT","Q7Z406","directed","Control(Out: ACTIVATION of BiochemicalReaction)"
"UNIPROT","P08134","UNIPROT","O14950","directed","Control(Out: ACTIVATION of BiochemicalReaction)"
"UNIPROT","P08134","UNIPROT","O14974","directed","Control(Out: ACTIVATION of BiochemicalReaction)"
"UNIPROT","P08134","UNIPROT","O60237","directed","Control(Out: ACTIVATION of BiochemicalReaction)"
"UNIPROT","P08134","UNIPROT","P24844","directed","Control(Out: ACTIVATION of BiochemicalReaction)"
"UNIPROT","P08134","UNIPROT","P35579","directed","Control(Out: ACTIVATION of BiochemicalReaction)"
"UNIPROT","P08134","UNIPROT","P35580","directed","Control(Out: ACTIVATION of BiochemicalReaction)"
"UNIPROT","P08134","UNIPROT","P35749","directed","Control(Out: ACTIVATION of BiochemicalReaction)"
"UNIPROT","P08134","UNIPROT","P53667","directed","Control(Out: ACTIVATION of BiochemicalReaction)"
"UNIPROT","P08134","UNIPROT","P53671","directed","Control(Out: ACTIVATION of BiochemicalReaction)"
"UNIPROT","P08134","UNIPROT","P60660","directed","Control(Out: ACTIVATION of BiochemicalReaction)"
"UNIPROT","P08134","UNIPROT","P62140","directed","Control(Out: ACTIVATION of BiochemicalReaction)"
"UNIPROT","P08134","UNIPROT","Q7Z406","directed","Control(Out: ACTIVATION of BiochemicalReaction)"
"UNIPROT","P24844","UNIPROT","P35579","undirected","Binding"
"UNIPROT","P24844","UNIPROT","P35580","undirected","Binding"
"UNIPROT","P24844","UNIPROT","P35749","undirected","Binding"
"UNIPROT","P24844","UNIPROT","P60660","undirected","Binding"
"UNIPROT","P24844","UNIPROT","Q7Z406","undirected","Binding"
"UNIPROT","P35579","UNIPROT","P60660","undirected","Binding"
"UNIPROT","P35580","UNIPROT","P60660","undirected","Binding"
"UNIPROT","P35749","UNIPROT","P60660","undirected","Binding"
"UNIPROT","P53667","UNIPROT","P23528","directed","Control(Out: ACTIVATION of BiochemicalReaction)"
"UNIPROT","P53671","UNIPROT","P23528","directed","Control(Out: ACTIVATION of BiochemicalReaction)"
"UNIPROT","P61586","UNIPROT","O14950","directed","Control(Out: ACTIVATION of BiochemicalReaction)"
"UNIPROT","P61586","UNIPROT","O14974","directed","Control(Out: ACTIVATION of BiochemicalReaction)"
"UNIPROT","P61586","UNIPROT","O60237","directed","Control(Out: ACTIVATION of BiochemicalReaction)"
"UNIPROT","P61586","UNIPROT","O75116","undirected","Binding"
"UNIPROT","P61586","UNIPROT","P24844","directed","Control(Out: ACTIVATION of BiochemicalReaction)"
"UNIPROT","P61586","UNIPROT","P35579","directed","Control(Out: ACTIVATION of BiochemicalReaction)"
"UNIPROT","P61586","UNIPROT","P35580","directed","Control(Out: ACTIVATION of BiochemicalReaction)"
"UNIPROT","P61586","UNIPROT","P35749","directed","Control(Out: ACTIVATION of BiochemicalReaction)"
"UNIPROT","P61586","UNIPROT","P53667","directed","Control(Out: ACTIVATION of BiochemicalReaction)"
"UNIPROT","P61586","UNIPROT","P53671","directed","Control(Out: ACTIVATION of BiochemicalReaction)"
"UNIPROT","P61586","UNIPROT","P60660","directed","Control(Out: ACTIVATION of BiochemicalReaction)"
"UNIPROT","P61586","UNIPROT","P62140","directed","Control(Out: ACTIVATION of BiochemicalReaction)"
"UNIPROT","P61586","UNIPROT","Q13464","undirected","Binding"
"UNIPROT","P61586","UNIPROT","Q7Z406","directed","Control(Out: ACTIVATION of BiochemicalReaction)"
"UNIPROT","P62140","UNIPROT","O14950","directed","Control(Out: ACTIVATION of BiochemicalReaction)"
"UNIPROT","P62140","UNIPROT","O14974","undirected","Binding"
"UNIPROT","P62140","UNIPROT","O60237","undirected","Binding"
"UNIPROT","P62140","UNIPROT","P24844","directed","Control(Out: ACTIVATION of BiochemicalReaction)"
"UNIPROT","P62140","UNIPROT","P35579","directed","Control(Out: ACTIVATION of BiochemicalReaction)"
"UNIPROT","P62140","UNIPROT","P35580","directed","Control(Out: ACTIVATION of BiochemicalReaction)"
"UNIPROT","P62140","UNIPROT","P35749","directed","Control(Out: ACTIVATION of BiochemicalReaction)"
"UNIPROT","P62140","UNIPROT","P60660","directed","Control(Out: ACTIVATION of BiochemicalReaction)"
"UNIPROT","P62140","UNIPROT","Q7Z406","directed","Control(Out: ACTIVATION of BiochemicalReaction)"
"UNIPROT","P62745","UNIPROT","O14950","directed","Control(Out: ACTIVATION of BiochemicalReaction)"
"UNIPROT","P62745","UNIPROT","O14974","directed","Control(Out: ACTIVATION of BiochemicalReaction)"
"UNIPROT","P62745","UNIPROT","O60237","directed","Control(Out: ACTIVATION of BiochemicalReaction)"
"UNIPROT","P62745","UNIPROT","P24844","directed","Control(Out: ACTIVATION of BiochemicalReaction)"
"UNIPROT","P62745","UNIPROT","P35579","directed","Control(Out: ACTIVATION of BiochemicalReaction)"
"UNIPROT","P62745","UNIPROT","P35580","directed","Control(Out: ACTIVATION of BiochemicalReaction)"
"UNIPROT","P62745","UNIPROT","P35749","directed","Control(Out: ACTIVATION of BiochemicalReaction)"
"UNIPROT","P62745","UNIPROT","P53667","directed","Control(Out: ACTIVATION of BiochemicalReaction)"
"UNIPROT","P62745","UNIPROT","P53671","directed","Control(Out: ACTIVATION of BiochemicalReaction)"
"UNIPROT","P62745","UNIPROT","P60660","directed","Control(Out: ACTIVATION of BiochemicalReaction)"
"UNIPROT","P62745","UNIPROT","P62140","directed","Control(Out: ACTIVATION of BiochemicalReaction)"
"UNIPROT","P62745","UNIPROT","Q7Z406","directed","Control(Out: ACTIVATION of BiochemicalReaction)"
"UNIPROT","Q13153","UNIPROT","O14950","directed","Control(Out: INHIBITION of BiochemicalReaction)"
"UNIPROT","Q13153","UNIPROT","P24844","directed","Control(Out: INHIBITION of BiochemicalReaction)"
"UNIPROT","Q13153","UNIPROT","P35579","directed","Control(Out: INHIBITION of BiochemicalReaction)"
"UNIPROT","Q13153","UNIPROT","P35580","directed","Control(Out: INHIBITION of BiochemicalReaction)"
"UNIPROT","Q13153","UNIPROT","P35749","directed","Control(Out: INHIBITION of BiochemicalReaction)"
"UNIPROT","Q13153","UNIPROT","P60660","directed","Control(Out: INHIBITION of BiochemicalReaction)"
"UNIPROT","Q13153","UNIPROT","Q7Z406","directed","Control(Out: INHIBITION of BiochemicalReaction)"
"UNIPROT","Q13464","UNIPROT","O14950","directed","Control(Out: ACTIVATION of BiochemicalReaction)"
"UNIPROT","Q13464","UNIPROT","O14974","directed","Control(Out: ACTIVATION of BiochemicalReaction)"
"UNIPROT","Q13464","UNIPROT","O60237","directed","Control(Out: ACTIVATION of BiochemicalReaction)"
"UNIPROT","Q13464","UNIPROT","P08134","directed","Control(Out: INHIBITION of BiochemicalReaction)"
"UNIPROT","Q13464","UNIPROT","P08134","undirected","Binding"
"UNIPROT","Q13464","UNIPROT","P24844","directed","Control(Out: ACTIVATION of BiochemicalReaction)"
"UNIPROT","Q13464","UNIPROT","P35579","directed","Control(Out: ACTIVATION of BiochemicalReaction)"
"UNIPROT","Q13464","UNIPROT","P35580","directed","Control(Out: ACTIVATION of BiochemicalReaction)"
"UNIPROT","Q13464","UNIPROT","P35749","directed","Control(Out: ACTIVATION of BiochemicalReaction)"
"UNIPROT","Q13464","UNIPROT","P53667","directed","Control(Out: ACTIVATION of BiochemicalReaction)"
"UNIPROT","Q13464","UNIPROT","P53671","directed","Control(Out: ACTIVATION of BiochemicalReaction)"
"UNIPROT","Q13464","UNIPROT","P60660","directed","Control(Out: ACTIVATION of BiochemicalReaction)"
"UNIPROT","Q13464","UNIPROT","P61586","directed","Control(Out: INHIBITION of BiochemicalReaction)"
"UNIPROT","Q13464","UNIPROT","P62140","directed","Control(Out: ACTIVATION of BiochemicalReaction)"
"UNIPROT","Q13464","UNIPROT","P62745","directed","Control(Out: INHIBITION of BiochemicalReaction)"
"UNIPROT","Q13464","UNIPROT","P62745","undirected","Binding"
"UNIPROT","Q13464","UNIPROT","Q7Z406","directed","Control(Out: ACTIVATION of BiochemicalReaction)"
"UNIPROT","Q7Z406","UNIPROT","P60660","undirected","Binding"
