"src_type","src","dest_type","dest","direction","type"
"UNIPROT","O43323","UNIPROT","P54826","undirected","Binding"
"UNIPROT","O43323","UNIPROT","Q4KMG0","undirected","Binding"
"UNIPROT","O43323","UNIPROT","Q96QV1","undirected","Binding"
"UNIPROT","O43323","UNIPROT","Q9BWV1","undirected","Binding"
"UNIPROT","Q13635","UNIPROT","O43323","undirected","Binding"
"UNIPROT","Q13635","UNIPROT","P54826","undirected","Binding"
"UNIPROT","Q13635","UNIPROT","Q14623","undirected","Binding"
"UNIPROT","Q13635","UNIPROT","Q15465","undirected","Binding"
"UNIPROT","Q13635","UNIPROT","Q4KMG0","undirected","Binding"
"UNIPROT","Q13635","UNIPROT","Q9BWV1","undirected","Binding"
"UNIPROT","Q14623","UNIPROT","P54826","undirected","Binding"
"UNIPROT","Q14623","UNIPROT","Q4KMG0","undirected","Binding"
"UNIPROT","Q14623","UNIPROT","Q96QV1","undirected","Binding"
"UNIPROT","Q14623","UNIPROT","Q9BWV1","undirected","Binding"
"UNIPROT","Q15465","UNIPROT","P54826","undirected","Binding"
"UNIPROT","Q15465","UNIPROT","Q4KMG0","undirected","Binding"
"UNIPROT","Q15465","UNIPROT","Q96QV1","undirected","Binding"
"UNIPROT","Q15465","UNIPROT","Q9BWV1","undirected","Binding"
