"src_type","src","dest_type","dest","direction","type"
"UNIPROT","O00141","UNIPROT","Q00987","directed","Control(Out: ACTIVATION of BiochemicalReaction)"
"UNIPROT","O00268","UNIPROT","P04637","directed","Control(Out: ACTIVATION of BiochemicalReaction)"
"UNIPROT","O00268","UNIPROT","P21675","undirected","Binding"
"UNIPROT","O00268","UNIPROT","P49848","undirected","Binding"
"UNIPROT","O00268","UNIPROT","Q15542","undirected","Binding"
"UNIPROT","O00268","UNIPROT","Q15543","undirected","Binding"
"UNIPROT","O00268","UNIPROT","Q15544","undirected","Binding"
"UNIPROT","O00268","UNIPROT","Q15545","undirected","Binding"
"UNIPROT","O00268","UNIPROT","Q16514","undirected","Binding"
"UNIPROT","O00268","UNIPROT","Q16594","undirected","Binding"
"UNIPROT","O00268","UNIPROT","Q5H9L4","undirected","Binding"
"UNIPROT","O00268","UNIPROT","Q5VWG9","undirected","Binding"
"UNIPROT","O00268","UNIPROT","Q6P1X5","undirected","Binding"
"UNIPROT","O00268","UNIPROT","Q8IZX4","undirected","Binding"
"UNIPROT","O00268","UNIPROT","Q92750","undirected","Binding"
"UNIPROT","O00268","UNIPROT","Q92804","undirected","Binding"
"UNIPROT","O00268","UNIPROT","Q9HBM6","undirected","Binding"
"UNIPROT","O14744","UNIPROT","P04637","undirected","Binding"
"UNIPROT","O14744","UNIPROT","Q09472","undirected","Binding"
"UNIPROT","O14757","UNIPROT","P04637","directed","Control(Out: ACTIVATION of BiochemicalReaction)"
"UNIPROT","O14965","UNIPROT","P04637","directed","Control(Out: ACTIVATION of BiochemicalReaction)"
"UNIPROT","O14965","UNIPROT","Q9ULW0","undirected","Binding"
"UNIPROT","O15151","UNIPROT","P04637","directed","Control(Out: INHIBITION of BiochemicalReaction)"
"UNIPROT","O15151","UNIPROT","P0CG47","directed","Control(Out: ACTIVATION of BiochemicalReaction)"
"UNIPROT","O15151","UNIPROT","P0CG47","directed","Process(BiochemicalReaction)"
"UNIPROT","O15151","UNIPROT","P0CG48","directed","Control(Out: ACTIVATION of BiochemicalReaction)"
"UNIPROT","O15151","UNIPROT","P0CG48","directed","Process(BiochemicalReaction)"
"UNIPROT","O15151","UNIPROT","P62979","directed","Control(Out: ACTIVATION of BiochemicalReaction)"
"UNIPROT","O15151","UNIPROT","P62979","directed","Process(BiochemicalReaction)"
"UNIPROT","O15151","UNIPROT","P62987","directed","Control(Out: ACTIVATION of BiochemicalReaction)"
"UNIPROT","O15151","UNIPROT","P62987","directed","Process(BiochemicalReaction)"
"UNIPROT","O15151","UNIPROT","Q00987","undirected","Binding"
"UNIPROT","O15151","UNIPROT","Q8N9B5","directed","Control(Out: ACTIVATION of BiochemicalReaction)"
"UNIPROT","O15151","UNIPROT","Q92630","directed","Control(Out: ACTIVATION of BiochemicalReaction)"
"UNIPROT","O15530","UNIPROT","O00141","directed","Control(Out: ACTIVATION of BiochemicalReaction)"
"UNIPROT","O43741","UNIPROT","P04637","directed","Control(Out: ACTIVATION of BiochemicalReaction)"
"UNIPROT","O43741","UNIPROT","P54646","undirected","Binding"
"UNIPROT","O43741","UNIPROT","Q13131","undirected","Binding"
"UNIPROT","O60285","UNIPROT","P04637","undirected","Binding"
"UNIPROT","O60285","UNIPROT","Q15831","undirected","Binding"
"UNIPROT","O60671","UNIPROT","O60934","undirected","Binding"
"UNIPROT","O60671","UNIPROT","O75943","undirected","Binding"
"UNIPROT","O60671","UNIPROT","P04637","directed","Control(Out: ACTIVATION of BiochemicalReaction)"
"UNIPROT","O60671","UNIPROT","P35249","undirected","Binding"
"UNIPROT","O60671","UNIPROT","P35250","undirected","Binding"
"UNIPROT","O60671","UNIPROT","P38398","undirected","Binding"
"UNIPROT","O60671","UNIPROT","P40937","undirected","Binding"
"UNIPROT","O60671","UNIPROT","P40938","undirected","Binding"
"UNIPROT","O60671","UNIPROT","P49959","undirected","Binding"
"UNIPROT","O60671","UNIPROT","P51530","undirected","Binding"
"UNIPROT","O60671","UNIPROT","P54132","undirected","Binding"
"UNIPROT","O60671","UNIPROT","Q13315","undirected","Binding"
"UNIPROT","O60671","UNIPROT","Q13472","undirected","Binding"
"UNIPROT","O60671","UNIPROT","Q13535","undirected","Binding"
"UNIPROT","O60671","UNIPROT","Q92547","undirected","Binding"
"UNIPROT","O60671","UNIPROT","Q92878","undirected","Binding"
"UNIPROT","O60671","UNIPROT","Q99708","undirected","Binding"
"UNIPROT","O60671","UNIPROT","Q9BSD3","undirected","Binding"
"UNIPROT","O60921","UNIPROT","O60671","undirected","Binding"
"UNIPROT","O60921","UNIPROT","O60934","undirected","Binding"
"UNIPROT","O60921","UNIPROT","O75943","undirected","Binding"
"UNIPROT","O60921","UNIPROT","P04637","directed","Control(Out: ACTIVATION of BiochemicalReaction)"
"UNIPROT","O60921","UNIPROT","P35249","undirected","Binding"
"UNIPROT","O60921","UNIPROT","P35250","undirected","Binding"
"UNIPROT","O60921","UNIPROT","P38398","undirected","Binding"
"UNIPROT","O60921","UNIPROT","P40937","undirected","Binding"
"UNIPROT","O60921","UNIPROT","P40938","undirected","Binding"
"UNIPROT","O60921","UNIPROT","P49959","undirected","Binding"
"UNIPROT","O60921","UNIPROT","P51530","undirected","Binding"
"UNIPROT","O60921","UNIPROT","P54132","undirected","Binding"
"UNIPROT","O60921","UNIPROT","Q13315","undirected","Binding"
"UNIPROT","O60921","UNIPROT","Q13472","undirected","Binding"
"UNIPROT","O60921","UNIPROT","Q13535","undirected","Binding"
"UNIPROT","O60921","UNIPROT","Q6WBX8","undirected","Binding"
"UNIPROT","O60921","UNIPROT","Q92547","undirected","Binding"
"UNIPROT","O60921","UNIPROT","Q92878","undirected","Binding"
"UNIPROT","O60921","UNIPROT","Q99638","undirected","Binding"
"UNIPROT","O60921","UNIPROT","Q99708","undirected","Binding"
"UNIPROT","O60921","UNIPROT","Q9BSD3","undirected","Binding"
"UNIPROT","O60934","UNIPROT","P04637","directed","Control(Out: ACTIVATION of BiochemicalReaction)"
"UNIPROT","O60934","UNIPROT","P38398","undirected","Binding"
"UNIPROT","O60934","UNIPROT","P54132","undirected","Binding"
"UNIPROT","O60934","UNIPROT","Q13315","undirected","Binding"
"UNIPROT","O60934","UNIPROT","Q13472","undirected","Binding"
"UNIPROT","O60934","UNIPROT","Q13535","undirected","Binding"
"UNIPROT","O60934","UNIPROT","Q99708","undirected","Binding"
"UNIPROT","O75604","UNIPROT","O15151","undirected","Binding"
"UNIPROT","O75604","UNIPROT","Q00987","undirected","Binding"
"UNIPROT","O75626","UNIPROT","P04637","directed","Control(Out: INHIBITION of BiochemicalReaction)"
"UNIPROT","O75943","UNIPROT","O60934","undirected","Binding"
"UNIPROT","O75943","UNIPROT","P04637","directed","Control(Out: ACTIVATION of BiochemicalReaction)"
"UNIPROT","O75943","UNIPROT","P35249","undirected","Binding"
"UNIPROT","O75943","UNIPROT","P35250","undirected","Binding"
"UNIPROT","O75943","UNIPROT","P38398","undirected","Binding"
"UNIPROT","O75943","UNIPROT","P40937","undirected","Binding"
"UNIPROT","O75943","UNIPROT","P40938","undirected","Binding"
"UNIPROT","O75943","UNIPROT","P49959","undirected","Binding"
"UNIPROT","O75943","UNIPROT","P51530","undirected","Binding"
"UNIPROT","O75943","UNIPROT","P54132","undirected","Binding"
"UNIPROT","O75943","UNIPROT","Q13315","undirected","Binding"
"UNIPROT","O75943","UNIPROT","Q13472","undirected","Binding"
"UNIPROT","O75943","UNIPROT","Q13535","undirected","Binding"
"UNIPROT","O75943","UNIPROT","Q92878","undirected","Binding"
"UNIPROT","O75943","UNIPROT","Q99708","undirected","Binding"
"UNIPROT","O94776","UNIPROT","O95696","directed","Control(Out: ACTIVATION of BiochemicalReaction)"
"UNIPROT","O94776","UNIPROT","O95983","undirected","Binding"
"UNIPROT","O94776","UNIPROT","P04637","directed","Control(Out: ACTIVATION of BiochemicalReaction)"
"UNIPROT","O94776","UNIPROT","P29590","directed","Control(Out: ACTIVATION of BiochemicalReaction)"
"UNIPROT","O94776","UNIPROT","P55201","directed","Control(Out: ACTIVATION of BiochemicalReaction)"
"UNIPROT","O94776","UNIPROT","Q09472","directed","Control(Out: ACTIVATION of BiochemicalReaction)"
"UNIPROT","O94776","UNIPROT","Q12873","undirected","Binding"
"UNIPROT","O94776","UNIPROT","Q14839","undirected","Binding"
"UNIPROT","O94776","UNIPROT","Q16576","undirected","Binding"
"UNIPROT","O94776","UNIPROT","Q86YP4","undirected","Binding"
"UNIPROT","O94776","UNIPROT","Q8WXI9","undirected","Binding"
"UNIPROT","O94776","UNIPROT","Q8WYH8","directed","Control(Out: ACTIVATION of BiochemicalReaction)"
"UNIPROT","O94776","UNIPROT","Q92794","directed","Control(Out: ACTIVATION of BiochemicalReaction)"
"UNIPROT","O94776","UNIPROT","Q9HAF1","directed","Control(Out: ACTIVATION of BiochemicalReaction)"
"UNIPROT","O94776","UNIPROT","Q9NPI1","directed","Control(Out: ACTIVATION of BiochemicalReaction)"
"UNIPROT","O94776","UNIPROT","Q9ULD4","directed","Control(Out: ACTIVATION of BiochemicalReaction)"
"UNIPROT","O95696","UNIPROT","Q8WYH8","undirected","Binding"
"UNIPROT","O95696","UNIPROT","Q9HAF1","undirected","Binding"
"UNIPROT","O95983","UNIPROT","O95696","directed","Control(Out: ACTIVATION of BiochemicalReaction)"
"UNIPROT","O95983","UNIPROT","P04637","directed","Control(Out: ACTIVATION of BiochemicalReaction)"
"UNIPROT","O95983","UNIPROT","P29590","directed","Control(Out: ACTIVATION of BiochemicalReaction)"
"UNIPROT","O95983","UNIPROT","P55201","directed","Control(Out: ACTIVATION of BiochemicalReaction)"
"UNIPROT","O95983","UNIPROT","Q09472","directed","Control(Out: ACTIVATION of BiochemicalReaction)"
"UNIPROT","O95983","UNIPROT","Q16576","undirected","Binding"
"UNIPROT","O95983","UNIPROT","Q86YP4","undirected","Binding"
"UNIPROT","O95983","UNIPROT","Q8WXI9","undirected","Binding"
"UNIPROT","O95983","UNIPROT","Q8WYH8","directed","Control(Out: ACTIVATION of BiochemicalReaction)"
"UNIPROT","O95983","UNIPROT","Q92794","directed","Control(Out: ACTIVATION of BiochemicalReaction)"
"UNIPROT","O95983","UNIPROT","Q9HAF1","directed","Control(Out: ACTIVATION of BiochemicalReaction)"
"UNIPROT","O95983","UNIPROT","Q9NPI1","directed","Control(Out: ACTIVATION of BiochemicalReaction)"
"UNIPROT","O95983","UNIPROT","Q9ULD4","directed","Control(Out: ACTIVATION of BiochemicalReaction)"
"UNIPROT","O96017","UNIPROT","O15151","directed","Control(Out: ACTIVATION of BiochemicalReaction)"
"UNIPROT","O96017","UNIPROT","P04637","directed","Control(Out: ACTIVATION of BiochemicalReaction)"
"UNIPROT","O96017","UNIPROT","Q00987","directed","Control(Out: ACTIVATION of BiochemicalReaction)"
"UNIPROT","O96017","UNIPROT","Q8N0Z6","directed","Control(Out: ACTIVATION of BiochemicalReaction)"
"UNIPROT","P04637","UNIPROT","O15151","undirected","Binding"
"UNIPROT","P04637","UNIPROT","O75626","directed","Control(Out: ACTIVATION of BiochemicalReaction)"
"UNIPROT","P04637","UNIPROT","O95696","undirected","Binding"
"UNIPROT","P04637","UNIPROT","P0CG47","directed","Process(BiochemicalReaction)"
"UNIPROT","P04637","UNIPROT","P0CG48","directed","Process(BiochemicalReaction)"
"UNIPROT","P04637","UNIPROT","P29590","undirected","Binding"
"UNIPROT","P04637","UNIPROT","P51959","directed","Control(Out: ACTIVATION of BiochemicalReaction)"
"UNIPROT","P04637","UNIPROT","P55201","undirected","Binding"
"UNIPROT","P04637","UNIPROT","P62979","directed","Process(BiochemicalReaction)"
"UNIPROT","P04637","UNIPROT","P62987","directed","Process(BiochemicalReaction)"
"UNIPROT","P04637","UNIPROT","Q00987","directed","Control(Out: ACTIVATION of BiochemicalReaction)"
"UNIPROT","P04637","UNIPROT","Q00987","undirected","Binding"
"UNIPROT","P04637","UNIPROT","Q09472","undirected","Binding"
"UNIPROT","P04637","UNIPROT","Q13526","undirected","Binding"
"UNIPROT","P04637","UNIPROT","Q13625","undirected","Binding"
"UNIPROT","P04637","UNIPROT","Q15831","undirected","Binding"
"UNIPROT","P04637","UNIPROT","Q86Z02","undirected","Binding"
"UNIPROT","P04637","UNIPROT","Q8N726","undirected","Binding"
"UNIPROT","P04637","UNIPROT","Q8WYH8","undirected","Binding"
"UNIPROT","P04637","UNIPROT","Q92794","undirected","Binding"
"UNIPROT","P04637","UNIPROT","Q96GD4","undirected","Binding"
"UNIPROT","P04637","UNIPROT","Q96KQ4","undirected","Binding"
"UNIPROT","P04637","UNIPROT","Q96PM9","directed","Control(Out: ACTIVATION of BiochemicalReaction)"
"UNIPROT","P04637","UNIPROT","Q96PM9","undirected","Binding"
"UNIPROT","P04637","UNIPROT","Q9BVI0","undirected","Binding"
"UNIPROT","P04637","UNIPROT","Q9H160","undirected","Binding"
"UNIPROT","P04637","UNIPROT","Q9H2X6","undirected","Binding"
"UNIPROT","P04637","UNIPROT","Q9HAF1","undirected","Binding"
"UNIPROT","P04637","UNIPROT","Q9ULD4","undirected","Binding"
"UNIPROT","P06493","UNIPROT","Q00987","directed","Control(Out: ACTIVATION of BiochemicalReaction)"
"UNIPROT","P0CG47","UNIPROT","O15151","directed","Control(In: INHIBITION of BiochemicalReaction)"
"UNIPROT","P0CG47","UNIPROT","O15151","directed","Control(In: ACTIVATION of BiochemicalReaction)"
"UNIPROT","P0CG47","UNIPROT","O15151","directed","Process(BiochemicalReaction)"
"UNIPROT","P0CG47","UNIPROT","P04637","directed","Control(In: ACTIVATION of BiochemicalReaction)"
"UNIPROT","P0CG47","UNIPROT","P04637","directed","Process(BiochemicalReaction)"
"UNIPROT","P0CG47","UNIPROT","Q00987","directed","Control(In: INHIBITION of BiochemicalReaction)"
"UNIPROT","P0CG47","UNIPROT","Q00987","directed","Control(In: ACTIVATION of BiochemicalReaction)"
"UNIPROT","P0CG47","UNIPROT","Q00987","directed","Process(BiochemicalReaction)"
"UNIPROT","P0CG47","UNIPROT","Q8N726","directed","Control(In: INHIBITION of BiochemicalReaction)"
"UNIPROT","P0CG47","UNIPROT","Q8N9B5","directed","Process(BiochemicalReaction)"
"UNIPROT","P0CG47","UNIPROT","Q8WZ73","directed","Control(In: ACTIVATION of BiochemicalReaction)"
"UNIPROT","P0CG47","UNIPROT","Q92630","directed","Process(BiochemicalReaction)"
"UNIPROT","P0CG47","UNIPROT","Q969K3","directed","Control(In: ACTIVATION of BiochemicalReaction)"
"UNIPROT","P0CG48","UNIPROT","O15151","directed","Control(In: INHIBITION of BiochemicalReaction)"
"UNIPROT","P0CG48","UNIPROT","O15151","directed","Control(In: ACTIVATION of BiochemicalReaction)"
"UNIPROT","P0CG48","UNIPROT","O15151","directed","Process(BiochemicalReaction)"
"UNIPROT","P0CG48","UNIPROT","P04637","directed","Control(In: ACTIVATION of BiochemicalReaction)"
"UNIPROT","P0CG48","UNIPROT","P04637","directed","Process(BiochemicalReaction)"
"UNIPROT","P0CG48","UNIPROT","Q00987","directed","Control(In: INHIBITION of BiochemicalReaction)"
"UNIPROT","P0CG48","UNIPROT","Q00987","directed","Control(In: ACTIVATION of BiochemicalReaction)"
"UNIPROT","P0CG48","UNIPROT","Q00987","directed","Process(BiochemicalReaction)"
"UNIPROT","P0CG48","UNIPROT","Q8N726","directed","Control(In: INHIBITION of BiochemicalReaction)"
"UNIPROT","P0CG48","UNIPROT","Q8N9B5","directed","Process(BiochemicalReaction)"
"UNIPROT","P0CG48","UNIPROT","Q8WZ73","directed","Control(In: ACTIVATION of BiochemicalReaction)"
"UNIPROT","P0CG48","UNIPROT","Q92630","directed","Process(BiochemicalReaction)"
"UNIPROT","P0CG48","UNIPROT","Q969K3","directed","Control(In: ACTIVATION of BiochemicalReaction)"
"UNIPROT","P15927","UNIPROT","O60671","undirected","Binding"
"UNIPROT","P15927","UNIPROT","O60921","undirected","Binding"
"UNIPROT","P15927","UNIPROT","O60934","undirected","Binding"
"UNIPROT","P15927","UNIPROT","O75943","undirected","Binding"
"UNIPROT","P15927","UNIPROT","P04637","directed","Control(Out: ACTIVATION of BiochemicalReaction)"
"UNIPROT","P15927","UNIPROT","P27694","undirected","Binding"
"UNIPROT","P15927","UNIPROT","P35244","undirected","Binding"
"UNIPROT","P15927","UNIPROT","P35249","undirected","Binding"
"UNIPROT","P15927","UNIPROT","P35250","undirected","Binding"
"UNIPROT","P15927","UNIPROT","P38398","undirected","Binding"
"UNIPROT","P15927","UNIPROT","P40937","undirected","Binding"
"UNIPROT","P15927","UNIPROT","P40938","undirected","Binding"
"UNIPROT","P15927","UNIPROT","P49959","undirected","Binding"
"UNIPROT","P15927","UNIPROT","P51530","undirected","Binding"
"UNIPROT","P15927","UNIPROT","P54132","undirected","Binding"
"UNIPROT","P15927","UNIPROT","Q13315","undirected","Binding"
"UNIPROT","P15927","UNIPROT","Q13472","undirected","Binding"
"UNIPROT","P15927","UNIPROT","Q13535","undirected","Binding"
"UNIPROT","P15927","UNIPROT","Q14191","undirected","Binding"
"UNIPROT","P15927","UNIPROT","Q6WBX8","undirected","Binding"
"UNIPROT","P15927","UNIPROT","Q8WXE1","undirected","Binding"
"UNIPROT","P15927","UNIPROT","Q92547","undirected","Binding"
"UNIPROT","P15927","UNIPROT","Q92878","undirected","Binding"
"UNIPROT","P15927","UNIPROT","Q96E14","undirected","Binding"
"UNIPROT","P15927","UNIPROT","Q99638","undirected","Binding"
"UNIPROT","P15927","UNIPROT","Q99708","undirected","Binding"
"UNIPROT","P15927","UNIPROT","Q99728","undirected","Binding"
"UNIPROT","P15927","UNIPROT","Q9BSD3","undirected","Binding"
"UNIPROT","P15927","UNIPROT","Q9BX63","undirected","Binding"
"UNIPROT","P15927","UNIPROT","Q9H9A7","undirected","Binding"
"UNIPROT","P15927","UNIPROT","Q9UQ84","undirected","Binding"
"UNIPROT","P19784","UNIPROT","P04637","directed","Control(Out: ACTIVATION of BiochemicalReaction)"
"UNIPROT","P19784","UNIPROT","Q08945","undirected","Binding"
"UNIPROT","P19784","UNIPROT","Q9Y5B9","undirected","Binding"
"UNIPROT","P20226","UNIPROT","O00268","undirected","Binding"
"UNIPROT","P20226","UNIPROT","P04637","directed","Control(Out: ACTIVATION of BiochemicalReaction)"
"UNIPROT","P20226","UNIPROT","P21675","undirected","Binding"
"UNIPROT","P20226","UNIPROT","P49848","undirected","Binding"
"UNIPROT","P20226","UNIPROT","Q15542","undirected","Binding"
"UNIPROT","P20226","UNIPROT","Q15543","undirected","Binding"
"UNIPROT","P20226","UNIPROT","Q15544","undirected","Binding"
"UNIPROT","P20226","UNIPROT","Q15545","undirected","Binding"
"UNIPROT","P20226","UNIPROT","Q16514","undirected","Binding"
"UNIPROT","P20226","UNIPROT","Q16594","undirected","Binding"
"UNIPROT","P20226","UNIPROT","Q5H9L4","undirected","Binding"
"UNIPROT","P20226","UNIPROT","Q5VWG9","undirected","Binding"
"UNIPROT","P20226","UNIPROT","Q6P1X5","undirected","Binding"
"UNIPROT","P20226","UNIPROT","Q8IZX4","undirected","Binding"
"UNIPROT","P20226","UNIPROT","Q92750","undirected","Binding"
"UNIPROT","P20226","UNIPROT","Q92804","undirected","Binding"
"UNIPROT","P20226","UNIPROT","Q9HBM6","undirected","Binding"
"UNIPROT","P20248","UNIPROT","P04637","directed","Control(Out: ACTIVATION of BiochemicalReaction)"
"UNIPROT","P20248","UNIPROT","P06493","undirected","Binding"
"UNIPROT","P20248","UNIPROT","Q00987","directed","Control(Out: ACTIVATION of BiochemicalReaction)"
"UNIPROT","P21675","UNIPROT","P04637","directed","Control(Out: ACTIVATION of BiochemicalReaction)"
"UNIPROT","P21675","UNIPROT","P49848","undirected","Binding"
"UNIPROT","P21675","UNIPROT","Q15542","undirected","Binding"
"UNIPROT","P21675","UNIPROT","Q15543","undirected","Binding"
"UNIPROT","P21675","UNIPROT","Q15544","undirected","Binding"
"UNIPROT","P21675","UNIPROT","Q15545","undirected","Binding"
"UNIPROT","P21675","UNIPROT","Q16514","undirected","Binding"
"UNIPROT","P21675","UNIPROT","Q16594","undirected","Binding"
"UNIPROT","P21675","UNIPROT","Q5H9L4","undirected","Binding"
"UNIPROT","P21675","UNIPROT","Q5VWG9","undirected","Binding"
"UNIPROT","P21675","UNIPROT","Q6P1X5","undirected","Binding"
"UNIPROT","P21675","UNIPROT","Q92750","undirected","Binding"
"UNIPROT","P21675","UNIPROT","Q92804","undirected","Binding"
"UNIPROT","P21675","UNIPROT","Q9HBM6","undirected","Binding"
"UNIPROT","P24941","UNIPROT","P04637","directed","Control(Out: ACTIVATION of BiochemicalReaction)"
"UNIPROT","P24941","UNIPROT","P20248","undirected","Binding"
"UNIPROT","P24941","UNIPROT","P78396","undirected","Binding"
"UNIPROT","P24941","UNIPROT","Q00987","directed","Control(Out: ACTIVATION of BiochemicalReaction)"
"UNIPROT","P27694","UNIPROT","O60671","undirected","Binding"
"UNIPROT","P27694","UNIPROT","O60921","undirected","Binding"
"UNIPROT","P27694","UNIPROT","O60934","undirected","Binding"
"UNIPROT","P27694","UNIPROT","O75943","undirected","Binding"
"UNIPROT","P27694","UNIPROT","P04637","directed","Control(Out: ACTIVATION of BiochemicalReaction)"
"UNIPROT","P27694","UNIPROT","P35244","undirected","Binding"
"UNIPROT","P27694","UNIPROT","P35249","undirected","Binding"
"UNIPROT","P27694","UNIPROT","P35250","undirected","Binding"
"UNIPROT","P27694","UNIPROT","P38398","undirected","Binding"
"UNIPROT","P27694","UNIPROT","P40937","undirected","Binding"
"UNIPROT","P27694","UNIPROT","P40938","undirected","Binding"
"UNIPROT","P27694","UNIPROT","P49959","undirected","Binding"
"UNIPROT","P27694","UNIPROT","P51530","undirected","Binding"
"UNIPROT","P27694","UNIPROT","P54132","undirected","Binding"
"UNIPROT","P27694","UNIPROT","Q13315","undirected","Binding"
"UNIPROT","P27694","UNIPROT","Q13472","undirected","Binding"
"UNIPROT","P27694","UNIPROT","Q13535","undirected","Binding"
"UNIPROT","P27694","UNIPROT","Q14191","undirected","Binding"
"UNIPROT","P27694","UNIPROT","Q6WBX8","undirected","Binding"
"UNIPROT","P27694","UNIPROT","Q8WXE1","undirected","Binding"
"UNIPROT","P27694","UNIPROT","Q92547","undirected","Binding"
"UNIPROT","P27694","UNIPROT","Q92878","undirected","Binding"
"UNIPROT","P27694","UNIPROT","Q96E14","undirected","Binding"
"UNIPROT","P27694","UNIPROT","Q99638","undirected","Binding"
"UNIPROT","P27694","UNIPROT","Q99708","undirected","Binding"
"UNIPROT","P27694","UNIPROT","Q99728","undirected","Binding"
"UNIPROT","P27694","UNIPROT","Q9BSD3","undirected","Binding"
"UNIPROT","P27694","UNIPROT","Q9BX63","undirected","Binding"
"UNIPROT","P27694","UNIPROT","Q9H9A7","undirected","Binding"
"UNIPROT","P27694","UNIPROT","Q9UQ84","undirected","Binding"
"UNIPROT","P29590","UNIPROT","O95696","undirected","Binding"
"UNIPROT","P29590","UNIPROT","P55201","undirected","Binding"
"UNIPROT","P29590","UNIPROT","Q8WYH8","undirected","Binding"
"UNIPROT","P29590","UNIPROT","Q92794","undirected","Binding"
"UNIPROT","P29590","UNIPROT","Q9HAF1","undirected","Binding"
"UNIPROT","P29590","UNIPROT","Q9ULD4","undirected","Binding"
"UNIPROT","P30153","UNIPROT","Q00987","undirected","Binding"
"UNIPROT","P30154","UNIPROT","Q00987","undirected","Binding"
"UNIPROT","P30154","UNIPROT","Q13362","undirected","Binding"
"UNIPROT","P31749","UNIPROT","O95696","directed","Control(Out: INHIBITION of BiochemicalReaction)"
"UNIPROT","P31749","UNIPROT","O95696","directed","Control(Out: ACTIVATION of BiochemicalReaction)"
"UNIPROT","P31749","UNIPROT","P04637","directed","Control(Out: INHIBITION of BiochemicalReaction)"
"UNIPROT","P31749","UNIPROT","P29590","directed","Control(Out: INHIBITION of BiochemicalReaction)"
"UNIPROT","P31749","UNIPROT","P55201","directed","Control(Out: INHIBITION of BiochemicalReaction)"
"UNIPROT","P31749","UNIPROT","P55201","directed","Control(Out: ACTIVATION of BiochemicalReaction)"
"UNIPROT","P31749","UNIPROT","Q00987","directed","Control(Out: ACTIVATION of BiochemicalReaction)"
"UNIPROT","P31749","UNIPROT","Q8WYH8","directed","Control(Out: INHIBITION of BiochemicalReaction)"
"UNIPROT","P31749","UNIPROT","Q8WYH8","directed","Control(Out: ACTIVATION of BiochemicalReaction)"
"UNIPROT","P31749","UNIPROT","Q92794","directed","Control(Out: INHIBITION of BiochemicalReaction)"
"UNIPROT","P31749","UNIPROT","Q92794","directed","Control(Out: ACTIVATION of BiochemicalReaction)"
"UNIPROT","P31749","UNIPROT","Q9BVI0","directed","Control(Out: ACTIVATION of BiochemicalReaction)"
"UNIPROT","P31749","UNIPROT","Q9HAF1","directed","Control(Out: INHIBITION of BiochemicalReaction)"
"UNIPROT","P31749","UNIPROT","Q9HAF1","directed","Control(Out: ACTIVATION of BiochemicalReaction)"
"UNIPROT","P31749","UNIPROT","Q9ULD4","directed","Control(Out: INHIBITION of BiochemicalReaction)"
"UNIPROT","P31749","UNIPROT","Q9ULD4","directed","Control(Out: ACTIVATION of BiochemicalReaction)"
"UNIPROT","P31751","UNIPROT","O95696","directed","Control(Out: INHIBITION of BiochemicalReaction)"
"UNIPROT","P31751","UNIPROT","O95696","directed","Control(Out: ACTIVATION of BiochemicalReaction)"
"UNIPROT","P31751","UNIPROT","P04637","directed","Control(Out: INHIBITION of BiochemicalReaction)"
"UNIPROT","P31751","UNIPROT","P29590","directed","Control(Out: INHIBITION of BiochemicalReaction)"
"UNIPROT","P31751","UNIPROT","P55201","directed","Control(Out: INHIBITION of BiochemicalReaction)"
"UNIPROT","P31751","UNIPROT","P55201","directed","Control(Out: ACTIVATION of BiochemicalReaction)"
"UNIPROT","P31751","UNIPROT","Q00987","directed","Control(Out: ACTIVATION of BiochemicalReaction)"
"UNIPROT","P31751","UNIPROT","Q8WYH8","directed","Control(Out: INHIBITION of BiochemicalReaction)"
"UNIPROT","P31751","UNIPROT","Q8WYH8","directed","Control(Out: ACTIVATION of BiochemicalReaction)"
"UNIPROT","P31751","UNIPROT","Q92794","directed","Control(Out: INHIBITION of BiochemicalReaction)"
"UNIPROT","P31751","UNIPROT","Q92794","directed","Control(Out: ACTIVATION of BiochemicalReaction)"
"UNIPROT","P31751","UNIPROT","Q9BVI0","directed","Control(Out: ACTIVATION of BiochemicalReaction)"
"UNIPROT","P31751","UNIPROT","Q9HAF1","directed","Control(Out: INHIBITION of BiochemicalReaction)"
"UNIPROT","P31751","UNIPROT","Q9HAF1","directed","Control(Out: ACTIVATION of BiochemicalReaction)"
"UNIPROT","P31751","UNIPROT","Q9ULD4","directed","Control(Out: INHIBITION of BiochemicalReaction)"
"UNIPROT","P31751","UNIPROT","Q9ULD4","directed","Control(Out: ACTIVATION of BiochemicalReaction)"
"UNIPROT","P35244","UNIPROT","O60671","undirected","Binding"
"UNIPROT","P35244","UNIPROT","O60921","undirected","Binding"
"UNIPROT","P35244","UNIPROT","O60934","undirected","Binding"
"UNIPROT","P35244","UNIPROT","O75943","undirected","Binding"
"UNIPROT","P35244","UNIPROT","P04637","directed","Control(Out: ACTIVATION of BiochemicalReaction)"
"UNIPROT","P35244","UNIPROT","P35249","undirected","Binding"
"UNIPROT","P35244","UNIPROT","P35250","undirected","Binding"
"UNIPROT","P35244","UNIPROT","P38398","undirected","Binding"
"UNIPROT","P35244","UNIPROT","P40937","undirected","Binding"
"UNIPROT","P35244","UNIPROT","P40938","undirected","Binding"
"UNIPROT","P35244","UNIPROT","P49959","undirected","Binding"
"UNIPROT","P35244","UNIPROT","P51530","undirected","Binding"
"UNIPROT","P35244","UNIPROT","P54132","undirected","Binding"
"UNIPROT","P35244","UNIPROT","Q13315","undirected","Binding"
"UNIPROT","P35244","UNIPROT","Q13472","undirected","Binding"
"UNIPROT","P35244","UNIPROT","Q13535","undirected","Binding"
"UNIPROT","P35244","UNIPROT","Q14191","undirected","Binding"
"UNIPROT","P35244","UNIPROT","Q6WBX8","undirected","Binding"
"UNIPROT","P35244","UNIPROT","Q8WXE1","undirected","Binding"
"UNIPROT","P35244","UNIPROT","Q92547","undirected","Binding"
"UNIPROT","P35244","UNIPROT","Q92878","undirected","Binding"
"UNIPROT","P35244","UNIPROT","Q96E14","undirected","Binding"
"UNIPROT","P35244","UNIPROT","Q99638","undirected","Binding"
"UNIPROT","P35244","UNIPROT","Q99708","undirected","Binding"
"UNIPROT","P35244","UNIPROT","Q99728","undirected","Binding"
"UNIPROT","P35244","UNIPROT","Q9BSD3","undirected","Binding"
"UNIPROT","P35244","UNIPROT","Q9BX63","undirected","Binding"
"UNIPROT","P35244","UNIPROT","Q9H9A7","undirected","Binding"
"UNIPROT","P35244","UNIPROT","Q9UQ84","undirected","Binding"
"UNIPROT","P35249","UNIPROT","O60934","undirected","Binding"
"UNIPROT","P35249","UNIPROT","P04637","directed","Control(Out: ACTIVATION of BiochemicalReaction)"
"UNIPROT","P35249","UNIPROT","P38398","undirected","Binding"
"UNIPROT","P35249","UNIPROT","P49959","undirected","Binding"
"UNIPROT","P35249","UNIPROT","P51530","undirected","Binding"
"UNIPROT","P35249","UNIPROT","P54132","undirected","Binding"
"UNIPROT","P35249","UNIPROT","Q13315","undirected","Binding"
"UNIPROT","P35249","UNIPROT","Q13472","undirected","Binding"
"UNIPROT","P35249","UNIPROT","Q13535","undirected","Binding"
"UNIPROT","P35249","UNIPROT","Q92878","undirected","Binding"
"UNIPROT","P35249","UNIPROT","Q99708","undirected","Binding"
"UNIPROT","P35250","UNIPROT","O60934","undirected","Binding"
"UNIPROT","P35250","UNIPROT","P04637","directed","Control(Out: ACTIVATION of BiochemicalReaction)"
"UNIPROT","P35250","UNIPROT","P35249","undirected","Binding"
"UNIPROT","P35250","UNIPROT","P38398","undirected","Binding"
"UNIPROT","P35250","UNIPROT","P49959","undirected","Binding"
"UNIPROT","P35250","UNIPROT","P51530","undirected","Binding"
"UNIPROT","P35250","UNIPROT","P54132","undirected","Binding"
"UNIPROT","P35250","UNIPROT","Q13315","undirected","Binding"
"UNIPROT","P35250","UNIPROT","Q13472","undirected","Binding"
"UNIPROT","P35250","UNIPROT","Q13535","undirected","Binding"
"UNIPROT","P35250","UNIPROT","Q92878","undirected","Binding"
"UNIPROT","P35250","UNIPROT","Q99708","undirected","Binding"
"UNIPROT","P38398","UNIPROT","P04637","directed","Control(Out: ACTIVATION of BiochemicalReaction)"
"UNIPROT","P38398","UNIPROT","P54132","undirected","Binding"
"UNIPROT","P38398","UNIPROT","Q13315","undirected","Binding"
"UNIPROT","P38398","UNIPROT","Q13472","undirected","Binding"
"UNIPROT","P38398","UNIPROT","Q13535","undirected","Binding"
"UNIPROT","P40937","UNIPROT","O60934","undirected","Binding"
"UNIPROT","P40937","UNIPROT","P04637","directed","Control(Out: ACTIVATION of BiochemicalReaction)"
"UNIPROT","P40937","UNIPROT","P35249","undirected","Binding"
"UNIPROT","P40937","UNIPROT","P35250","undirected","Binding"
"UNIPROT","P40937","UNIPROT","P38398","undirected","Binding"
"UNIPROT","P40937","UNIPROT","P40938","undirected","Binding"
"UNIPROT","P40937","UNIPROT","P49959","undirected","Binding"
"UNIPROT","P40937","UNIPROT","P51530","undirected","Binding"
"UNIPROT","P40937","UNIPROT","P54132","undirected","Binding"
"UNIPROT","P40937","UNIPROT","Q13315","undirected","Binding"
"UNIPROT","P40937","UNIPROT","Q13472","undirected","Binding"
"UNIPROT","P40937","UNIPROT","Q13535","undirected","Binding"
"UNIPROT","P40937","UNIPROT","Q92878","undirected","Binding"
"UNIPROT","P40937","UNIPROT","Q99708","undirected","Binding"
"UNIPROT","P40938","UNIPROT","O60934","undirected","Binding"
"UNIPROT","P40938","UNIPROT","P04637","directed","Control(Out: ACTIVATION of BiochemicalReaction)"
"UNIPROT","P40938","UNIPROT","P35249","undirected","Binding"
"UNIPROT","P40938","UNIPROT","P35250","undirected","Binding"
"UNIPROT","P40938","UNIPROT","P38398","undirected","Binding"
"UNIPROT","P40938","UNIPROT","P49959","undirected","Binding"
"UNIPROT","P40938","UNIPROT","P51530","undirected","Binding"
"UNIPROT","P40938","UNIPROT","P54132","undirected","Binding"
"UNIPROT","P40938","UNIPROT","Q13315","undirected","Binding"
"UNIPROT","P40938","UNIPROT","Q13472","undirected","Binding"
"UNIPROT","P40938","UNIPROT","Q13535","undirected","Binding"
"UNIPROT","P40938","UNIPROT","Q92878","undirected","Binding"
"UNIPROT","P40938","UNIPROT","Q99708","undirected","Binding"
"UNIPROT","P42345","UNIPROT","O00141","directed","Control(Out: ACTIVATION of BiochemicalReaction)"
"UNIPROT","P42345","UNIPROT","P85299","undirected","Binding"
"UNIPROT","P42345","UNIPROT","Q9BPZ7","undirected","Binding"
"UNIPROT","P42345","UNIPROT","Q9BVC4","undirected","Binding"
"UNIPROT","P48426","UNIPROT","P78356","undirected","Binding"
"UNIPROT","P48426","UNIPROT","Q13526","undirected","Binding"
"UNIPROT","P48426","UNIPROT","Q8TBX8","undirected","Binding"
"UNIPROT","P49848","UNIPROT","P04637","directed","Control(Out: ACTIVATION of BiochemicalReaction)"
"UNIPROT","P49848","UNIPROT","Q15542","undirected","Binding"
"UNIPROT","P49848","UNIPROT","Q15543","undirected","Binding"
"UNIPROT","P49848","UNIPROT","Q15544","undirected","Binding"
"UNIPROT","P49848","UNIPROT","Q15545","undirected","Binding"
"UNIPROT","P49848","UNIPROT","Q16514","undirected","Binding"
"UNIPROT","P49848","UNIPROT","Q16594","undirected","Binding"
"UNIPROT","P49848","UNIPROT","Q5H9L4","undirected","Binding"
"UNIPROT","P49848","UNIPROT","Q5VWG9","undirected","Binding"
"UNIPROT","P49848","UNIPROT","Q92750","undirected","Binding"
"UNIPROT","P49848","UNIPROT","Q92804","undirected","Binding"
"UNIPROT","P49848","UNIPROT","Q9HBM6","undirected","Binding"
"UNIPROT","P49959","UNIPROT","O60934","undirected","Binding"
"UNIPROT","P49959","UNIPROT","P04637","directed","Control(Out: ACTIVATION of BiochemicalReaction)"
"UNIPROT","P49959","UNIPROT","P38398","undirected","Binding"
"UNIPROT","P49959","UNIPROT","P54132","undirected","Binding"
"UNIPROT","P49959","UNIPROT","Q13315","undirected","Binding"
"UNIPROT","P49959","UNIPROT","Q13472","undirected","Binding"
"UNIPROT","P49959","UNIPROT","Q13535","undirected","Binding"
"UNIPROT","P49959","UNIPROT","Q92878","undirected","Binding"
"UNIPROT","P49959","UNIPROT","Q99708","undirected","Binding"
"UNIPROT","P51530","UNIPROT","O60934","undirected","Binding"
"UNIPROT","P51530","UNIPROT","P04637","directed","Control(Out: ACTIVATION of BiochemicalReaction)"
"UNIPROT","P51530","UNIPROT","P38398","undirected","Binding"
"UNIPROT","P51530","UNIPROT","P49959","undirected","Binding"
"UNIPROT","P51530","UNIPROT","P54132","undirected","Binding"
"UNIPROT","P51530","UNIPROT","Q13315","undirected","Binding"
"UNIPROT","P51530","UNIPROT","Q13472","undirected","Binding"
"UNIPROT","P51530","UNIPROT","Q13535","undirected","Binding"
"UNIPROT","P51530","UNIPROT","Q92878","undirected","Binding"
"UNIPROT","P51530","UNIPROT","Q99708","undirected","Binding"
"UNIPROT","P51959","UNIPROT","P30153","undirected","Binding"
"UNIPROT","P51959","UNIPROT","P30154","undirected","Binding"
"UNIPROT","P51959","UNIPROT","P62714","undirected","Binding"
"UNIPROT","P51959","UNIPROT","P67775","undirected","Binding"
"UNIPROT","P51959","UNIPROT","Q00987","undirected","Binding"
"UNIPROT","P51959","UNIPROT","Q13362","undirected","Binding"
"UNIPROT","P52564","UNIPROT","P48426","directed","Control(Out: ACTIVATION of BiochemicalReaction)"
"UNIPROT","P52564","UNIPROT","P78356","directed","Control(Out: ACTIVATION of BiochemicalReaction)"
"UNIPROT","P52564","UNIPROT","Q8TBX8","directed","Control(Out: ACTIVATION of BiochemicalReaction)"
"UNIPROT","P54132","UNIPROT","P04637","directed","Control(Out: ACTIVATION of BiochemicalReaction)"
"UNIPROT","P54132","UNIPROT","Q13535","undirected","Binding"
"UNIPROT","P54619","UNIPROT","O43741","undirected","Binding"
"UNIPROT","P54619","UNIPROT","P04637","directed","Control(Out: ACTIVATION of BiochemicalReaction)"
"UNIPROT","P54619","UNIPROT","P54646","undirected","Binding"
"UNIPROT","P54619","UNIPROT","Q13131","undirected","Binding"
"UNIPROT","P54619","UNIPROT","Q9Y478","undirected","Binding"
"UNIPROT","P54646","UNIPROT","P04637","directed","Control(Out: ACTIVATION of BiochemicalReaction)"
"UNIPROT","P55201","UNIPROT","Q8WYH8","undirected","Binding"
"UNIPROT","P55201","UNIPROT","Q9HAF1","undirected","Binding"
"UNIPROT","P62714","UNIPROT","P30153","undirected","Binding"
"UNIPROT","P62714","UNIPROT","P30154","undirected","Binding"
"UNIPROT","P62714","UNIPROT","Q00987","undirected","Binding"
"UNIPROT","P62714","UNIPROT","Q13362","undirected","Binding"
"UNIPROT","P62979","UNIPROT","O15151","directed","Control(In: INHIBITION of BiochemicalReaction)"
"UNIPROT","P62979","UNIPROT","O15151","directed","Control(In: ACTIVATION of BiochemicalReaction)"
"UNIPROT","P62979","UNIPROT","O15151","directed","Process(BiochemicalReaction)"
"UNIPROT","P62979","UNIPROT","P04637","directed","Control(In: ACTIVATION of BiochemicalReaction)"
"UNIPROT","P62979","UNIPROT","P04637","directed","Process(BiochemicalReaction)"
"UNIPROT","P62979","UNIPROT","Q00987","directed","Control(In: INHIBITION of BiochemicalReaction)"
"UNIPROT","P62979","UNIPROT","Q00987","directed","Control(In: ACTIVATION of BiochemicalReaction)"
"UNIPROT","P62979","UNIPROT","Q00987","directed","Process(BiochemicalReaction)"
"UNIPROT","P62979","UNIPROT","Q8N726","directed","Control(In: INHIBITION of BiochemicalReaction)"
"UNIPROT","P62979","UNIPROT","Q8N9B5","directed","Process(BiochemicalReaction)"
"UNIPROT","P62979","UNIPROT","Q8WZ73","directed","Control(In: ACTIVATION of BiochemicalReaction)"
"UNIPROT","P62979","UNIPROT","Q92630","directed","Process(BiochemicalReaction)"
"UNIPROT","P62979","UNIPROT","Q969K3","directed","Control(In: ACTIVATION of BiochemicalReaction)"
"UNIPROT","P62987","UNIPROT","O15151","directed","Control(In: INHIBITION of BiochemicalReaction)"
"UNIPROT","P62987","UNIPROT","O15151","directed","Control(In: ACTIVATION of BiochemicalReaction)"
"UNIPROT","P62987","UNIPROT","O15151","directed","Process(BiochemicalReaction)"
"UNIPROT","P62987","UNIPROT","P04637","directed","Control(In: ACTIVATION of BiochemicalReaction)"
"UNIPROT","P62987","UNIPROT","P04637","directed","Process(BiochemicalReaction)"
"UNIPROT","P62987","UNIPROT","Q00987","directed","Control(In: INHIBITION of BiochemicalReaction)"
"UNIPROT","P62987","UNIPROT","Q00987","directed","Control(In: ACTIVATION of BiochemicalReaction)"
"UNIPROT","P62987","UNIPROT","Q00987","directed","Process(BiochemicalReaction)"
"UNIPROT","P62987","UNIPROT","Q8N726","directed","Control(In: INHIBITION of BiochemicalReaction)"
"UNIPROT","P62987","UNIPROT","Q8N9B5","directed","Process(BiochemicalReaction)"
"UNIPROT","P62987","UNIPROT","Q8WZ73","directed","Control(In: ACTIVATION of BiochemicalReaction)"
"UNIPROT","P62987","UNIPROT","Q92630","directed","Process(BiochemicalReaction)"
"UNIPROT","P62987","UNIPROT","Q969K3","directed","Control(In: ACTIVATION of BiochemicalReaction)"
"UNIPROT","P67775","UNIPROT","P30153","undirected","Binding"
"UNIPROT","P67775","UNIPROT","P30154","undirected","Binding"
"UNIPROT","P67775","UNIPROT","Q00987","undirected","Binding"
"UNIPROT","P67775","UNIPROT","Q13362","undirected","Binding"
"UNIPROT","P67870","UNIPROT","P04637","directed","Control(Out: ACTIVATION of BiochemicalReaction)"
"UNIPROT","P67870","UNIPROT","P19784","undirected","Binding"
"UNIPROT","P67870","UNIPROT","P68400","undirected","Binding"
"UNIPROT","P67870","UNIPROT","Q08945","undirected","Binding"
"UNIPROT","P67870","UNIPROT","Q9Y5B9","undirected","Binding"
"UNIPROT","P68400","UNIPROT","P04637","directed","Control(Out: ACTIVATION of BiochemicalReaction)"
"UNIPROT","P68400","UNIPROT","P19784","undirected","Binding"
"UNIPROT","P68400","UNIPROT","Q08945","undirected","Binding"
"UNIPROT","P68400","UNIPROT","Q9Y5B9","undirected","Binding"
"UNIPROT","P78356","UNIPROT","Q13526","undirected","Binding"
"UNIPROT","P78356","UNIPROT","Q8TBX8","undirected","Binding"
"UNIPROT","P78396","UNIPROT","P04637","directed","Control(Out: ACTIVATION of BiochemicalReaction)"
"UNIPROT","P78396","UNIPROT","P06493","undirected","Binding"
"UNIPROT","P78396","UNIPROT","Q00987","directed","Control(Out: ACTIVATION of BiochemicalReaction)"
"UNIPROT","P85299","UNIPROT","O00141","directed","Control(Out: ACTIVATION of BiochemicalReaction)"
"UNIPROT","P85299","UNIPROT","Q9BVC4","undirected","Binding"
"UNIPROT","Q00535","UNIPROT","P04637","directed","Control(Out: ACTIVATION of BiochemicalReaction)"
"UNIPROT","Q00987","UNIPROT","P04637","directed","Control(Out: INHIBITION of BiochemicalReaction)"
"UNIPROT","Q00987","UNIPROT","P0CG47","directed","Control(Out: ACTIVATION of BiochemicalReaction)"
"UNIPROT","Q00987","UNIPROT","P0CG47","directed","Process(BiochemicalReaction)"
"UNIPROT","Q00987","UNIPROT","P0CG48","directed","Control(Out: ACTIVATION of BiochemicalReaction)"
"UNIPROT","Q00987","UNIPROT","P0CG48","directed","Process(BiochemicalReaction)"
"UNIPROT","Q00987","UNIPROT","P62979","directed","Control(Out: ACTIVATION of BiochemicalReaction)"
"UNIPROT","Q00987","UNIPROT","P62979","directed","Process(BiochemicalReaction)"
"UNIPROT","Q00987","UNIPROT","P62987","directed","Control(Out: ACTIVATION of BiochemicalReaction)"
"UNIPROT","Q00987","UNIPROT","P62987","directed","Process(BiochemicalReaction)"
"UNIPROT","Q00987","UNIPROT","Q8N9B5","directed","Control(Out: ACTIVATION of BiochemicalReaction)"
"UNIPROT","Q00987","UNIPROT","Q92630","directed","Control(Out: ACTIVATION of BiochemicalReaction)"
"UNIPROT","Q01851","UNIPROT","P04637","undirected","Binding"
"UNIPROT","Q08945","UNIPROT","P04637","directed","Control(Out: ACTIVATION of BiochemicalReaction)"
"UNIPROT","Q08945","UNIPROT","Q9Y5B9","undirected","Binding"
"UNIPROT","Q09028","UNIPROT","O94776","undirected","Binding"
"UNIPROT","Q09028","UNIPROT","O95696","directed","Control(Out: ACTIVATION of BiochemicalReaction)"
"UNIPROT","Q09028","UNIPROT","O95983","undirected","Binding"
"UNIPROT","Q09028","UNIPROT","P04637","directed","Control(Out: ACTIVATION of BiochemicalReaction)"
"UNIPROT","Q09028","UNIPROT","P29590","directed","Control(Out: ACTIVATION of BiochemicalReaction)"
"UNIPROT","Q09028","UNIPROT","P55201","directed","Control(Out: ACTIVATION of BiochemicalReaction)"
"UNIPROT","Q09028","UNIPROT","Q09472","directed","Control(Out: ACTIVATION of BiochemicalReaction)"
"UNIPROT","Q09028","UNIPROT","Q12873","undirected","Binding"
"UNIPROT","Q09028","UNIPROT","Q14839","undirected","Binding"
"UNIPROT","Q09028","UNIPROT","Q16576","undirected","Binding"
"UNIPROT","Q09028","UNIPROT","Q86YP4","undirected","Binding"
"UNIPROT","Q09028","UNIPROT","Q8WXI9","undirected","Binding"
"UNIPROT","Q09028","UNIPROT","Q8WYH8","directed","Control(Out: ACTIVATION of BiochemicalReaction)"
"UNIPROT","Q09028","UNIPROT","Q92794","directed","Control(Out: ACTIVATION of BiochemicalReaction)"
"UNIPROT","Q09028","UNIPROT","Q9HAF1","directed","Control(Out: ACTIVATION of BiochemicalReaction)"
"UNIPROT","Q09028","UNIPROT","Q9NPI1","directed","Control(Out: ACTIVATION of BiochemicalReaction)"
"UNIPROT","Q09028","UNIPROT","Q9ULD4","directed","Control(Out: ACTIVATION of BiochemicalReaction)"
"UNIPROT","Q12837","UNIPROT","P04637","undirected","Binding"
"UNIPROT","Q12873","UNIPROT","O95696","directed","Control(Out: ACTIVATION of BiochemicalReaction)"
"UNIPROT","Q12873","UNIPROT","O95983","undirected","Binding"
"UNIPROT","Q12873","UNIPROT","P04637","directed","Control(Out: ACTIVATION of BiochemicalReaction)"
"UNIPROT","Q12873","UNIPROT","P29590","directed","Control(Out: ACTIVATION of BiochemicalReaction)"
"UNIPROT","Q12873","UNIPROT","P55201","directed","Control(Out: ACTIVATION of BiochemicalReaction)"
"UNIPROT","Q12873","UNIPROT","Q09472","directed","Control(Out: ACTIVATION of BiochemicalReaction)"
"UNIPROT","Q12873","UNIPROT","Q16576","undirected","Binding"
"UNIPROT","Q12873","UNIPROT","Q86YP4","undirected","Binding"
"UNIPROT","Q12873","UNIPROT","Q8WXI9","undirected","Binding"
"UNIPROT","Q12873","UNIPROT","Q8WYH8","directed","Control(Out: ACTIVATION of BiochemicalReaction)"
"UNIPROT","Q12873","UNIPROT","Q92794","directed","Control(Out: ACTIVATION of BiochemicalReaction)"
"UNIPROT","Q12873","UNIPROT","Q9HAF1","directed","Control(Out: ACTIVATION of BiochemicalReaction)"
"UNIPROT","Q12873","UNIPROT","Q9NPI1","directed","Control(Out: ACTIVATION of BiochemicalReaction)"
"UNIPROT","Q12873","UNIPROT","Q9ULD4","directed","Control(Out: ACTIVATION of BiochemicalReaction)"
"UNIPROT","Q12962","UNIPROT","O00268","undirected","Binding"
"UNIPROT","Q12962","UNIPROT","P04637","directed","Control(Out: ACTIVATION of BiochemicalReaction)"
"UNIPROT","Q12962","UNIPROT","P20226","undirected","Binding"
"UNIPROT","Q12962","UNIPROT","P21675","undirected","Binding"
"UNIPROT","Q12962","UNIPROT","P49848","undirected","Binding"
"UNIPROT","Q12962","UNIPROT","Q15542","undirected","Binding"
"UNIPROT","Q12962","UNIPROT","Q15543","undirected","Binding"
"UNIPROT","Q12962","UNIPROT","Q15544","undirected","Binding"
"UNIPROT","Q12962","UNIPROT","Q15545","undirected","Binding"
"UNIPROT","Q12962","UNIPROT","Q16514","undirected","Binding"
"UNIPROT","Q12962","UNIPROT","Q16594","undirected","Binding"
"UNIPROT","Q12962","UNIPROT","Q5H9L4","undirected","Binding"
"UNIPROT","Q12962","UNIPROT","Q5VWG9","undirected","Binding"
"UNIPROT","Q12962","UNIPROT","Q6P1X5","undirected","Binding"
"UNIPROT","Q12962","UNIPROT","Q8IZX4","undirected","Binding"
"UNIPROT","Q12962","UNIPROT","Q92750","undirected","Binding"
"UNIPROT","Q12962","UNIPROT","Q92804","undirected","Binding"
"UNIPROT","Q12962","UNIPROT","Q9HBM6","undirected","Binding"
"UNIPROT","Q13131","UNIPROT","P04637","directed","Control(Out: ACTIVATION of BiochemicalReaction)"
"UNIPROT","Q13315","UNIPROT","O15151","directed","Control(Out: INHIBITION of BiochemicalReaction)"
"UNIPROT","Q13315","UNIPROT","O15151","directed","Control(Out: ACTIVATION of BiochemicalReaction)"
"UNIPROT","Q13315","UNIPROT","P04637","directed","Control(Out: ACTIVATION of BiochemicalReaction)"
"UNIPROT","Q13315","UNIPROT","P54132","undirected","Binding"
"UNIPROT","Q13315","UNIPROT","Q00987","directed","Control(Out: INHIBITION of BiochemicalReaction)"
"UNIPROT","Q13315","UNIPROT","Q00987","directed","Control(Out: ACTIVATION of BiochemicalReaction)"
"UNIPROT","Q13315","UNIPROT","Q13472","undirected","Binding"
"UNIPROT","Q13315","UNIPROT","Q13535","undirected","Binding"
"UNIPROT","Q13315","UNIPROT","Q8N0Z6","directed","Control(Out: ACTIVATION of BiochemicalReaction)"
"UNIPROT","Q13315","UNIPROT","Q92630","directed","Control(Out: ACTIVATION of BiochemicalReaction)"
"UNIPROT","Q13362","UNIPROT","P30153","undirected","Binding"
"UNIPROT","Q13362","UNIPROT","Q00987","undirected","Binding"
"UNIPROT","Q13472","UNIPROT","P04637","directed","Control(Out: ACTIVATION of BiochemicalReaction)"
"UNIPROT","Q13472","UNIPROT","P54132","undirected","Binding"
"UNIPROT","Q13472","UNIPROT","Q13535","undirected","Binding"
"UNIPROT","Q13526","UNIPROT","Q9H2X6","undirected","Binding"
"UNIPROT","Q13535","UNIPROT","P04637","directed","Control(Out: ACTIVATION of BiochemicalReaction)"
"UNIPROT","Q13547","UNIPROT","O94776","undirected","Binding"
"UNIPROT","Q13547","UNIPROT","O95696","directed","Control(Out: ACTIVATION of BiochemicalReaction)"
"UNIPROT","Q13547","UNIPROT","O95983","undirected","Binding"
"UNIPROT","Q13547","UNIPROT","P04637","directed","Control(Out: ACTIVATION of BiochemicalReaction)"
"UNIPROT","Q13547","UNIPROT","P29590","directed","Control(Out: ACTIVATION of BiochemicalReaction)"
"UNIPROT","Q13547","UNIPROT","P55201","directed","Control(Out: ACTIVATION of BiochemicalReaction)"
"UNIPROT","Q13547","UNIPROT","Q09028","undirected","Binding"
"UNIPROT","Q13547","UNIPROT","Q09472","directed","Control(Out: ACTIVATION of BiochemicalReaction)"
"UNIPROT","Q13547","UNIPROT","Q12873","undirected","Binding"
"UNIPROT","Q13547","UNIPROT","Q14839","undirected","Binding"
"UNIPROT","Q13547","UNIPROT","Q16576","undirected","Binding"
"UNIPROT","Q13547","UNIPROT","Q86YP4","undirected","Binding"
"UNIPROT","Q13547","UNIPROT","Q8WXI9","undirected","Binding"
"UNIPROT","Q13547","UNIPROT","Q8WYH8","directed","Control(Out: ACTIVATION of BiochemicalReaction)"
"UNIPROT","Q13547","UNIPROT","Q92794","directed","Control(Out: ACTIVATION of BiochemicalReaction)"
"UNIPROT","Q13547","UNIPROT","Q9HAF1","directed","Control(Out: ACTIVATION of BiochemicalReaction)"
"UNIPROT","Q13547","UNIPROT","Q9NPI1","directed","Control(Out: ACTIVATION of BiochemicalReaction)"
"UNIPROT","Q13547","UNIPROT","Q9ULD4","directed","Control(Out: ACTIVATION of BiochemicalReaction)"
"UNIPROT","Q13625","UNIPROT","O15350","undirected","Binding"
"UNIPROT","Q13625","UNIPROT","Q9H3D4","undirected","Binding"
"UNIPROT","Q14191","UNIPROT","O60671","undirected","Binding"
"UNIPROT","Q14191","UNIPROT","O60921","undirected","Binding"
"UNIPROT","Q14191","UNIPROT","O60934","undirected","Binding"
"UNIPROT","Q14191","UNIPROT","O75943","undirected","Binding"
"UNIPROT","Q14191","UNIPROT","P04637","directed","Control(Out: ACTIVATION of BiochemicalReaction)"
"UNIPROT","Q14191","UNIPROT","P35249","undirected","Binding"
"UNIPROT","Q14191","UNIPROT","P35250","undirected","Binding"
"UNIPROT","Q14191","UNIPROT","P38398","undirected","Binding"
"UNIPROT","Q14191","UNIPROT","P40937","undirected","Binding"
"UNIPROT","Q14191","UNIPROT","P40938","undirected","Binding"
"UNIPROT","Q14191","UNIPROT","P49959","undirected","Binding"
"UNIPROT","Q14191","UNIPROT","P51530","undirected","Binding"
"UNIPROT","Q14191","UNIPROT","Q13315","undirected","Binding"
"UNIPROT","Q14191","UNIPROT","Q13535","undirected","Binding"
"UNIPROT","Q14191","UNIPROT","Q6WBX8","undirected","Binding"
"UNIPROT","Q14191","UNIPROT","Q8WXE1","undirected","Binding"
"UNIPROT","Q14191","UNIPROT","Q92547","undirected","Binding"
"UNIPROT","Q14191","UNIPROT","Q92878","undirected","Binding"
"UNIPROT","Q14191","UNIPROT","Q99638","undirected","Binding"
"UNIPROT","Q14191","UNIPROT","Q99708","undirected","Binding"
"UNIPROT","Q14191","UNIPROT","Q9BSD3","undirected","Binding"
"UNIPROT","Q14191","UNIPROT","Q9BX63","undirected","Binding"
"UNIPROT","Q14839","UNIPROT","O95696","directed","Control(Out: ACTIVATION of BiochemicalReaction)"
"UNIPROT","Q14839","UNIPROT","O95983","undirected","Binding"
"UNIPROT","Q14839","UNIPROT","P04637","directed","Control(Out: ACTIVATION of BiochemicalReaction)"
"UNIPROT","Q14839","UNIPROT","P29590","directed","Control(Out: ACTIVATION of BiochemicalReaction)"
"UNIPROT","Q14839","UNIPROT","P55201","directed","Control(Out: ACTIVATION of BiochemicalReaction)"
"UNIPROT","Q14839","UNIPROT","Q09472","directed","Control(Out: ACTIVATION of BiochemicalReaction)"
"UNIPROT","Q14839","UNIPROT","Q16576","undirected","Binding"
"UNIPROT","Q14839","UNIPROT","Q86YP4","undirected","Binding"
"UNIPROT","Q14839","UNIPROT","Q8WXI9","undirected","Binding"
"UNIPROT","Q14839","UNIPROT","Q8WYH8","directed","Control(Out: ACTIVATION of BiochemicalReaction)"
"UNIPROT","Q14839","UNIPROT","Q92794","directed","Control(Out: ACTIVATION of BiochemicalReaction)"
"UNIPROT","Q14839","UNIPROT","Q9HAF1","directed","Control(Out: ACTIVATION of BiochemicalReaction)"
"UNIPROT","Q14839","UNIPROT","Q9NPI1","directed","Control(Out: ACTIVATION of BiochemicalReaction)"
"UNIPROT","Q14839","UNIPROT","Q9ULD4","directed","Control(Out: ACTIVATION of BiochemicalReaction)"
"UNIPROT","Q15078","UNIPROT","P04637","directed","Control(Out: ACTIVATION of BiochemicalReaction)"
"UNIPROT","Q15078","UNIPROT","Q00535","undirected","Binding"
"UNIPROT","Q15542","UNIPROT","P04637","directed","Control(Out: ACTIVATION of BiochemicalReaction)"
"UNIPROT","Q15542","UNIPROT","Q16514","undirected","Binding"
"UNIPROT","Q15542","UNIPROT","Q16594","undirected","Binding"
"UNIPROT","Q15543","UNIPROT","P04637","directed","Control(Out: ACTIVATION of BiochemicalReaction)"
"UNIPROT","Q15543","UNIPROT","Q15542","undirected","Binding"
"UNIPROT","Q15543","UNIPROT","Q15544","undirected","Binding"
"UNIPROT","Q15543","UNIPROT","Q16514","undirected","Binding"
"UNIPROT","Q15543","UNIPROT","Q16594","undirected","Binding"
"UNIPROT","Q15543","UNIPROT","Q5VWG9","undirected","Binding"
"UNIPROT","Q15543","UNIPROT","Q92750","undirected","Binding"
"UNIPROT","Q15543","UNIPROT","Q9HBM6","undirected","Binding"
"UNIPROT","Q15544","UNIPROT","P04637","directed","Control(Out: ACTIVATION of BiochemicalReaction)"
"UNIPROT","Q15544","UNIPROT","Q15542","undirected","Binding"
"UNIPROT","Q15544","UNIPROT","Q16514","undirected","Binding"
"UNIPROT","Q15544","UNIPROT","Q16594","undirected","Binding"
"UNIPROT","Q15544","UNIPROT","Q92750","undirected","Binding"
"UNIPROT","Q15545","UNIPROT","P04637","directed","Control(Out: ACTIVATION of BiochemicalReaction)"
"UNIPROT","Q15545","UNIPROT","Q15542","undirected","Binding"
"UNIPROT","Q15545","UNIPROT","Q15543","undirected","Binding"
"UNIPROT","Q15545","UNIPROT","Q15544","undirected","Binding"
"UNIPROT","Q15545","UNIPROT","Q16514","undirected","Binding"
"UNIPROT","Q15545","UNIPROT","Q16594","undirected","Binding"
"UNIPROT","Q15545","UNIPROT","Q5VWG9","undirected","Binding"
"UNIPROT","Q15545","UNIPROT","Q92750","undirected","Binding"
"UNIPROT","Q15545","UNIPROT","Q92804","undirected","Binding"
"UNIPROT","Q15545","UNIPROT","Q9HBM6","undirected","Binding"
"UNIPROT","Q15759","UNIPROT","P04637","directed","Control(Out: ACTIVATION of BiochemicalReaction)"
"UNIPROT","Q16514","UNIPROT","P04637","directed","Control(Out: ACTIVATION of BiochemicalReaction)"
"UNIPROT","Q16539","UNIPROT","P04637","directed","Control(Out: ACTIVATION of BiochemicalReaction)"
"UNIPROT","Q16576","UNIPROT","O95696","directed","Control(Out: ACTIVATION of BiochemicalReaction)"
"UNIPROT","Q16576","UNIPROT","P04637","directed","Control(Out: ACTIVATION of BiochemicalReaction)"
"UNIPROT","Q16576","UNIPROT","P29590","directed","Control(Out: ACTIVATION of BiochemicalReaction)"
"UNIPROT","Q16576","UNIPROT","P55201","directed","Control(Out: ACTIVATION of BiochemicalReaction)"
"UNIPROT","Q16576","UNIPROT","Q09472","directed","Control(Out: ACTIVATION of BiochemicalReaction)"
"UNIPROT","Q16576","UNIPROT","Q8WYH8","directed","Control(Out: ACTIVATION of BiochemicalReaction)"
"UNIPROT","Q16576","UNIPROT","Q92794","directed","Control(Out: ACTIVATION of BiochemicalReaction)"
"UNIPROT","Q16576","UNIPROT","Q9HAF1","directed","Control(Out: ACTIVATION of BiochemicalReaction)"
"UNIPROT","Q16576","UNIPROT","Q9NPI1","directed","Control(Out: ACTIVATION of BiochemicalReaction)"
"UNIPROT","Q16576","UNIPROT","Q9ULD4","directed","Control(Out: ACTIVATION of BiochemicalReaction)"
"UNIPROT","Q16594","UNIPROT","P04637","directed","Control(Out: ACTIVATION of BiochemicalReaction)"
"UNIPROT","Q16594","UNIPROT","Q16514","undirected","Binding"
"UNIPROT","Q5H9L4","UNIPROT","P04637","directed","Control(Out: ACTIVATION of BiochemicalReaction)"
"UNIPROT","Q5H9L4","UNIPROT","Q15542","undirected","Binding"
"UNIPROT","Q5H9L4","UNIPROT","Q15543","undirected","Binding"
"UNIPROT","Q5H9L4","UNIPROT","Q15544","undirected","Binding"
"UNIPROT","Q5H9L4","UNIPROT","Q16514","undirected","Binding"
"UNIPROT","Q5H9L4","UNIPROT","Q16594","undirected","Binding"
"UNIPROT","Q5H9L4","UNIPROT","Q5VWG9","undirected","Binding"
"UNIPROT","Q5H9L4","UNIPROT","Q92750","undirected","Binding"
"UNIPROT","Q5H9L4","UNIPROT","Q92804","undirected","Binding"
"UNIPROT","Q5H9L4","UNIPROT","Q9HBM6","undirected","Binding"
"UNIPROT","Q5VWG9","UNIPROT","P04637","directed","Control(Out: ACTIVATION of BiochemicalReaction)"
"UNIPROT","Q5VWG9","UNIPROT","Q15542","undirected","Binding"
"UNIPROT","Q5VWG9","UNIPROT","Q15544","undirected","Binding"
"UNIPROT","Q5VWG9","UNIPROT","Q16514","undirected","Binding"
"UNIPROT","Q5VWG9","UNIPROT","Q16594","undirected","Binding"
"UNIPROT","Q5VWG9","UNIPROT","Q92750","undirected","Binding"
"UNIPROT","Q5VWG9","UNIPROT","Q9HBM6","undirected","Binding"
"UNIPROT","Q6P1X5","UNIPROT","P04637","directed","Control(Out: ACTIVATION of BiochemicalReaction)"
"UNIPROT","Q6P1X5","UNIPROT","P49848","undirected","Binding"
"UNIPROT","Q6P1X5","UNIPROT","Q15542","undirected","Binding"
"UNIPROT","Q6P1X5","UNIPROT","Q15543","undirected","Binding"
"UNIPROT","Q6P1X5","UNIPROT","Q15544","undirected","Binding"
"UNIPROT","Q6P1X5","UNIPROT","Q15545","undirected","Binding"
"UNIPROT","Q6P1X5","UNIPROT","Q16514","undirected","Binding"
"UNIPROT","Q6P1X5","UNIPROT","Q16594","undirected","Binding"
"UNIPROT","Q6P1X5","UNIPROT","Q5H9L4","undirected","Binding"
"UNIPROT","Q6P1X5","UNIPROT","Q5VWG9","undirected","Binding"
"UNIPROT","Q6P1X5","UNIPROT","Q92750","undirected","Binding"
"UNIPROT","Q6P1X5","UNIPROT","Q92804","undirected","Binding"
"UNIPROT","Q6P1X5","UNIPROT","Q9HBM6","undirected","Binding"
"UNIPROT","Q6R327","UNIPROT","O00141","directed","Control(Out: ACTIVATION of BiochemicalReaction)"
"UNIPROT","Q6R327","UNIPROT","P42345","undirected","Binding"
"UNIPROT","Q6R327","UNIPROT","P85299","undirected","Binding"
"UNIPROT","Q6R327","UNIPROT","Q9BPZ7","undirected","Binding"
"UNIPROT","Q6R327","UNIPROT","Q9BVC4","undirected","Binding"
"UNIPROT","Q6WBX8","UNIPROT","O60671","undirected","Binding"
"UNIPROT","Q6WBX8","UNIPROT","O60934","undirected","Binding"
"UNIPROT","Q6WBX8","UNIPROT","O75943","undirected","Binding"
"UNIPROT","Q6WBX8","UNIPROT","P04637","directed","Control(Out: ACTIVATION of BiochemicalReaction)"
"UNIPROT","Q6WBX8","UNIPROT","P35249","undirected","Binding"
"UNIPROT","Q6WBX8","UNIPROT","P35250","undirected","Binding"
"UNIPROT","Q6WBX8","UNIPROT","P38398","undirected","Binding"
"UNIPROT","Q6WBX8","UNIPROT","P40937","undirected","Binding"
"UNIPROT","Q6WBX8","UNIPROT","P40938","undirected","Binding"
"UNIPROT","Q6WBX8","UNIPROT","P49959","undirected","Binding"
"UNIPROT","Q6WBX8","UNIPROT","P51530","undirected","Binding"
"UNIPROT","Q6WBX8","UNIPROT","P54132","undirected","Binding"
"UNIPROT","Q6WBX8","UNIPROT","Q13315","undirected","Binding"
"UNIPROT","Q6WBX8","UNIPROT","Q13472","undirected","Binding"
"UNIPROT","Q6WBX8","UNIPROT","Q13535","undirected","Binding"
"UNIPROT","Q6WBX8","UNIPROT","Q92547","undirected","Binding"
"UNIPROT","Q6WBX8","UNIPROT","Q92878","undirected","Binding"
"UNIPROT","Q6WBX8","UNIPROT","Q99708","undirected","Binding"
"UNIPROT","Q6WBX8","UNIPROT","Q9BSD3","undirected","Binding"
"UNIPROT","Q86YP4","UNIPROT","O95696","directed","Control(Out: ACTIVATION of BiochemicalReaction)"
"UNIPROT","Q86YP4","UNIPROT","P04637","directed","Control(Out: ACTIVATION of BiochemicalReaction)"
"UNIPROT","Q86YP4","UNIPROT","P29590","directed","Control(Out: ACTIVATION of BiochemicalReaction)"
"UNIPROT","Q86YP4","UNIPROT","P55201","directed","Control(Out: ACTIVATION of BiochemicalReaction)"
"UNIPROT","Q86YP4","UNIPROT","Q09472","directed","Control(Out: ACTIVATION of BiochemicalReaction)"
"UNIPROT","Q86YP4","UNIPROT","Q16576","undirected","Binding"
"UNIPROT","Q86YP4","UNIPROT","Q8WYH8","directed","Control(Out: ACTIVATION of BiochemicalReaction)"
"UNIPROT","Q86YP4","UNIPROT","Q92794","directed","Control(Out: ACTIVATION of BiochemicalReaction)"
"UNIPROT","Q86YP4","UNIPROT","Q9HAF1","directed","Control(Out: ACTIVATION of BiochemicalReaction)"
"UNIPROT","Q86YP4","UNIPROT","Q9NPI1","directed","Control(Out: ACTIVATION of BiochemicalReaction)"
"UNIPROT","Q86YP4","UNIPROT","Q9ULD4","directed","Control(Out: ACTIVATION of BiochemicalReaction)"
"UNIPROT","Q8IW41","UNIPROT","P04637","directed","Control(Out: ACTIVATION of BiochemicalReaction)"
"UNIPROT","Q8IW41","UNIPROT","Q15759","undirected","Binding"
"UNIPROT","Q8IW41","UNIPROT","Q16539","undirected","Binding"
"UNIPROT","Q8IZX4","UNIPROT","P04637","directed","Control(Out: ACTIVATION of BiochemicalReaction)"
"UNIPROT","Q8IZX4","UNIPROT","P49848","undirected","Binding"
"UNIPROT","Q8IZX4","UNIPROT","Q15542","undirected","Binding"
"UNIPROT","Q8IZX4","UNIPROT","Q15543","undirected","Binding"
"UNIPROT","Q8IZX4","UNIPROT","Q15544","undirected","Binding"
"UNIPROT","Q8IZX4","UNIPROT","Q15545","undirected","Binding"
"UNIPROT","Q8IZX4","UNIPROT","Q16514","undirected","Binding"
"UNIPROT","Q8IZX4","UNIPROT","Q16594","undirected","Binding"
"UNIPROT","Q8IZX4","UNIPROT","Q5H9L4","undirected","Binding"
"UNIPROT","Q8IZX4","UNIPROT","Q5VWG9","undirected","Binding"
"UNIPROT","Q8IZX4","UNIPROT","Q6P1X5","undirected","Binding"
"UNIPROT","Q8IZX4","UNIPROT","Q92750","undirected","Binding"
"UNIPROT","Q8IZX4","UNIPROT","Q92804","undirected","Binding"
"UNIPROT","Q8IZX4","UNIPROT","Q9HBM6","undirected","Binding"
"UNIPROT","Q8N0Z6","UNIPROT","O14744","undirected","Binding"
"UNIPROT","Q8N0Z6","UNIPROT","P04637","undirected","Binding"
"UNIPROT","Q8N0Z6","UNIPROT","Q09472","undirected","Binding"
"UNIPROT","Q8N0Z6","UNIPROT","Q8N9B5","undirected","Binding"
"UNIPROT","Q8N726","UNIPROT","O15151","directed","Control(Out: INHIBITION of BiochemicalReaction)"
"UNIPROT","Q8N726","UNIPROT","O15151","undirected","Binding"
"UNIPROT","Q8N726","UNIPROT","P04637","directed","Control(Out: INHIBITION of BiochemicalReaction)"
"UNIPROT","Q8N726","UNIPROT","Q00987","directed","Control(Out: INHIBITION of BiochemicalReaction)"
"UNIPROT","Q8N726","UNIPROT","Q00987","undirected","Binding"
"UNIPROT","Q8N9B5","UNIPROT","O14744","undirected","Binding"
"UNIPROT","Q8N9B5","UNIPROT","P04637","undirected","Binding"
"UNIPROT","Q8N9B5","UNIPROT","Q09472","undirected","Binding"
"UNIPROT","Q8N9N5","UNIPROT","P04637","undirected","Binding"
"UNIPROT","Q8NE22","UNIPROT","P04637","directed","Control(Out: ACTIVATION of BiochemicalReaction)"
"UNIPROT","Q8TBX8","UNIPROT","Q13526","undirected","Binding"
"UNIPROT","Q8WUF5","UNIPROT","O15350","undirected","Binding"
"UNIPROT","Q8WUF5","UNIPROT","P04637","undirected","Binding"
"UNIPROT","Q8WUF5","UNIPROT","Q9H3D4","undirected","Binding"
"UNIPROT","Q8WXE1","UNIPROT","O60671","undirected","Binding"
"UNIPROT","Q8WXE1","UNIPROT","O60921","undirected","Binding"
"UNIPROT","Q8WXE1","UNIPROT","O60934","undirected","Binding"
"UNIPROT","Q8WXE1","UNIPROT","O75943","undirected","Binding"
"UNIPROT","Q8WXE1","UNIPROT","P04637","directed","Control(Out: ACTIVATION of BiochemicalReaction)"
"UNIPROT","Q8WXE1","UNIPROT","P35249","undirected","Binding"
"UNIPROT","Q8WXE1","UNIPROT","P35250","undirected","Binding"
"UNIPROT","Q8WXE1","UNIPROT","P38398","undirected","Binding"
"UNIPROT","Q8WXE1","UNIPROT","P40937","undirected","Binding"
"UNIPROT","Q8WXE1","UNIPROT","P40938","undirected","Binding"
"UNIPROT","Q8WXE1","UNIPROT","P49959","undirected","Binding"
"UNIPROT","Q8WXE1","UNIPROT","P51530","undirected","Binding"
"UNIPROT","Q8WXE1","UNIPROT","P54132","undirected","Binding"
"UNIPROT","Q8WXE1","UNIPROT","Q13315","undirected","Binding"
"UNIPROT","Q8WXE1","UNIPROT","Q13472","undirected","Binding"
"UNIPROT","Q8WXE1","UNIPROT","Q13535","undirected","Binding"
"UNIPROT","Q8WXE1","UNIPROT","Q6WBX8","undirected","Binding"
"UNIPROT","Q8WXE1","UNIPROT","Q92547","undirected","Binding"
"UNIPROT","Q8WXE1","UNIPROT","Q92878","undirected","Binding"
"UNIPROT","Q8WXE1","UNIPROT","Q99638","undirected","Binding"
"UNIPROT","Q8WXE1","UNIPROT","Q99708","undirected","Binding"
"UNIPROT","Q8WXE1","UNIPROT","Q9BSD3","undirected","Binding"
"UNIPROT","Q8WXI9","UNIPROT","O95696","directed","Control(Out: ACTIVATION of BiochemicalReaction)"
"UNIPROT","Q8WXI9","UNIPROT","P04637","directed","Control(Out: ACTIVATION of BiochemicalReaction)"
"UNIPROT","Q8WXI9","UNIPROT","P29590","directed","Control(Out: ACTIVATION of BiochemicalReaction)"
"UNIPROT","Q8WXI9","UNIPROT","P55201","directed","Control(Out: ACTIVATION of BiochemicalReaction)"
"UNIPROT","Q8WXI9","UNIPROT","Q09472","directed","Control(Out: ACTIVATION of BiochemicalReaction)"
"UNIPROT","Q8WXI9","UNIPROT","Q16576","undirected","Binding"
"UNIPROT","Q8WXI9","UNIPROT","Q8WYH8","directed","Control(Out: ACTIVATION of BiochemicalReaction)"
"UNIPROT","Q8WXI9","UNIPROT","Q92794","directed","Control(Out: ACTIVATION of BiochemicalReaction)"
"UNIPROT","Q8WXI9","UNIPROT","Q9HAF1","directed","Control(Out: ACTIVATION of BiochemicalReaction)"
"UNIPROT","Q8WXI9","UNIPROT","Q9NPI1","directed","Control(Out: ACTIVATION of BiochemicalReaction)"
"UNIPROT","Q8WXI9","UNIPROT","Q9ULD4","directed","Control(Out: ACTIVATION of BiochemicalReaction)"
"UNIPROT","Q8WYH8","UNIPROT","Q9HAF1","undirected","Binding"
"UNIPROT","Q8WZ73","UNIPROT","P04637","directed","Control(Out: ACTIVATION of BiochemicalReaction)"
"UNIPROT","Q92547","UNIPROT","O60934","undirected","Binding"
"UNIPROT","Q92547","UNIPROT","O75943","undirected","Binding"
"UNIPROT","Q92547","UNIPROT","P04637","directed","Control(Out: ACTIVATION of BiochemicalReaction)"
"UNIPROT","Q92547","UNIPROT","P35249","undirected","Binding"
"UNIPROT","Q92547","UNIPROT","P35250","undirected","Binding"
"UNIPROT","Q92547","UNIPROT","P38398","undirected","Binding"
"UNIPROT","Q92547","UNIPROT","P40937","undirected","Binding"
"UNIPROT","Q92547","UNIPROT","P40938","undirected","Binding"
"UNIPROT","Q92547","UNIPROT","P49959","undirected","Binding"
"UNIPROT","Q92547","UNIPROT","P51530","undirected","Binding"
"UNIPROT","Q92547","UNIPROT","P54132","undirected","Binding"
"UNIPROT","Q92547","UNIPROT","Q13315","undirected","Binding"
"UNIPROT","Q92547","UNIPROT","Q13472","undirected","Binding"
"UNIPROT","Q92547","UNIPROT","Q13535","undirected","Binding"
"UNIPROT","Q92547","UNIPROT","Q92878","undirected","Binding"
"UNIPROT","Q92547","UNIPROT","Q99708","undirected","Binding"
"UNIPROT","Q92630","UNIPROT","P04637","directed","Control(Out: ACTIVATION of BiochemicalReaction)"
"UNIPROT","Q92750","UNIPROT","P04637","directed","Control(Out: ACTIVATION of BiochemicalReaction)"
"UNIPROT","Q92750","UNIPROT","Q15542","undirected","Binding"
"UNIPROT","Q92750","UNIPROT","Q16514","undirected","Binding"
"UNIPROT","Q92750","UNIPROT","Q16594","undirected","Binding"
"UNIPROT","Q92769","UNIPROT","O94776","undirected","Binding"
"UNIPROT","Q92769","UNIPROT","O95696","directed","Control(Out: ACTIVATION of BiochemicalReaction)"
"UNIPROT","Q92769","UNIPROT","O95983","undirected","Binding"
"UNIPROT","Q92769","UNIPROT","P04637","directed","Control(Out: ACTIVATION of BiochemicalReaction)"
"UNIPROT","Q92769","UNIPROT","P29590","directed","Control(Out: ACTIVATION of BiochemicalReaction)"
"UNIPROT","Q92769","UNIPROT","P55201","directed","Control(Out: ACTIVATION of BiochemicalReaction)"
"UNIPROT","Q92769","UNIPROT","Q09028","undirected","Binding"
"UNIPROT","Q92769","UNIPROT","Q09472","directed","Control(Out: ACTIVATION of BiochemicalReaction)"
"UNIPROT","Q92769","UNIPROT","Q12873","undirected","Binding"
"UNIPROT","Q92769","UNIPROT","Q13547","undirected","Binding"
"UNIPROT","Q92769","UNIPROT","Q14839","undirected","Binding"
"UNIPROT","Q92769","UNIPROT","Q16576","undirected","Binding"
"UNIPROT","Q92769","UNIPROT","Q86YP4","undirected","Binding"
"UNIPROT","Q92769","UNIPROT","Q8WXI9","undirected","Binding"
"UNIPROT","Q92769","UNIPROT","Q8WYH8","directed","Control(Out: ACTIVATION of BiochemicalReaction)"
"UNIPROT","Q92769","UNIPROT","Q92794","directed","Control(Out: ACTIVATION of BiochemicalReaction)"
"UNIPROT","Q92769","UNIPROT","Q9HAF1","directed","Control(Out: ACTIVATION of BiochemicalReaction)"
"UNIPROT","Q92769","UNIPROT","Q9NPI1","directed","Control(Out: ACTIVATION of BiochemicalReaction)"
"UNIPROT","Q92769","UNIPROT","Q9ULD4","directed","Control(Out: ACTIVATION of BiochemicalReaction)"
"UNIPROT","Q92794","UNIPROT","O95696","undirected","Binding"
"UNIPROT","Q92794","UNIPROT","P55201","undirected","Binding"
"UNIPROT","Q92794","UNIPROT","Q8WYH8","undirected","Binding"
"UNIPROT","Q92794","UNIPROT","Q9HAF1","undirected","Binding"
"UNIPROT","Q92794","UNIPROT","Q9ULD4","undirected","Binding"
"UNIPROT","Q92804","UNIPROT","P04637","directed","Control(Out: ACTIVATION of BiochemicalReaction)"
"UNIPROT","Q92804","UNIPROT","Q15542","undirected","Binding"
"UNIPROT","Q92804","UNIPROT","Q15543","undirected","Binding"
"UNIPROT","Q92804","UNIPROT","Q15544","undirected","Binding"
"UNIPROT","Q92804","UNIPROT","Q16514","undirected","Binding"
"UNIPROT","Q92804","UNIPROT","Q16594","undirected","Binding"
"UNIPROT","Q92804","UNIPROT","Q5VWG9","undirected","Binding"
"UNIPROT","Q92804","UNIPROT","Q92750","undirected","Binding"
"UNIPROT","Q92804","UNIPROT","Q9HBM6","undirected","Binding"
"UNIPROT","Q92878","UNIPROT","O60934","undirected","Binding"
"UNIPROT","Q92878","UNIPROT","P04637","directed","Control(Out: ACTIVATION of BiochemicalReaction)"
"UNIPROT","Q92878","UNIPROT","P38398","undirected","Binding"
"UNIPROT","Q92878","UNIPROT","P54132","undirected","Binding"
"UNIPROT","Q92878","UNIPROT","Q13315","undirected","Binding"
"UNIPROT","Q92878","UNIPROT","Q13472","undirected","Binding"
"UNIPROT","Q92878","UNIPROT","Q13535","undirected","Binding"
"UNIPROT","Q92878","UNIPROT","Q99708","undirected","Binding"
"UNIPROT","Q92993","UNIPROT","O60671","undirected","Binding"
"UNIPROT","Q92993","UNIPROT","O60921","undirected","Binding"
"UNIPROT","Q92993","UNIPROT","O60934","undirected","Binding"
"UNIPROT","Q92993","UNIPROT","O75943","undirected","Binding"
"UNIPROT","Q92993","UNIPROT","P04637","directed","Control(Out: ACTIVATION of BiochemicalReaction)"
"UNIPROT","Q92993","UNIPROT","P15927","undirected","Binding"
"UNIPROT","Q92993","UNIPROT","P27694","undirected","Binding"
"UNIPROT","Q92993","UNIPROT","P35244","undirected","Binding"
"UNIPROT","Q92993","UNIPROT","P35249","undirected","Binding"
"UNIPROT","Q92993","UNIPROT","P35250","undirected","Binding"
"UNIPROT","Q92993","UNIPROT","P38398","undirected","Binding"
"UNIPROT","Q92993","UNIPROT","P40937","undirected","Binding"
"UNIPROT","Q92993","UNIPROT","P40938","undirected","Binding"
"UNIPROT","Q92993","UNIPROT","P49959","undirected","Binding"
"UNIPROT","Q92993","UNIPROT","P51530","undirected","Binding"
"UNIPROT","Q92993","UNIPROT","P54132","undirected","Binding"
"UNIPROT","Q92993","UNIPROT","Q13315","undirected","Binding"
"UNIPROT","Q92993","UNIPROT","Q13472","undirected","Binding"
"UNIPROT","Q92993","UNIPROT","Q13535","undirected","Binding"
"UNIPROT","Q92993","UNIPROT","Q14191","undirected","Binding"
"UNIPROT","Q92993","UNIPROT","Q6WBX8","undirected","Binding"
"UNIPROT","Q92993","UNIPROT","Q8WXE1","undirected","Binding"
"UNIPROT","Q92993","UNIPROT","Q92547","undirected","Binding"
"UNIPROT","Q92993","UNIPROT","Q92878","undirected","Binding"
"UNIPROT","Q92993","UNIPROT","Q96E14","undirected","Binding"
"UNIPROT","Q92993","UNIPROT","Q99638","undirected","Binding"
"UNIPROT","Q92993","UNIPROT","Q99708","undirected","Binding"
"UNIPROT","Q92993","UNIPROT","Q99728","undirected","Binding"
"UNIPROT","Q92993","UNIPROT","Q9BSD3","undirected","Binding"
"UNIPROT","Q92993","UNIPROT","Q9BX63","undirected","Binding"
"UNIPROT","Q92993","UNIPROT","Q9H9A7","undirected","Binding"
"UNIPROT","Q92993","UNIPROT","Q9UQ84","undirected","Binding"
"UNIPROT","Q93009","UNIPROT","O15151","undirected","Binding"
"UNIPROT","Q93009","UNIPROT","P04637","directed","Control(Out: ACTIVATION of BiochemicalReaction)"
"UNIPROT","Q93009","UNIPROT","P0CG47","directed","Control(Out: ACTIVATION of BiochemicalReaction)"
"UNIPROT","Q93009","UNIPROT","P0CG47","directed","Process(BiochemicalReaction)"
"UNIPROT","Q93009","UNIPROT","P0CG48","directed","Control(Out: ACTIVATION of BiochemicalReaction)"
"UNIPROT","Q93009","UNIPROT","P0CG48","directed","Process(BiochemicalReaction)"
"UNIPROT","Q93009","UNIPROT","P62979","directed","Control(Out: ACTIVATION of BiochemicalReaction)"
"UNIPROT","Q93009","UNIPROT","P62979","directed","Process(BiochemicalReaction)"
"UNIPROT","Q93009","UNIPROT","P62987","directed","Control(Out: ACTIVATION of BiochemicalReaction)"
"UNIPROT","Q93009","UNIPROT","P62987","directed","Process(BiochemicalReaction)"
"UNIPROT","Q93009","UNIPROT","Q00987","undirected","Binding"
"UNIPROT","Q93009","UNIPROT","Q9UER7","undirected","Binding"
"UNIPROT","Q969K3","UNIPROT","P04637","directed","Control(Out: ACTIVATION of BiochemicalReaction)"
"UNIPROT","Q96A56","UNIPROT","P04637","undirected","Binding"
"UNIPROT","Q96A56","UNIPROT","Q13526","undirected","Binding"
"UNIPROT","Q96A56","UNIPROT","Q9H2X6","undirected","Binding"
"UNIPROT","Q96E14","UNIPROT","O60671","undirected","Binding"
"UNIPROT","Q96E14","UNIPROT","O60921","undirected","Binding"
"UNIPROT","Q96E14","UNIPROT","O60934","undirected","Binding"
"UNIPROT","Q96E14","UNIPROT","O75943","undirected","Binding"
"UNIPROT","Q96E14","UNIPROT","P04637","directed","Control(Out: ACTIVATION of BiochemicalReaction)"
"UNIPROT","Q96E14","UNIPROT","P35249","undirected","Binding"
"UNIPROT","Q96E14","UNIPROT","P35250","undirected","Binding"
"UNIPROT","Q96E14","UNIPROT","P38398","undirected","Binding"
"UNIPROT","Q96E14","UNIPROT","P40937","undirected","Binding"
"UNIPROT","Q96E14","UNIPROT","P40938","undirected","Binding"
"UNIPROT","Q96E14","UNIPROT","P49959","undirected","Binding"
"UNIPROT","Q96E14","UNIPROT","P51530","undirected","Binding"
"UNIPROT","Q96E14","UNIPROT","P54132","undirected","Binding"
"UNIPROT","Q96E14","UNIPROT","Q13315","undirected","Binding"
"UNIPROT","Q96E14","UNIPROT","Q13472","undirected","Binding"
"UNIPROT","Q96E14","UNIPROT","Q13535","undirected","Binding"
"UNIPROT","Q96E14","UNIPROT","Q6WBX8","undirected","Binding"
"UNIPROT","Q96E14","UNIPROT","Q8WXE1","undirected","Binding"
"UNIPROT","Q96E14","UNIPROT","Q92547","undirected","Binding"
"UNIPROT","Q96E14","UNIPROT","Q92878","undirected","Binding"
"UNIPROT","Q96E14","UNIPROT","Q99638","undirected","Binding"
"UNIPROT","Q96E14","UNIPROT","Q99708","undirected","Binding"
"UNIPROT","Q96E14","UNIPROT","Q9BSD3","undirected","Binding"
"UNIPROT","Q96E14","UNIPROT","Q9BX63","undirected","Binding"
"UNIPROT","Q96E14","UNIPROT","Q9H9A7","undirected","Binding"
"UNIPROT","Q96KQ4","UNIPROT","O15350","undirected","Binding"
"UNIPROT","Q96KQ4","UNIPROT","Q9H3D4","undirected","Binding"
"UNIPROT","Q96KQ7","UNIPROT","P04637","directed","Control(Out: ACTIVATION of BiochemicalReaction)"
"UNIPROT","Q96S44","UNIPROT","P04637","directed","Control(Out: ACTIVATION of BiochemicalReaction)"
"UNIPROT","Q99638","UNIPROT","O60671","undirected","Binding"
"UNIPROT","Q99638","UNIPROT","O60934","undirected","Binding"
"UNIPROT","Q99638","UNIPROT","O75943","undirected","Binding"
"UNIPROT","Q99638","UNIPROT","P04637","directed","Control(Out: ACTIVATION of BiochemicalReaction)"
"UNIPROT","Q99638","UNIPROT","P35249","undirected","Binding"
"UNIPROT","Q99638","UNIPROT","P35250","undirected","Binding"
"UNIPROT","Q99638","UNIPROT","P38398","undirected","Binding"
"UNIPROT","Q99638","UNIPROT","P40937","undirected","Binding"
"UNIPROT","Q99638","UNIPROT","P40938","undirected","Binding"
"UNIPROT","Q99638","UNIPROT","P49959","undirected","Binding"
"UNIPROT","Q99638","UNIPROT","P51530","undirected","Binding"
"UNIPROT","Q99638","UNIPROT","P54132","undirected","Binding"
"UNIPROT","Q99638","UNIPROT","Q13315","undirected","Binding"
"UNIPROT","Q99638","UNIPROT","Q13472","undirected","Binding"
"UNIPROT","Q99638","UNIPROT","Q13535","undirected","Binding"
"UNIPROT","Q99638","UNIPROT","Q92547","undirected","Binding"
"UNIPROT","Q99638","UNIPROT","Q92878","undirected","Binding"
"UNIPROT","Q99638","UNIPROT","Q99708","undirected","Binding"
"UNIPROT","Q99638","UNIPROT","Q9BSD3","undirected","Binding"
"UNIPROT","Q99708","UNIPROT","P04637","directed","Control(Out: ACTIVATION of BiochemicalReaction)"
"UNIPROT","Q99708","UNIPROT","P38398","undirected","Binding"
"UNIPROT","Q99708","UNIPROT","P54132","undirected","Binding"
"UNIPROT","Q99708","UNIPROT","Q13315","undirected","Binding"
"UNIPROT","Q99708","UNIPROT","Q13472","undirected","Binding"
"UNIPROT","Q99708","UNIPROT","Q13535","undirected","Binding"
"UNIPROT","Q99728","UNIPROT","O60671","undirected","Binding"
"UNIPROT","Q99728","UNIPROT","O60921","undirected","Binding"
"UNIPROT","Q99728","UNIPROT","O60934","undirected","Binding"
"UNIPROT","Q99728","UNIPROT","O75943","undirected","Binding"
"UNIPROT","Q99728","UNIPROT","P04637","directed","Control(Out: ACTIVATION of BiochemicalReaction)"
"UNIPROT","Q99728","UNIPROT","P35249","undirected","Binding"
"UNIPROT","Q99728","UNIPROT","P35250","undirected","Binding"
"UNIPROT","Q99728","UNIPROT","P38398","undirected","Binding"
"UNIPROT","Q99728","UNIPROT","P40937","undirected","Binding"
"UNIPROT","Q99728","UNIPROT","P40938","undirected","Binding"
"UNIPROT","Q99728","UNIPROT","P49959","undirected","Binding"
"UNIPROT","Q99728","UNIPROT","P51530","undirected","Binding"
"UNIPROT","Q99728","UNIPROT","P54132","undirected","Binding"
"UNIPROT","Q99728","UNIPROT","Q13315","undirected","Binding"
"UNIPROT","Q99728","UNIPROT","Q13472","undirected","Binding"
"UNIPROT","Q99728","UNIPROT","Q13535","undirected","Binding"
"UNIPROT","Q99728","UNIPROT","Q14191","undirected","Binding"
"UNIPROT","Q99728","UNIPROT","Q6WBX8","undirected","Binding"
"UNIPROT","Q99728","UNIPROT","Q8WXE1","undirected","Binding"
"UNIPROT","Q99728","UNIPROT","Q92547","undirected","Binding"
"UNIPROT","Q99728","UNIPROT","Q92878","undirected","Binding"
"UNIPROT","Q99728","UNIPROT","Q96E14","undirected","Binding"
"UNIPROT","Q99728","UNIPROT","Q99638","undirected","Binding"
"UNIPROT","Q99728","UNIPROT","Q99708","undirected","Binding"
"UNIPROT","Q99728","UNIPROT","Q9BSD3","undirected","Binding"
"UNIPROT","Q99728","UNIPROT","Q9BX63","undirected","Binding"
"UNIPROT","Q99728","UNIPROT","Q9H9A7","undirected","Binding"
"UNIPROT","Q99728","UNIPROT","Q9UQ84","undirected","Binding"
"UNIPROT","Q9BPZ7","UNIPROT","O00141","directed","Control(Out: ACTIVATION of BiochemicalReaction)"
"UNIPROT","Q9BPZ7","UNIPROT","P85299","undirected","Binding"
"UNIPROT","Q9BPZ7","UNIPROT","Q9BVC4","undirected","Binding"
"UNIPROT","Q9BSD3","UNIPROT","O60934","undirected","Binding"
"UNIPROT","Q9BSD3","UNIPROT","O75943","undirected","Binding"
"UNIPROT","Q9BSD3","UNIPROT","P04637","directed","Control(Out: ACTIVATION of BiochemicalReaction)"
"UNIPROT","Q9BSD3","UNIPROT","P35249","undirected","Binding"
"UNIPROT","Q9BSD3","UNIPROT","P35250","undirected","Binding"
"UNIPROT","Q9BSD3","UNIPROT","P38398","undirected","Binding"
"UNIPROT","Q9BSD3","UNIPROT","P40937","undirected","Binding"
"UNIPROT","Q9BSD3","UNIPROT","P40938","undirected","Binding"
"UNIPROT","Q9BSD3","UNIPROT","P49959","undirected","Binding"
"UNIPROT","Q9BSD3","UNIPROT","P51530","undirected","Binding"
"UNIPROT","Q9BSD3","UNIPROT","P54132","undirected","Binding"
"UNIPROT","Q9BSD3","UNIPROT","Q13315","undirected","Binding"
"UNIPROT","Q9BSD3","UNIPROT","Q13472","undirected","Binding"
"UNIPROT","Q9BSD3","UNIPROT","Q13535","undirected","Binding"
"UNIPROT","Q9BSD3","UNIPROT","Q92547","undirected","Binding"
"UNIPROT","Q9BSD3","UNIPROT","Q92878","undirected","Binding"
"UNIPROT","Q9BSD3","UNIPROT","Q99708","undirected","Binding"
"UNIPROT","Q9BVC4","UNIPROT","O00141","directed","Control(Out: ACTIVATION of BiochemicalReaction)"
"UNIPROT","Q9BVI0","UNIPROT","O15151","directed","Control(Out: INHIBITION of BiochemicalReaction)"
"UNIPROT","Q9BVI0","UNIPROT","P04637","directed","Control(Out: INHIBITION of BiochemicalReaction)"
"UNIPROT","Q9BVI0","UNIPROT","Q00987","directed","Control(Out: INHIBITION of BiochemicalReaction)"
"UNIPROT","Q9BX63","UNIPROT","O60671","undirected","Binding"
"UNIPROT","Q9BX63","UNIPROT","O60921","undirected","Binding"
"UNIPROT","Q9BX63","UNIPROT","O60934","undirected","Binding"
"UNIPROT","Q9BX63","UNIPROT","O75943","undirected","Binding"
"UNIPROT","Q9BX63","UNIPROT","P04637","directed","Control(Out: ACTIVATION of BiochemicalReaction)"
"UNIPROT","Q9BX63","UNIPROT","P35249","undirected","Binding"
"UNIPROT","Q9BX63","UNIPROT","P35250","undirected","Binding"
"UNIPROT","Q9BX63","UNIPROT","P38398","undirected","Binding"
"UNIPROT","Q9BX63","UNIPROT","P40937","undirected","Binding"
"UNIPROT","Q9BX63","UNIPROT","P40938","undirected","Binding"
"UNIPROT","Q9BX63","UNIPROT","P49959","undirected","Binding"
"UNIPROT","Q9BX63","UNIPROT","P51530","undirected","Binding"
"UNIPROT","Q9BX63","UNIPROT","P54132","undirected","Binding"
"UNIPROT","Q9BX63","UNIPROT","Q13315","undirected","Binding"
"UNIPROT","Q9BX63","UNIPROT","Q13472","undirected","Binding"
"UNIPROT","Q9BX63","UNIPROT","Q13535","undirected","Binding"
"UNIPROT","Q9BX63","UNIPROT","Q6WBX8","undirected","Binding"
"UNIPROT","Q9BX63","UNIPROT","Q8WXE1","undirected","Binding"
"UNIPROT","Q9BX63","UNIPROT","Q92547","undirected","Binding"
"UNIPROT","Q9BX63","UNIPROT","Q92878","undirected","Binding"
"UNIPROT","Q9BX63","UNIPROT","Q99638","undirected","Binding"
"UNIPROT","Q9BX63","UNIPROT","Q99708","undirected","Binding"
"UNIPROT","Q9BX63","UNIPROT","Q9BSD3","undirected","Binding"
"UNIPROT","Q9H160","UNIPROT","Q09472","undirected","Binding"
"UNIPROT","Q9H4B4","UNIPROT","P04637","directed","Control(Out: ACTIVATION of BiochemicalReaction)"
"UNIPROT","Q9H9A7","UNIPROT","O60671","undirected","Binding"
"UNIPROT","Q9H9A7","UNIPROT","O60921","undirected","Binding"
"UNIPROT","Q9H9A7","UNIPROT","O60934","undirected","Binding"
"UNIPROT","Q9H9A7","UNIPROT","O75943","undirected","Binding"
"UNIPROT","Q9H9A7","UNIPROT","P04637","directed","Control(Out: ACTIVATION of BiochemicalReaction)"
"UNIPROT","Q9H9A7","UNIPROT","P35249","undirected","Binding"
"UNIPROT","Q9H9A7","UNIPROT","P35250","undirected","Binding"
"UNIPROT","Q9H9A7","UNIPROT","P38398","undirected","Binding"
"UNIPROT","Q9H9A7","UNIPROT","P40937","undirected","Binding"
"UNIPROT","Q9H9A7","UNIPROT","P40938","undirected","Binding"
"UNIPROT","Q9H9A7","UNIPROT","P49959","undirected","Binding"
"UNIPROT","Q9H9A7","UNIPROT","P51530","undirected","Binding"
"UNIPROT","Q9H9A7","UNIPROT","P54132","undirected","Binding"
"UNIPROT","Q9H9A7","UNIPROT","Q13315","undirected","Binding"
"UNIPROT","Q9H9A7","UNIPROT","Q13472","undirected","Binding"
"UNIPROT","Q9H9A7","UNIPROT","Q13535","undirected","Binding"
"UNIPROT","Q9H9A7","UNIPROT","Q6WBX8","undirected","Binding"
"UNIPROT","Q9H9A7","UNIPROT","Q8WXE1","undirected","Binding"
"UNIPROT","Q9H9A7","UNIPROT","Q92547","undirected","Binding"
"UNIPROT","Q9H9A7","UNIPROT","Q92878","undirected","Binding"
"UNIPROT","Q9H9A7","UNIPROT","Q99638","undirected","Binding"
"UNIPROT","Q9H9A7","UNIPROT","Q99708","undirected","Binding"
"UNIPROT","Q9H9A7","UNIPROT","Q9BSD3","undirected","Binding"
"UNIPROT","Q9H9A7","UNIPROT","Q9BX63","undirected","Binding"
"UNIPROT","Q9H9B1","UNIPROT","P04637","directed","Control(Out: ACTIVATION of BiochemicalReaction)"
"UNIPROT","Q9H9B1","UNIPROT","Q96KQ7","undirected","Binding"
"UNIPROT","Q9HBM6","UNIPROT","P04637","directed","Control(Out: ACTIVATION of BiochemicalReaction)"
"UNIPROT","Q9HBM6","UNIPROT","Q15542","undirected","Binding"
"UNIPROT","Q9HBM6","UNIPROT","Q15544","undirected","Binding"
"UNIPROT","Q9HBM6","UNIPROT","Q16514","undirected","Binding"
"UNIPROT","Q9HBM6","UNIPROT","Q16594","undirected","Binding"
"UNIPROT","Q9HBM6","UNIPROT","Q92750","undirected","Binding"
"UNIPROT","Q9NPI1","UNIPROT","P04637","undirected","Binding"
"UNIPROT","Q9NPI1","UNIPROT","Q09472","undirected","Binding"
"UNIPROT","Q9NQR1","UNIPROT","P04637","directed","Control(Out: ACTIVATION of BiochemicalReaction)"
"UNIPROT","Q9NRG4","UNIPROT","P04637","directed","Control(Out: ACTIVATION of BiochemicalReaction)"
"UNIPROT","Q9UER7","UNIPROT","O15151","undirected","Binding"
"UNIPROT","Q9UER7","UNIPROT","P0CG47","directed","Control(Out: ACTIVATION of BiochemicalReaction)"
"UNIPROT","Q9UER7","UNIPROT","P0CG47","directed","Process(BiochemicalReaction)"
"UNIPROT","Q9UER7","UNIPROT","P0CG48","directed","Control(Out: ACTIVATION of BiochemicalReaction)"
"UNIPROT","Q9UER7","UNIPROT","P0CG48","directed","Process(BiochemicalReaction)"
"UNIPROT","Q9UER7","UNIPROT","P62979","directed","Control(Out: ACTIVATION of BiochemicalReaction)"
"UNIPROT","Q9UER7","UNIPROT","P62979","directed","Process(BiochemicalReaction)"
"UNIPROT","Q9UER7","UNIPROT","P62987","directed","Control(Out: ACTIVATION of BiochemicalReaction)"
"UNIPROT","Q9UER7","UNIPROT","P62987","directed","Process(BiochemicalReaction)"
"UNIPROT","Q9UER7","UNIPROT","Q00987","undirected","Binding"
"UNIPROT","Q9UGI9","UNIPROT","O43741","undirected","Binding"
"UNIPROT","Q9UGI9","UNIPROT","P04637","directed","Control(Out: ACTIVATION of BiochemicalReaction)"
"UNIPROT","Q9UGI9","UNIPROT","P54646","undirected","Binding"
"UNIPROT","Q9UGI9","UNIPROT","Q13131","undirected","Binding"
"UNIPROT","Q9UGI9","UNIPROT","Q9Y478","undirected","Binding"
"UNIPROT","Q9UGJ0","UNIPROT","O43741","undirected","Binding"
"UNIPROT","Q9UGJ0","UNIPROT","P04637","directed","Control(Out: ACTIVATION of BiochemicalReaction)"
"UNIPROT","Q9UGJ0","UNIPROT","P54646","undirected","Binding"
"UNIPROT","Q9UGJ0","UNIPROT","Q13131","undirected","Binding"
"UNIPROT","Q9UGJ0","UNIPROT","Q9Y478","undirected","Binding"
"UNIPROT","Q9ULD4","UNIPROT","Q8WYH8","undirected","Binding"
"UNIPROT","Q9ULD4","UNIPROT","Q9HAF1","undirected","Binding"
"UNIPROT","Q9ULW0","UNIPROT","P04637","directed","Control(Out: ACTIVATION of BiochemicalReaction)"
"UNIPROT","Q9UQ84","UNIPROT","O60671","undirected","Binding"
"UNIPROT","Q9UQ84","UNIPROT","O60921","undirected","Binding"
"UNIPROT","Q9UQ84","UNIPROT","O60934","undirected","Binding"
"UNIPROT","Q9UQ84","UNIPROT","O75943","undirected","Binding"
"UNIPROT","Q9UQ84","UNIPROT","P04637","directed","Control(Out: ACTIVATION of BiochemicalReaction)"
"UNIPROT","Q9UQ84","UNIPROT","P35249","undirected","Binding"
"UNIPROT","Q9UQ84","UNIPROT","P35250","undirected","Binding"
"UNIPROT","Q9UQ84","UNIPROT","P38398","undirected","Binding"
"UNIPROT","Q9UQ84","UNIPROT","P40937","undirected","Binding"
"UNIPROT","Q9UQ84","UNIPROT","P40938","undirected","Binding"
"UNIPROT","Q9UQ84","UNIPROT","P49959","undirected","Binding"
"UNIPROT","Q9UQ84","UNIPROT","P54132","undirected","Binding"
"UNIPROT","Q9UQ84","UNIPROT","Q13315","undirected","Binding"
"UNIPROT","Q9UQ84","UNIPROT","Q13535","undirected","Binding"
"UNIPROT","Q9UQ84","UNIPROT","Q14191","undirected","Binding"
"UNIPROT","Q9UQ84","UNIPROT","Q6WBX8","undirected","Binding"
"UNIPROT","Q9UQ84","UNIPROT","Q8WXE1","undirected","Binding"
"UNIPROT","Q9UQ84","UNIPROT","Q92547","undirected","Binding"
"UNIPROT","Q9UQ84","UNIPROT","Q92878","undirected","Binding"
"UNIPROT","Q9UQ84","UNIPROT","Q99638","undirected","Binding"
"UNIPROT","Q9UQ84","UNIPROT","Q99708","undirected","Binding"
"UNIPROT","Q9UQ84","UNIPROT","Q9BSD3","undirected","Binding"
"UNIPROT","Q9UQ84","UNIPROT","Q9BX63","undirected","Binding"
"UNIPROT","Q9Y243","UNIPROT","O95696","directed","Control(Out: INHIBITION of BiochemicalReaction)"
"UNIPROT","Q9Y243","UNIPROT","O95696","directed","Control(Out: ACTIVATION of BiochemicalReaction)"
"UNIPROT","Q9Y243","UNIPROT","P04637","directed","Control(Out: INHIBITION of BiochemicalReaction)"
"UNIPROT","Q9Y243","UNIPROT","P29590","directed","Control(Out: INHIBITION of BiochemicalReaction)"
"UNIPROT","Q9Y243","UNIPROT","P55201","directed","Control(Out: INHIBITION of BiochemicalReaction)"
"UNIPROT","Q9Y243","UNIPROT","P55201","directed","Control(Out: ACTIVATION of BiochemicalReaction)"
"UNIPROT","Q9Y243","UNIPROT","Q00987","directed","Control(Out: ACTIVATION of BiochemicalReaction)"
"UNIPROT","Q9Y243","UNIPROT","Q8WYH8","directed","Control(Out: INHIBITION of BiochemicalReaction)"
"UNIPROT","Q9Y243","UNIPROT","Q8WYH8","directed","Control(Out: ACTIVATION of BiochemicalReaction)"
"UNIPROT","Q9Y243","UNIPROT","Q92794","directed","Control(Out: INHIBITION of BiochemicalReaction)"
"UNIPROT","Q9Y243","UNIPROT","Q92794","directed","Control(Out: ACTIVATION of BiochemicalReaction)"
"UNIPROT","Q9Y243","UNIPROT","Q9BVI0","directed","Control(Out: ACTIVATION of BiochemicalReaction)"
"UNIPROT","Q9Y243","UNIPROT","Q9HAF1","directed","Control(Out: INHIBITION of BiochemicalReaction)"
"UNIPROT","Q9Y243","UNIPROT","Q9HAF1","directed","Control(Out: ACTIVATION of BiochemicalReaction)"
"UNIPROT","Q9Y243","UNIPROT","Q9ULD4","directed","Control(Out: INHIBITION of BiochemicalReaction)"
"UNIPROT","Q9Y243","UNIPROT","Q9ULD4","directed","Control(Out: ACTIVATION of BiochemicalReaction)"
"UNIPROT","Q9Y3T9","UNIPROT","P04637","undirected","Binding"
"UNIPROT","Q9Y3T9","UNIPROT","Q96GD4","undirected","Binding"
"UNIPROT","Q9Y468","UNIPROT","P04637","undirected","Binding"
"UNIPROT","Q9Y478","UNIPROT","P04637","directed","Control(Out: ACTIVATION of BiochemicalReaction)"
"UNIPROT","Q9Y478","UNIPROT","P54646","undirected","Binding"
"UNIPROT","Q9Y478","UNIPROT","Q13131","undirected","Binding"
"UNIPROT","Q9Y5B9","UNIPROT","P04637","directed","Control(Out: ACTIVATION of BiochemicalReaction)"
