"src_type","src","dest_type","dest","direction","type"
"UNIPROT","A8K855","UNIPROT","Q6IPM2","undirected","Binding"
"UNIPROT","O43323","UNIPROT","P54826","undirected","Binding"
"UNIPROT","O43323","UNIPROT","Q4KMG0","undirected","Binding"
"UNIPROT","O43323","UNIPROT","Q99835","directed","Control(Out: ACTIVATION of BiochemicalReaction)"
"UNIPROT","O43323","UNIPROT","Q9BWV1","undirected","Binding"
"UNIPROT","O95995","UNIPROT","Q99835","directed","Control(Out: ACTIVATION of BiochemicalReaction)"
"UNIPROT","P25098","UNIPROT","P48729","undirected","Binding"
"UNIPROT","P25098","UNIPROT","Q99835","undirected","Binding"
"UNIPROT","P32121","UNIPROT","Q99835","directed","Control(Out: ACTIVATION of BiochemicalReaction)"
"UNIPROT","P32121","UNIPROT","Q99835","undirected","Binding"
"UNIPROT","P32121","UNIPROT","Q9Y496","undirected","Binding"
"UNIPROT","P48729","UNIPROT","Q99835","undirected","Binding"
"UNIPROT","P49407","UNIPROT","Q99835","directed","Control(Out: ACTIVATION of BiochemicalReaction)"
"UNIPROT","P49407","UNIPROT","Q99835","undirected","Binding"
"UNIPROT","P49407","UNIPROT","Q9Y496","undirected","Binding"
"UNIPROT","P54826","UNIPROT","Q99835","directed","Control(Out: ACTIVATION of BiochemicalReaction)"
"UNIPROT","P57679","UNIPROT","A8K855","undirected","Binding"
"UNIPROT","P57679","UNIPROT","Q6IPM2","undirected","Binding"
"UNIPROT","P57679","UNIPROT","Q86UK5","undirected","Binding"
"UNIPROT","P57679","UNIPROT","Q99835","undirected","Binding"
"UNIPROT","Q13635","UNIPROT","O43323","undirected","Binding"
"UNIPROT","Q13635","UNIPROT","P54826","undirected","Binding"
"UNIPROT","Q13635","UNIPROT","Q14623","undirected","Binding"
"UNIPROT","Q13635","UNIPROT","Q15465","undirected","Binding"
"UNIPROT","Q13635","UNIPROT","Q4KMG0","undirected","Binding"
"UNIPROT","Q13635","UNIPROT","Q99835","directed","Control(Out: ACTIVATION of BiochemicalReaction)"
"UNIPROT","Q13635","UNIPROT","Q9BWV1","undirected","Binding"
"UNIPROT","Q14623","UNIPROT","P54826","undirected","Binding"
"UNIPROT","Q14623","UNIPROT","Q4KMG0","undirected","Binding"
"UNIPROT","Q14623","UNIPROT","Q99835","directed","Control(Out: ACTIVATION of BiochemicalReaction)"
"UNIPROT","Q14623","UNIPROT","Q9BWV1","undirected","Binding"
"UNIPROT","Q15465","UNIPROT","P54826","undirected","Binding"
"UNIPROT","Q15465","UNIPROT","Q4KMG0","undirected","Binding"
"UNIPROT","Q15465","UNIPROT","Q99835","directed","Control(Out: ACTIVATION of BiochemicalReaction)"
"UNIPROT","Q15465","UNIPROT","Q9BWV1","undirected","Binding"
"UNIPROT","Q4KMG0","UNIPROT","Q99835","directed","Control(Out: ACTIVATION of BiochemicalReaction)"
"UNIPROT","Q86UK5","UNIPROT","A8K855","undirected","Binding"
"UNIPROT","Q86UK5","UNIPROT","Q6IPM2","undirected","Binding"
"UNIPROT","Q86UK5","UNIPROT","Q99835","undirected","Binding"
"UNIPROT","Q99835","UNIPROT","O43323","directed","Control(In: ACTIVATION of BiochemicalReaction)"
"UNIPROT","Q99835","UNIPROT","O95995","directed","Control(In: ACTIVATION of BiochemicalReaction)"
"UNIPROT","Q99835","UNIPROT","P32121","directed","Control(In: ACTIVATION of BiochemicalReaction)"
"UNIPROT","Q99835","UNIPROT","P49407","directed","Control(In: ACTIVATION of BiochemicalReaction)"
"UNIPROT","Q99835","UNIPROT","P54826","directed","Control(In: ACTIVATION of BiochemicalReaction)"
"UNIPROT","Q99835","UNIPROT","Q13635","directed","Control(In: ACTIVATION of BiochemicalReaction)"
"UNIPROT","Q99835","UNIPROT","Q14623","directed","Control(In: ACTIVATION of BiochemicalReaction)"
"UNIPROT","Q99835","UNIPROT","Q15465","directed","Control(In: ACTIVATION of BiochemicalReaction)"
"UNIPROT","Q99835","UNIPROT","Q4KMG0","directed","Control(In: ACTIVATION of BiochemicalReaction)"
"UNIPROT","Q99835","UNIPROT","Q9BWV1","directed","Control(In: ACTIVATION of BiochemicalReaction)"
"UNIPROT","Q99835","UNIPROT","Q9Y496","directed","Control(In: ACTIVATION of BiochemicalReaction)"
"UNIPROT","Q99835","UNIPROT","Q9Y496","undirected","Binding"
"UNIPROT","Q9BWV1","UNIPROT","Q99835","directed","Control(Out: ACTIVATION of BiochemicalReaction)"
"UNIPROT","Q9Y496","UNIPROT","Q99835","directed","Control(Out: ACTIVATION of BiochemicalReaction)"
