"src_type","src","dest_type","dest","direction","type"
"UNIPROT","P00533","UNIPROT","P01111","directed","Control(Out: ACTIVATION of BiochemicalReaction)"
"UNIPROT","P00533","UNIPROT","P01112","directed","Control(Out: ACTIVATION of BiochemicalReaction)"
"UNIPROT","P00533","UNIPROT","P01116","directed","Control(Out: ACTIVATION of BiochemicalReaction)"
"UNIPROT","P00533","UNIPROT","P07900","undirected","Binding"
"UNIPROT","P00533","UNIPROT","P19174","undirected","Binding"
"UNIPROT","P00533","UNIPROT","P22681","undirected","Binding"
"UNIPROT","P00533","UNIPROT","P27986","undirected","Binding"
"UNIPROT","P00533","UNIPROT","P29353","undirected","Binding"
"UNIPROT","P00533","UNIPROT","P42336","undirected","Binding"
"UNIPROT","P00533","UNIPROT","P62993","undirected","Binding"
"UNIPROT","P00533","UNIPROT","Q07889","undirected","Binding"
"UNIPROT","P00533","UNIPROT","Q13480","undirected","Binding"
"UNIPROT","P00533","UNIPROT","Q16543","undirected","Binding"
"UNIPROT","P01133","UNIPROT","P00533","undirected","Binding"
"UNIPROT","P01133","UNIPROT","P01111","directed","Control(Out: ACTIVATION of BiochemicalReaction)"
"UNIPROT","P01133","UNIPROT","P01112","directed","Control(Out: ACTIVATION of BiochemicalReaction)"
"UNIPROT","P01133","UNIPROT","P01116","directed","Control(Out: ACTIVATION of BiochemicalReaction)"
"UNIPROT","P01133","UNIPROT","P07900","undirected","Binding"
"UNIPROT","P01133","UNIPROT","P19174","undirected","Binding"
"UNIPROT","P01133","UNIPROT","P22681","undirected","Binding"
"UNIPROT","P01133","UNIPROT","P27986","undirected","Binding"
"UNIPROT","P01133","UNIPROT","P29353","undirected","Binding"
"UNIPROT","P01133","UNIPROT","P42336","undirected","Binding"
"UNIPROT","P01133","UNIPROT","P62993","undirected","Binding"
"UNIPROT","P01133","UNIPROT","Q07889","undirected","Binding"
"UNIPROT","P01133","UNIPROT","Q13480","undirected","Binding"
"UNIPROT","P01133","UNIPROT","Q16543","undirected","Binding"
"UNIPROT","P07900","UNIPROT","P01111","directed","Control(Out: ACTIVATION of BiochemicalReaction)"
"UNIPROT","P07900","UNIPROT","P01112","directed","Control(Out: ACTIVATION of BiochemicalReaction)"
"UNIPROT","P07900","UNIPROT","P01116","directed","Control(Out: ACTIVATION of BiochemicalReaction)"
"UNIPROT","P0CG47","UNIPROT","P00533","directed","Control(In: INHIBITION of BiochemicalReaction)"
"UNIPROT","P0CG47","UNIPROT","P00533","directed","Control(In: ACTIVATION of BiochemicalReaction)"
"UNIPROT","P0CG47","UNIPROT","P01133","directed","Control(In: INHIBITION of BiochemicalReaction)"
"UNIPROT","P0CG47","UNIPROT","P01133","directed","Control(In: ACTIVATION of BiochemicalReaction)"
"UNIPROT","P0CG47","UNIPROT","P07900","directed","Control(In: INHIBITION of BiochemicalReaction)"
"UNIPROT","P0CG47","UNIPROT","P07900","directed","Control(In: ACTIVATION of BiochemicalReaction)"
"UNIPROT","P0CG47","UNIPROT","P22681","directed","Control(In: INHIBITION of BiochemicalReaction)"
"UNIPROT","P0CG47","UNIPROT","P22681","directed","Control(In: ACTIVATION of BiochemicalReaction)"
"UNIPROT","P0CG47","UNIPROT","Q16543","directed","Control(In: INHIBITION of BiochemicalReaction)"
"UNIPROT","P0CG47","UNIPROT","Q16543","directed","Control(In: ACTIVATION of BiochemicalReaction)"
"UNIPROT","P0CG48","UNIPROT","P00533","directed","Control(In: INHIBITION of BiochemicalReaction)"
"UNIPROT","P0CG48","UNIPROT","P00533","directed","Control(In: ACTIVATION of BiochemicalReaction)"
"UNIPROT","P0CG48","UNIPROT","P01133","directed","Control(In: INHIBITION of BiochemicalReaction)"
"UNIPROT","P0CG48","UNIPROT","P01133","directed","Control(In: ACTIVATION of BiochemicalReaction)"
"UNIPROT","P0CG48","UNIPROT","P07900","directed","Control(In: INHIBITION of BiochemicalReaction)"
"UNIPROT","P0CG48","UNIPROT","P07900","directed","Control(In: ACTIVATION of BiochemicalReaction)"
"UNIPROT","P0CG48","UNIPROT","P22681","directed","Control(In: INHIBITION of BiochemicalReaction)"
"UNIPROT","P0CG48","UNIPROT","P22681","directed","Control(In: ACTIVATION of BiochemicalReaction)"
"UNIPROT","P0CG48","UNIPROT","Q16543","directed","Control(In: INHIBITION of BiochemicalReaction)"
"UNIPROT","P0CG48","UNIPROT","Q16543","directed","Control(In: ACTIVATION of BiochemicalReaction)"
"UNIPROT","P19174","UNIPROT","P07900","undirected","Binding"
"UNIPROT","P19174","UNIPROT","Q16543","undirected","Binding"
"UNIPROT","P22681","UNIPROT","P07900","undirected","Binding"
"UNIPROT","P22681","UNIPROT","Q16543","undirected","Binding"
"UNIPROT","P27986","UNIPROT","P07900","undirected","Binding"
"UNIPROT","P27986","UNIPROT","Q16543","undirected","Binding"
"UNIPROT","P29353","UNIPROT","P01111","directed","Control(Out: ACTIVATION of BiochemicalReaction)"
"UNIPROT","P29353","UNIPROT","P01112","directed","Control(Out: ACTIVATION of BiochemicalReaction)"
"UNIPROT","P29353","UNIPROT","P01116","directed","Control(Out: ACTIVATION of BiochemicalReaction)"
"UNIPROT","P29353","UNIPROT","P07900","undirected","Binding"
"UNIPROT","P29353","UNIPROT","Q16543","undirected","Binding"
"UNIPROT","P42336","UNIPROT","P07900","undirected","Binding"
"UNIPROT","P42336","UNIPROT","P27986","undirected","Binding"
"UNIPROT","P42336","UNIPROT","Q16543","undirected","Binding"
"UNIPROT","P62979","UNIPROT","P00533","directed","Control(In: INHIBITION of BiochemicalReaction)"
"UNIPROT","P62979","UNIPROT","P00533","directed","Control(In: ACTIVATION of BiochemicalReaction)"
"UNIPROT","P62979","UNIPROT","P01133","directed","Control(In: INHIBITION of BiochemicalReaction)"
"UNIPROT","P62979","UNIPROT","P01133","directed","Control(In: ACTIVATION of BiochemicalReaction)"
"UNIPROT","P62979","UNIPROT","P07900","directed","Control(In: INHIBITION of BiochemicalReaction)"
"UNIPROT","P62979","UNIPROT","P07900","directed","Control(In: ACTIVATION of BiochemicalReaction)"
"UNIPROT","P62979","UNIPROT","P22681","directed","Control(In: INHIBITION of BiochemicalReaction)"
"UNIPROT","P62979","UNIPROT","P22681","directed","Control(In: ACTIVATION of BiochemicalReaction)"
"UNIPROT","P62979","UNIPROT","Q16543","directed","Control(In: INHIBITION of BiochemicalReaction)"
"UNIPROT","P62979","UNIPROT","Q16543","directed","Control(In: ACTIVATION of BiochemicalReaction)"
"UNIPROT","P62987","UNIPROT","P00533","directed","Control(In: INHIBITION of BiochemicalReaction)"
"UNIPROT","P62987","UNIPROT","P00533","directed","Control(In: ACTIVATION of BiochemicalReaction)"
"UNIPROT","P62987","UNIPROT","P01133","directed","Control(In: INHIBITION of BiochemicalReaction)"
"UNIPROT","P62987","UNIPROT","P01133","directed","Control(In: ACTIVATION of BiochemicalReaction)"
"UNIPROT","P62987","UNIPROT","P07900","directed","Control(In: INHIBITION of BiochemicalReaction)"
"UNIPROT","P62987","UNIPROT","P07900","directed","Control(In: ACTIVATION of BiochemicalReaction)"
"UNIPROT","P62987","UNIPROT","P22681","directed","Control(In: INHIBITION of BiochemicalReaction)"
"UNIPROT","P62987","UNIPROT","P22681","directed","Control(In: ACTIVATION of BiochemicalReaction)"
"UNIPROT","P62987","UNIPROT","Q16543","directed","Control(In: INHIBITION of BiochemicalReaction)"
"UNIPROT","P62987","UNIPROT","Q16543","directed","Control(In: ACTIVATION of BiochemicalReaction)"
"UNIPROT","P62993","UNIPROT","P01111","directed","Control(Out: ACTIVATION of BiochemicalReaction)"
"UNIPROT","P62993","UNIPROT","P01112","directed","Control(Out: ACTIVATION of BiochemicalReaction)"
"UNIPROT","P62993","UNIPROT","P01116","directed","Control(Out: ACTIVATION of BiochemicalReaction)"
"UNIPROT","P62993","UNIPROT","P07900","undirected","Binding"
"UNIPROT","P62993","UNIPROT","P27986","undirected","Binding"
"UNIPROT","P62993","UNIPROT","P29353","undirected","Binding"
"UNIPROT","P62993","UNIPROT","P42336","undirected","Binding"
"UNIPROT","P62993","UNIPROT","Q07889","undirected","Binding"
"UNIPROT","P62993","UNIPROT","Q13480","undirected","Binding"
"UNIPROT","P62993","UNIPROT","Q16543","undirected","Binding"
"UNIPROT","Q07889","UNIPROT","P01111","directed","Control(Out: ACTIVATION of BiochemicalReaction)"
"UNIPROT","Q07889","UNIPROT","P01112","directed","Control(Out: ACTIVATION of BiochemicalReaction)"
"UNIPROT","Q07889","UNIPROT","P01116","directed","Control(Out: ACTIVATION of BiochemicalReaction)"
"UNIPROT","Q07889","UNIPROT","P07900","undirected","Binding"
"UNIPROT","Q07889","UNIPROT","P29353","undirected","Binding"
"UNIPROT","Q07889","UNIPROT","Q16543","undirected","Binding"
"UNIPROT","Q13480","UNIPROT","P07900","undirected","Binding"
"UNIPROT","Q13480","UNIPROT","P27986","undirected","Binding"
"UNIPROT","Q13480","UNIPROT","P42336","undirected","Binding"
"UNIPROT","Q13480","UNIPROT","Q16543","undirected","Binding"
"UNIPROT","Q16543","UNIPROT","P01111","directed","Control(Out: ACTIVATION of BiochemicalReaction)"
"UNIPROT","Q16543","UNIPROT","P01112","directed","Control(Out: ACTIVATION of BiochemicalReaction)"
"UNIPROT","Q16543","UNIPROT","P01116","directed","Control(Out: ACTIVATION of BiochemicalReaction)"
"UNIPROT","Q16543","UNIPROT","P07900","undirected","Binding"
