"src_type","src","dest_type","dest","direction","type"
"UNIPROT","P18887","UNIPROT","P06746","undirected","Binding"
"UNIPROT","P18887","UNIPROT","Q96FI4","undirected","Binding"
"UNIPROT","P18887","UNIPROT","Q96T60","undirected","Binding"
"UNIPROT","P49916","UNIPROT","P06746","undirected","Binding"
"UNIPROT","P49916","UNIPROT","P18887","undirected","Binding"
"UNIPROT","P49916","UNIPROT","Q96FI4","undirected","Binding"
"UNIPROT","P49916","UNIPROT","Q96T60","undirected","Binding"
"UNIPROT","Q969S2","UNIPROT","P06746","undirected","Binding"
"UNIPROT","Q969S2","UNIPROT","P18887","undirected","Binding"
"UNIPROT","Q969S2","UNIPROT","P49916","undirected","Binding"
"UNIPROT","Q969S2","UNIPROT","Q96T60","undirected","Binding"
"UNIPROT","Q96FI4","UNIPROT","P06746","undirected","Binding"
"UNIPROT","Q96T60","UNIPROT","P06746","undirected","Binding"
"UNIPROT","Q96T60","UNIPROT","Q96FI4","undirected","Binding"
