"src_type","src","dest_type","dest","direction","type"
"UNIPROT","P12004","UNIPROT","P18858","undirected","Binding"
"UNIPROT","P12004","UNIPROT","P28340","undirected","Binding"
"UNIPROT","P12004","UNIPROT","P39748","undirected","Binding"
"UNIPROT","P12004","UNIPROT","P49005","undirected","Binding"
"UNIPROT","P12004","UNIPROT","Q15054","undirected","Binding"
"UNIPROT","P12004","UNIPROT","Q9HCU8","undirected","Binding"
"UNIPROT","P15927","UNIPROT","P12004","undirected","Binding"
"UNIPROT","P15927","UNIPROT","P18858","undirected","Binding"
"UNIPROT","P15927","UNIPROT","P27694","undirected","Binding"
"UNIPROT","P15927","UNIPROT","P28340","undirected","Binding"
"UNIPROT","P15927","UNIPROT","P35244","undirected","Binding"
"UNIPROT","P15927","UNIPROT","P35249","undirected","Binding"
"UNIPROT","P15927","UNIPROT","P35250","undirected","Binding"
"UNIPROT","P15927","UNIPROT","P35251","undirected","Binding"
"UNIPROT","P15927","UNIPROT","P39748","undirected","Binding"
"UNIPROT","P15927","UNIPROT","P40937","undirected","Binding"
"UNIPROT","P15927","UNIPROT","P40938","undirected","Binding"
"UNIPROT","P15927","UNIPROT","P49005","undirected","Binding"
"UNIPROT","P15927","UNIPROT","P56282","undirected","Binding"
"UNIPROT","P15927","UNIPROT","Q07864","undirected","Binding"
"UNIPROT","P15927","UNIPROT","Q15054","undirected","Binding"
"UNIPROT","P15927","UNIPROT","Q9HCU8","undirected","Binding"
"UNIPROT","P15927","UNIPROT","Q9NR33","undirected","Binding"
"UNIPROT","P15927","UNIPROT","Q9NRF9","undirected","Binding"
"UNIPROT","P27694","UNIPROT","P12004","undirected","Binding"
"UNIPROT","P27694","UNIPROT","P18858","undirected","Binding"
"UNIPROT","P27694","UNIPROT","P28340","undirected","Binding"
"UNIPROT","P27694","UNIPROT","P35244","undirected","Binding"
"UNIPROT","P27694","UNIPROT","P35249","undirected","Binding"
"UNIPROT","P27694","UNIPROT","P35250","undirected","Binding"
"UNIPROT","P27694","UNIPROT","P35251","undirected","Binding"
"UNIPROT","P27694","UNIPROT","P39748","undirected","Binding"
"UNIPROT","P27694","UNIPROT","P40937","undirected","Binding"
"UNIPROT","P27694","UNIPROT","P40938","undirected","Binding"
"UNIPROT","P27694","UNIPROT","P49005","undirected","Binding"
"UNIPROT","P27694","UNIPROT","P56282","undirected","Binding"
"UNIPROT","P27694","UNIPROT","Q07864","undirected","Binding"
"UNIPROT","P27694","UNIPROT","Q15054","undirected","Binding"
"UNIPROT","P27694","UNIPROT","Q9HCU8","undirected","Binding"
"UNIPROT","P27694","UNIPROT","Q9NR33","undirected","Binding"
"UNIPROT","P27694","UNIPROT","Q9NRF9","undirected","Binding"
"UNIPROT","P27695","UNIPROT","P06746","undirected","Binding"
"UNIPROT","P27695","UNIPROT","P12004","undirected","Binding"
"UNIPROT","P27695","UNIPROT","P15927","undirected","Binding"
"UNIPROT","P27695","UNIPROT","P18858","undirected","Binding"
"UNIPROT","P27695","UNIPROT","P27694","undirected","Binding"
"UNIPROT","P27695","UNIPROT","P28340","undirected","Binding"
"UNIPROT","P27695","UNIPROT","P35244","undirected","Binding"
"UNIPROT","P27695","UNIPROT","P35249","undirected","Binding"
"UNIPROT","P27695","UNIPROT","P35250","undirected","Binding"
"UNIPROT","P27695","UNIPROT","P35251","undirected","Binding"
"UNIPROT","P27695","UNIPROT","P39748","undirected","Binding"
"UNIPROT","P27695","UNIPROT","P40937","undirected","Binding"
"UNIPROT","P27695","UNIPROT","P40938","undirected","Binding"
"UNIPROT","P27695","UNIPROT","P49005","undirected","Binding"
"UNIPROT","P27695","UNIPROT","P56282","undirected","Binding"
"UNIPROT","P27695","UNIPROT","Q07864","undirected","Binding"
"UNIPROT","P27695","UNIPROT","Q15054","undirected","Binding"
"UNIPROT","P27695","UNIPROT","Q9HCU8","undirected","Binding"
"UNIPROT","P27695","UNIPROT","Q9NR33","undirected","Binding"
"UNIPROT","P27695","UNIPROT","Q9NRF9","undirected","Binding"
"UNIPROT","P28340","UNIPROT","P18858","undirected","Binding"
"UNIPROT","P28340","UNIPROT","P39748","undirected","Binding"
"UNIPROT","P28340","UNIPROT","P49005","undirected","Binding"
"UNIPROT","P28340","UNIPROT","Q9HCU8","undirected","Binding"
"UNIPROT","P35244","UNIPROT","P12004","undirected","Binding"
"UNIPROT","P35244","UNIPROT","P18858","undirected","Binding"
"UNIPROT","P35244","UNIPROT","P28340","undirected","Binding"
"UNIPROT","P35244","UNIPROT","P35249","undirected","Binding"
"UNIPROT","P35244","UNIPROT","P35250","undirected","Binding"
"UNIPROT","P35244","UNIPROT","P35251","undirected","Binding"
"UNIPROT","P35244","UNIPROT","P39748","undirected","Binding"
"UNIPROT","P35244","UNIPROT","P40937","undirected","Binding"
"UNIPROT","P35244","UNIPROT","P40938","undirected","Binding"
"UNIPROT","P35244","UNIPROT","P49005","undirected","Binding"
"UNIPROT","P35244","UNIPROT","P56282","undirected","Binding"
"UNIPROT","P35244","UNIPROT","Q07864","undirected","Binding"
"UNIPROT","P35244","UNIPROT","Q15054","undirected","Binding"
"UNIPROT","P35244","UNIPROT","Q9HCU8","undirected","Binding"
"UNIPROT","P35244","UNIPROT","Q9NR33","undirected","Binding"
"UNIPROT","P35244","UNIPROT","Q9NRF9","undirected","Binding"
"UNIPROT","P35249","UNIPROT","P12004","undirected","Binding"
"UNIPROT","P35249","UNIPROT","P18858","undirected","Binding"
"UNIPROT","P35249","UNIPROT","P28340","undirected","Binding"
"UNIPROT","P35249","UNIPROT","P35251","undirected","Binding"
"UNIPROT","P35249","UNIPROT","P39748","undirected","Binding"
"UNIPROT","P35249","UNIPROT","P49005","undirected","Binding"
"UNIPROT","P35249","UNIPROT","Q15054","undirected","Binding"
"UNIPROT","P35249","UNIPROT","Q9HCU8","undirected","Binding"
"UNIPROT","P35250","UNIPROT","P12004","undirected","Binding"
"UNIPROT","P35250","UNIPROT","P18858","undirected","Binding"
"UNIPROT","P35250","UNIPROT","P28340","undirected","Binding"
"UNIPROT","P35250","UNIPROT","P35249","undirected","Binding"
"UNIPROT","P35250","UNIPROT","P35251","undirected","Binding"
"UNIPROT","P35250","UNIPROT","P39748","undirected","Binding"
"UNIPROT","P35250","UNIPROT","P49005","undirected","Binding"
"UNIPROT","P35250","UNIPROT","Q15054","undirected","Binding"
"UNIPROT","P35250","UNIPROT","Q9HCU8","undirected","Binding"
"UNIPROT","P35251","UNIPROT","P12004","undirected","Binding"
"UNIPROT","P35251","UNIPROT","P18858","undirected","Binding"
"UNIPROT","P35251","UNIPROT","P28340","undirected","Binding"
"UNIPROT","P35251","UNIPROT","P39748","undirected","Binding"
"UNIPROT","P35251","UNIPROT","P49005","undirected","Binding"
"UNIPROT","P35251","UNIPROT","Q15054","undirected","Binding"
"UNIPROT","P35251","UNIPROT","Q9HCU8","undirected","Binding"
"UNIPROT","P40937","UNIPROT","P12004","undirected","Binding"
"UNIPROT","P40937","UNIPROT","P18858","undirected","Binding"
"UNIPROT","P40937","UNIPROT","P28340","undirected","Binding"
"UNIPROT","P40937","UNIPROT","P35249","undirected","Binding"
"UNIPROT","P40937","UNIPROT","P35250","undirected","Binding"
"UNIPROT","P40937","UNIPROT","P35251","undirected","Binding"
"UNIPROT","P40937","UNIPROT","P39748","undirected","Binding"
"UNIPROT","P40937","UNIPROT","P40938","undirected","Binding"
"UNIPROT","P40937","UNIPROT","P49005","undirected","Binding"
"UNIPROT","P40937","UNIPROT","Q15054","undirected","Binding"
"UNIPROT","P40937","UNIPROT","Q9HCU8","undirected","Binding"
"UNIPROT","P40938","UNIPROT","P12004","undirected","Binding"
"UNIPROT","P40938","UNIPROT","P18858","undirected","Binding"
"UNIPROT","P40938","UNIPROT","P28340","undirected","Binding"
"UNIPROT","P40938","UNIPROT","P35249","undirected","Binding"
"UNIPROT","P40938","UNIPROT","P35250","undirected","Binding"
"UNIPROT","P40938","UNIPROT","P35251","undirected","Binding"
"UNIPROT","P40938","UNIPROT","P39748","undirected","Binding"
"UNIPROT","P40938","UNIPROT","P49005","undirected","Binding"
"UNIPROT","P40938","UNIPROT","Q15054","undirected","Binding"
"UNIPROT","P40938","UNIPROT","Q9HCU8","undirected","Binding"
"UNIPROT","P49005","UNIPROT","P18858","undirected","Binding"
"UNIPROT","P49005","UNIPROT","P39748","undirected","Binding"
"UNIPROT","P49005","UNIPROT","Q9HCU8","undirected","Binding"
"UNIPROT","P56282","UNIPROT","P12004","undirected","Binding"
"UNIPROT","P56282","UNIPROT","P18858","undirected","Binding"
"UNIPROT","P56282","UNIPROT","P35249","undirected","Binding"
"UNIPROT","P56282","UNIPROT","P35250","undirected","Binding"
"UNIPROT","P56282","UNIPROT","P35251","undirected","Binding"
"UNIPROT","P56282","UNIPROT","P39748","undirected","Binding"
"UNIPROT","P56282","UNIPROT","P40937","undirected","Binding"
"UNIPROT","P56282","UNIPROT","P40938","undirected","Binding"
"UNIPROT","P56282","UNIPROT","Q9NRF9","undirected","Binding"
"UNIPROT","Q07864","UNIPROT","P12004","undirected","Binding"
"UNIPROT","Q07864","UNIPROT","P18858","undirected","Binding"
"UNIPROT","Q07864","UNIPROT","P35249","undirected","Binding"
"UNIPROT","Q07864","UNIPROT","P35250","undirected","Binding"
"UNIPROT","Q07864","UNIPROT","P35251","undirected","Binding"
"UNIPROT","Q07864","UNIPROT","P39748","undirected","Binding"
"UNIPROT","Q07864","UNIPROT","P40937","undirected","Binding"
"UNIPROT","Q07864","UNIPROT","P40938","undirected","Binding"
"UNIPROT","Q07864","UNIPROT","P56282","undirected","Binding"
"UNIPROT","Q07864","UNIPROT","Q9NRF9","undirected","Binding"
"UNIPROT","Q15054","UNIPROT","P18858","undirected","Binding"
"UNIPROT","Q15054","UNIPROT","P28340","undirected","Binding"
"UNIPROT","Q15054","UNIPROT","P39748","undirected","Binding"
"UNIPROT","Q15054","UNIPROT","P49005","undirected","Binding"
"UNIPROT","Q15054","UNIPROT","Q9HCU8","undirected","Binding"
"UNIPROT","Q9HCU8","UNIPROT","P18858","undirected","Binding"
"UNIPROT","Q9HCU8","UNIPROT","P39748","undirected","Binding"
"UNIPROT","Q9NR33","UNIPROT","P12004","undirected","Binding"
"UNIPROT","Q9NR33","UNIPROT","P18858","undirected","Binding"
"UNIPROT","Q9NR33","UNIPROT","P35249","undirected","Binding"
"UNIPROT","Q9NR33","UNIPROT","P35250","undirected","Binding"
"UNIPROT","Q9NR33","UNIPROT","P35251","undirected","Binding"
"UNIPROT","Q9NR33","UNIPROT","P39748","undirected","Binding"
"UNIPROT","Q9NR33","UNIPROT","P40937","undirected","Binding"
"UNIPROT","Q9NR33","UNIPROT","P40938","undirected","Binding"
"UNIPROT","Q9NR33","UNIPROT","P56282","undirected","Binding"
"UNIPROT","Q9NR33","UNIPROT","Q07864","undirected","Binding"
"UNIPROT","Q9NR33","UNIPROT","Q9NRF9","undirected","Binding"
"UNIPROT","Q9NRF9","UNIPROT","P12004","undirected","Binding"
"UNIPROT","Q9NRF9","UNIPROT","P18858","undirected","Binding"
"UNIPROT","Q9NRF9","UNIPROT","P35249","undirected","Binding"
"UNIPROT","Q9NRF9","UNIPROT","P35250","undirected","Binding"
"UNIPROT","Q9NRF9","UNIPROT","P35251","undirected","Binding"
"UNIPROT","Q9NRF9","UNIPROT","P39748","undirected","Binding"
"UNIPROT","Q9NRF9","UNIPROT","P40937","undirected","Binding"
"UNIPROT","Q9NRF9","UNIPROT","P40938","undirected","Binding"
