"src_type","src","dest_type","dest","direction","type"
"UNIPROT","O43320","UNIPROT","P22455","undirected","Binding"
"UNIPROT","O60258","UNIPROT","P22455","undirected","Binding"
"UNIPROT","O76093","UNIPROT","P22455","undirected","Binding"
"UNIPROT","O95750","UNIPROT","P22455","undirected","Binding"
"UNIPROT","O95750","UNIPROT","Q86Z14","undirected","Binding"
"UNIPROT","P05230","UNIPROT","P22455","undirected","Binding"
"UNIPROT","P08620","UNIPROT","P22455","undirected","Binding"
"UNIPROT","P09038","UNIPROT","P22455","undirected","Binding"
"UNIPROT","P10767","UNIPROT","P22455","undirected","Binding"
"UNIPROT","P19174","UNIPROT","O43320","undirected","Binding"
"UNIPROT","P19174","UNIPROT","O60258","undirected","Binding"
"UNIPROT","P19174","UNIPROT","O76093","undirected","Binding"
"UNIPROT","P19174","UNIPROT","O95750","undirected","Binding"
"UNIPROT","P19174","UNIPROT","P05230","undirected","Binding"
"UNIPROT","P19174","UNIPROT","P08620","undirected","Binding"
"UNIPROT","P19174","UNIPROT","P09038","undirected","Binding"
"UNIPROT","P19174","UNIPROT","P10767","undirected","Binding"
"UNIPROT","P19174","UNIPROT","P22455","undirected","Binding"
"UNIPROT","P19174","UNIPROT","P31371","undirected","Binding"
"UNIPROT","P19174","UNIPROT","P55075","undirected","Binding"
"UNIPROT","P19174","UNIPROT","Q86Z14","undirected","Binding"
"UNIPROT","P19174","UNIPROT","Q9GZV9","undirected","Binding"
"UNIPROT","P19174","UNIPROT","Q9NP95","undirected","Binding"
"UNIPROT","P22455","UNIPROT","Q86Z14","undirected","Binding"
"UNIPROT","P31371","UNIPROT","P22455","undirected","Binding"
"UNIPROT","P55075","UNIPROT","P22455","undirected","Binding"
"UNIPROT","Q9GZV9","UNIPROT","P22455","undirected","Binding"
"UNIPROT","Q9NP95","UNIPROT","P22455","undirected","Binding"
