"src_type","src","dest_type","dest","direction","type"
"UNIPROT","Q6ZRH7","UNIPROT","Q7RTX7","undirected","Binding"
"UNIPROT","Q6ZRH7","UNIPROT","Q86XQ3","undirected","Binding"
"UNIPROT","Q6ZRH7","UNIPROT","Q8NEC5","undirected","Binding"
"UNIPROT","Q6ZRH7","UNIPROT","Q96P56","undirected","Binding"
"UNIPROT","Q86XM0","UNIPROT","Q7RTX7","undirected","Binding"
"UNIPROT","Q86XM0","UNIPROT","Q86XQ3","undirected","Binding"
"UNIPROT","Q86XM0","UNIPROT","Q8NEC5","undirected","Binding"
"UNIPROT","Q86XM0","UNIPROT","Q96P56","undirected","Binding"
"UNIPROT","Q9H7T0","UNIPROT","Q7RTX7","undirected","Binding"
"UNIPROT","Q9H7T0","UNIPROT","Q86XQ3","undirected","Binding"
"UNIPROT","Q9H7T0","UNIPROT","Q8NEC5","undirected","Binding"
"UNIPROT","Q9H7T0","UNIPROT","Q96P56","undirected","Binding"
