"src_type","src","dest_type","dest","direction","type"
"UNIPROT","O15520","UNIPROT","P11362","undirected","Binding"
"UNIPROT","O15520","UNIPROT","Q8WU20","undirected","Binding"
"UNIPROT","O60258","UNIPROT","Q8WU20","undirected","Binding"
"UNIPROT","P05230","UNIPROT","P11362","undirected","Binding"
"UNIPROT","P05230","UNIPROT","Q8WU20","undirected","Binding"
"UNIPROT","P08620","UNIPROT","Q8WU20","undirected","Binding"
"UNIPROT","P09038","UNIPROT","P11362","undirected","Binding"
"UNIPROT","P09038","UNIPROT","Q8WU20","undirected","Binding"
"UNIPROT","P10767","UNIPROT","Q8WU20","undirected","Binding"
"UNIPROT","P11362","UNIPROT","O60258","undirected","Binding"
"UNIPROT","P11362","UNIPROT","P08620","undirected","Binding"
"UNIPROT","P11362","UNIPROT","P10767","undirected","Binding"
"UNIPROT","P11362","UNIPROT","P12034","undirected","Binding"
"UNIPROT","P11362","UNIPROT","P31371","undirected","Binding"
"UNIPROT","P11362","UNIPROT","P55075","undirected","Binding"
"UNIPROT","P11362","UNIPROT","Q8WU20","undirected","Binding"
"UNIPROT","P11362","UNIPROT","Q9GZV9","undirected","Binding"
"UNIPROT","P11362","UNIPROT","Q9NP95","undirected","Binding"
"UNIPROT","P11362","UNIPROT","Q9UEF7","undirected","Binding"
"UNIPROT","P11487","UNIPROT","P11362","undirected","Binding"
"UNIPROT","P11487","UNIPROT","Q8WU20","undirected","Binding"
"UNIPROT","P12034","UNIPROT","Q8WU20","undirected","Binding"
"UNIPROT","P27986","UNIPROT","O15520","undirected","Binding"
"UNIPROT","P27986","UNIPROT","O60258","undirected","Binding"
"UNIPROT","P27986","UNIPROT","P05230","undirected","Binding"
"UNIPROT","P27986","UNIPROT","P08620","undirected","Binding"
"UNIPROT","P27986","UNIPROT","P09038","undirected","Binding"
"UNIPROT","P27986","UNIPROT","P10767","undirected","Binding"
"UNIPROT","P27986","UNIPROT","P11362","undirected","Binding"
"UNIPROT","P27986","UNIPROT","P11487","undirected","Binding"
"UNIPROT","P27986","UNIPROT","P12034","undirected","Binding"
"UNIPROT","P27986","UNIPROT","P31371","undirected","Binding"
"UNIPROT","P27986","UNIPROT","P55075","undirected","Binding"
"UNIPROT","P27986","UNIPROT","Q06124","undirected","Binding"
"UNIPROT","P27986","UNIPROT","Q8WU20","undirected","Binding"
"UNIPROT","P27986","UNIPROT","Q9GZV9","undirected","Binding"
"UNIPROT","P27986","UNIPROT","Q9HCT0","undirected","Binding"
"UNIPROT","P27986","UNIPROT","Q9NP95","undirected","Binding"
"UNIPROT","P27986","UNIPROT","Q9UEF7","undirected","Binding"
"UNIPROT","P31371","UNIPROT","Q8WU20","undirected","Binding"
"UNIPROT","P42336","UNIPROT","O15520","undirected","Binding"
"UNIPROT","P42336","UNIPROT","O60258","undirected","Binding"
"UNIPROT","P42336","UNIPROT","P05230","undirected","Binding"
"UNIPROT","P42336","UNIPROT","P08620","undirected","Binding"
"UNIPROT","P42336","UNIPROT","P09038","undirected","Binding"
"UNIPROT","P42336","UNIPROT","P10767","undirected","Binding"
"UNIPROT","P42336","UNIPROT","P11362","undirected","Binding"
"UNIPROT","P42336","UNIPROT","P11487","undirected","Binding"
"UNIPROT","P42336","UNIPROT","P12034","undirected","Binding"
"UNIPROT","P42336","UNIPROT","P27986","undirected","Binding"
"UNIPROT","P42336","UNIPROT","P31371","undirected","Binding"
"UNIPROT","P42336","UNIPROT","P55075","undirected","Binding"
"UNIPROT","P42336","UNIPROT","Q06124","undirected","Binding"
"UNIPROT","P42336","UNIPROT","Q8WU20","undirected","Binding"
"UNIPROT","P42336","UNIPROT","Q9GZV9","undirected","Binding"
"UNIPROT","P42336","UNIPROT","Q9HCT0","undirected","Binding"
"UNIPROT","P42336","UNIPROT","Q9NP95","undirected","Binding"
"UNIPROT","P42336","UNIPROT","Q9UEF7","undirected","Binding"
"UNIPROT","P55075","UNIPROT","Q8WU20","undirected","Binding"
"UNIPROT","P62993","UNIPROT","O15520","undirected","Binding"
"UNIPROT","P62993","UNIPROT","O60258","undirected","Binding"
"UNIPROT","P62993","UNIPROT","P05230","undirected","Binding"
"UNIPROT","P62993","UNIPROT","P08620","undirected","Binding"
"UNIPROT","P62993","UNIPROT","P09038","undirected","Binding"
"UNIPROT","P62993","UNIPROT","P10767","undirected","Binding"
"UNIPROT","P62993","UNIPROT","P11362","undirected","Binding"
"UNIPROT","P62993","UNIPROT","P11487","undirected","Binding"
"UNIPROT","P62993","UNIPROT","P12034","undirected","Binding"
"UNIPROT","P62993","UNIPROT","P27986","undirected","Binding"
"UNIPROT","P62993","UNIPROT","P31371","undirected","Binding"
"UNIPROT","P62993","UNIPROT","P42336","undirected","Binding"
"UNIPROT","P62993","UNIPROT","P55075","undirected","Binding"
"UNIPROT","P62993","UNIPROT","Q06124","undirected","Binding"
"UNIPROT","P62993","UNIPROT","Q13480","undirected","Binding"
"UNIPROT","P62993","UNIPROT","Q8WU20","undirected","Binding"
"UNIPROT","P62993","UNIPROT","Q9GZV9","undirected","Binding"
"UNIPROT","P62993","UNIPROT","Q9HCT0","undirected","Binding"
"UNIPROT","P62993","UNIPROT","Q9NP95","undirected","Binding"
"UNIPROT","P62993","UNIPROT","Q9UEF7","undirected","Binding"
"UNIPROT","Q06124","UNIPROT","O15520","undirected","Binding"
"UNIPROT","Q06124","UNIPROT","O60258","undirected","Binding"
"UNIPROT","Q06124","UNIPROT","P05230","undirected","Binding"
"UNIPROT","Q06124","UNIPROT","P08620","undirected","Binding"
"UNIPROT","Q06124","UNIPROT","P09038","undirected","Binding"
"UNIPROT","Q06124","UNIPROT","P10767","undirected","Binding"
"UNIPROT","Q06124","UNIPROT","P11362","undirected","Binding"
"UNIPROT","Q06124","UNIPROT","P11487","undirected","Binding"
"UNIPROT","Q06124","UNIPROT","P12034","undirected","Binding"
"UNIPROT","Q06124","UNIPROT","P31371","undirected","Binding"
"UNIPROT","Q06124","UNIPROT","P55075","undirected","Binding"
"UNIPROT","Q06124","UNIPROT","Q8WU20","undirected","Binding"
"UNIPROT","Q06124","UNIPROT","Q9GZV9","undirected","Binding"
"UNIPROT","Q06124","UNIPROT","Q9HCT0","undirected","Binding"
"UNIPROT","Q06124","UNIPROT","Q9NP95","undirected","Binding"
"UNIPROT","Q06124","UNIPROT","Q9UEF7","undirected","Binding"
"UNIPROT","Q13480","UNIPROT","O15520","undirected","Binding"
"UNIPROT","Q13480","UNIPROT","O60258","undirected","Binding"
"UNIPROT","Q13480","UNIPROT","P05230","undirected","Binding"
"UNIPROT","Q13480","UNIPROT","P08620","undirected","Binding"
"UNIPROT","Q13480","UNIPROT","P09038","undirected","Binding"
"UNIPROT","Q13480","UNIPROT","P10767","undirected","Binding"
"UNIPROT","Q13480","UNIPROT","P11362","undirected","Binding"
"UNIPROT","Q13480","UNIPROT","P11487","undirected","Binding"
"UNIPROT","Q13480","UNIPROT","P12034","undirected","Binding"
"UNIPROT","Q13480","UNIPROT","P27986","undirected","Binding"
"UNIPROT","Q13480","UNIPROT","P31371","undirected","Binding"
"UNIPROT","Q13480","UNIPROT","P42336","undirected","Binding"
"UNIPROT","Q13480","UNIPROT","P55075","undirected","Binding"
"UNIPROT","Q13480","UNIPROT","Q06124","undirected","Binding"
"UNIPROT","Q13480","UNIPROT","Q8WU20","undirected","Binding"
"UNIPROT","Q13480","UNIPROT","Q9GZV9","undirected","Binding"
"UNIPROT","Q13480","UNIPROT","Q9HCT0","undirected","Binding"
"UNIPROT","Q13480","UNIPROT","Q9NP95","undirected","Binding"
"UNIPROT","Q13480","UNIPROT","Q9UEF7","undirected","Binding"
"UNIPROT","Q9GZV9","UNIPROT","Q8WU20","undirected","Binding"
"UNIPROT","Q9GZV9","UNIPROT","Q9UEF7","undirected","Binding"
"UNIPROT","Q9HCT0","UNIPROT","P11362","undirected","Binding"
"UNIPROT","Q9HCT0","UNIPROT","Q8WU20","undirected","Binding"
"UNIPROT","Q9NP95","UNIPROT","Q8WU20","undirected","Binding"
"UNIPROT","Q9UEF7","UNIPROT","Q8WU20","undirected","Binding"
