"src_type","src","dest_type","dest","direction","type"
"UNIPROT","O15520","UNIPROT","O43559","undirected","Binding"
"UNIPROT","O15520","UNIPROT","P01111","directed","Control(Out: ACTIVATION of BiochemicalReaction)"
"UNIPROT","O15520","UNIPROT","P01112","directed","Control(Out: ACTIVATION of BiochemicalReaction)"
"UNIPROT","O15520","UNIPROT","P01116","directed","Control(Out: ACTIVATION of BiochemicalReaction)"
"UNIPROT","O15520","UNIPROT","P11362","undirected","Binding"
"UNIPROT","O15520","UNIPROT","Q8WU20","undirected","Binding"
"UNIPROT","O43559","UNIPROT","P01111","directed","Control(Out: ACTIVATION of BiochemicalReaction)"
"UNIPROT","O43559","UNIPROT","P01112","directed","Control(Out: ACTIVATION of BiochemicalReaction)"
"UNIPROT","O43559","UNIPROT","P01116","directed","Control(Out: ACTIVATION of BiochemicalReaction)"
"UNIPROT","O60258","UNIPROT","O43559","undirected","Binding"
"UNIPROT","O60258","UNIPROT","P01111","directed","Control(Out: ACTIVATION of BiochemicalReaction)"
"UNIPROT","O60258","UNIPROT","P01112","directed","Control(Out: ACTIVATION of BiochemicalReaction)"
"UNIPROT","O60258","UNIPROT","P01116","directed","Control(Out: ACTIVATION of BiochemicalReaction)"
"UNIPROT","O60258","UNIPROT","Q8WU20","undirected","Binding"
"UNIPROT","P05230","UNIPROT","O43559","undirected","Binding"
"UNIPROT","P05230","UNIPROT","P01111","directed","Control(Out: ACTIVATION of BiochemicalReaction)"
"UNIPROT","P05230","UNIPROT","P01112","directed","Control(Out: ACTIVATION of BiochemicalReaction)"
"UNIPROT","P05230","UNIPROT","P01116","directed","Control(Out: ACTIVATION of BiochemicalReaction)"
"UNIPROT","P05230","UNIPROT","P11362","undirected","Binding"
"UNIPROT","P05230","UNIPROT","Q8WU20","undirected","Binding"
"UNIPROT","P08620","UNIPROT","O43559","undirected","Binding"
"UNIPROT","P08620","UNIPROT","P01111","directed","Control(Out: ACTIVATION of BiochemicalReaction)"
"UNIPROT","P08620","UNIPROT","P01112","directed","Control(Out: ACTIVATION of BiochemicalReaction)"
"UNIPROT","P08620","UNIPROT","P01116","directed","Control(Out: ACTIVATION of BiochemicalReaction)"
"UNIPROT","P08620","UNIPROT","Q8WU20","undirected","Binding"
"UNIPROT","P09038","UNIPROT","O43559","undirected","Binding"
"UNIPROT","P09038","UNIPROT","P01111","directed","Control(Out: ACTIVATION of BiochemicalReaction)"
"UNIPROT","P09038","UNIPROT","P01112","directed","Control(Out: ACTIVATION of BiochemicalReaction)"
"UNIPROT","P09038","UNIPROT","P01116","directed","Control(Out: ACTIVATION of BiochemicalReaction)"
"UNIPROT","P09038","UNIPROT","P11362","undirected","Binding"
"UNIPROT","P09038","UNIPROT","Q8WU20","undirected","Binding"
"UNIPROT","P10767","UNIPROT","O43559","undirected","Binding"
"UNIPROT","P10767","UNIPROT","P01111","directed","Control(Out: ACTIVATION of BiochemicalReaction)"
"UNIPROT","P10767","UNIPROT","P01112","directed","Control(Out: ACTIVATION of BiochemicalReaction)"
"UNIPROT","P10767","UNIPROT","P01116","directed","Control(Out: ACTIVATION of BiochemicalReaction)"
"UNIPROT","P10767","UNIPROT","Q8WU20","undirected","Binding"
"UNIPROT","P11362","UNIPROT","O43559","undirected","Binding"
"UNIPROT","P11362","UNIPROT","O60258","undirected","Binding"
"UNIPROT","P11362","UNIPROT","P01111","directed","Control(Out: ACTIVATION of BiochemicalReaction)"
"UNIPROT","P11362","UNIPROT","P01112","directed","Control(Out: ACTIVATION of BiochemicalReaction)"
"UNIPROT","P11362","UNIPROT","P01116","directed","Control(Out: ACTIVATION of BiochemicalReaction)"
"UNIPROT","P11362","UNIPROT","P08620","undirected","Binding"
"UNIPROT","P11362","UNIPROT","P10767","undirected","Binding"
"UNIPROT","P11362","UNIPROT","P12034","undirected","Binding"
"UNIPROT","P11362","UNIPROT","P31371","undirected","Binding"
"UNIPROT","P11362","UNIPROT","P55075","undirected","Binding"
"UNIPROT","P11362","UNIPROT","Q8WU20","undirected","Binding"
"UNIPROT","P11362","UNIPROT","Q9GZV9","undirected","Binding"
"UNIPROT","P11362","UNIPROT","Q9NP95","undirected","Binding"
"UNIPROT","P11362","UNIPROT","Q9UEF7","undirected","Binding"
"UNIPROT","P11487","UNIPROT","O43559","undirected","Binding"
"UNIPROT","P11487","UNIPROT","P01111","directed","Control(Out: ACTIVATION of BiochemicalReaction)"
"UNIPROT","P11487","UNIPROT","P01112","directed","Control(Out: ACTIVATION of BiochemicalReaction)"
"UNIPROT","P11487","UNIPROT","P01116","directed","Control(Out: ACTIVATION of BiochemicalReaction)"
"UNIPROT","P11487","UNIPROT","P11362","undirected","Binding"
"UNIPROT","P11487","UNIPROT","Q8WU20","undirected","Binding"
"UNIPROT","P12034","UNIPROT","O43559","undirected","Binding"
"UNIPROT","P12034","UNIPROT","P01111","directed","Control(Out: ACTIVATION of BiochemicalReaction)"
"UNIPROT","P12034","UNIPROT","P01112","directed","Control(Out: ACTIVATION of BiochemicalReaction)"
"UNIPROT","P12034","UNIPROT","P01116","directed","Control(Out: ACTIVATION of BiochemicalReaction)"
"UNIPROT","P12034","UNIPROT","Q8WU20","undirected","Binding"
"UNIPROT","P31371","UNIPROT","O43559","undirected","Binding"
"UNIPROT","P31371","UNIPROT","P01111","directed","Control(Out: ACTIVATION of BiochemicalReaction)"
"UNIPROT","P31371","UNIPROT","P01112","directed","Control(Out: ACTIVATION of BiochemicalReaction)"
"UNIPROT","P31371","UNIPROT","P01116","directed","Control(Out: ACTIVATION of BiochemicalReaction)"
"UNIPROT","P31371","UNIPROT","Q8WU20","undirected","Binding"
"UNIPROT","P55075","UNIPROT","O43559","undirected","Binding"
"UNIPROT","P55075","UNIPROT","P01111","directed","Control(Out: ACTIVATION of BiochemicalReaction)"
"UNIPROT","P55075","UNIPROT","P01112","directed","Control(Out: ACTIVATION of BiochemicalReaction)"
"UNIPROT","P55075","UNIPROT","P01116","directed","Control(Out: ACTIVATION of BiochemicalReaction)"
"UNIPROT","P55075","UNIPROT","Q8WU20","undirected","Binding"
"UNIPROT","P62993","UNIPROT","O15520","undirected","Binding"
"UNIPROT","P62993","UNIPROT","O43559","undirected","Binding"
"UNIPROT","P62993","UNIPROT","O60258","undirected","Binding"
"UNIPROT","P62993","UNIPROT","P01111","directed","Control(Out: ACTIVATION of BiochemicalReaction)"
"UNIPROT","P62993","UNIPROT","P01112","directed","Control(Out: ACTIVATION of BiochemicalReaction)"
"UNIPROT","P62993","UNIPROT","P01116","directed","Control(Out: ACTIVATION of BiochemicalReaction)"
"UNIPROT","P62993","UNIPROT","P05230","undirected","Binding"
"UNIPROT","P62993","UNIPROT","P08620","undirected","Binding"
"UNIPROT","P62993","UNIPROT","P09038","undirected","Binding"
"UNIPROT","P62993","UNIPROT","P10767","undirected","Binding"
"UNIPROT","P62993","UNIPROT","P11362","undirected","Binding"
"UNIPROT","P62993","UNIPROT","P11487","undirected","Binding"
"UNIPROT","P62993","UNIPROT","P12034","undirected","Binding"
"UNIPROT","P62993","UNIPROT","P31371","undirected","Binding"
"UNIPROT","P62993","UNIPROT","P55075","undirected","Binding"
"UNIPROT","P62993","UNIPROT","Q07889","undirected","Binding"
"UNIPROT","P62993","UNIPROT","Q8WU20","undirected","Binding"
"UNIPROT","P62993","UNIPROT","Q9GZV9","undirected","Binding"
"UNIPROT","P62993","UNIPROT","Q9HCT0","undirected","Binding"
"UNIPROT","P62993","UNIPROT","Q9NP95","undirected","Binding"
"UNIPROT","P62993","UNIPROT","Q9UEF7","undirected","Binding"
"UNIPROT","Q06124","UNIPROT","O15520","undirected","Binding"
"UNIPROT","Q06124","UNIPROT","O43559","undirected","Binding"
"UNIPROT","Q06124","UNIPROT","O60258","undirected","Binding"
"UNIPROT","Q06124","UNIPROT","P01111","directed","Control(Out: ACTIVATION of BiochemicalReaction)"
"UNIPROT","Q06124","UNIPROT","P01112","directed","Control(Out: ACTIVATION of BiochemicalReaction)"
"UNIPROT","Q06124","UNIPROT","P01116","directed","Control(Out: ACTIVATION of BiochemicalReaction)"
"UNIPROT","Q06124","UNIPROT","P05230","undirected","Binding"
"UNIPROT","Q06124","UNIPROT","P08620","undirected","Binding"
"UNIPROT","Q06124","UNIPROT","P09038","undirected","Binding"
"UNIPROT","Q06124","UNIPROT","P10767","undirected","Binding"
"UNIPROT","Q06124","UNIPROT","P11362","undirected","Binding"
"UNIPROT","Q06124","UNIPROT","P11487","undirected","Binding"
"UNIPROT","Q06124","UNIPROT","P12034","undirected","Binding"
"UNIPROT","Q06124","UNIPROT","P31371","undirected","Binding"
"UNIPROT","Q06124","UNIPROT","P55075","undirected","Binding"
"UNIPROT","Q06124","UNIPROT","Q8WU20","undirected","Binding"
"UNIPROT","Q06124","UNIPROT","Q9GZV9","undirected","Binding"
"UNIPROT","Q06124","UNIPROT","Q9HCT0","undirected","Binding"
"UNIPROT","Q06124","UNIPROT","Q9NP95","undirected","Binding"
"UNIPROT","Q06124","UNIPROT","Q9UEF7","undirected","Binding"
"UNIPROT","Q07889","UNIPROT","O15520","undirected","Binding"
"UNIPROT","Q07889","UNIPROT","O43559","undirected","Binding"
"UNIPROT","Q07889","UNIPROT","O60258","undirected","Binding"
"UNIPROT","Q07889","UNIPROT","P01111","directed","Control(Out: ACTIVATION of BiochemicalReaction)"
"UNIPROT","Q07889","UNIPROT","P01112","directed","Control(Out: ACTIVATION of BiochemicalReaction)"
"UNIPROT","Q07889","UNIPROT","P01116","directed","Control(Out: ACTIVATION of BiochemicalReaction)"
"UNIPROT","Q07889","UNIPROT","P05230","undirected","Binding"
"UNIPROT","Q07889","UNIPROT","P08620","undirected","Binding"
"UNIPROT","Q07889","UNIPROT","P09038","undirected","Binding"
"UNIPROT","Q07889","UNIPROT","P10767","undirected","Binding"
"UNIPROT","Q07889","UNIPROT","P11362","undirected","Binding"
"UNIPROT","Q07889","UNIPROT","P11487","undirected","Binding"
"UNIPROT","Q07889","UNIPROT","P12034","undirected","Binding"
"UNIPROT","Q07889","UNIPROT","P31371","undirected","Binding"
"UNIPROT","Q07889","UNIPROT","P55075","undirected","Binding"
"UNIPROT","Q07889","UNIPROT","Q8WU20","undirected","Binding"
"UNIPROT","Q07889","UNIPROT","Q9GZV9","undirected","Binding"
"UNIPROT","Q07889","UNIPROT","Q9HCT0","undirected","Binding"
"UNIPROT","Q07889","UNIPROT","Q9NP95","undirected","Binding"
"UNIPROT","Q07889","UNIPROT","Q9UEF7","undirected","Binding"
"UNIPROT","Q8WU20","UNIPROT","P01111","directed","Control(Out: ACTIVATION of BiochemicalReaction)"
"UNIPROT","Q8WU20","UNIPROT","P01112","directed","Control(Out: ACTIVATION of BiochemicalReaction)"
"UNIPROT","Q8WU20","UNIPROT","P01116","directed","Control(Out: ACTIVATION of BiochemicalReaction)"
"UNIPROT","Q9GZV9","UNIPROT","O43559","undirected","Binding"
"UNIPROT","Q9GZV9","UNIPROT","P01111","directed","Control(Out: ACTIVATION of BiochemicalReaction)"
"UNIPROT","Q9GZV9","UNIPROT","P01112","directed","Control(Out: ACTIVATION of BiochemicalReaction)"
"UNIPROT","Q9GZV9","UNIPROT","P01116","directed","Control(Out: ACTIVATION of BiochemicalReaction)"
"UNIPROT","Q9GZV9","UNIPROT","Q8WU20","undirected","Binding"
"UNIPROT","Q9GZV9","UNIPROT","Q9UEF7","undirected","Binding"
"UNIPROT","Q9HCT0","UNIPROT","O43559","undirected","Binding"
"UNIPROT","Q9HCT0","UNIPROT","P01111","directed","Control(Out: ACTIVATION of BiochemicalReaction)"
"UNIPROT","Q9HCT0","UNIPROT","P01112","directed","Control(Out: ACTIVATION of BiochemicalReaction)"
"UNIPROT","Q9HCT0","UNIPROT","P01116","directed","Control(Out: ACTIVATION of BiochemicalReaction)"
"UNIPROT","Q9HCT0","UNIPROT","P11362","undirected","Binding"
"UNIPROT","Q9HCT0","UNIPROT","Q8WU20","undirected","Binding"
"UNIPROT","Q9NP95","UNIPROT","O43559","undirected","Binding"
"UNIPROT","Q9NP95","UNIPROT","P01111","directed","Control(Out: ACTIVATION of BiochemicalReaction)"
"UNIPROT","Q9NP95","UNIPROT","P01112","directed","Control(Out: ACTIVATION of BiochemicalReaction)"
"UNIPROT","Q9NP95","UNIPROT","P01116","directed","Control(Out: ACTIVATION of BiochemicalReaction)"
"UNIPROT","Q9NP95","UNIPROT","Q8WU20","undirected","Binding"
"UNIPROT","Q9UEF7","UNIPROT","O43559","undirected","Binding"
"UNIPROT","Q9UEF7","UNIPROT","P01111","directed","Control(Out: ACTIVATION of BiochemicalReaction)"
"UNIPROT","Q9UEF7","UNIPROT","P01112","directed","Control(Out: ACTIVATION of BiochemicalReaction)"
"UNIPROT","Q9UEF7","UNIPROT","P01116","directed","Control(Out: ACTIVATION of BiochemicalReaction)"
"UNIPROT","Q9UEF7","UNIPROT","Q8WU20","undirected","Binding"
