"src_type","src","dest_type","dest","direction","type"
"UNIPROT","O43320","UNIPROT","P01111","directed","Control(Out: ACTIVATION of BiochemicalReaction)"
"UNIPROT","O43320","UNIPROT","P01112","directed","Control(Out: ACTIVATION of BiochemicalReaction)"
"UNIPROT","O43320","UNIPROT","P01116","directed","Control(Out: ACTIVATION of BiochemicalReaction)"
"UNIPROT","O43320","UNIPROT","P22607","undirected","Binding"
"UNIPROT","O60258","UNIPROT","P01111","directed","Control(Out: ACTIVATION of BiochemicalReaction)"
"UNIPROT","O60258","UNIPROT","P01112","directed","Control(Out: ACTIVATION of BiochemicalReaction)"
"UNIPROT","O60258","UNIPROT","P01116","directed","Control(Out: ACTIVATION of BiochemicalReaction)"
"UNIPROT","O60258","UNIPROT","P22607","undirected","Binding"
"UNIPROT","O76093","UNIPROT","P01111","directed","Control(Out: ACTIVATION of BiochemicalReaction)"
"UNIPROT","O76093","UNIPROT","P01112","directed","Control(Out: ACTIVATION of BiochemicalReaction)"
"UNIPROT","O76093","UNIPROT","P01116","directed","Control(Out: ACTIVATION of BiochemicalReaction)"
"UNIPROT","O76093","UNIPROT","P22607","undirected","Binding"
"UNIPROT","P05230","UNIPROT","P01111","directed","Control(Out: ACTIVATION of BiochemicalReaction)"
"UNIPROT","P05230","UNIPROT","P01112","directed","Control(Out: ACTIVATION of BiochemicalReaction)"
"UNIPROT","P05230","UNIPROT","P01116","directed","Control(Out: ACTIVATION of BiochemicalReaction)"
"UNIPROT","P05230","UNIPROT","P22607","undirected","Binding"
"UNIPROT","P08620","UNIPROT","P01111","directed","Control(Out: ACTIVATION of BiochemicalReaction)"
"UNIPROT","P08620","UNIPROT","P01112","directed","Control(Out: ACTIVATION of BiochemicalReaction)"
"UNIPROT","P08620","UNIPROT","P01116","directed","Control(Out: ACTIVATION of BiochemicalReaction)"
"UNIPROT","P08620","UNIPROT","P22607","undirected","Binding"
"UNIPROT","P09038","UNIPROT","P01111","directed","Control(Out: ACTIVATION of BiochemicalReaction)"
"UNIPROT","P09038","UNIPROT","P01112","directed","Control(Out: ACTIVATION of BiochemicalReaction)"
"UNIPROT","P09038","UNIPROT","P01116","directed","Control(Out: ACTIVATION of BiochemicalReaction)"
"UNIPROT","P09038","UNIPROT","P22607","undirected","Binding"
"UNIPROT","P12034","UNIPROT","P01111","directed","Control(Out: ACTIVATION of BiochemicalReaction)"
"UNIPROT","P12034","UNIPROT","P01112","directed","Control(Out: ACTIVATION of BiochemicalReaction)"
"UNIPROT","P12034","UNIPROT","P01116","directed","Control(Out: ACTIVATION of BiochemicalReaction)"
"UNIPROT","P12034","UNIPROT","P22607","undirected","Binding"
"UNIPROT","P22607","UNIPROT","P01111","directed","Control(Out: ACTIVATION of BiochemicalReaction)"
"UNIPROT","P22607","UNIPROT","P01112","directed","Control(Out: ACTIVATION of BiochemicalReaction)"
"UNIPROT","P22607","UNIPROT","P01116","directed","Control(Out: ACTIVATION of BiochemicalReaction)"
"UNIPROT","P29353","UNIPROT","O43320","undirected","Binding"
"UNIPROT","P29353","UNIPROT","O60258","undirected","Binding"
"UNIPROT","P29353","UNIPROT","O76093","undirected","Binding"
"UNIPROT","P29353","UNIPROT","P01111","directed","Control(Out: ACTIVATION of BiochemicalReaction)"
"UNIPROT","P29353","UNIPROT","P01112","directed","Control(Out: ACTIVATION of BiochemicalReaction)"
"UNIPROT","P29353","UNIPROT","P01116","directed","Control(Out: ACTIVATION of BiochemicalReaction)"
"UNIPROT","P29353","UNIPROT","P05230","undirected","Binding"
"UNIPROT","P29353","UNIPROT","P08620","undirected","Binding"
"UNIPROT","P29353","UNIPROT","P09038","undirected","Binding"
"UNIPROT","P29353","UNIPROT","P12034","undirected","Binding"
"UNIPROT","P29353","UNIPROT","P22607","undirected","Binding"
"UNIPROT","P29353","UNIPROT","P31371","undirected","Binding"
"UNIPROT","P29353","UNIPROT","P55075","undirected","Binding"
"UNIPROT","P29353","UNIPROT","Q9GZV9","undirected","Binding"
"UNIPROT","P29353","UNIPROT","Q9NP95","undirected","Binding"
"UNIPROT","P31371","UNIPROT","P01111","directed","Control(Out: ACTIVATION of BiochemicalReaction)"
"UNIPROT","P31371","UNIPROT","P01112","directed","Control(Out: ACTIVATION of BiochemicalReaction)"
"UNIPROT","P31371","UNIPROT","P01116","directed","Control(Out: ACTIVATION of BiochemicalReaction)"
"UNIPROT","P31371","UNIPROT","P22607","undirected","Binding"
"UNIPROT","P55075","UNIPROT","P01111","directed","Control(Out: ACTIVATION of BiochemicalReaction)"
"UNIPROT","P55075","UNIPROT","P01112","directed","Control(Out: ACTIVATION of BiochemicalReaction)"
"UNIPROT","P55075","UNIPROT","P01116","directed","Control(Out: ACTIVATION of BiochemicalReaction)"
"UNIPROT","P55075","UNIPROT","P22607","undirected","Binding"
"UNIPROT","P62993","UNIPROT","O43320","undirected","Binding"
"UNIPROT","P62993","UNIPROT","O60258","undirected","Binding"
"UNIPROT","P62993","UNIPROT","O76093","undirected","Binding"
"UNIPROT","P62993","UNIPROT","P01111","directed","Control(Out: ACTIVATION of BiochemicalReaction)"
"UNIPROT","P62993","UNIPROT","P01112","directed","Control(Out: ACTIVATION of BiochemicalReaction)"
"UNIPROT","P62993","UNIPROT","P01116","directed","Control(Out: ACTIVATION of BiochemicalReaction)"
"UNIPROT","P62993","UNIPROT","P05230","undirected","Binding"
"UNIPROT","P62993","UNIPROT","P08620","undirected","Binding"
"UNIPROT","P62993","UNIPROT","P09038","undirected","Binding"
"UNIPROT","P62993","UNIPROT","P12034","undirected","Binding"
"UNIPROT","P62993","UNIPROT","P22607","undirected","Binding"
"UNIPROT","P62993","UNIPROT","P29353","undirected","Binding"
"UNIPROT","P62993","UNIPROT","P31371","undirected","Binding"
"UNIPROT","P62993","UNIPROT","P55075","undirected","Binding"
"UNIPROT","P62993","UNIPROT","Q07889","undirected","Binding"
"UNIPROT","P62993","UNIPROT","Q9GZV9","undirected","Binding"
"UNIPROT","P62993","UNIPROT","Q9NP95","undirected","Binding"
"UNIPROT","Q07889","UNIPROT","O43320","undirected","Binding"
"UNIPROT","Q07889","UNIPROT","O60258","undirected","Binding"
"UNIPROT","Q07889","UNIPROT","O76093","undirected","Binding"
"UNIPROT","Q07889","UNIPROT","P01111","directed","Control(Out: ACTIVATION of BiochemicalReaction)"
"UNIPROT","Q07889","UNIPROT","P01112","directed","Control(Out: ACTIVATION of BiochemicalReaction)"
"UNIPROT","Q07889","UNIPROT","P01116","directed","Control(Out: ACTIVATION of BiochemicalReaction)"
"UNIPROT","Q07889","UNIPROT","P05230","undirected","Binding"
"UNIPROT","Q07889","UNIPROT","P08620","undirected","Binding"
"UNIPROT","Q07889","UNIPROT","P09038","undirected","Binding"
"UNIPROT","Q07889","UNIPROT","P12034","undirected","Binding"
"UNIPROT","Q07889","UNIPROT","P22607","undirected","Binding"
"UNIPROT","Q07889","UNIPROT","P29353","undirected","Binding"
"UNIPROT","Q07889","UNIPROT","P31371","undirected","Binding"
"UNIPROT","Q07889","UNIPROT","P55075","undirected","Binding"
"UNIPROT","Q07889","UNIPROT","Q9GZV9","undirected","Binding"
"UNIPROT","Q07889","UNIPROT","Q9NP95","undirected","Binding"
"UNIPROT","Q9GZV9","UNIPROT","P01111","directed","Control(Out: ACTIVATION of BiochemicalReaction)"
"UNIPROT","Q9GZV9","UNIPROT","P01112","directed","Control(Out: ACTIVATION of BiochemicalReaction)"
"UNIPROT","Q9GZV9","UNIPROT","P01116","directed","Control(Out: ACTIVATION of BiochemicalReaction)"
"UNIPROT","Q9GZV9","UNIPROT","P22607","undirected","Binding"
"UNIPROT","Q9NP95","UNIPROT","P01111","directed","Control(Out: ACTIVATION of BiochemicalReaction)"
"UNIPROT","Q9NP95","UNIPROT","P01112","directed","Control(Out: ACTIVATION of BiochemicalReaction)"
"UNIPROT","Q9NP95","UNIPROT","P01116","directed","Control(Out: ACTIVATION of BiochemicalReaction)"
"UNIPROT","Q9NP95","UNIPROT","P22607","undirected","Binding"
