"src_type","src","dest_type","dest","direction","type"
"UNIPROT","O43320","UNIPROT","P22455","undirected","Binding"
"UNIPROT","O60258","UNIPROT","P22455","undirected","Binding"
"UNIPROT","O60258","UNIPROT","Q8WU20","undirected","Binding"
"UNIPROT","O76093","UNIPROT","P22455","undirected","Binding"
"UNIPROT","O76093","UNIPROT","Q8WU20","undirected","Binding"
"UNIPROT","O95750","UNIPROT","P22455","undirected","Binding"
"UNIPROT","O95750","UNIPROT","Q86Z14","undirected","Binding"
"UNIPROT","P05230","UNIPROT","P22455","undirected","Binding"
"UNIPROT","P05230","UNIPROT","Q8WU20","undirected","Binding"
"UNIPROT","P08620","UNIPROT","P22455","undirected","Binding"
"UNIPROT","P08620","UNIPROT","Q8WU20","undirected","Binding"
"UNIPROT","P09038","UNIPROT","P22455","undirected","Binding"
"UNIPROT","P09038","UNIPROT","Q8WU20","undirected","Binding"
"UNIPROT","P10767","UNIPROT","P22455","undirected","Binding"
"UNIPROT","P10767","UNIPROT","Q8WU20","undirected","Binding"
"UNIPROT","P22455","UNIPROT","Q86Z14","undirected","Binding"
"UNIPROT","P27986","UNIPROT","O43320","undirected","Binding"
"UNIPROT","P27986","UNIPROT","O60258","undirected","Binding"
"UNIPROT","P27986","UNIPROT","O76093","undirected","Binding"
"UNIPROT","P27986","UNIPROT","O95750","undirected","Binding"
"UNIPROT","P27986","UNIPROT","P05230","undirected","Binding"
"UNIPROT","P27986","UNIPROT","P08620","undirected","Binding"
"UNIPROT","P27986","UNIPROT","P09038","undirected","Binding"
"UNIPROT","P27986","UNIPROT","P10767","undirected","Binding"
"UNIPROT","P27986","UNIPROT","P22455","undirected","Binding"
"UNIPROT","P27986","UNIPROT","P31371","undirected","Binding"
"UNIPROT","P27986","UNIPROT","P55075","undirected","Binding"
"UNIPROT","P27986","UNIPROT","Q06124","undirected","Binding"
"UNIPROT","P27986","UNIPROT","Q86Z14","undirected","Binding"
"UNIPROT","P27986","UNIPROT","Q8WU20","undirected","Binding"
"UNIPROT","P27986","UNIPROT","Q9GZV9","undirected","Binding"
"UNIPROT","P27986","UNIPROT","Q9NP95","undirected","Binding"
"UNIPROT","P31371","UNIPROT","P22455","undirected","Binding"
"UNIPROT","P31371","UNIPROT","Q8WU20","undirected","Binding"
"UNIPROT","P42336","UNIPROT","O43320","undirected","Binding"
"UNIPROT","P42336","UNIPROT","O60258","undirected","Binding"
"UNIPROT","P42336","UNIPROT","O76093","undirected","Binding"
"UNIPROT","P42336","UNIPROT","O95750","undirected","Binding"
"UNIPROT","P42336","UNIPROT","P05230","undirected","Binding"
"UNIPROT","P42336","UNIPROT","P08620","undirected","Binding"
"UNIPROT","P42336","UNIPROT","P09038","undirected","Binding"
"UNIPROT","P42336","UNIPROT","P10767","undirected","Binding"
"UNIPROT","P42336","UNIPROT","P22455","undirected","Binding"
"UNIPROT","P42336","UNIPROT","P27986","undirected","Binding"
"UNIPROT","P42336","UNIPROT","P31371","undirected","Binding"
"UNIPROT","P42336","UNIPROT","P55075","undirected","Binding"
"UNIPROT","P42336","UNIPROT","Q06124","undirected","Binding"
"UNIPROT","P42336","UNIPROT","Q86Z14","undirected","Binding"
"UNIPROT","P42336","UNIPROT","Q8WU20","undirected","Binding"
"UNIPROT","P42336","UNIPROT","Q9GZV9","undirected","Binding"
"UNIPROT","P42336","UNIPROT","Q9NP95","undirected","Binding"
"UNIPROT","P55075","UNIPROT","P22455","undirected","Binding"
"UNIPROT","P55075","UNIPROT","Q8WU20","undirected","Binding"
"UNIPROT","P62993","UNIPROT","O43320","undirected","Binding"
"UNIPROT","P62993","UNIPROT","O60258","undirected","Binding"
"UNIPROT","P62993","UNIPROT","O76093","undirected","Binding"
"UNIPROT","P62993","UNIPROT","O95750","undirected","Binding"
"UNIPROT","P62993","UNIPROT","P05230","undirected","Binding"
"UNIPROT","P62993","UNIPROT","P08620","undirected","Binding"
"UNIPROT","P62993","UNIPROT","P09038","undirected","Binding"
"UNIPROT","P62993","UNIPROT","P10767","undirected","Binding"
"UNIPROT","P62993","UNIPROT","P22455","undirected","Binding"
"UNIPROT","P62993","UNIPROT","P27986","undirected","Binding"
"UNIPROT","P62993","UNIPROT","P31371","undirected","Binding"
"UNIPROT","P62993","UNIPROT","P42336","undirected","Binding"
"UNIPROT","P62993","UNIPROT","P55075","undirected","Binding"
"UNIPROT","P62993","UNIPROT","Q06124","undirected","Binding"
"UNIPROT","P62993","UNIPROT","Q13480","undirected","Binding"
"UNIPROT","P62993","UNIPROT","Q86Z14","undirected","Binding"
"UNIPROT","P62993","UNIPROT","Q8WU20","undirected","Binding"
"UNIPROT","P62993","UNIPROT","Q9GZV9","undirected","Binding"
"UNIPROT","P62993","UNIPROT","Q9NP95","undirected","Binding"
"UNIPROT","Q06124","UNIPROT","O43320","undirected","Binding"
"UNIPROT","Q06124","UNIPROT","O60258","undirected","Binding"
"UNIPROT","Q06124","UNIPROT","O76093","undirected","Binding"
"UNIPROT","Q06124","UNIPROT","O95750","undirected","Binding"
"UNIPROT","Q06124","UNIPROT","P05230","undirected","Binding"
"UNIPROT","Q06124","UNIPROT","P08620","undirected","Binding"
"UNIPROT","Q06124","UNIPROT","P09038","undirected","Binding"
"UNIPROT","Q06124","UNIPROT","P10767","undirected","Binding"
"UNIPROT","Q06124","UNIPROT","P22455","undirected","Binding"
"UNIPROT","Q06124","UNIPROT","P31371","undirected","Binding"
"UNIPROT","Q06124","UNIPROT","P55075","undirected","Binding"
"UNIPROT","Q06124","UNIPROT","Q86Z14","undirected","Binding"
"UNIPROT","Q06124","UNIPROT","Q8WU20","undirected","Binding"
"UNIPROT","Q06124","UNIPROT","Q9GZV9","undirected","Binding"
"UNIPROT","Q06124","UNIPROT","Q9NP95","undirected","Binding"
"UNIPROT","Q13480","UNIPROT","O43320","undirected","Binding"
"UNIPROT","Q13480","UNIPROT","O60258","undirected","Binding"
"UNIPROT","Q13480","UNIPROT","O76093","undirected","Binding"
"UNIPROT","Q13480","UNIPROT","O95750","undirected","Binding"
"UNIPROT","Q13480","UNIPROT","P05230","undirected","Binding"
"UNIPROT","Q13480","UNIPROT","P08620","undirected","Binding"
"UNIPROT","Q13480","UNIPROT","P09038","undirected","Binding"
"UNIPROT","Q13480","UNIPROT","P10767","undirected","Binding"
"UNIPROT","Q13480","UNIPROT","P22455","undirected","Binding"
"UNIPROT","Q13480","UNIPROT","P27986","undirected","Binding"
"UNIPROT","Q13480","UNIPROT","P31371","undirected","Binding"
"UNIPROT","Q13480","UNIPROT","P42336","undirected","Binding"
"UNIPROT","Q13480","UNIPROT","P55075","undirected","Binding"
"UNIPROT","Q13480","UNIPROT","Q06124","undirected","Binding"
"UNIPROT","Q13480","UNIPROT","Q86Z14","undirected","Binding"
"UNIPROT","Q13480","UNIPROT","Q8WU20","undirected","Binding"
"UNIPROT","Q13480","UNIPROT","Q9GZV9","undirected","Binding"
"UNIPROT","Q13480","UNIPROT","Q9NP95","undirected","Binding"
"UNIPROT","Q8WU20","UNIPROT","O43320","undirected","Binding"
"UNIPROT","Q8WU20","UNIPROT","O95750","undirected","Binding"
"UNIPROT","Q8WU20","UNIPROT","P22455","undirected","Binding"
"UNIPROT","Q8WU20","UNIPROT","Q86Z14","undirected","Binding"
"UNIPROT","Q9GZV9","UNIPROT","P22455","undirected","Binding"
"UNIPROT","Q9GZV9","UNIPROT","Q8WU20","undirected","Binding"
"UNIPROT","Q9NP95","UNIPROT","P22455","undirected","Binding"
"UNIPROT","Q9NP95","UNIPROT","Q8WU20","undirected","Binding"
