"src_type","src","dest_type","dest","direction","type"
"UNIPROT","O15520","UNIPROT","P0CG47","directed","Control(Out: ACTIVATION of BiochemicalReaction)"
"UNIPROT","O15520","UNIPROT","P0CG47","undirected","Binding"
"UNIPROT","O15520","UNIPROT","P0CG48","directed","Control(Out: ACTIVATION of BiochemicalReaction)"
"UNIPROT","O15520","UNIPROT","P0CG48","undirected","Binding"
"UNIPROT","O15520","UNIPROT","P11362","undirected","Binding"
"UNIPROT","O15520","UNIPROT","P62979","directed","Control(Out: ACTIVATION of BiochemicalReaction)"
"UNIPROT","O15520","UNIPROT","P62979","undirected","Binding"
"UNIPROT","O15520","UNIPROT","P62987","directed","Control(Out: ACTIVATION of BiochemicalReaction)"
"UNIPROT","O15520","UNIPROT","P62987","undirected","Binding"
"UNIPROT","O15520","UNIPROT","Q8WU20","undirected","Binding"
"UNIPROT","O43597","UNIPROT","P0CG47","directed","Control(Out: ACTIVATION of BiochemicalReaction)"
"UNIPROT","O43597","UNIPROT","P0CG47","undirected","Binding"
"UNIPROT","O43597","UNIPROT","P0CG48","directed","Control(Out: ACTIVATION of BiochemicalReaction)"
"UNIPROT","O43597","UNIPROT","P0CG48","undirected","Binding"
"UNIPROT","O43597","UNIPROT","P15056","undirected","Binding"
"UNIPROT","O43597","UNIPROT","P30153","undirected","Binding"
"UNIPROT","O43597","UNIPROT","P62714","undirected","Binding"
"UNIPROT","O43597","UNIPROT","P62979","directed","Control(Out: ACTIVATION of BiochemicalReaction)"
"UNIPROT","O43597","UNIPROT","P62979","undirected","Binding"
"UNIPROT","O43597","UNIPROT","P62987","directed","Control(Out: ACTIVATION of BiochemicalReaction)"
"UNIPROT","O43597","UNIPROT","P62987","undirected","Binding"
"UNIPROT","O43597","UNIPROT","P67775","undirected","Binding"
"UNIPROT","O60258","UNIPROT","P0CG47","directed","Control(Out: ACTIVATION of BiochemicalReaction)"
"UNIPROT","O60258","UNIPROT","P0CG47","undirected","Binding"
"UNIPROT","O60258","UNIPROT","P0CG48","directed","Control(Out: ACTIVATION of BiochemicalReaction)"
"UNIPROT","O60258","UNIPROT","P0CG48","undirected","Binding"
"UNIPROT","O60258","UNIPROT","P62979","directed","Control(Out: ACTIVATION of BiochemicalReaction)"
"UNIPROT","O60258","UNIPROT","P62979","undirected","Binding"
"UNIPROT","O60258","UNIPROT","P62987","directed","Control(Out: ACTIVATION of BiochemicalReaction)"
"UNIPROT","O60258","UNIPROT","P62987","undirected","Binding"
"UNIPROT","O60258","UNIPROT","Q8WU20","undirected","Binding"
"UNIPROT","P05230","UNIPROT","P0CG47","directed","Control(Out: ACTIVATION of BiochemicalReaction)"
"UNIPROT","P05230","UNIPROT","P0CG47","undirected","Binding"
"UNIPROT","P05230","UNIPROT","P0CG48","directed","Control(Out: ACTIVATION of BiochemicalReaction)"
"UNIPROT","P05230","UNIPROT","P0CG48","undirected","Binding"
"UNIPROT","P05230","UNIPROT","P11362","undirected","Binding"
"UNIPROT","P05230","UNIPROT","P62979","directed","Control(Out: ACTIVATION of BiochemicalReaction)"
"UNIPROT","P05230","UNIPROT","P62979","undirected","Binding"
"UNIPROT","P05230","UNIPROT","P62987","directed","Control(Out: ACTIVATION of BiochemicalReaction)"
"UNIPROT","P05230","UNIPROT","P62987","undirected","Binding"
"UNIPROT","P05230","UNIPROT","Q8WU20","undirected","Binding"
"UNIPROT","P08620","UNIPROT","P0CG47","directed","Control(Out: ACTIVATION of BiochemicalReaction)"
"UNIPROT","P08620","UNIPROT","P0CG47","undirected","Binding"
"UNIPROT","P08620","UNIPROT","P0CG48","directed","Control(Out: ACTIVATION of BiochemicalReaction)"
"UNIPROT","P08620","UNIPROT","P0CG48","undirected","Binding"
"UNIPROT","P08620","UNIPROT","P62979","directed","Control(Out: ACTIVATION of BiochemicalReaction)"
"UNIPROT","P08620","UNIPROT","P62979","undirected","Binding"
"UNIPROT","P08620","UNIPROT","P62987","directed","Control(Out: ACTIVATION of BiochemicalReaction)"
"UNIPROT","P08620","UNIPROT","P62987","undirected","Binding"
"UNIPROT","P08620","UNIPROT","Q8WU20","undirected","Binding"
"UNIPROT","P09038","UNIPROT","P0CG47","directed","Control(Out: ACTIVATION of BiochemicalReaction)"
"UNIPROT","P09038","UNIPROT","P0CG47","undirected","Binding"
"UNIPROT","P09038","UNIPROT","P0CG48","directed","Control(Out: ACTIVATION of BiochemicalReaction)"
"UNIPROT","P09038","UNIPROT","P0CG48","undirected","Binding"
"UNIPROT","P09038","UNIPROT","P11362","undirected","Binding"
"UNIPROT","P09038","UNIPROT","P62979","directed","Control(Out: ACTIVATION of BiochemicalReaction)"
"UNIPROT","P09038","UNIPROT","P62979","undirected","Binding"
"UNIPROT","P09038","UNIPROT","P62987","directed","Control(Out: ACTIVATION of BiochemicalReaction)"
"UNIPROT","P09038","UNIPROT","P62987","undirected","Binding"
"UNIPROT","P09038","UNIPROT","Q8WU20","undirected","Binding"
"UNIPROT","P0CG47","UNIPROT","O15520","directed","Control(In: ACTIVATION of BiochemicalReaction)"
"UNIPROT","P0CG47","UNIPROT","O43597","directed","Control(In: ACTIVATION of BiochemicalReaction)"
"UNIPROT","P0CG47","UNIPROT","O60258","directed","Control(In: ACTIVATION of BiochemicalReaction)"
"UNIPROT","P0CG47","UNIPROT","P05230","directed","Control(In: ACTIVATION of BiochemicalReaction)"
"UNIPROT","P0CG47","UNIPROT","P08620","directed","Control(In: ACTIVATION of BiochemicalReaction)"
"UNIPROT","P0CG47","UNIPROT","P09038","directed","Control(In: ACTIVATION of BiochemicalReaction)"
"UNIPROT","P0CG47","UNIPROT","P10767","directed","Control(In: ACTIVATION of BiochemicalReaction)"
"UNIPROT","P0CG47","UNIPROT","P11362","directed","Control(In: ACTIVATION of BiochemicalReaction)"
"UNIPROT","P0CG47","UNIPROT","P11487","directed","Control(In: ACTIVATION of BiochemicalReaction)"
"UNIPROT","P0CG47","UNIPROT","P12034","directed","Control(In: ACTIVATION of BiochemicalReaction)"
"UNIPROT","P0CG47","UNIPROT","P22681","directed","Control(In: ACTIVATION of BiochemicalReaction)"
"UNIPROT","P0CG47","UNIPROT","P31371","directed","Control(In: ACTIVATION of BiochemicalReaction)"
"UNIPROT","P0CG47","UNIPROT","P55075","directed","Control(In: ACTIVATION of BiochemicalReaction)"
"UNIPROT","P0CG47","UNIPROT","P62993","directed","Control(In: ACTIVATION of BiochemicalReaction)"
"UNIPROT","P0CG47","UNIPROT","Q06124","directed","Control(In: ACTIVATION of BiochemicalReaction)"
"UNIPROT","P0CG47","UNIPROT","Q8WU20","directed","Control(In: ACTIVATION of BiochemicalReaction)"
"UNIPROT","P0CG47","UNIPROT","Q9GZV9","directed","Control(In: ACTIVATION of BiochemicalReaction)"
"UNIPROT","P0CG47","UNIPROT","Q9HCT0","directed","Control(In: ACTIVATION of BiochemicalReaction)"
"UNIPROT","P0CG47","UNIPROT","Q9NP95","directed","Control(In: ACTIVATION of BiochemicalReaction)"
"UNIPROT","P0CG47","UNIPROT","Q9UEF7","directed","Control(In: ACTIVATION of BiochemicalReaction)"
"UNIPROT","P0CG48","UNIPROT","O15520","directed","Control(In: ACTIVATION of BiochemicalReaction)"
"UNIPROT","P0CG48","UNIPROT","O43597","directed","Control(In: ACTIVATION of BiochemicalReaction)"
"UNIPROT","P0CG48","UNIPROT","O60258","directed","Control(In: ACTIVATION of BiochemicalReaction)"
"UNIPROT","P0CG48","UNIPROT","P05230","directed","Control(In: ACTIVATION of BiochemicalReaction)"
"UNIPROT","P0CG48","UNIPROT","P08620","directed","Control(In: ACTIVATION of BiochemicalReaction)"
"UNIPROT","P0CG48","UNIPROT","P09038","directed","Control(In: ACTIVATION of BiochemicalReaction)"
"UNIPROT","P0CG48","UNIPROT","P10767","directed","Control(In: ACTIVATION of BiochemicalReaction)"
"UNIPROT","P0CG48","UNIPROT","P11362","directed","Control(In: ACTIVATION of BiochemicalReaction)"
"UNIPROT","P0CG48","UNIPROT","P11487","directed","Control(In: ACTIVATION of BiochemicalReaction)"
"UNIPROT","P0CG48","UNIPROT","P12034","directed","Control(In: ACTIVATION of BiochemicalReaction)"
"UNIPROT","P0CG48","UNIPROT","P22681","directed","Control(In: ACTIVATION of BiochemicalReaction)"
"UNIPROT","P0CG48","UNIPROT","P31371","directed","Control(In: ACTIVATION of BiochemicalReaction)"
"UNIPROT","P0CG48","UNIPROT","P55075","directed","Control(In: ACTIVATION of BiochemicalReaction)"
"UNIPROT","P0CG48","UNIPROT","P62993","directed","Control(In: ACTIVATION of BiochemicalReaction)"
"UNIPROT","P0CG48","UNIPROT","Q06124","directed","Control(In: ACTIVATION of BiochemicalReaction)"
"UNIPROT","P0CG48","UNIPROT","Q8WU20","directed","Control(In: ACTIVATION of BiochemicalReaction)"
"UNIPROT","P0CG48","UNIPROT","Q9GZV9","directed","Control(In: ACTIVATION of BiochemicalReaction)"
"UNIPROT","P0CG48","UNIPROT","Q9HCT0","directed","Control(In: ACTIVATION of BiochemicalReaction)"
"UNIPROT","P0CG48","UNIPROT","Q9NP95","directed","Control(In: ACTIVATION of BiochemicalReaction)"
"UNIPROT","P0CG48","UNIPROT","Q9UEF7","directed","Control(In: ACTIVATION of BiochemicalReaction)"
"UNIPROT","P10767","UNIPROT","P0CG47","directed","Control(Out: ACTIVATION of BiochemicalReaction)"
"UNIPROT","P10767","UNIPROT","P0CG47","undirected","Binding"
"UNIPROT","P10767","UNIPROT","P0CG48","directed","Control(Out: ACTIVATION of BiochemicalReaction)"
"UNIPROT","P10767","UNIPROT","P0CG48","undirected","Binding"
"UNIPROT","P10767","UNIPROT","P62979","directed","Control(Out: ACTIVATION of BiochemicalReaction)"
"UNIPROT","P10767","UNIPROT","P62979","undirected","Binding"
"UNIPROT","P10767","UNIPROT","P62987","directed","Control(Out: ACTIVATION of BiochemicalReaction)"
"UNIPROT","P10767","UNIPROT","P62987","undirected","Binding"
"UNIPROT","P10767","UNIPROT","Q8WU20","undirected","Binding"
"UNIPROT","P11362","UNIPROT","O60258","undirected","Binding"
"UNIPROT","P11362","UNIPROT","P08620","undirected","Binding"
"UNIPROT","P11362","UNIPROT","P0CG47","directed","Control(Out: ACTIVATION of BiochemicalReaction)"
"UNIPROT","P11362","UNIPROT","P0CG47","undirected","Binding"
"UNIPROT","P11362","UNIPROT","P0CG48","directed","Control(Out: ACTIVATION of BiochemicalReaction)"
"UNIPROT","P11362","UNIPROT","P0CG48","undirected","Binding"
"UNIPROT","P11362","UNIPROT","P10767","undirected","Binding"
"UNIPROT","P11362","UNIPROT","P12034","undirected","Binding"
"UNIPROT","P11362","UNIPROT","P23352","undirected","Binding"
"UNIPROT","P11362","UNIPROT","P31371","undirected","Binding"
"UNIPROT","P11362","UNIPROT","P55075","undirected","Binding"
"UNIPROT","P11362","UNIPROT","P62979","directed","Control(Out: ACTIVATION of BiochemicalReaction)"
"UNIPROT","P11362","UNIPROT","P62979","undirected","Binding"
"UNIPROT","P11362","UNIPROT","P62987","directed","Control(Out: ACTIVATION of BiochemicalReaction)"
"UNIPROT","P11362","UNIPROT","P62987","undirected","Binding"
"UNIPROT","P11362","UNIPROT","Q8WU20","undirected","Binding"
"UNIPROT","P11362","UNIPROT","Q9GZV9","undirected","Binding"
"UNIPROT","P11362","UNIPROT","Q9NP95","undirected","Binding"
"UNIPROT","P11362","UNIPROT","Q9UEF7","undirected","Binding"
"UNIPROT","P11487","UNIPROT","P0CG47","directed","Control(Out: ACTIVATION of BiochemicalReaction)"
"UNIPROT","P11487","UNIPROT","P0CG47","undirected","Binding"
"UNIPROT","P11487","UNIPROT","P0CG48","directed","Control(Out: ACTIVATION of BiochemicalReaction)"
"UNIPROT","P11487","UNIPROT","P0CG48","undirected","Binding"
"UNIPROT","P11487","UNIPROT","P11362","undirected","Binding"
"UNIPROT","P11487","UNIPROT","P62979","directed","Control(Out: ACTIVATION of BiochemicalReaction)"
"UNIPROT","P11487","UNIPROT","P62979","undirected","Binding"
"UNIPROT","P11487","UNIPROT","P62987","directed","Control(Out: ACTIVATION of BiochemicalReaction)"
"UNIPROT","P11487","UNIPROT","P62987","undirected","Binding"
"UNIPROT","P11487","UNIPROT","Q8WU20","undirected","Binding"
"UNIPROT","P12034","UNIPROT","P0CG47","directed","Control(Out: ACTIVATION of BiochemicalReaction)"
"UNIPROT","P12034","UNIPROT","P0CG47","undirected","Binding"
"UNIPROT","P12034","UNIPROT","P0CG48","directed","Control(Out: ACTIVATION of BiochemicalReaction)"
"UNIPROT","P12034","UNIPROT","P0CG48","undirected","Binding"
"UNIPROT","P12034","UNIPROT","P62979","directed","Control(Out: ACTIVATION of BiochemicalReaction)"
"UNIPROT","P12034","UNIPROT","P62979","undirected","Binding"
"UNIPROT","P12034","UNIPROT","P62987","directed","Control(Out: ACTIVATION of BiochemicalReaction)"
"UNIPROT","P12034","UNIPROT","P62987","undirected","Binding"
"UNIPROT","P12034","UNIPROT","Q8WU20","undirected","Binding"
"UNIPROT","P12931","UNIPROT","O43597","directed","Control(Out: ACTIVATION of BiochemicalReaction)"
"UNIPROT","P12931","UNIPROT","P30153","directed","Control(Out: ACTIVATION of BiochemicalReaction)"
"UNIPROT","P12931","UNIPROT","P62714","directed","Control(Out: ACTIVATION of BiochemicalReaction)"
"UNIPROT","P12931","UNIPROT","P67775","directed","Control(Out: ACTIVATION of BiochemicalReaction)"
"UNIPROT","P22681","UNIPROT","O15520","undirected","Binding"
"UNIPROT","P22681","UNIPROT","O43597","undirected","Binding"
"UNIPROT","P22681","UNIPROT","O60258","undirected","Binding"
"UNIPROT","P22681","UNIPROT","P05230","undirected","Binding"
"UNIPROT","P22681","UNIPROT","P08620","undirected","Binding"
"UNIPROT","P22681","UNIPROT","P09038","undirected","Binding"
"UNIPROT","P22681","UNIPROT","P0CG47","directed","Control(Out: ACTIVATION of BiochemicalReaction)"
"UNIPROT","P22681","UNIPROT","P0CG47","undirected","Binding"
"UNIPROT","P22681","UNIPROT","P0CG48","directed","Control(Out: ACTIVATION of BiochemicalReaction)"
"UNIPROT","P22681","UNIPROT","P0CG48","undirected","Binding"
"UNIPROT","P22681","UNIPROT","P10767","undirected","Binding"
"UNIPROT","P22681","UNIPROT","P11362","undirected","Binding"
"UNIPROT","P22681","UNIPROT","P11487","undirected","Binding"
"UNIPROT","P22681","UNIPROT","P12034","undirected","Binding"
"UNIPROT","P22681","UNIPROT","P31371","undirected","Binding"
"UNIPROT","P22681","UNIPROT","P55075","undirected","Binding"
"UNIPROT","P22681","UNIPROT","P62979","directed","Control(Out: ACTIVATION of BiochemicalReaction)"
"UNIPROT","P22681","UNIPROT","P62979","undirected","Binding"
"UNIPROT","P22681","UNIPROT","P62987","directed","Control(Out: ACTIVATION of BiochemicalReaction)"
"UNIPROT","P22681","UNIPROT","P62987","undirected","Binding"
"UNIPROT","P22681","UNIPROT","Q8WU20","undirected","Binding"
"UNIPROT","P22681","UNIPROT","Q9GZV9","undirected","Binding"
"UNIPROT","P22681","UNIPROT","Q9HCT0","undirected","Binding"
"UNIPROT","P22681","UNIPROT","Q9NP95","undirected","Binding"
"UNIPROT","P22681","UNIPROT","Q9UEF7","undirected","Binding"
"UNIPROT","P27361","UNIPROT","O15520","directed","Control(Out: ACTIVATION of BiochemicalReaction)"
"UNIPROT","P27361","UNIPROT","O43597","directed","Control(Out: ACTIVATION of BiochemicalReaction)"
"UNIPROT","P27361","UNIPROT","O60258","directed","Control(Out: ACTIVATION of BiochemicalReaction)"
"UNIPROT","P27361","UNIPROT","P05230","directed","Control(Out: ACTIVATION of BiochemicalReaction)"
"UNIPROT","P27361","UNIPROT","P08620","directed","Control(Out: ACTIVATION of BiochemicalReaction)"
"UNIPROT","P27361","UNIPROT","P09038","directed","Control(Out: ACTIVATION of BiochemicalReaction)"
"UNIPROT","P27361","UNIPROT","P10767","directed","Control(Out: ACTIVATION of BiochemicalReaction)"
"UNIPROT","P27361","UNIPROT","P11362","directed","Control(Out: ACTIVATION of BiochemicalReaction)"
"UNIPROT","P27361","UNIPROT","P11487","directed","Control(Out: ACTIVATION of BiochemicalReaction)"
"UNIPROT","P27361","UNIPROT","P12034","directed","Control(Out: ACTIVATION of BiochemicalReaction)"
"UNIPROT","P27361","UNIPROT","P15056","directed","Control(Out: ACTIVATION of BiochemicalReaction)"
"UNIPROT","P27361","UNIPROT","P31371","directed","Control(Out: ACTIVATION of BiochemicalReaction)"
"UNIPROT","P27361","UNIPROT","P55075","directed","Control(Out: ACTIVATION of BiochemicalReaction)"
"UNIPROT","P27361","UNIPROT","Q8WU20","directed","Control(Out: ACTIVATION of BiochemicalReaction)"
"UNIPROT","P27361","UNIPROT","Q9GZV9","directed","Control(Out: ACTIVATION of BiochemicalReaction)"
"UNIPROT","P27361","UNIPROT","Q9HCT0","directed","Control(Out: ACTIVATION of BiochemicalReaction)"
"UNIPROT","P27361","UNIPROT","Q9NP95","directed","Control(Out: ACTIVATION of BiochemicalReaction)"
"UNIPROT","P27361","UNIPROT","Q9UEF7","directed","Control(Out: ACTIVATION of BiochemicalReaction)"
"UNIPROT","P28482","UNIPROT","O15520","directed","Control(Out: ACTIVATION of BiochemicalReaction)"
"UNIPROT","P28482","UNIPROT","O43597","directed","Control(Out: ACTIVATION of BiochemicalReaction)"
"UNIPROT","P28482","UNIPROT","O60258","directed","Control(Out: ACTIVATION of BiochemicalReaction)"
"UNIPROT","P28482","UNIPROT","P05230","directed","Control(Out: ACTIVATION of BiochemicalReaction)"
"UNIPROT","P28482","UNIPROT","P08620","directed","Control(Out: ACTIVATION of BiochemicalReaction)"
"UNIPROT","P28482","UNIPROT","P09038","directed","Control(Out: ACTIVATION of BiochemicalReaction)"
"UNIPROT","P28482","UNIPROT","P10767","directed","Control(Out: ACTIVATION of BiochemicalReaction)"
"UNIPROT","P28482","UNIPROT","P11362","directed","Control(Out: ACTIVATION of BiochemicalReaction)"
"UNIPROT","P28482","UNIPROT","P11487","directed","Control(Out: ACTIVATION of BiochemicalReaction)"
"UNIPROT","P28482","UNIPROT","P12034","directed","Control(Out: ACTIVATION of BiochemicalReaction)"
"UNIPROT","P28482","UNIPROT","P15056","directed","Control(Out: ACTIVATION of BiochemicalReaction)"
"UNIPROT","P28482","UNIPROT","P31371","directed","Control(Out: ACTIVATION of BiochemicalReaction)"
"UNIPROT","P28482","UNIPROT","P55075","directed","Control(Out: ACTIVATION of BiochemicalReaction)"
"UNIPROT","P28482","UNIPROT","Q8WU20","directed","Control(Out: ACTIVATION of BiochemicalReaction)"
"UNIPROT","P28482","UNIPROT","Q9GZV9","directed","Control(Out: ACTIVATION of BiochemicalReaction)"
"UNIPROT","P28482","UNIPROT","Q9HCT0","directed","Control(Out: ACTIVATION of BiochemicalReaction)"
"UNIPROT","P28482","UNIPROT","Q9NP95","directed","Control(Out: ACTIVATION of BiochemicalReaction)"
"UNIPROT","P28482","UNIPROT","Q9UEF7","directed","Control(Out: ACTIVATION of BiochemicalReaction)"
"UNIPROT","P31371","UNIPROT","P0CG47","directed","Control(Out: ACTIVATION of BiochemicalReaction)"
"UNIPROT","P31371","UNIPROT","P0CG47","undirected","Binding"
"UNIPROT","P31371","UNIPROT","P0CG48","directed","Control(Out: ACTIVATION of BiochemicalReaction)"
"UNIPROT","P31371","UNIPROT","P0CG48","undirected","Binding"
"UNIPROT","P31371","UNIPROT","P62979","directed","Control(Out: ACTIVATION of BiochemicalReaction)"
"UNIPROT","P31371","UNIPROT","P62979","undirected","Binding"
"UNIPROT","P31371","UNIPROT","P62987","directed","Control(Out: ACTIVATION of BiochemicalReaction)"
"UNIPROT","P31371","UNIPROT","P62987","undirected","Binding"
"UNIPROT","P31371","UNIPROT","Q8WU20","undirected","Binding"
"UNIPROT","P55075","UNIPROT","P0CG47","directed","Control(Out: ACTIVATION of BiochemicalReaction)"
"UNIPROT","P55075","UNIPROT","P0CG47","undirected","Binding"
"UNIPROT","P55075","UNIPROT","P0CG48","directed","Control(Out: ACTIVATION of BiochemicalReaction)"
"UNIPROT","P55075","UNIPROT","P0CG48","undirected","Binding"
"UNIPROT","P55075","UNIPROT","P62979","directed","Control(Out: ACTIVATION of BiochemicalReaction)"
"UNIPROT","P55075","UNIPROT","P62979","undirected","Binding"
"UNIPROT","P55075","UNIPROT","P62987","directed","Control(Out: ACTIVATION of BiochemicalReaction)"
"UNIPROT","P55075","UNIPROT","P62987","undirected","Binding"
"UNIPROT","P55075","UNIPROT","Q8WU20","undirected","Binding"
"UNIPROT","P62714","UNIPROT","P30153","undirected","Binding"
"UNIPROT","P62979","UNIPROT","O15520","directed","Control(In: ACTIVATION of BiochemicalReaction)"
"UNIPROT","P62979","UNIPROT","O43597","directed","Control(In: ACTIVATION of BiochemicalReaction)"
"UNIPROT","P62979","UNIPROT","O60258","directed","Control(In: ACTIVATION of BiochemicalReaction)"
"UNIPROT","P62979","UNIPROT","P05230","directed","Control(In: ACTIVATION of BiochemicalReaction)"
"UNIPROT","P62979","UNIPROT","P08620","directed","Control(In: ACTIVATION of BiochemicalReaction)"
"UNIPROT","P62979","UNIPROT","P09038","directed","Control(In: ACTIVATION of BiochemicalReaction)"
"UNIPROT","P62979","UNIPROT","P10767","directed","Control(In: ACTIVATION of BiochemicalReaction)"
"UNIPROT","P62979","UNIPROT","P11362","directed","Control(In: ACTIVATION of BiochemicalReaction)"
"UNIPROT","P62979","UNIPROT","P11487","directed","Control(In: ACTIVATION of BiochemicalReaction)"
"UNIPROT","P62979","UNIPROT","P12034","directed","Control(In: ACTIVATION of BiochemicalReaction)"
"UNIPROT","P62979","UNIPROT","P22681","directed","Control(In: ACTIVATION of BiochemicalReaction)"
"UNIPROT","P62979","UNIPROT","P31371","directed","Control(In: ACTIVATION of BiochemicalReaction)"
"UNIPROT","P62979","UNIPROT","P55075","directed","Control(In: ACTIVATION of BiochemicalReaction)"
"UNIPROT","P62979","UNIPROT","P62993","directed","Control(In: ACTIVATION of BiochemicalReaction)"
"UNIPROT","P62979","UNIPROT","Q06124","directed","Control(In: ACTIVATION of BiochemicalReaction)"
"UNIPROT","P62979","UNIPROT","Q8WU20","directed","Control(In: ACTIVATION of BiochemicalReaction)"
"UNIPROT","P62979","UNIPROT","Q9GZV9","directed","Control(In: ACTIVATION of BiochemicalReaction)"
"UNIPROT","P62979","UNIPROT","Q9HCT0","directed","Control(In: ACTIVATION of BiochemicalReaction)"
"UNIPROT","P62979","UNIPROT","Q9NP95","directed","Control(In: ACTIVATION of BiochemicalReaction)"
"UNIPROT","P62979","UNIPROT","Q9UEF7","directed","Control(In: ACTIVATION of BiochemicalReaction)"
"UNIPROT","P62987","UNIPROT","O15520","directed","Control(In: ACTIVATION of BiochemicalReaction)"
"UNIPROT","P62987","UNIPROT","O43597","directed","Control(In: ACTIVATION of BiochemicalReaction)"
"UNIPROT","P62987","UNIPROT","O60258","directed","Control(In: ACTIVATION of BiochemicalReaction)"
"UNIPROT","P62987","UNIPROT","P05230","directed","Control(In: ACTIVATION of BiochemicalReaction)"
"UNIPROT","P62987","UNIPROT","P08620","directed","Control(In: ACTIVATION of BiochemicalReaction)"
"UNIPROT","P62987","UNIPROT","P09038","directed","Control(In: ACTIVATION of BiochemicalReaction)"
"UNIPROT","P62987","UNIPROT","P10767","directed","Control(In: ACTIVATION of BiochemicalReaction)"
"UNIPROT","P62987","UNIPROT","P11362","directed","Control(In: ACTIVATION of BiochemicalReaction)"
"UNIPROT","P62987","UNIPROT","P11487","directed","Control(In: ACTIVATION of BiochemicalReaction)"
"UNIPROT","P62987","UNIPROT","P12034","directed","Control(In: ACTIVATION of BiochemicalReaction)"
"UNIPROT","P62987","UNIPROT","P22681","directed","Control(In: ACTIVATION of BiochemicalReaction)"
"UNIPROT","P62987","UNIPROT","P31371","directed","Control(In: ACTIVATION of BiochemicalReaction)"
"UNIPROT","P62987","UNIPROT","P55075","directed","Control(In: ACTIVATION of BiochemicalReaction)"
"UNIPROT","P62987","UNIPROT","P62993","directed","Control(In: ACTIVATION of BiochemicalReaction)"
"UNIPROT","P62987","UNIPROT","Q06124","directed","Control(In: ACTIVATION of BiochemicalReaction)"
"UNIPROT","P62987","UNIPROT","Q8WU20","directed","Control(In: ACTIVATION of BiochemicalReaction)"
"UNIPROT","P62987","UNIPROT","Q9GZV9","directed","Control(In: ACTIVATION of BiochemicalReaction)"
"UNIPROT","P62987","UNIPROT","Q9HCT0","directed","Control(In: ACTIVATION of BiochemicalReaction)"
"UNIPROT","P62987","UNIPROT","Q9NP95","directed","Control(In: ACTIVATION of BiochemicalReaction)"
"UNIPROT","P62987","UNIPROT","Q9UEF7","directed","Control(In: ACTIVATION of BiochemicalReaction)"
"UNIPROT","P62993","UNIPROT","O15520","undirected","Binding"
"UNIPROT","P62993","UNIPROT","O43597","undirected","Binding"
"UNIPROT","P62993","UNIPROT","O60258","undirected","Binding"
"UNIPROT","P62993","UNIPROT","P05230","undirected","Binding"
"UNIPROT","P62993","UNIPROT","P08620","undirected","Binding"
"UNIPROT","P62993","UNIPROT","P09038","undirected","Binding"
"UNIPROT","P62993","UNIPROT","P0CG47","directed","Control(Out: ACTIVATION of BiochemicalReaction)"
"UNIPROT","P62993","UNIPROT","P0CG47","undirected","Binding"
"UNIPROT","P62993","UNIPROT","P0CG48","directed","Control(Out: ACTIVATION of BiochemicalReaction)"
"UNIPROT","P62993","UNIPROT","P0CG48","undirected","Binding"
"UNIPROT","P62993","UNIPROT","P10767","undirected","Binding"
"UNIPROT","P62993","UNIPROT","P11362","undirected","Binding"
"UNIPROT","P62993","UNIPROT","P11487","undirected","Binding"
"UNIPROT","P62993","UNIPROT","P12034","undirected","Binding"
"UNIPROT","P62993","UNIPROT","P22681","undirected","Binding"
"UNIPROT","P62993","UNIPROT","P30153","undirected","Binding"
"UNIPROT","P62993","UNIPROT","P31371","undirected","Binding"
"UNIPROT","P62993","UNIPROT","P55075","undirected","Binding"
"UNIPROT","P62993","UNIPROT","P62714","undirected","Binding"
"UNIPROT","P62993","UNIPROT","P62979","directed","Control(Out: ACTIVATION of BiochemicalReaction)"
"UNIPROT","P62993","UNIPROT","P62979","undirected","Binding"
"UNIPROT","P62993","UNIPROT","P62987","directed","Control(Out: ACTIVATION of BiochemicalReaction)"
"UNIPROT","P62993","UNIPROT","P62987","undirected","Binding"
"UNIPROT","P62993","UNIPROT","P67775","undirected","Binding"
"UNIPROT","P62993","UNIPROT","Q06124","directed","Control(In: ACTIVATION of BiochemicalReaction)"
"UNIPROT","P62993","UNIPROT","Q06124","undirected","Binding"
"UNIPROT","P62993","UNIPROT","Q8WU20","undirected","Binding"
"UNIPROT","P62993","UNIPROT","Q9GZV9","undirected","Binding"
"UNIPROT","P62993","UNIPROT","Q9HCT0","undirected","Binding"
"UNIPROT","P62993","UNIPROT","Q9NP95","undirected","Binding"
"UNIPROT","P62993","UNIPROT","Q9UEF7","undirected","Binding"
"UNIPROT","P67775","UNIPROT","P30153","undirected","Binding"
"UNIPROT","Q06124","UNIPROT","O15520","undirected","Binding"
"UNIPROT","Q06124","UNIPROT","O43597","directed","Control(Out: ACTIVATION of BiochemicalReaction)"
"UNIPROT","Q06124","UNIPROT","O60258","undirected","Binding"
"UNIPROT","Q06124","UNIPROT","P05230","undirected","Binding"
"UNIPROT","Q06124","UNIPROT","P08620","undirected","Binding"
"UNIPROT","Q06124","UNIPROT","P09038","undirected","Binding"
"UNIPROT","Q06124","UNIPROT","P0CG47","directed","Control(Out: ACTIVATION of BiochemicalReaction)"
"UNIPROT","Q06124","UNIPROT","P0CG47","undirected","Binding"
"UNIPROT","Q06124","UNIPROT","P0CG48","directed","Control(Out: ACTIVATION of BiochemicalReaction)"
"UNIPROT","Q06124","UNIPROT","P0CG48","undirected","Binding"
"UNIPROT","Q06124","UNIPROT","P10767","undirected","Binding"
"UNIPROT","Q06124","UNIPROT","P11362","undirected","Binding"
"UNIPROT","Q06124","UNIPROT","P11487","undirected","Binding"
"UNIPROT","Q06124","UNIPROT","P12034","undirected","Binding"
"UNIPROT","Q06124","UNIPROT","P22681","undirected","Binding"
"UNIPROT","Q06124","UNIPROT","P30153","directed","Control(Out: ACTIVATION of BiochemicalReaction)"
"UNIPROT","Q06124","UNIPROT","P31371","undirected","Binding"
"UNIPROT","Q06124","UNIPROT","P55075","undirected","Binding"
"UNIPROT","Q06124","UNIPROT","P62714","directed","Control(Out: ACTIVATION of BiochemicalReaction)"
"UNIPROT","Q06124","UNIPROT","P62979","directed","Control(Out: ACTIVATION of BiochemicalReaction)"
"UNIPROT","Q06124","UNIPROT","P62979","undirected","Binding"
"UNIPROT","Q06124","UNIPROT","P62987","directed","Control(Out: ACTIVATION of BiochemicalReaction)"
"UNIPROT","Q06124","UNIPROT","P62987","undirected","Binding"
"UNIPROT","Q06124","UNIPROT","P62993","directed","Control(Out: ACTIVATION of BiochemicalReaction)"
"UNIPROT","Q06124","UNIPROT","P67775","directed","Control(Out: ACTIVATION of BiochemicalReaction)"
"UNIPROT","Q06124","UNIPROT","Q8WU20","undirected","Binding"
"UNIPROT","Q06124","UNIPROT","Q9GZV9","undirected","Binding"
"UNIPROT","Q06124","UNIPROT","Q9HCT0","undirected","Binding"
"UNIPROT","Q06124","UNIPROT","Q9NP95","undirected","Binding"
"UNIPROT","Q06124","UNIPROT","Q9UEF7","undirected","Binding"
"UNIPROT","Q8WU20","UNIPROT","P0CG47","directed","Control(Out: ACTIVATION of BiochemicalReaction)"
"UNIPROT","Q8WU20","UNIPROT","P0CG47","undirected","Binding"
"UNIPROT","Q8WU20","UNIPROT","P0CG48","directed","Control(Out: ACTIVATION of BiochemicalReaction)"
"UNIPROT","Q8WU20","UNIPROT","P0CG48","undirected","Binding"
"UNIPROT","Q8WU20","UNIPROT","P62979","directed","Control(Out: ACTIVATION of BiochemicalReaction)"
"UNIPROT","Q8WU20","UNIPROT","P62979","undirected","Binding"
"UNIPROT","Q8WU20","UNIPROT","P62987","directed","Control(Out: ACTIVATION of BiochemicalReaction)"
"UNIPROT","Q8WU20","UNIPROT","P62987","undirected","Binding"
"UNIPROT","Q9BUB5","UNIPROT","O43597","directed","Control(Out: ACTIVATION of BiochemicalReaction)"
"UNIPROT","Q9BUB5","UNIPROT","P30153","directed","Control(Out: ACTIVATION of BiochemicalReaction)"
"UNIPROT","Q9BUB5","UNIPROT","P62714","directed","Control(Out: ACTIVATION of BiochemicalReaction)"
"UNIPROT","Q9BUB5","UNIPROT","P67775","directed","Control(Out: ACTIVATION of BiochemicalReaction)"
"UNIPROT","Q9GZV9","UNIPROT","P0CG47","directed","Control(Out: ACTIVATION of BiochemicalReaction)"
"UNIPROT","Q9GZV9","UNIPROT","P0CG47","undirected","Binding"
"UNIPROT","Q9GZV9","UNIPROT","P0CG48","directed","Control(Out: ACTIVATION of BiochemicalReaction)"
"UNIPROT","Q9GZV9","UNIPROT","P0CG48","undirected","Binding"
"UNIPROT","Q9GZV9","UNIPROT","P62979","directed","Control(Out: ACTIVATION of BiochemicalReaction)"
"UNIPROT","Q9GZV9","UNIPROT","P62979","undirected","Binding"
"UNIPROT","Q9GZV9","UNIPROT","P62987","directed","Control(Out: ACTIVATION of BiochemicalReaction)"
"UNIPROT","Q9GZV9","UNIPROT","P62987","undirected","Binding"
"UNIPROT","Q9GZV9","UNIPROT","Q8WU20","undirected","Binding"
"UNIPROT","Q9GZV9","UNIPROT","Q9UEF7","undirected","Binding"
"UNIPROT","Q9HCT0","UNIPROT","P0CG47","directed","Control(Out: ACTIVATION of BiochemicalReaction)"
"UNIPROT","Q9HCT0","UNIPROT","P0CG47","undirected","Binding"
"UNIPROT","Q9HCT0","UNIPROT","P0CG48","directed","Control(Out: ACTIVATION of BiochemicalReaction)"
"UNIPROT","Q9HCT0","UNIPROT","P0CG48","undirected","Binding"
"UNIPROT","Q9HCT0","UNIPROT","P11362","undirected","Binding"
"UNIPROT","Q9HCT0","UNIPROT","P62979","directed","Control(Out: ACTIVATION of BiochemicalReaction)"
"UNIPROT","Q9HCT0","UNIPROT","P62979","undirected","Binding"
"UNIPROT","Q9HCT0","UNIPROT","P62987","directed","Control(Out: ACTIVATION of BiochemicalReaction)"
"UNIPROT","Q9HCT0","UNIPROT","P62987","undirected","Binding"
"UNIPROT","Q9HCT0","UNIPROT","Q8WU20","undirected","Binding"
"UNIPROT","Q9NP95","UNIPROT","P0CG47","directed","Control(Out: ACTIVATION of BiochemicalReaction)"
"UNIPROT","Q9NP95","UNIPROT","P0CG47","undirected","Binding"
"UNIPROT","Q9NP95","UNIPROT","P0CG48","directed","Control(Out: ACTIVATION of BiochemicalReaction)"
"UNIPROT","Q9NP95","UNIPROT","P0CG48","undirected","Binding"
"UNIPROT","Q9NP95","UNIPROT","P62979","directed","Control(Out: ACTIVATION of BiochemicalReaction)"
"UNIPROT","Q9NP95","UNIPROT","P62979","undirected","Binding"
"UNIPROT","Q9NP95","UNIPROT","P62987","directed","Control(Out: ACTIVATION of BiochemicalReaction)"
"UNIPROT","Q9NP95","UNIPROT","P62987","undirected","Binding"
"UNIPROT","Q9NP95","UNIPROT","Q8WU20","undirected","Binding"
"UNIPROT","Q9UEF7","UNIPROT","P0CG47","directed","Control(Out: ACTIVATION of BiochemicalReaction)"
"UNIPROT","Q9UEF7","UNIPROT","P0CG47","undirected","Binding"
"UNIPROT","Q9UEF7","UNIPROT","P0CG48","directed","Control(Out: ACTIVATION of BiochemicalReaction)"
"UNIPROT","Q9UEF7","UNIPROT","P0CG48","undirected","Binding"
"UNIPROT","Q9UEF7","UNIPROT","P62979","directed","Control(Out: ACTIVATION of BiochemicalReaction)"
"UNIPROT","Q9UEF7","UNIPROT","P62979","undirected","Binding"
"UNIPROT","Q9UEF7","UNIPROT","P62987","directed","Control(Out: ACTIVATION of BiochemicalReaction)"
"UNIPROT","Q9UEF7","UNIPROT","P62987","undirected","Binding"
"UNIPROT","Q9UEF7","UNIPROT","Q8WU20","undirected","Binding"
