"src_type","src","dest_type","dest","direction","type"
"UNIPROT","O14511","UNIPROT","P04626","undirected","Binding"
"UNIPROT","O14511","UNIPROT","P21860","undirected","Binding"
"UNIPROT","P21860","UNIPROT","P04626","undirected","Binding"
"UNIPROT","Q02297","UNIPROT","P04626","undirected","Binding"
"UNIPROT","Q02297","UNIPROT","P21860","undirected","Binding"
"UNIPROT","Q14451","UNIPROT","O14511","undirected","Binding"
"UNIPROT","Q14451","UNIPROT","P04626","undirected","Binding"
"UNIPROT","Q14451","UNIPROT","P21860","undirected","Binding"
"UNIPROT","Q14451","UNIPROT","Q02297","undirected","Binding"
