"src_type","src","dest_type","dest","direction","type"
"UNIPROT","P19174","UNIPROT","P22455","undirected","Binding"
"UNIPROT","P22455","UNIPROT","P01111","directed","Control(Out: ACTIVATION of BiochemicalReaction)"
"UNIPROT","P22455","UNIPROT","P01112","directed","Control(Out: ACTIVATION of BiochemicalReaction)"
"UNIPROT","P22455","UNIPROT","P01116","directed","Control(Out: ACTIVATION of BiochemicalReaction)"
"UNIPROT","P27986","UNIPROT","P22455","undirected","Binding"
"UNIPROT","P27986","UNIPROT","Q8WU20","undirected","Binding"
"UNIPROT","P42336","UNIPROT","P22455","undirected","Binding"
"UNIPROT","P42336","UNIPROT","P27986","undirected","Binding"
"UNIPROT","P42336","UNIPROT","Q8WU20","undirected","Binding"
"UNIPROT","P62993","UNIPROT","P01111","directed","Control(Out: ACTIVATION of BiochemicalReaction)"
"UNIPROT","P62993","UNIPROT","P01112","directed","Control(Out: ACTIVATION of BiochemicalReaction)"
"UNIPROT","P62993","UNIPROT","P01116","directed","Control(Out: ACTIVATION of BiochemicalReaction)"
"UNIPROT","P62993","UNIPROT","P22455","undirected","Binding"
"UNIPROT","P62993","UNIPROT","P27986","undirected","Binding"
"UNIPROT","P62993","UNIPROT","P42336","undirected","Binding"
"UNIPROT","P62993","UNIPROT","Q07889","undirected","Binding"
"UNIPROT","P62993","UNIPROT","Q13480","undirected","Binding"
"UNIPROT","P62993","UNIPROT","Q8WU20","undirected","Binding"
"UNIPROT","Q07889","UNIPROT","P01111","directed","Control(Out: ACTIVATION of BiochemicalReaction)"
"UNIPROT","Q07889","UNIPROT","P01112","directed","Control(Out: ACTIVATION of BiochemicalReaction)"
"UNIPROT","Q07889","UNIPROT","P01116","directed","Control(Out: ACTIVATION of BiochemicalReaction)"
"UNIPROT","Q07889","UNIPROT","P22455","undirected","Binding"
"UNIPROT","Q07889","UNIPROT","Q8WU20","undirected","Binding"
"UNIPROT","Q13480","UNIPROT","P22455","undirected","Binding"
"UNIPROT","Q13480","UNIPROT","P27986","undirected","Binding"
"UNIPROT","Q13480","UNIPROT","P42336","undirected","Binding"
"UNIPROT","Q13480","UNIPROT","Q8WU20","undirected","Binding"
"UNIPROT","Q8WU20","UNIPROT","P01111","directed","Control(Out: ACTIVATION of BiochemicalReaction)"
"UNIPROT","Q8WU20","UNIPROT","P01112","directed","Control(Out: ACTIVATION of BiochemicalReaction)"
"UNIPROT","Q8WU20","UNIPROT","P01116","directed","Control(Out: ACTIVATION of BiochemicalReaction)"
"UNIPROT","Q8WU20","UNIPROT","P22455","undirected","Binding"
