"src_type","src","dest_type","dest","direction","type"
"UNIPROT","O60258","UNIPROT","P01111","directed","Control(Out: ACTIVATION of BiochemicalReaction)"
"UNIPROT","O60258","UNIPROT","P01112","directed","Control(Out: ACTIVATION of BiochemicalReaction)"
"UNIPROT","O60258","UNIPROT","P01116","directed","Control(Out: ACTIVATION of BiochemicalReaction)"
"UNIPROT","O60258","UNIPROT","Q8WU20","undirected","Binding"
"UNIPROT","O94905","UNIPROT","P01111","directed","Control(Out: ACTIVATION of BiochemicalReaction)"
"UNIPROT","O94905","UNIPROT","P01112","directed","Control(Out: ACTIVATION of BiochemicalReaction)"
"UNIPROT","O94905","UNIPROT","P01116","directed","Control(Out: ACTIVATION of BiochemicalReaction)"
"UNIPROT","O95429","UNIPROT","P01111","directed","Control(Out: ACTIVATION of BiochemicalReaction)"
"UNIPROT","O95429","UNIPROT","P01112","directed","Control(Out: ACTIVATION of BiochemicalReaction)"
"UNIPROT","O95429","UNIPROT","P01116","directed","Control(Out: ACTIVATION of BiochemicalReaction)"
"UNIPROT","O95684","UNIPROT","P40763","directed","Control(Out: ACTIVATION of BiochemicalReaction)"
"UNIPROT","O95684","UNIPROT","P42224","directed","Control(Out: ACTIVATION of BiochemicalReaction)"
"UNIPROT","P05230","UNIPROT","P01111","directed","Control(Out: ACTIVATION of BiochemicalReaction)"
"UNIPROT","P05230","UNIPROT","P01112","directed","Control(Out: ACTIVATION of BiochemicalReaction)"
"UNIPROT","P05230","UNIPROT","P01116","directed","Control(Out: ACTIVATION of BiochemicalReaction)"
"UNIPROT","P05230","UNIPROT","P11362","undirected","Binding"
"UNIPROT","P05230","UNIPROT","Q8WU20","undirected","Binding"
"UNIPROT","P08620","UNIPROT","P01111","directed","Control(Out: ACTIVATION of BiochemicalReaction)"
"UNIPROT","P08620","UNIPROT","P01112","directed","Control(Out: ACTIVATION of BiochemicalReaction)"
"UNIPROT","P08620","UNIPROT","P01116","directed","Control(Out: ACTIVATION of BiochemicalReaction)"
"UNIPROT","P08620","UNIPROT","Q8WU20","undirected","Binding"
"UNIPROT","P09038","UNIPROT","P01111","directed","Control(Out: ACTIVATION of BiochemicalReaction)"
"UNIPROT","P09038","UNIPROT","P01112","directed","Control(Out: ACTIVATION of BiochemicalReaction)"
"UNIPROT","P09038","UNIPROT","P01116","directed","Control(Out: ACTIVATION of BiochemicalReaction)"
"UNIPROT","P09038","UNIPROT","P11362","undirected","Binding"
"UNIPROT","P09038","UNIPROT","Q8WU20","undirected","Binding"
"UNIPROT","P10767","UNIPROT","P01111","directed","Control(Out: ACTIVATION of BiochemicalReaction)"
"UNIPROT","P10767","UNIPROT","P01112","directed","Control(Out: ACTIVATION of BiochemicalReaction)"
"UNIPROT","P10767","UNIPROT","P01116","directed","Control(Out: ACTIVATION of BiochemicalReaction)"
"UNIPROT","P10767","UNIPROT","Q8WU20","undirected","Binding"
"UNIPROT","P11274","UNIPROT","P42229","directed","Control(Out: ACTIVATION of BiochemicalReaction)"
"UNIPROT","P11274","UNIPROT","P51692","directed","Control(Out: ACTIVATION of BiochemicalReaction)"
"UNIPROT","P11362","UNIPROT","O60258","undirected","Binding"
"UNIPROT","P11362","UNIPROT","P01111","directed","Control(Out: ACTIVATION of BiochemicalReaction)"
"UNIPROT","P11362","UNIPROT","P01112","directed","Control(Out: ACTIVATION of BiochemicalReaction)"
"UNIPROT","P11362","UNIPROT","P01116","directed","Control(Out: ACTIVATION of BiochemicalReaction)"
"UNIPROT","P11362","UNIPROT","P08620","undirected","Binding"
"UNIPROT","P11362","UNIPROT","P10767","undirected","Binding"
"UNIPROT","P11362","UNIPROT","P12034","undirected","Binding"
"UNIPROT","P11362","UNIPROT","P31371","undirected","Binding"
"UNIPROT","P11362","UNIPROT","P55075","undirected","Binding"
"UNIPROT","P11362","UNIPROT","Q8WU20","undirected","Binding"
"UNIPROT","P11362","UNIPROT","Q9GZV9","undirected","Binding"
"UNIPROT","P11362","UNIPROT","Q9NP95","undirected","Binding"
"UNIPROT","P12034","UNIPROT","P01111","directed","Control(Out: ACTIVATION of BiochemicalReaction)"
"UNIPROT","P12034","UNIPROT","P01112","directed","Control(Out: ACTIVATION of BiochemicalReaction)"
"UNIPROT","P12034","UNIPROT","P01116","directed","Control(Out: ACTIVATION of BiochemicalReaction)"
"UNIPROT","P12034","UNIPROT","Q8WU20","undirected","Binding"
"UNIPROT","P19174","UNIPROT","O15164","undirected","Binding"
"UNIPROT","P19174","UNIPROT","O60258","undirected","Binding"
"UNIPROT","P19174","UNIPROT","O94905","undirected","Binding"
"UNIPROT","P19174","UNIPROT","O95429","undirected","Binding"
"UNIPROT","P19174","UNIPROT","O95684","undirected","Binding"
"UNIPROT","P19174","UNIPROT","P05230","undirected","Binding"
"UNIPROT","P19174","UNIPROT","P08620","undirected","Binding"
"UNIPROT","P19174","UNIPROT","P09038","undirected","Binding"
"UNIPROT","P19174","UNIPROT","P10767","undirected","Binding"
"UNIPROT","P19174","UNIPROT","P11274","undirected","Binding"
"UNIPROT","P19174","UNIPROT","P11362","undirected","Binding"
"UNIPROT","P19174","UNIPROT","P12034","undirected","Binding"
"UNIPROT","P19174","UNIPROT","P31371","undirected","Binding"
"UNIPROT","P19174","UNIPROT","P39880","undirected","Binding"
"UNIPROT","P19174","UNIPROT","P55075","undirected","Binding"
"UNIPROT","P19174","UNIPROT","Q16630","undirected","Binding"
"UNIPROT","P19174","UNIPROT","Q32MZ4","undirected","Binding"
"UNIPROT","P19174","UNIPROT","Q7Z7A1","undirected","Binding"
"UNIPROT","P19174","UNIPROT","Q92614","undirected","Binding"
"UNIPROT","P19174","UNIPROT","Q9GZV9","undirected","Binding"
"UNIPROT","P19174","UNIPROT","Q9NP95","undirected","Binding"
"UNIPROT","P19174","UNIPROT","Q9NVK5","undirected","Binding"
"UNIPROT","P19174","UNIPROT","Q9UBW7","undirected","Binding"
"UNIPROT","P27986","UNIPROT","O15164","undirected","Binding"
"UNIPROT","P27986","UNIPROT","O60258","undirected","Binding"
"UNIPROT","P27986","UNIPROT","O94905","undirected","Binding"
"UNIPROT","P27986","UNIPROT","O95429","undirected","Binding"
"UNIPROT","P27986","UNIPROT","O95684","undirected","Binding"
"UNIPROT","P27986","UNIPROT","P05230","undirected","Binding"
"UNIPROT","P27986","UNIPROT","P08620","undirected","Binding"
"UNIPROT","P27986","UNIPROT","P09038","undirected","Binding"
"UNIPROT","P27986","UNIPROT","P10767","undirected","Binding"
"UNIPROT","P27986","UNIPROT","P11274","undirected","Binding"
"UNIPROT","P27986","UNIPROT","P11362","undirected","Binding"
"UNIPROT","P27986","UNIPROT","P12034","undirected","Binding"
"UNIPROT","P27986","UNIPROT","P31371","undirected","Binding"
"UNIPROT","P27986","UNIPROT","P39880","undirected","Binding"
"UNIPROT","P27986","UNIPROT","P55075","undirected","Binding"
"UNIPROT","P27986","UNIPROT","Q16630","undirected","Binding"
"UNIPROT","P27986","UNIPROT","Q32MZ4","undirected","Binding"
"UNIPROT","P27986","UNIPROT","Q7Z7A1","undirected","Binding"
"UNIPROT","P27986","UNIPROT","Q8WU20","undirected","Binding"
"UNIPROT","P27986","UNIPROT","Q92614","undirected","Binding"
"UNIPROT","P27986","UNIPROT","Q9GZV9","undirected","Binding"
"UNIPROT","P27986","UNIPROT","Q9NP95","undirected","Binding"
"UNIPROT","P27986","UNIPROT","Q9NVK5","undirected","Binding"
"UNIPROT","P27986","UNIPROT","Q9UBW7","undirected","Binding"
"UNIPROT","P27986","UNIPROT","Q9UQC2","undirected","Binding"
"UNIPROT","P31371","UNIPROT","P01111","directed","Control(Out: ACTIVATION of BiochemicalReaction)"
"UNIPROT","P31371","UNIPROT","P01112","directed","Control(Out: ACTIVATION of BiochemicalReaction)"
"UNIPROT","P31371","UNIPROT","P01116","directed","Control(Out: ACTIVATION of BiochemicalReaction)"
"UNIPROT","P31371","UNIPROT","Q8WU20","undirected","Binding"
"UNIPROT","P39880","UNIPROT","P42229","directed","Control(Out: ACTIVATION of BiochemicalReaction)"
"UNIPROT","P39880","UNIPROT","P51692","directed","Control(Out: ACTIVATION of BiochemicalReaction)"
"UNIPROT","P42336","UNIPROT","O15164","undirected","Binding"
"UNIPROT","P42336","UNIPROT","O60258","undirected","Binding"
"UNIPROT","P42336","UNIPROT","O94905","undirected","Binding"
"UNIPROT","P42336","UNIPROT","O95429","undirected","Binding"
"UNIPROT","P42336","UNIPROT","O95684","undirected","Binding"
"UNIPROT","P42336","UNIPROT","P05230","undirected","Binding"
"UNIPROT","P42336","UNIPROT","P08620","undirected","Binding"
"UNIPROT","P42336","UNIPROT","P09038","undirected","Binding"
"UNIPROT","P42336","UNIPROT","P10767","undirected","Binding"
"UNIPROT","P42336","UNIPROT","P11274","undirected","Binding"
"UNIPROT","P42336","UNIPROT","P11362","undirected","Binding"
"UNIPROT","P42336","UNIPROT","P12034","undirected","Binding"
"UNIPROT","P42336","UNIPROT","P27986","undirected","Binding"
"UNIPROT","P42336","UNIPROT","P31371","undirected","Binding"
"UNIPROT","P42336","UNIPROT","P39880","undirected","Binding"
"UNIPROT","P42336","UNIPROT","P55075","undirected","Binding"
"UNIPROT","P42336","UNIPROT","Q16630","undirected","Binding"
"UNIPROT","P42336","UNIPROT","Q32MZ4","undirected","Binding"
"UNIPROT","P42336","UNIPROT","Q7Z7A1","undirected","Binding"
"UNIPROT","P42336","UNIPROT","Q8WU20","undirected","Binding"
"UNIPROT","P42336","UNIPROT","Q92614","undirected","Binding"
"UNIPROT","P42336","UNIPROT","Q9GZV9","undirected","Binding"
"UNIPROT","P42336","UNIPROT","Q9NP95","undirected","Binding"
"UNIPROT","P42336","UNIPROT","Q9NVK5","undirected","Binding"
"UNIPROT","P42336","UNIPROT","Q9UBW7","undirected","Binding"
"UNIPROT","P42336","UNIPROT","Q9UQC2","undirected","Binding"
"UNIPROT","P55075","UNIPROT","P01111","directed","Control(Out: ACTIVATION of BiochemicalReaction)"
"UNIPROT","P55075","UNIPROT","P01112","directed","Control(Out: ACTIVATION of BiochemicalReaction)"
"UNIPROT","P55075","UNIPROT","P01116","directed","Control(Out: ACTIVATION of BiochemicalReaction)"
"UNIPROT","P55075","UNIPROT","Q8WU20","undirected","Binding"
"UNIPROT","P62993","UNIPROT","O60258","undirected","Binding"
"UNIPROT","P62993","UNIPROT","O94905","undirected","Binding"
"UNIPROT","P62993","UNIPROT","O95429","undirected","Binding"
"UNIPROT","P62993","UNIPROT","P01111","directed","Control(Out: ACTIVATION of BiochemicalReaction)"
"UNIPROT","P62993","UNIPROT","P01112","directed","Control(Out: ACTIVATION of BiochemicalReaction)"
"UNIPROT","P62993","UNIPROT","P01116","directed","Control(Out: ACTIVATION of BiochemicalReaction)"
"UNIPROT","P62993","UNIPROT","P05230","undirected","Binding"
"UNIPROT","P62993","UNIPROT","P08620","undirected","Binding"
"UNIPROT","P62993","UNIPROT","P09038","undirected","Binding"
"UNIPROT","P62993","UNIPROT","P10767","undirected","Binding"
"UNIPROT","P62993","UNIPROT","P11274","undirected","Binding"
"UNIPROT","P62993","UNIPROT","P11362","undirected","Binding"
"UNIPROT","P62993","UNIPROT","P12034","undirected","Binding"
"UNIPROT","P62993","UNIPROT","P27986","undirected","Binding"
"UNIPROT","P62993","UNIPROT","P31371","undirected","Binding"
"UNIPROT","P62993","UNIPROT","P42336","undirected","Binding"
"UNIPROT","P62993","UNIPROT","P55075","undirected","Binding"
"UNIPROT","P62993","UNIPROT","Q07889","undirected","Binding"
"UNIPROT","P62993","UNIPROT","Q13480","undirected","Binding"
"UNIPROT","P62993","UNIPROT","Q8WU20","undirected","Binding"
"UNIPROT","P62993","UNIPROT","Q9GZV9","undirected","Binding"
"UNIPROT","P62993","UNIPROT","Q9NP95","undirected","Binding"
"UNIPROT","P62993","UNIPROT","Q9UQC2","undirected","Binding"
"UNIPROT","Q07889","UNIPROT","O60258","undirected","Binding"
"UNIPROT","Q07889","UNIPROT","O94905","undirected","Binding"
"UNIPROT","Q07889","UNIPROT","O95429","undirected","Binding"
"UNIPROT","Q07889","UNIPROT","P01111","directed","Control(Out: ACTIVATION of BiochemicalReaction)"
"UNIPROT","Q07889","UNIPROT","P01112","directed","Control(Out: ACTIVATION of BiochemicalReaction)"
"UNIPROT","Q07889","UNIPROT","P01116","directed","Control(Out: ACTIVATION of BiochemicalReaction)"
"UNIPROT","Q07889","UNIPROT","P05230","undirected","Binding"
"UNIPROT","Q07889","UNIPROT","P08620","undirected","Binding"
"UNIPROT","Q07889","UNIPROT","P09038","undirected","Binding"
"UNIPROT","Q07889","UNIPROT","P10767","undirected","Binding"
"UNIPROT","Q07889","UNIPROT","P11362","undirected","Binding"
"UNIPROT","Q07889","UNIPROT","P12034","undirected","Binding"
"UNIPROT","Q07889","UNIPROT","P31371","undirected","Binding"
"UNIPROT","Q07889","UNIPROT","P55075","undirected","Binding"
"UNIPROT","Q07889","UNIPROT","Q8WU20","undirected","Binding"
"UNIPROT","Q07889","UNIPROT","Q9GZV9","undirected","Binding"
"UNIPROT","Q07889","UNIPROT","Q9NP95","undirected","Binding"
"UNIPROT","Q13480","UNIPROT","O60258","undirected","Binding"
"UNIPROT","Q13480","UNIPROT","O94905","undirected","Binding"
"UNIPROT","Q13480","UNIPROT","O95429","undirected","Binding"
"UNIPROT","Q13480","UNIPROT","P05230","undirected","Binding"
"UNIPROT","Q13480","UNIPROT","P08620","undirected","Binding"
"UNIPROT","Q13480","UNIPROT","P09038","undirected","Binding"
"UNIPROT","Q13480","UNIPROT","P10767","undirected","Binding"
"UNIPROT","Q13480","UNIPROT","P11362","undirected","Binding"
"UNIPROT","Q13480","UNIPROT","P12034","undirected","Binding"
"UNIPROT","Q13480","UNIPROT","P27986","undirected","Binding"
"UNIPROT","Q13480","UNIPROT","P31371","undirected","Binding"
"UNIPROT","Q13480","UNIPROT","P42336","undirected","Binding"
"UNIPROT","Q13480","UNIPROT","P55075","undirected","Binding"
"UNIPROT","Q13480","UNIPROT","Q8WU20","undirected","Binding"
"UNIPROT","Q13480","UNIPROT","Q9GZV9","undirected","Binding"
"UNIPROT","Q13480","UNIPROT","Q9NP95","undirected","Binding"
"UNIPROT","Q8WU20","UNIPROT","O94905","undirected","Binding"
"UNIPROT","Q8WU20","UNIPROT","O95429","undirected","Binding"
"UNIPROT","Q8WU20","UNIPROT","P01111","directed","Control(Out: ACTIVATION of BiochemicalReaction)"
"UNIPROT","Q8WU20","UNIPROT","P01112","directed","Control(Out: ACTIVATION of BiochemicalReaction)"
"UNIPROT","Q8WU20","UNIPROT","P01116","directed","Control(Out: ACTIVATION of BiochemicalReaction)"
"UNIPROT","Q9GZV9","UNIPROT","P01111","directed","Control(Out: ACTIVATION of BiochemicalReaction)"
"UNIPROT","Q9GZV9","UNIPROT","P01112","directed","Control(Out: ACTIVATION of BiochemicalReaction)"
"UNIPROT","Q9GZV9","UNIPROT","P01116","directed","Control(Out: ACTIVATION of BiochemicalReaction)"
"UNIPROT","Q9GZV9","UNIPROT","Q8WU20","undirected","Binding"
"UNIPROT","Q9NP95","UNIPROT","P01111","directed","Control(Out: ACTIVATION of BiochemicalReaction)"
"UNIPROT","Q9NP95","UNIPROT","P01112","directed","Control(Out: ACTIVATION of BiochemicalReaction)"
"UNIPROT","Q9NP95","UNIPROT","P01116","directed","Control(Out: ACTIVATION of BiochemicalReaction)"
"UNIPROT","Q9NP95","UNIPROT","Q8WU20","undirected","Binding"
"UNIPROT","Q9NVK5","UNIPROT","P42229","directed","Control(Out: ACTIVATION of BiochemicalReaction)"
"UNIPROT","Q9NVK5","UNIPROT","P51692","directed","Control(Out: ACTIVATION of BiochemicalReaction)"
"UNIPROT","Q9UBW7","UNIPROT","P42229","directed","Control(Out: ACTIVATION of BiochemicalReaction)"
"UNIPROT","Q9UBW7","UNIPROT","P51692","directed","Control(Out: ACTIVATION of BiochemicalReaction)"
"UNIPROT","Q9UQC2","UNIPROT","P11274","undirected","Binding"
