"src_type","src","dest_type","dest","direction","type"
"UNIPROT","O60673","UNIPROT","P0CG47","undirected","Binding"
"UNIPROT","O60673","UNIPROT","P0CG48","undirected","Binding"
"UNIPROT","O60673","UNIPROT","P12004","undirected","Binding"
"UNIPROT","O60673","UNIPROT","P15927","undirected","Binding"
"UNIPROT","O60673","UNIPROT","P27694","undirected","Binding"
"UNIPROT","O60673","UNIPROT","P35244","undirected","Binding"
"UNIPROT","O60673","UNIPROT","P35249","undirected","Binding"
"UNIPROT","O60673","UNIPROT","P35250","undirected","Binding"
"UNIPROT","O60673","UNIPROT","P35251","undirected","Binding"
"UNIPROT","O60673","UNIPROT","P40937","undirected","Binding"
"UNIPROT","O60673","UNIPROT","P40938","undirected","Binding"
"UNIPROT","O60673","UNIPROT","P62979","undirected","Binding"
"UNIPROT","O60673","UNIPROT","P62987","undirected","Binding"
"UNIPROT","O60673","UNIPROT","Q9UNA4","undirected","Binding"
"UNIPROT","P0CG47","UNIPROT","P12004","undirected","Binding"
"UNIPROT","P0CG47","UNIPROT","P15927","undirected","Binding"
"UNIPROT","P0CG47","UNIPROT","P27694","undirected","Binding"
"UNIPROT","P0CG47","UNIPROT","P35244","undirected","Binding"
"UNIPROT","P0CG47","UNIPROT","P35249","undirected","Binding"
"UNIPROT","P0CG47","UNIPROT","P35250","undirected","Binding"
"UNIPROT","P0CG47","UNIPROT","P35251","undirected","Binding"
"UNIPROT","P0CG47","UNIPROT","P40937","undirected","Binding"
"UNIPROT","P0CG47","UNIPROT","P40938","undirected","Binding"
"UNIPROT","P0CG48","UNIPROT","P12004","undirected","Binding"
"UNIPROT","P0CG48","UNIPROT","P15927","undirected","Binding"
"UNIPROT","P0CG48","UNIPROT","P27694","undirected","Binding"
"UNIPROT","P0CG48","UNIPROT","P35244","undirected","Binding"
"UNIPROT","P0CG48","UNIPROT","P35249","undirected","Binding"
"UNIPROT","P0CG48","UNIPROT","P35250","undirected","Binding"
"UNIPROT","P0CG48","UNIPROT","P35251","undirected","Binding"
"UNIPROT","P0CG48","UNIPROT","P40937","undirected","Binding"
"UNIPROT","P0CG48","UNIPROT","P40938","undirected","Binding"
"UNIPROT","P15927","UNIPROT","P12004","undirected","Binding"
"UNIPROT","P15927","UNIPROT","P27694","undirected","Binding"
"UNIPROT","P15927","UNIPROT","P35244","undirected","Binding"
"UNIPROT","P15927","UNIPROT","P35249","undirected","Binding"
"UNIPROT","P15927","UNIPROT","P35250","undirected","Binding"
"UNIPROT","P15927","UNIPROT","P35251","undirected","Binding"
"UNIPROT","P15927","UNIPROT","P40937","undirected","Binding"
"UNIPROT","P15927","UNIPROT","P40938","undirected","Binding"
"UNIPROT","P27694","UNIPROT","P12004","undirected","Binding"
"UNIPROT","P27694","UNIPROT","P35244","undirected","Binding"
"UNIPROT","P27694","UNIPROT","P35249","undirected","Binding"
"UNIPROT","P27694","UNIPROT","P35250","undirected","Binding"
"UNIPROT","P27694","UNIPROT","P35251","undirected","Binding"
"UNIPROT","P27694","UNIPROT","P40937","undirected","Binding"
"UNIPROT","P27694","UNIPROT","P40938","undirected","Binding"
"UNIPROT","P35244","UNIPROT","P12004","undirected","Binding"
"UNIPROT","P35244","UNIPROT","P35249","undirected","Binding"
"UNIPROT","P35244","UNIPROT","P35250","undirected","Binding"
"UNIPROT","P35244","UNIPROT","P35251","undirected","Binding"
"UNIPROT","P35244","UNIPROT","P40937","undirected","Binding"
"UNIPROT","P35244","UNIPROT","P40938","undirected","Binding"
"UNIPROT","P35249","UNIPROT","P12004","undirected","Binding"
"UNIPROT","P35249","UNIPROT","P35251","undirected","Binding"
"UNIPROT","P35250","UNIPROT","P12004","undirected","Binding"
"UNIPROT","P35250","UNIPROT","P35249","undirected","Binding"
"UNIPROT","P35250","UNIPROT","P35251","undirected","Binding"
"UNIPROT","P35251","UNIPROT","P12004","undirected","Binding"
"UNIPROT","P40937","UNIPROT","P12004","undirected","Binding"
"UNIPROT","P40937","UNIPROT","P35249","undirected","Binding"
"UNIPROT","P40937","UNIPROT","P35250","undirected","Binding"
"UNIPROT","P40937","UNIPROT","P35251","undirected","Binding"
"UNIPROT","P40937","UNIPROT","P40938","undirected","Binding"
"UNIPROT","P40938","UNIPROT","P12004","undirected","Binding"
"UNIPROT","P40938","UNIPROT","P35249","undirected","Binding"
"UNIPROT","P40938","UNIPROT","P35250","undirected","Binding"
"UNIPROT","P40938","UNIPROT","P35251","undirected","Binding"
"UNIPROT","P62979","UNIPROT","P12004","undirected","Binding"
"UNIPROT","P62979","UNIPROT","P15927","undirected","Binding"
"UNIPROT","P62979","UNIPROT","P27694","undirected","Binding"
"UNIPROT","P62979","UNIPROT","P35244","undirected","Binding"
"UNIPROT","P62979","UNIPROT","P35249","undirected","Binding"
"UNIPROT","P62979","UNIPROT","P35250","undirected","Binding"
"UNIPROT","P62979","UNIPROT","P35251","undirected","Binding"
"UNIPROT","P62979","UNIPROT","P40937","undirected","Binding"
"UNIPROT","P62979","UNIPROT","P40938","undirected","Binding"
"UNIPROT","P62987","UNIPROT","P12004","undirected","Binding"
"UNIPROT","P62987","UNIPROT","P15927","undirected","Binding"
"UNIPROT","P62987","UNIPROT","P27694","undirected","Binding"
"UNIPROT","P62987","UNIPROT","P35244","undirected","Binding"
"UNIPROT","P62987","UNIPROT","P35249","undirected","Binding"
"UNIPROT","P62987","UNIPROT","P35250","undirected","Binding"
"UNIPROT","P62987","UNIPROT","P35251","undirected","Binding"
"UNIPROT","P62987","UNIPROT","P40937","undirected","Binding"
"UNIPROT","P62987","UNIPROT","P40938","undirected","Binding"
"UNIPROT","Q9UBZ9","UNIPROT","O60673","undirected","Binding"
"UNIPROT","Q9UBZ9","UNIPROT","P0CG47","undirected","Binding"
"UNIPROT","Q9UBZ9","UNIPROT","P0CG48","undirected","Binding"
"UNIPROT","Q9UBZ9","UNIPROT","P12004","undirected","Binding"
"UNIPROT","Q9UBZ9","UNIPROT","P15927","undirected","Binding"
"UNIPROT","Q9UBZ9","UNIPROT","P27694","undirected","Binding"
"UNIPROT","Q9UBZ9","UNIPROT","P35244","undirected","Binding"
"UNIPROT","Q9UBZ9","UNIPROT","P35249","undirected","Binding"
"UNIPROT","Q9UBZ9","UNIPROT","P35250","undirected","Binding"
"UNIPROT","Q9UBZ9","UNIPROT","P35251","undirected","Binding"
"UNIPROT","Q9UBZ9","UNIPROT","P40937","undirected","Binding"
"UNIPROT","Q9UBZ9","UNIPROT","P40938","undirected","Binding"
"UNIPROT","Q9UBZ9","UNIPROT","P62979","undirected","Binding"
"UNIPROT","Q9UBZ9","UNIPROT","P62987","undirected","Binding"
"UNIPROT","Q9UBZ9","UNIPROT","Q9UI95","undirected","Binding"
"UNIPROT","Q9UBZ9","UNIPROT","Q9UNA4","undirected","Binding"
"UNIPROT","Q9UI95","UNIPROT","O60673","undirected","Binding"
"UNIPROT","Q9UI95","UNIPROT","P0CG47","undirected","Binding"
"UNIPROT","Q9UI95","UNIPROT","P0CG48","undirected","Binding"
"UNIPROT","Q9UI95","UNIPROT","P12004","undirected","Binding"
"UNIPROT","Q9UI95","UNIPROT","P15927","undirected","Binding"
"UNIPROT","Q9UI95","UNIPROT","P27694","undirected","Binding"
"UNIPROT","Q9UI95","UNIPROT","P35244","undirected","Binding"
"UNIPROT","Q9UI95","UNIPROT","P35249","undirected","Binding"
"UNIPROT","Q9UI95","UNIPROT","P35250","undirected","Binding"
"UNIPROT","Q9UI95","UNIPROT","P35251","undirected","Binding"
"UNIPROT","Q9UI95","UNIPROT","P40937","undirected","Binding"
"UNIPROT","Q9UI95","UNIPROT","P40938","undirected","Binding"
"UNIPROT","Q9UI95","UNIPROT","P62979","undirected","Binding"
"UNIPROT","Q9UI95","UNIPROT","P62987","undirected","Binding"
"UNIPROT","Q9UI95","UNIPROT","Q9UNA4","undirected","Binding"
"UNIPROT","Q9UNA4","UNIPROT","P0CG47","undirected","Binding"
"UNIPROT","Q9UNA4","UNIPROT","P0CG48","undirected","Binding"
"UNIPROT","Q9UNA4","UNIPROT","P12004","undirected","Binding"
"UNIPROT","Q9UNA4","UNIPROT","P15927","undirected","Binding"
"UNIPROT","Q9UNA4","UNIPROT","P27694","undirected","Binding"
"UNIPROT","Q9UNA4","UNIPROT","P35244","undirected","Binding"
"UNIPROT","Q9UNA4","UNIPROT","P35249","undirected","Binding"
"UNIPROT","Q9UNA4","UNIPROT","P35250","undirected","Binding"
"UNIPROT","Q9UNA4","UNIPROT","P35251","undirected","Binding"
"UNIPROT","Q9UNA4","UNIPROT","P40937","undirected","Binding"
"UNIPROT","Q9UNA4","UNIPROT","P40938","undirected","Binding"
"UNIPROT","Q9UNA4","UNIPROT","P62979","undirected","Binding"
"UNIPROT","Q9UNA4","UNIPROT","P62987","undirected","Binding"
