"src_type","src","dest_type","dest","direction","type"
"UNIPROT","O14511","UNIPROT","P04626","undirected","Binding"
"UNIPROT","O14511","UNIPROT","P0CG47","directed","Control(Out: ACTIVATION of BiochemicalReaction)"
"UNIPROT","O14511","UNIPROT","P0CG47","undirected","Binding"
"UNIPROT","O14511","UNIPROT","P0CG48","directed","Control(Out: ACTIVATION of BiochemicalReaction)"
"UNIPROT","O14511","UNIPROT","P0CG48","undirected","Binding"
"UNIPROT","O14511","UNIPROT","P21860","undirected","Binding"
"UNIPROT","O14511","UNIPROT","P62979","directed","Control(Out: ACTIVATION of BiochemicalReaction)"
"UNIPROT","O14511","UNIPROT","P62979","undirected","Binding"
"UNIPROT","O14511","UNIPROT","P62987","directed","Control(Out: ACTIVATION of BiochemicalReaction)"
"UNIPROT","O14511","UNIPROT","P62987","undirected","Binding"
"UNIPROT","O14511","UNIPROT","Q9H4P4","undirected","Binding"
"UNIPROT","P04626","UNIPROT","P0CG47","directed","Control(Out: ACTIVATION of BiochemicalReaction)"
"UNIPROT","P04626","UNIPROT","P0CG47","undirected","Binding"
"UNIPROT","P04626","UNIPROT","P0CG48","directed","Control(Out: ACTIVATION of BiochemicalReaction)"
"UNIPROT","P04626","UNIPROT","P0CG48","undirected","Binding"
"UNIPROT","P04626","UNIPROT","P62979","directed","Control(Out: ACTIVATION of BiochemicalReaction)"
"UNIPROT","P04626","UNIPROT","P62979","undirected","Binding"
"UNIPROT","P04626","UNIPROT","P62987","directed","Control(Out: ACTIVATION of BiochemicalReaction)"
"UNIPROT","P04626","UNIPROT","P62987","undirected","Binding"
"UNIPROT","P04626","UNIPROT","Q9H4P4","undirected","Binding"
"UNIPROT","P0CG47","UNIPROT","O14511","directed","Control(In: ACTIVATION of BiochemicalReaction)"
"UNIPROT","P0CG47","UNIPROT","P04626","directed","Control(In: ACTIVATION of BiochemicalReaction)"
"UNIPROT","P0CG47","UNIPROT","P21860","directed","Control(In: ACTIVATION of BiochemicalReaction)"
"UNIPROT","P0CG47","UNIPROT","Q02297","directed","Control(In: ACTIVATION of BiochemicalReaction)"
"UNIPROT","P0CG47","UNIPROT","Q9H4P4","directed","Control(In: ACTIVATION of BiochemicalReaction)"
"UNIPROT","P0CG48","UNIPROT","O14511","directed","Control(In: ACTIVATION of BiochemicalReaction)"
"UNIPROT","P0CG48","UNIPROT","P04626","directed","Control(In: ACTIVATION of BiochemicalReaction)"
"UNIPROT","P0CG48","UNIPROT","P21860","directed","Control(In: ACTIVATION of BiochemicalReaction)"
"UNIPROT","P0CG48","UNIPROT","Q02297","directed","Control(In: ACTIVATION of BiochemicalReaction)"
"UNIPROT","P0CG48","UNIPROT","Q9H4P4","directed","Control(In: ACTIVATION of BiochemicalReaction)"
"UNIPROT","P21860","UNIPROT","P04626","undirected","Binding"
"UNIPROT","P21860","UNIPROT","P0CG47","directed","Control(Out: ACTIVATION of BiochemicalReaction)"
"UNIPROT","P21860","UNIPROT","P0CG47","undirected","Binding"
"UNIPROT","P21860","UNIPROT","P0CG48","directed","Control(Out: ACTIVATION of BiochemicalReaction)"
"UNIPROT","P21860","UNIPROT","P0CG48","undirected","Binding"
"UNIPROT","P21860","UNIPROT","P62979","directed","Control(Out: ACTIVATION of BiochemicalReaction)"
"UNIPROT","P21860","UNIPROT","P62979","undirected","Binding"
"UNIPROT","P21860","UNIPROT","P62987","directed","Control(Out: ACTIVATION of BiochemicalReaction)"
"UNIPROT","P21860","UNIPROT","P62987","undirected","Binding"
"UNIPROT","P21860","UNIPROT","Q9H4P4","undirected","Binding"
"UNIPROT","P31749","UNIPROT","P40818","directed","Control(Out: ACTIVATION of BiochemicalReaction)"
"UNIPROT","P31751","UNIPROT","P40818","directed","Control(Out: ACTIVATION of BiochemicalReaction)"
"UNIPROT","P40818","UNIPROT","P0CG47","undirected","Binding"
"UNIPROT","P40818","UNIPROT","P0CG48","undirected","Binding"
"UNIPROT","P40818","UNIPROT","P62979","undirected","Binding"
"UNIPROT","P40818","UNIPROT","P62987","undirected","Binding"
"UNIPROT","P62979","UNIPROT","O14511","directed","Control(In: ACTIVATION of BiochemicalReaction)"
"UNIPROT","P62979","UNIPROT","P04626","directed","Control(In: ACTIVATION of BiochemicalReaction)"
"UNIPROT","P62979","UNIPROT","P21860","directed","Control(In: ACTIVATION of BiochemicalReaction)"
"UNIPROT","P62979","UNIPROT","Q02297","directed","Control(In: ACTIVATION of BiochemicalReaction)"
"UNIPROT","P62979","UNIPROT","Q9H4P4","directed","Control(In: ACTIVATION of BiochemicalReaction)"
"UNIPROT","P62987","UNIPROT","O14511","directed","Control(In: ACTIVATION of BiochemicalReaction)"
"UNIPROT","P62987","UNIPROT","P04626","directed","Control(In: ACTIVATION of BiochemicalReaction)"
"UNIPROT","P62987","UNIPROT","P21860","directed","Control(In: ACTIVATION of BiochemicalReaction)"
"UNIPROT","P62987","UNIPROT","Q02297","directed","Control(In: ACTIVATION of BiochemicalReaction)"
"UNIPROT","P62987","UNIPROT","Q9H4P4","directed","Control(In: ACTIVATION of BiochemicalReaction)"
"UNIPROT","Q02297","UNIPROT","P04626","undirected","Binding"
"UNIPROT","Q02297","UNIPROT","P0CG47","directed","Control(Out: ACTIVATION of BiochemicalReaction)"
"UNIPROT","Q02297","UNIPROT","P0CG47","undirected","Binding"
"UNIPROT","Q02297","UNIPROT","P0CG48","directed","Control(Out: ACTIVATION of BiochemicalReaction)"
"UNIPROT","Q02297","UNIPROT","P0CG48","undirected","Binding"
"UNIPROT","Q02297","UNIPROT","P21860","undirected","Binding"
"UNIPROT","Q02297","UNIPROT","P62979","directed","Control(Out: ACTIVATION of BiochemicalReaction)"
"UNIPROT","Q02297","UNIPROT","P62979","undirected","Binding"
"UNIPROT","Q02297","UNIPROT","P62987","directed","Control(Out: ACTIVATION of BiochemicalReaction)"
"UNIPROT","Q02297","UNIPROT","P62987","undirected","Binding"
"UNIPROT","Q02297","UNIPROT","Q9H4P4","undirected","Binding"
"UNIPROT","Q9H4P4","UNIPROT","O14511","directed","Control(In: ACTIVATION of BiochemicalReaction)"
"UNIPROT","Q9H4P4","UNIPROT","P04626","directed","Control(In: ACTIVATION of BiochemicalReaction)"
"UNIPROT","Q9H4P4","UNIPROT","P0CG47","directed","Control(Out: ACTIVATION of BiochemicalReaction)"
"UNIPROT","Q9H4P4","UNIPROT","P0CG47","directed","Control(Out: ACTIVATION of BiochemicalReaction)"
"UNIPROT","Q9H4P4","UNIPROT","P0CG47","undirected","Binding"
"UNIPROT","Q9H4P4","UNIPROT","P0CG48","directed","Control(Out: ACTIVATION of BiochemicalReaction)"
"UNIPROT","Q9H4P4","UNIPROT","P0CG48","directed","Control(Out: ACTIVATION of BiochemicalReaction)"
"UNIPROT","Q9H4P4","UNIPROT","P0CG48","undirected","Binding"
"UNIPROT","Q9H4P4","UNIPROT","P21860","directed","Control(In: ACTIVATION of BiochemicalReaction)"
"UNIPROT","Q9H4P4","UNIPROT","P40818","undirected","Binding"
"UNIPROT","Q9H4P4","UNIPROT","P62979","directed","Control(Out: ACTIVATION of BiochemicalReaction)"
"UNIPROT","Q9H4P4","UNIPROT","P62979","directed","Control(Out: ACTIVATION of BiochemicalReaction)"
"UNIPROT","Q9H4P4","UNIPROT","P62979","undirected","Binding"
"UNIPROT","Q9H4P4","UNIPROT","P62987","directed","Control(Out: ACTIVATION of BiochemicalReaction)"
"UNIPROT","Q9H4P4","UNIPROT","P62987","directed","Control(Out: ACTIVATION of BiochemicalReaction)"
"UNIPROT","Q9H4P4","UNIPROT","P62987","undirected","Binding"
"UNIPROT","Q9H4P4","UNIPROT","Q02297","directed","Control(In: ACTIVATION of BiochemicalReaction)"
"UNIPROT","Q9Y243","UNIPROT","P40818","directed","Control(Out: ACTIVATION of BiochemicalReaction)"
