"src_type","src","dest_type","dest","direction","type"
"UNIPROT","O15488","UNIPROT","Q04446","directed","Control(In: ACTIVATION of BiochemicalReaction)"
"UNIPROT","O95278","UNIPROT","Q6VVB1","directed","Control(In: ACTIVATION of BiochemicalReaction)"
"UNIPROT","O95278","UNIPROT","Q9UQK1","undirected","Binding"
"UNIPROT","P0CG47","UNIPROT","Q6VVB1","directed","Control(In: ACTIVATION of BiochemicalReaction)"
"UNIPROT","P0CG48","UNIPROT","Q6VVB1","directed","Control(In: ACTIVATION of BiochemicalReaction)"
"UNIPROT","P13807","UNIPROT","O95278","undirected","Binding"
"UNIPROT","P13807","UNIPROT","Q6VVB1","directed","Control(In: ACTIVATION of BiochemicalReaction)"
"UNIPROT","P13807","UNIPROT","Q9UQK1","undirected","Binding"
"UNIPROT","P46976","UNIPROT","O95278","undirected","Binding"
"UNIPROT","P46976","UNIPROT","P10253","directed","Control(In: ACTIVATION of BiochemicalReaction)"
"UNIPROT","P46976","UNIPROT","P13807","undirected","Binding"
"UNIPROT","P46976","UNIPROT","Q6VVB1","directed","Control(In: ACTIVATION of BiochemicalReaction)"
"UNIPROT","P46976","UNIPROT","Q9UQK1","undirected","Binding"
"UNIPROT","P54840","UNIPROT","O15488","undirected","Binding"
"UNIPROT","P54840","UNIPROT","Q04446","directed","Control(In: ACTIVATION of BiochemicalReaction)"
"UNIPROT","P62979","UNIPROT","Q6VVB1","directed","Control(In: ACTIVATION of BiochemicalReaction)"
"UNIPROT","P62987","UNIPROT","Q6VVB1","directed","Control(In: ACTIVATION of BiochemicalReaction)"
"UNIPROT","Q9UQK1","UNIPROT","Q6VVB1","directed","Control(In: ACTIVATION of BiochemicalReaction)"
