"src_type","src","dest_type","dest","direction","type"
"UNIPROT","P08134","UNIPROT","Q9BST9","undirected","Binding"
"UNIPROT","P61586","UNIPROT","O14907","undirected","Binding"
"UNIPROT","P61586","UNIPROT","Q8IUC4","undirected","Binding"
"UNIPROT","P61586","UNIPROT","Q8TCX5","undirected","Binding"
"UNIPROT","P61586","UNIPROT","Q9BST9","undirected","Binding"
"UNIPROT","P61586","UNIPROT","Q9HAP6","undirected","Binding"
"UNIPROT","P61586","UNIPROT","Q9HAT0","undirected","Binding"
"UNIPROT","P62745","UNIPROT","Q8IUC4","undirected","Binding"
"UNIPROT","P62745","UNIPROT","Q9BST9","undirected","Binding"
"UNIPROT","Q8TCX5","UNIPROT","Q9HAT0","undirected","Binding"
"UNIPROT","Q9BST9","UNIPROT","O14907","undirected","Binding"
"UNIPROT","Q9BST9","UNIPROT","Q9HAP6","undirected","Binding"
