"src_type","src","dest_type","dest","direction","type"
"UNIPROT","P04839","UNIPROT","P05109","undirected","Binding"
"UNIPROT","P04839","UNIPROT","P06702","undirected","Binding"
"UNIPROT","P04839","UNIPROT","P13498","undirected","Binding"
"UNIPROT","P04839","UNIPROT","P15153","undirected","Binding"
"UNIPROT","P04839","UNIPROT","P63000","undirected","Binding"
"UNIPROT","P04839","UNIPROT","Q15080","undirected","Binding"
"UNIPROT","P05771","UNIPROT","P14598","directed","Control(Out: ACTIVATION of BiochemicalReaction)"
"UNIPROT","P05771","UNIPROT","P19878","directed","Control(Out: ACTIVATION of BiochemicalReaction)"
"UNIPROT","P05771","UNIPROT","Q13526","directed","Control(Out: ACTIVATION of BiochemicalReaction)"
"UNIPROT","P05771","UNIPROT","Q15080","directed","Control(Out: ACTIVATION of BiochemicalReaction)"
"UNIPROT","P06702","UNIPROT","P05109","undirected","Binding"
"UNIPROT","P13498","UNIPROT","P05109","undirected","Binding"
"UNIPROT","P13498","UNIPROT","P06702","undirected","Binding"
"UNIPROT","P13498","UNIPROT","P15153","undirected","Binding"
"UNIPROT","P13498","UNIPROT","P63000","undirected","Binding"
"UNIPROT","P13498","UNIPROT","Q15080","undirected","Binding"
"UNIPROT","P13498","UNIPROT","Q86UR1","undirected","Binding"
"UNIPROT","P13498","UNIPROT","Q8NFA2","undirected","Binding"
"UNIPROT","P13498","UNIPROT","Q9HBY0","undirected","Binding"
"UNIPROT","P13498","UNIPROT","Q9Y5S8","undirected","Binding"
"UNIPROT","P14598","UNIPROT","P04839","undirected","Binding"
"UNIPROT","P14598","UNIPROT","P05109","undirected","Binding"
"UNIPROT","P14598","UNIPROT","P06702","undirected","Binding"
"UNIPROT","P14598","UNIPROT","P13498","undirected","Binding"
"UNIPROT","P14598","UNIPROT","P15153","undirected","Binding"
"UNIPROT","P14598","UNIPROT","P63000","undirected","Binding"
"UNIPROT","P14598","UNIPROT","Q13526","undirected","Binding"
"UNIPROT","P14598","UNIPROT","Q15080","undirected","Binding"
"UNIPROT","P14598","UNIPROT","Q86UR1","undirected","Binding"
"UNIPROT","P14598","UNIPROT","Q9HBY0","undirected","Binding"
"UNIPROT","P15153","UNIPROT","P05109","undirected","Binding"
"UNIPROT","P15153","UNIPROT","P06702","undirected","Binding"
"UNIPROT","P17252","UNIPROT","P14598","directed","Control(Out: ACTIVATION of BiochemicalReaction)"
"UNIPROT","P17252","UNIPROT","P19878","directed","Control(Out: ACTIVATION of BiochemicalReaction)"
"UNIPROT","P17252","UNIPROT","Q13526","directed","Control(Out: ACTIVATION of BiochemicalReaction)"
"UNIPROT","P17252","UNIPROT","Q15080","directed","Control(Out: ACTIVATION of BiochemicalReaction)"
"UNIPROT","P19878","UNIPROT","P04839","undirected","Binding"
"UNIPROT","P19878","UNIPROT","P05109","undirected","Binding"
"UNIPROT","P19878","UNIPROT","P06702","undirected","Binding"
"UNIPROT","P19878","UNIPROT","P13498","undirected","Binding"
"UNIPROT","P19878","UNIPROT","P14598","undirected","Binding"
"UNIPROT","P19878","UNIPROT","P15153","undirected","Binding"
"UNIPROT","P19878","UNIPROT","P63000","undirected","Binding"
"UNIPROT","P19878","UNIPROT","Q13526","undirected","Binding"
"UNIPROT","P19878","UNIPROT","Q15080","undirected","Binding"
"UNIPROT","P19878","UNIPROT","Q9HBY0","undirected","Binding"
"UNIPROT","P27361","UNIPROT","P14598","directed","Control(Out: ACTIVATION of BiochemicalReaction)"
"UNIPROT","P27361","UNIPROT","P19878","directed","Control(Out: ACTIVATION of BiochemicalReaction)"
"UNIPROT","P27361","UNIPROT","Q15080","directed","Control(Out: ACTIVATION of BiochemicalReaction)"
"UNIPROT","P28482","UNIPROT","P14598","directed","Control(Out: ACTIVATION of BiochemicalReaction)"
"UNIPROT","P28482","UNIPROT","P19878","directed","Control(Out: ACTIVATION of BiochemicalReaction)"
"UNIPROT","P28482","UNIPROT","Q15080","directed","Control(Out: ACTIVATION of BiochemicalReaction)"
"UNIPROT","Q05513","UNIPROT","P14598","directed","Control(Out: ACTIVATION of BiochemicalReaction)"
"UNIPROT","Q05513","UNIPROT","P19878","directed","Control(Out: ACTIVATION of BiochemicalReaction)"
"UNIPROT","Q05513","UNIPROT","Q13526","directed","Control(Out: ACTIVATION of BiochemicalReaction)"
"UNIPROT","Q05513","UNIPROT","Q15080","directed","Control(Out: ACTIVATION of BiochemicalReaction)"
"UNIPROT","Q05655","UNIPROT","P14598","directed","Control(Out: ACTIVATION of BiochemicalReaction)"
"UNIPROT","Q05655","UNIPROT","P19878","directed","Control(Out: ACTIVATION of BiochemicalReaction)"
"UNIPROT","Q05655","UNIPROT","Q13526","directed","Control(Out: ACTIVATION of BiochemicalReaction)"
"UNIPROT","Q05655","UNIPROT","Q15080","directed","Control(Out: ACTIVATION of BiochemicalReaction)"
"UNIPROT","Q13526","UNIPROT","P14598","directed","Control(Out: ACTIVATION of BiochemicalReaction)"
"UNIPROT","Q13526","UNIPROT","P19878","directed","Control(Out: ACTIVATION of BiochemicalReaction)"
"UNIPROT","Q13526","UNIPROT","Q15080","directed","Control(Out: ACTIVATION of BiochemicalReaction)"
"UNIPROT","Q15080","UNIPROT","P05109","undirected","Binding"
"UNIPROT","Q15080","UNIPROT","P06702","undirected","Binding"
"UNIPROT","Q15080","UNIPROT","P15153","undirected","Binding"
"UNIPROT","Q15080","UNIPROT","P63000","undirected","Binding"
"UNIPROT","Q15080","UNIPROT","Q13526","undirected","Binding"
"UNIPROT","Q15759","UNIPROT","P14598","directed","Control(Out: ACTIVATION of BiochemicalReaction)"
"UNIPROT","Q15759","UNIPROT","P19878","directed","Control(Out: ACTIVATION of BiochemicalReaction)"
"UNIPROT","Q15759","UNIPROT","Q15080","directed","Control(Out: ACTIVATION of BiochemicalReaction)"
"UNIPROT","Q16539","UNIPROT","P14598","directed","Control(Out: ACTIVATION of BiochemicalReaction)"
"UNIPROT","Q16539","UNIPROT","P19878","directed","Control(Out: ACTIVATION of BiochemicalReaction)"
"UNIPROT","Q16539","UNIPROT","Q15080","directed","Control(Out: ACTIVATION of BiochemicalReaction)"
"UNIPROT","Q86UR1","UNIPROT","P63000","undirected","Binding"
"UNIPROT","Q86UR1","UNIPROT","Q9HBY0","undirected","Binding"
"UNIPROT","Q8NFA2","UNIPROT","P63000","undirected","Binding"
"UNIPROT","Q8NFA2","UNIPROT","Q86UR1","undirected","Binding"
"UNIPROT","Q8NFA2","UNIPROT","Q9Y5S8","undirected","Binding"
"UNIPROT","Q99570","UNIPROT","Q8NEB9","undirected","Binding"
"UNIPROT","Q9HBY0","UNIPROT","P63000","undirected","Binding"
"UNIPROT","Q9Y5S8","UNIPROT","P63000","undirected","Binding"
"UNIPROT","Q9Y5S8","UNIPROT","Q86UR1","undirected","Binding"
