"src_type","src","dest_type","dest","direction","type"
"UNIPROT","A2VEC9","UNIPROT","Q6Y288","directed","Control(In: ACTIVATION of BiochemicalReaction)"
"UNIPROT","O00468","UNIPROT","O94766","directed","Control(In: ACTIVATION of BiochemicalReaction)"
"UNIPROT","O00468","UNIPROT","Q16394","directed","Control(In: ACTIVATION of BiochemicalReaction)"
"UNIPROT","O00468","UNIPROT","Q93063","directed","Control(In: ACTIVATION of BiochemicalReaction)"
"UNIPROT","O00468","UNIPROT","Q96L58","directed","Control(In: ACTIVATION of BiochemicalReaction)"
"UNIPROT","O00468","UNIPROT","Q9UBV7","directed","Control(In: ACTIVATION of BiochemicalReaction)"
"UNIPROT","O14594","UNIPROT","O94766","directed","Control(In: ACTIVATION of BiochemicalReaction)"
"UNIPROT","O14594","UNIPROT","Q7LGC8","directed","Control(In: ACTIVATION of BiochemicalReaction)"
"UNIPROT","O14594","UNIPROT","Q86X52","directed","Control(In: ACTIVATION of BiochemicalReaction)"
"UNIPROT","O14594","UNIPROT","Q8NCH0","directed","Control(In: ACTIVATION of BiochemicalReaction)"
"UNIPROT","O14594","UNIPROT","Q96L58","directed","Control(In: ACTIVATION of BiochemicalReaction)"
"UNIPROT","O14594","UNIPROT","Q9UBV7","directed","Control(In: ACTIVATION of BiochemicalReaction)"
"UNIPROT","O15072","UNIPROT","Q6Y288","directed","Control(In: ACTIVATION of BiochemicalReaction)"
"UNIPROT","O15488","UNIPROT","Q04446","directed","Control(In: ACTIVATION of BiochemicalReaction)"
"UNIPROT","O43505","UNIPROT","O95461","undirected","Binding"
"UNIPROT","O60938","UNIPROT","P15291","directed","Control(In: ACTIVATION of BiochemicalReaction)"
"UNIPROT","O60938","UNIPROT","Q11203","directed","Control(In: ACTIVATION of BiochemicalReaction)"
"UNIPROT","O60938","UNIPROT","Q9GZX3","directed","Control(In: ACTIVATION of BiochemicalReaction)"
"UNIPROT","O75056","UNIPROT","O94766","directed","Control(In: ACTIVATION of BiochemicalReaction)"
"UNIPROT","O75056","UNIPROT","Q16394","directed","Control(In: ACTIVATION of BiochemicalReaction)"
"UNIPROT","O75056","UNIPROT","Q93063","directed","Control(In: ACTIVATION of BiochemicalReaction)"
"UNIPROT","O75056","UNIPROT","Q96L58","directed","Control(In: ACTIVATION of BiochemicalReaction)"
"UNIPROT","O75056","UNIPROT","Q9UBV7","directed","Control(In: ACTIVATION of BiochemicalReaction)"
"UNIPROT","O75173","UNIPROT","Q6Y288","directed","Control(In: ACTIVATION of BiochemicalReaction)"
"UNIPROT","O75487","UNIPROT","O94766","directed","Control(In: ACTIVATION of BiochemicalReaction)"
"UNIPROT","O75487","UNIPROT","Q16394","directed","Control(In: ACTIVATION of BiochemicalReaction)"
"UNIPROT","O75487","UNIPROT","Q93063","directed","Control(In: ACTIVATION of BiochemicalReaction)"
"UNIPROT","O75487","UNIPROT","Q96L58","directed","Control(In: ACTIVATION of BiochemicalReaction)"
"UNIPROT","O75487","UNIPROT","Q9UBV7","directed","Control(In: ACTIVATION of BiochemicalReaction)"
"UNIPROT","O94777","UNIPROT","O60762","undirected","Binding"
"UNIPROT","O95196","UNIPROT","O94766","directed","Control(In: ACTIVATION of BiochemicalReaction)"
"UNIPROT","O95196","UNIPROT","Q7LGC8","directed","Control(In: ACTIVATION of BiochemicalReaction)"
"UNIPROT","O95196","UNIPROT","Q86X52","directed","Control(In: ACTIVATION of BiochemicalReaction)"
"UNIPROT","O95196","UNIPROT","Q8NCH0","directed","Control(In: ACTIVATION of BiochemicalReaction)"
"UNIPROT","O95196","UNIPROT","Q96L58","directed","Control(In: ACTIVATION of BiochemicalReaction)"
"UNIPROT","O95196","UNIPROT","Q9UBV7","directed","Control(In: ACTIVATION of BiochemicalReaction)"
"UNIPROT","O95278","UNIPROT","Q6VVB1","directed","Control(In: ACTIVATION of BiochemicalReaction)"
"UNIPROT","O95278","UNIPROT","Q9UQK1","undirected","Binding"
"UNIPROT","O95450","UNIPROT","Q6Y288","directed","Control(In: ACTIVATION of BiochemicalReaction)"
"UNIPROT","P05108","UNIPROT","P10109","undirected","Binding"
"UNIPROT","P05108","UNIPROT","P22570","undirected","Binding"
"UNIPROT","P05108","UNIPROT","Q6P4F2","undirected","Binding"
"UNIPROT","P05165","UNIPROT","P50747","directed","Control(In: ACTIVATION of BiochemicalReaction)"
"UNIPROT","P05166","UNIPROT","P05165","undirected","Binding"
"UNIPROT","P05166","UNIPROT","P50747","directed","Control(In: ACTIVATION of BiochemicalReaction)"
"UNIPROT","P07585","UNIPROT","O94766","directed","Control(In: ACTIVATION of BiochemicalReaction)"
"UNIPROT","P07585","UNIPROT","Q7LGC8","directed","Control(In: ACTIVATION of BiochemicalReaction)"
"UNIPROT","P07585","UNIPROT","Q86X52","directed","Control(In: ACTIVATION of BiochemicalReaction)"
"UNIPROT","P07585","UNIPROT","Q8NCH0","directed","Control(In: ACTIVATION of BiochemicalReaction)"
"UNIPROT","P07585","UNIPROT","Q96L58","directed","Control(In: ACTIVATION of BiochemicalReaction)"
"UNIPROT","P07585","UNIPROT","Q9UBV7","directed","Control(In: ACTIVATION of BiochemicalReaction)"
"UNIPROT","P07996","UNIPROT","Q6Y288","directed","Control(In: ACTIVATION of BiochemicalReaction)"
"UNIPROT","P0CG47","UNIPROT","Q6VVB1","directed","Control(In: ACTIVATION of BiochemicalReaction)"
"UNIPROT","P0CG48","UNIPROT","Q6VVB1","directed","Control(In: ACTIVATION of BiochemicalReaction)"
"UNIPROT","P10109","UNIPROT","P22570","undirected","Binding"
"UNIPROT","P11498","UNIPROT","P50747","directed","Control(In: ACTIVATION of BiochemicalReaction)"
"UNIPROT","P13611","UNIPROT","O94766","directed","Control(In: ACTIVATION of BiochemicalReaction)"
"UNIPROT","P13611","UNIPROT","Q7LGC8","directed","Control(In: ACTIVATION of BiochemicalReaction)"
"UNIPROT","P13611","UNIPROT","Q86X52","directed","Control(In: ACTIVATION of BiochemicalReaction)"
"UNIPROT","P13611","UNIPROT","Q8NCH0","directed","Control(In: ACTIVATION of BiochemicalReaction)"
"UNIPROT","P13611","UNIPROT","Q96L58","directed","Control(In: ACTIVATION of BiochemicalReaction)"
"UNIPROT","P13611","UNIPROT","Q9UBV7","directed","Control(In: ACTIVATION of BiochemicalReaction)"
"UNIPROT","P13807","UNIPROT","O95278","undirected","Binding"
"UNIPROT","P13807","UNIPROT","Q6VVB1","directed","Control(In: ACTIVATION of BiochemicalReaction)"
"UNIPROT","P13807","UNIPROT","Q9UQK1","undirected","Binding"
"UNIPROT","P15941","UNIPROT","Q14435","directed","Control(In: ACTIVATION of BiochemicalReaction)"
"UNIPROT","P15941","UNIPROT","Q8IXK2","directed","Control(In: ACTIVATION of BiochemicalReaction)"
"UNIPROT","P15941","UNIPROT","Q96EU7","directed","Control(In: ACTIVATION of BiochemicalReaction)"
"UNIPROT","P15941","UNIPROT","Q9NS00","directed","Control(In: ACTIVATION of BiochemicalReaction)"
"UNIPROT","P16112","UNIPROT","P15291","directed","Control(In: ACTIVATION of BiochemicalReaction)"
"UNIPROT","P16112","UNIPROT","Q11203","directed","Control(In: ACTIVATION of BiochemicalReaction)"
"UNIPROT","P16112","UNIPROT","Q9GZX3","directed","Control(In: ACTIVATION of BiochemicalReaction)"
"UNIPROT","P16278","UNIPROT","P10619","undirected","Binding"
"UNIPROT","P16278","UNIPROT","Q99519","undirected","Binding"
"UNIPROT","P18827","UNIPROT","O94766","directed","Control(In: ACTIVATION of BiochemicalReaction)"
"UNIPROT","P18827","UNIPROT","Q16394","directed","Control(In: ACTIVATION of BiochemicalReaction)"
"UNIPROT","P18827","UNIPROT","Q93063","directed","Control(In: ACTIVATION of BiochemicalReaction)"
"UNIPROT","P18827","UNIPROT","Q96L58","directed","Control(In: ACTIVATION of BiochemicalReaction)"
"UNIPROT","P18827","UNIPROT","Q9UBV7","directed","Control(In: ACTIVATION of BiochemicalReaction)"
"UNIPROT","P20774","UNIPROT","P15291","directed","Control(In: ACTIVATION of BiochemicalReaction)"
"UNIPROT","P20774","UNIPROT","Q11203","directed","Control(In: ACTIVATION of BiochemicalReaction)"
"UNIPROT","P20774","UNIPROT","Q9GZX3","directed","Control(In: ACTIVATION of BiochemicalReaction)"
"UNIPROT","P21810","UNIPROT","O94766","directed","Control(In: ACTIVATION of BiochemicalReaction)"
"UNIPROT","P21810","UNIPROT","Q7LGC8","directed","Control(In: ACTIVATION of BiochemicalReaction)"
"UNIPROT","P21810","UNIPROT","Q86X52","directed","Control(In: ACTIVATION of BiochemicalReaction)"
"UNIPROT","P21810","UNIPROT","Q8NCH0","directed","Control(In: ACTIVATION of BiochemicalReaction)"
"UNIPROT","P21810","UNIPROT","Q96L58","directed","Control(In: ACTIVATION of BiochemicalReaction)"
"UNIPROT","P21810","UNIPROT","Q9UBV7","directed","Control(In: ACTIVATION of BiochemicalReaction)"
"UNIPROT","P27918","UNIPROT","Q6Y288","directed","Control(In: ACTIVATION of BiochemicalReaction)"
"UNIPROT","P31431","UNIPROT","O94766","directed","Control(In: ACTIVATION of BiochemicalReaction)"
"UNIPROT","P31431","UNIPROT","Q16394","directed","Control(In: ACTIVATION of BiochemicalReaction)"
"UNIPROT","P31431","UNIPROT","Q93063","directed","Control(In: ACTIVATION of BiochemicalReaction)"
"UNIPROT","P31431","UNIPROT","Q96L58","directed","Control(In: ACTIVATION of BiochemicalReaction)"
"UNIPROT","P31431","UNIPROT","Q9UBV7","directed","Control(In: ACTIVATION of BiochemicalReaction)"
"UNIPROT","P32927","UNIPROT","P15509","undirected","Binding"
"UNIPROT","P34741","UNIPROT","O94766","directed","Control(In: ACTIVATION of BiochemicalReaction)"
"UNIPROT","P34741","UNIPROT","Q16394","directed","Control(In: ACTIVATION of BiochemicalReaction)"
"UNIPROT","P34741","UNIPROT","Q93063","directed","Control(In: ACTIVATION of BiochemicalReaction)"
"UNIPROT","P34741","UNIPROT","Q96L58","directed","Control(In: ACTIVATION of BiochemicalReaction)"
"UNIPROT","P34741","UNIPROT","Q9UBV7","directed","Control(In: ACTIVATION of BiochemicalReaction)"
"UNIPROT","P35052","UNIPROT","O94766","directed","Control(In: ACTIVATION of BiochemicalReaction)"
"UNIPROT","P35052","UNIPROT","Q16394","directed","Control(In: ACTIVATION of BiochemicalReaction)"
"UNIPROT","P35052","UNIPROT","Q93063","directed","Control(In: ACTIVATION of BiochemicalReaction)"
"UNIPROT","P35052","UNIPROT","Q96L58","directed","Control(In: ACTIVATION of BiochemicalReaction)"
"UNIPROT","P35052","UNIPROT","Q9UBV7","directed","Control(In: ACTIVATION of BiochemicalReaction)"
"UNIPROT","P35442","UNIPROT","Q6Y288","directed","Control(In: ACTIVATION of BiochemicalReaction)"
"UNIPROT","P46531","UNIPROT","Q8NES3","directed","Control(In: ACTIVATION of BiochemicalReaction)"
"UNIPROT","P46976","UNIPROT","O95278","undirected","Binding"
"UNIPROT","P46976","UNIPROT","P10253","directed","Control(In: ACTIVATION of BiochemicalReaction)"
"UNIPROT","P46976","UNIPROT","P13807","undirected","Binding"
"UNIPROT","P46976","UNIPROT","Q6VVB1","directed","Control(In: ACTIVATION of BiochemicalReaction)"
"UNIPROT","P46976","UNIPROT","Q9UQK1","undirected","Binding"
"UNIPROT","P48507","UNIPROT","P48506","undirected","Binding"
"UNIPROT","P51654","UNIPROT","O94766","directed","Control(In: ACTIVATION of BiochemicalReaction)"
"UNIPROT","P51654","UNIPROT","Q16394","directed","Control(In: ACTIVATION of BiochemicalReaction)"
"UNIPROT","P51654","UNIPROT","Q93063","directed","Control(In: ACTIVATION of BiochemicalReaction)"
"UNIPROT","P51654","UNIPROT","Q96L58","directed","Control(In: ACTIVATION of BiochemicalReaction)"
"UNIPROT","P51654","UNIPROT","Q9UBV7","directed","Control(In: ACTIVATION of BiochemicalReaction)"
"UNIPROT","P51884","UNIPROT","P15291","directed","Control(In: ACTIVATION of BiochemicalReaction)"
"UNIPROT","P51884","UNIPROT","Q11203","directed","Control(In: ACTIVATION of BiochemicalReaction)"
"UNIPROT","P51884","UNIPROT","Q9GZX3","directed","Control(In: ACTIVATION of BiochemicalReaction)"
"UNIPROT","P51888","UNIPROT","P15291","directed","Control(In: ACTIVATION of BiochemicalReaction)"
"UNIPROT","P51888","UNIPROT","Q11203","directed","Control(In: ACTIVATION of BiochemicalReaction)"
"UNIPROT","P51888","UNIPROT","Q9GZX3","directed","Control(In: ACTIVATION of BiochemicalReaction)"
"UNIPROT","P54840","UNIPROT","O15488","undirected","Binding"
"UNIPROT","P54840","UNIPROT","Q04446","directed","Control(In: ACTIVATION of BiochemicalReaction)"
"UNIPROT","P58397","UNIPROT","Q6Y288","directed","Control(In: ACTIVATION of BiochemicalReaction)"
"UNIPROT","P59510","UNIPROT","Q6Y288","directed","Control(In: ACTIVATION of BiochemicalReaction)"
"UNIPROT","P62979","UNIPROT","Q6VVB1","directed","Control(In: ACTIVATION of BiochemicalReaction)"
"UNIPROT","P62987","UNIPROT","Q6VVB1","directed","Control(In: ACTIVATION of BiochemicalReaction)"
"UNIPROT","P78333","UNIPROT","O94766","directed","Control(In: ACTIVATION of BiochemicalReaction)"
"UNIPROT","P78333","UNIPROT","Q16394","directed","Control(In: ACTIVATION of BiochemicalReaction)"
"UNIPROT","P78333","UNIPROT","Q93063","directed","Control(In: ACTIVATION of BiochemicalReaction)"
"UNIPROT","P78333","UNIPROT","Q96L58","directed","Control(In: ACTIVATION of BiochemicalReaction)"
"UNIPROT","P78333","UNIPROT","Q9UBV7","directed","Control(In: ACTIVATION of BiochemicalReaction)"
"UNIPROT","P82987","UNIPROT","Q6Y288","directed","Control(In: ACTIVATION of BiochemicalReaction)"
"UNIPROT","P98088","UNIPROT","Q14435","directed","Control(In: ACTIVATION of BiochemicalReaction)"
"UNIPROT","P98088","UNIPROT","Q8IXK2","directed","Control(In: ACTIVATION of BiochemicalReaction)"
"UNIPROT","P98088","UNIPROT","Q96EU7","directed","Control(In: ACTIVATION of BiochemicalReaction)"
"UNIPROT","P98088","UNIPROT","Q9NS00","directed","Control(In: ACTIVATION of BiochemicalReaction)"
"UNIPROT","P98160","UNIPROT","O94766","directed","Control(In: ACTIVATION of BiochemicalReaction)"
"UNIPROT","P98160","UNIPROT","Q16394","directed","Control(In: ACTIVATION of BiochemicalReaction)"
"UNIPROT","P98160","UNIPROT","Q93063","directed","Control(In: ACTIVATION of BiochemicalReaction)"
"UNIPROT","P98160","UNIPROT","Q96L58","directed","Control(In: ACTIVATION of BiochemicalReaction)"
"UNIPROT","P98160","UNIPROT","Q9UBV7","directed","Control(In: ACTIVATION of BiochemicalReaction)"
"UNIPROT","Q02505","UNIPROT","Q14435","directed","Control(In: ACTIVATION of BiochemicalReaction)"
"UNIPROT","Q02505","UNIPROT","Q8IXK2","directed","Control(In: ACTIVATION of BiochemicalReaction)"
"UNIPROT","Q02505","UNIPROT","Q96EU7","directed","Control(In: ACTIVATION of BiochemicalReaction)"
"UNIPROT","Q02505","UNIPROT","Q9NS00","directed","Control(In: ACTIVATION of BiochemicalReaction)"
"UNIPROT","Q02817","UNIPROT","Q14435","directed","Control(In: ACTIVATION of BiochemicalReaction)"
"UNIPROT","Q02817","UNIPROT","Q8IXK2","directed","Control(In: ACTIVATION of BiochemicalReaction)"
"UNIPROT","Q02817","UNIPROT","Q96EU7","directed","Control(In: ACTIVATION of BiochemicalReaction)"
"UNIPROT","Q02817","UNIPROT","Q9NS00","directed","Control(In: ACTIVATION of BiochemicalReaction)"
"UNIPROT","Q04721","UNIPROT","Q8NES3","directed","Control(In: ACTIVATION of BiochemicalReaction)"
"UNIPROT","Q06828","UNIPROT","P15291","directed","Control(In: ACTIVATION of BiochemicalReaction)"
"UNIPROT","Q06828","UNIPROT","Q11203","directed","Control(In: ACTIVATION of BiochemicalReaction)"
"UNIPROT","Q06828","UNIPROT","Q9GZX3","directed","Control(In: ACTIVATION of BiochemicalReaction)"
"UNIPROT","Q13085","UNIPROT","P50747","directed","Control(In: ACTIVATION of BiochemicalReaction)"
"UNIPROT","Q13591","UNIPROT","Q6Y288","directed","Control(In: ACTIVATION of BiochemicalReaction)"
"UNIPROT","Q14118","UNIPROT","Q8WZA1","directed","Control(In: ACTIVATION of BiochemicalReaction)"
"UNIPROT","Q14118","UNIPROT","Q9UKY4","directed","Control(In: ACTIVATION of BiochemicalReaction)"
"UNIPROT","Q14118","UNIPROT","Q9Y6A1","directed","Control(In: ACTIVATION of BiochemicalReaction)"
"UNIPROT","Q16394","UNIPROT","Q93063","undirected","Binding"
"UNIPROT","Q5SSG8","UNIPROT","Q14435","directed","Control(In: ACTIVATION of BiochemicalReaction)"
"UNIPROT","Q5SSG8","UNIPROT","Q8IXK2","directed","Control(In: ACTIVATION of BiochemicalReaction)"
"UNIPROT","Q5SSG8","UNIPROT","Q96EU7","directed","Control(In: ACTIVATION of BiochemicalReaction)"
"UNIPROT","Q5SSG8","UNIPROT","Q9NS00","directed","Control(In: ACTIVATION of BiochemicalReaction)"
"UNIPROT","Q685J3","UNIPROT","Q14435","directed","Control(In: ACTIVATION of BiochemicalReaction)"
"UNIPROT","Q685J3","UNIPROT","Q8IXK2","directed","Control(In: ACTIVATION of BiochemicalReaction)"
"UNIPROT","Q685J3","UNIPROT","Q96EU7","directed","Control(In: ACTIVATION of BiochemicalReaction)"
"UNIPROT","Q685J3","UNIPROT","Q9NS00","directed","Control(In: ACTIVATION of BiochemicalReaction)"
"UNIPROT","Q6P4F2","UNIPROT","P22570","undirected","Binding"
"UNIPROT","Q6UVK1","UNIPROT","O94766","directed","Control(In: ACTIVATION of BiochemicalReaction)"
"UNIPROT","Q6UVK1","UNIPROT","Q7LGC8","directed","Control(In: ACTIVATION of BiochemicalReaction)"
"UNIPROT","Q6UVK1","UNIPROT","Q86X52","directed","Control(In: ACTIVATION of BiochemicalReaction)"
"UNIPROT","Q6UVK1","UNIPROT","Q8NCH0","directed","Control(In: ACTIVATION of BiochemicalReaction)"
"UNIPROT","Q6UVK1","UNIPROT","Q96L58","directed","Control(In: ACTIVATION of BiochemicalReaction)"
"UNIPROT","Q6UVK1","UNIPROT","Q9UBV7","directed","Control(In: ACTIVATION of BiochemicalReaction)"
"UNIPROT","Q6UY14","UNIPROT","Q6Y288","directed","Control(In: ACTIVATION of BiochemicalReaction)"
"UNIPROT","Q6W4X9","UNIPROT","Q14435","directed","Control(In: ACTIVATION of BiochemicalReaction)"
"UNIPROT","Q6W4X9","UNIPROT","Q8IXK2","directed","Control(In: ACTIVATION of BiochemicalReaction)"
"UNIPROT","Q6W4X9","UNIPROT","Q96EU7","directed","Control(In: ACTIVATION of BiochemicalReaction)"
"UNIPROT","Q6W4X9","UNIPROT","Q9NS00","directed","Control(In: ACTIVATION of BiochemicalReaction)"
"UNIPROT","Q6ZMM2","UNIPROT","Q6Y288","directed","Control(In: ACTIVATION of BiochemicalReaction)"
"UNIPROT","Q6ZMP0","UNIPROT","Q6Y288","directed","Control(In: ACTIVATION of BiochemicalReaction)"
"UNIPROT","Q76LX8","UNIPROT","Q6Y288","directed","Control(In: ACTIVATION of BiochemicalReaction)"
"UNIPROT","Q7Z5P9","UNIPROT","Q14435","directed","Control(In: ACTIVATION of BiochemicalReaction)"
"UNIPROT","Q7Z5P9","UNIPROT","Q8IXK2","directed","Control(In: ACTIVATION of BiochemicalReaction)"
"UNIPROT","Q7Z5P9","UNIPROT","Q96EU7","directed","Control(In: ACTIVATION of BiochemicalReaction)"
"UNIPROT","Q7Z5P9","UNIPROT","Q9NS00","directed","Control(In: ACTIVATION of BiochemicalReaction)"
"UNIPROT","Q86SQ9","UNIPROT","Q96E22","undirected","Binding"
"UNIPROT","Q86TH1","UNIPROT","Q6Y288","directed","Control(In: ACTIVATION of BiochemicalReaction)"
"UNIPROT","Q8IVH4","UNIPROT","P22033","undirected","Binding"
"UNIPROT","Q8IVN8","UNIPROT","Q6Y288","directed","Control(In: ACTIVATION of BiochemicalReaction)"
"UNIPROT","Q8N158","UNIPROT","O94766","directed","Control(In: ACTIVATION of BiochemicalReaction)"
"UNIPROT","Q8N158","UNIPROT","Q16394","directed","Control(In: ACTIVATION of BiochemicalReaction)"
"UNIPROT","Q8N158","UNIPROT","Q93063","directed","Control(In: ACTIVATION of BiochemicalReaction)"
"UNIPROT","Q8N158","UNIPROT","Q96L58","directed","Control(In: ACTIVATION of BiochemicalReaction)"
"UNIPROT","Q8N158","UNIPROT","Q9UBV7","directed","Control(In: ACTIVATION of BiochemicalReaction)"
"UNIPROT","Q8N307","UNIPROT","Q14435","directed","Control(In: ACTIVATION of BiochemicalReaction)"
"UNIPROT","Q8N307","UNIPROT","Q8IXK2","directed","Control(In: ACTIVATION of BiochemicalReaction)"
"UNIPROT","Q8N307","UNIPROT","Q96EU7","directed","Control(In: ACTIVATION of BiochemicalReaction)"
"UNIPROT","Q8N307","UNIPROT","Q9NS00","directed","Control(In: ACTIVATION of BiochemicalReaction)"
"UNIPROT","Q8N387","UNIPROT","Q14435","directed","Control(In: ACTIVATION of BiochemicalReaction)"
"UNIPROT","Q8N387","UNIPROT","Q8IXK2","directed","Control(In: ACTIVATION of BiochemicalReaction)"
"UNIPROT","Q8N387","UNIPROT","Q96EU7","directed","Control(In: ACTIVATION of BiochemicalReaction)"
"UNIPROT","Q8N387","UNIPROT","Q9NS00","directed","Control(In: ACTIVATION of BiochemicalReaction)"
"UNIPROT","Q8N6G6","UNIPROT","Q6Y288","directed","Control(In: ACTIVATION of BiochemicalReaction)"
"UNIPROT","Q8TAX7","UNIPROT","Q14435","directed","Control(In: ACTIVATION of BiochemicalReaction)"
"UNIPROT","Q8TAX7","UNIPROT","Q8IXK2","directed","Control(In: ACTIVATION of BiochemicalReaction)"
"UNIPROT","Q8TAX7","UNIPROT","Q96EU7","directed","Control(In: ACTIVATION of BiochemicalReaction)"
"UNIPROT","Q8TAX7","UNIPROT","Q9NS00","directed","Control(In: ACTIVATION of BiochemicalReaction)"
"UNIPROT","Q8TE56","UNIPROT","Q6Y288","directed","Control(In: ACTIVATION of BiochemicalReaction)"
"UNIPROT","Q8TE57","UNIPROT","Q6Y288","directed","Control(In: ACTIVATION of BiochemicalReaction)"
"UNIPROT","Q8TE58","UNIPROT","Q6Y288","directed","Control(In: ACTIVATION of BiochemicalReaction)"
"UNIPROT","Q8TE59","UNIPROT","Q6Y288","directed","Control(In: ACTIVATION of BiochemicalReaction)"
"UNIPROT","Q8TE60","UNIPROT","Q6Y288","directed","Control(In: ACTIVATION of BiochemicalReaction)"
"UNIPROT","Q8WXI7","UNIPROT","Q14435","directed","Control(In: ACTIVATION of BiochemicalReaction)"
"UNIPROT","Q8WXI7","UNIPROT","Q8IXK2","directed","Control(In: ACTIVATION of BiochemicalReaction)"
"UNIPROT","Q8WXI7","UNIPROT","Q96EU7","directed","Control(In: ACTIVATION of BiochemicalReaction)"
"UNIPROT","Q8WXI7","UNIPROT","Q9NS00","directed","Control(In: ACTIVATION of BiochemicalReaction)"
"UNIPROT","Q8WXS8","UNIPROT","Q6Y288","directed","Control(In: ACTIVATION of BiochemicalReaction)"
"UNIPROT","Q96DR8","UNIPROT","Q14435","directed","Control(In: ACTIVATION of BiochemicalReaction)"
"UNIPROT","Q96DR8","UNIPROT","Q8IXK2","directed","Control(In: ACTIVATION of BiochemicalReaction)"
"UNIPROT","Q96DR8","UNIPROT","Q96EU7","directed","Control(In: ACTIVATION of BiochemicalReaction)"
"UNIPROT","Q96DR8","UNIPROT","Q9NS00","directed","Control(In: ACTIVATION of BiochemicalReaction)"
"UNIPROT","Q96GW7","UNIPROT","O94766","directed","Control(In: ACTIVATION of BiochemicalReaction)"
"UNIPROT","Q96GW7","UNIPROT","Q7LGC8","directed","Control(In: ACTIVATION of BiochemicalReaction)"
"UNIPROT","Q96GW7","UNIPROT","Q86X52","directed","Control(In: ACTIVATION of BiochemicalReaction)"
"UNIPROT","Q96GW7","UNIPROT","Q8NCH0","directed","Control(In: ACTIVATION of BiochemicalReaction)"
"UNIPROT","Q96GW7","UNIPROT","Q96L58","directed","Control(In: ACTIVATION of BiochemicalReaction)"
"UNIPROT","Q96GW7","UNIPROT","Q9UBV7","directed","Control(In: ACTIVATION of BiochemicalReaction)"
"UNIPROT","Q96RQ3","UNIPROT","P50747","directed","Control(In: ACTIVATION of BiochemicalReaction)"
"UNIPROT","Q96RQ3","UNIPROT","Q9HCC0","undirected","Binding"
"UNIPROT","Q99102","UNIPROT","Q14435","directed","Control(In: ACTIVATION of BiochemicalReaction)"
"UNIPROT","Q99102","UNIPROT","Q8IXK2","directed","Control(In: ACTIVATION of BiochemicalReaction)"
"UNIPROT","Q99102","UNIPROT","Q96EU7","directed","Control(In: ACTIVATION of BiochemicalReaction)"
"UNIPROT","Q99102","UNIPROT","Q9NS00","directed","Control(In: ACTIVATION of BiochemicalReaction)"
"UNIPROT","Q99466","UNIPROT","Q8NES3","directed","Control(In: ACTIVATION of BiochemicalReaction)"
"UNIPROT","Q99519","UNIPROT","P10619","undirected","Binding"
"UNIPROT","Q99707","UNIPROT","Q9UBK8","undirected","Binding"
"UNIPROT","Q99983","UNIPROT","P15291","directed","Control(In: ACTIVATION of BiochemicalReaction)"
"UNIPROT","Q99983","UNIPROT","Q11203","directed","Control(In: ACTIVATION of BiochemicalReaction)"
"UNIPROT","Q99983","UNIPROT","Q9GZX3","directed","Control(In: ACTIVATION of BiochemicalReaction)"
"UNIPROT","Q9BUD6","UNIPROT","Q6Y288","directed","Control(In: ACTIVATION of BiochemicalReaction)"
"UNIPROT","Q9BXJ7","UNIPROT","O60494","undirected","Binding"
"UNIPROT","Q9C0I4","UNIPROT","Q6Y288","directed","Control(In: ACTIVATION of BiochemicalReaction)"
"UNIPROT","Q9H195","UNIPROT","Q14435","directed","Control(In: ACTIVATION of BiochemicalReaction)"
"UNIPROT","Q9H195","UNIPROT","Q8IXK2","directed","Control(In: ACTIVATION of BiochemicalReaction)"
"UNIPROT","Q9H195","UNIPROT","Q96EU7","directed","Control(In: ACTIVATION of BiochemicalReaction)"
"UNIPROT","Q9H195","UNIPROT","Q9NS00","directed","Control(In: ACTIVATION of BiochemicalReaction)"
"UNIPROT","Q9H324","UNIPROT","Q6Y288","directed","Control(In: ACTIVATION of BiochemicalReaction)"
"UNIPROT","Q9H3R2","UNIPROT","Q14435","directed","Control(In: ACTIVATION of BiochemicalReaction)"
"UNIPROT","Q9H3R2","UNIPROT","Q8IXK2","directed","Control(In: ACTIVATION of BiochemicalReaction)"
"UNIPROT","Q9H3R2","UNIPROT","Q96EU7","directed","Control(In: ACTIVATION of BiochemicalReaction)"
"UNIPROT","Q9H3R2","UNIPROT","Q9NS00","directed","Control(In: ACTIVATION of BiochemicalReaction)"
"UNIPROT","Q9HC84","UNIPROT","Q14435","directed","Control(In: ACTIVATION of BiochemicalReaction)"
"UNIPROT","Q9HC84","UNIPROT","Q8IXK2","directed","Control(In: ACTIVATION of BiochemicalReaction)"
"UNIPROT","Q9HC84","UNIPROT","Q96EU7","directed","Control(In: ACTIVATION of BiochemicalReaction)"
"UNIPROT","Q9HC84","UNIPROT","Q9NS00","directed","Control(In: ACTIVATION of BiochemicalReaction)"
"UNIPROT","Q9HCB6","UNIPROT","Q6Y288","directed","Control(In: ACTIVATION of BiochemicalReaction)"
"UNIPROT","Q9HCC0","UNIPROT","P50747","directed","Control(In: ACTIVATION of BiochemicalReaction)"
"UNIPROT","Q9NP73","UNIPROT","Q96F25","undirected","Binding"
"UNIPROT","Q9NS00","UNIPROT","Q96EU7","undirected","Binding"
"UNIPROT","Q9NS62","UNIPROT","Q6Y288","directed","Control(In: ACTIVATION of BiochemicalReaction)"
"UNIPROT","Q9NUN5","UNIPROT","O14678","undirected","Binding"
"UNIPROT","Q9P283","UNIPROT","Q6Y288","directed","Control(In: ACTIVATION of BiochemicalReaction)"
"UNIPROT","Q9P2N4","UNIPROT","Q6Y288","directed","Control(In: ACTIVATION of BiochemicalReaction)"
"UNIPROT","Q9P2X0","UNIPROT","O60762","undirected","Binding"
"UNIPROT","Q9P2X0","UNIPROT","O94777","undirected","Binding"
"UNIPROT","Q9UHI8","UNIPROT","Q6Y288","directed","Control(In: ACTIVATION of BiochemicalReaction)"
"UNIPROT","Q9UKN1","UNIPROT","Q14435","directed","Control(In: ACTIVATION of BiochemicalReaction)"
"UNIPROT","Q9UKN1","UNIPROT","Q8IXK2","directed","Control(In: ACTIVATION of BiochemicalReaction)"
"UNIPROT","Q9UKN1","UNIPROT","Q96EU7","directed","Control(In: ACTIVATION of BiochemicalReaction)"
"UNIPROT","Q9UKN1","UNIPROT","Q9NS00","directed","Control(In: ACTIVATION of BiochemicalReaction)"
"UNIPROT","Q9UKP4","UNIPROT","Q6Y288","directed","Control(In: ACTIVATION of BiochemicalReaction)"
"UNIPROT","Q9UKP5","UNIPROT","Q6Y288","directed","Control(In: ACTIVATION of BiochemicalReaction)"
"UNIPROT","Q9UM47","UNIPROT","Q8NES3","directed","Control(In: ACTIVATION of BiochemicalReaction)"
"UNIPROT","Q9UNA0","UNIPROT","Q6Y288","directed","Control(In: ACTIVATION of BiochemicalReaction)"
"UNIPROT","Q9UP79","UNIPROT","Q6Y288","directed","Control(In: ACTIVATION of BiochemicalReaction)"
"UNIPROT","Q9UPZ6","UNIPROT","Q6Y288","directed","Control(In: ACTIVATION of BiochemicalReaction)"
"UNIPROT","Q9UQK1","UNIPROT","Q6VVB1","directed","Control(In: ACTIVATION of BiochemicalReaction)"
"UNIPROT","Q9Y625","UNIPROT","O94766","directed","Control(In: ACTIVATION of BiochemicalReaction)"
"UNIPROT","Q9Y625","UNIPROT","Q16394","directed","Control(In: ACTIVATION of BiochemicalReaction)"
"UNIPROT","Q9Y625","UNIPROT","Q93063","directed","Control(In: ACTIVATION of BiochemicalReaction)"
"UNIPROT","Q9Y625","UNIPROT","Q96L58","directed","Control(In: ACTIVATION of BiochemicalReaction)"
"UNIPROT","Q9Y625","UNIPROT","Q9UBV7","directed","Control(In: ACTIVATION of BiochemicalReaction)"
"UNIPROT","Q9Y6A1","UNIPROT","Q9UKY4","undirected","Binding"
