"src_type","src","dest_type","dest","direction","type"
"UNIPROT","O14807","UNIPROT","P04049","directed","Control(Out: ACTIVATION of BiochemicalReaction)"
"UNIPROT","O14807","UNIPROT","P10398","directed","Control(Out: ACTIVATION of BiochemicalReaction)"
"UNIPROT","O14807","UNIPROT","P15056","directed","Control(Out: ACTIVATION of BiochemicalReaction)"
"UNIPROT","O14807","UNIPROT","P31946","directed","Control(Out: ACTIVATION of BiochemicalReaction)"
"UNIPROT","O60674","UNIPROT","P01111","directed","Control(Out: ACTIVATION of BiochemicalReaction)"
"UNIPROT","O60674","UNIPROT","P01112","directed","Control(Out: ACTIVATION of BiochemicalReaction)"
"UNIPROT","O60674","UNIPROT","P01116","directed","Control(Out: ACTIVATION of BiochemicalReaction)"
"UNIPROT","O60674","UNIPROT","P04049","directed","Control(Out: ACTIVATION of BiochemicalReaction)"
"UNIPROT","O60674","UNIPROT","P10398","directed","Control(Out: ACTIVATION of BiochemicalReaction)"
"UNIPROT","O60674","UNIPROT","P15056","directed","Control(Out: ACTIVATION of BiochemicalReaction)"
"UNIPROT","O60674","UNIPROT","P27448","directed","Control(Out: ACTIVATION of BiochemicalReaction)"
"UNIPROT","O60674","UNIPROT","P31946","directed","Control(Out: ACTIVATION of BiochemicalReaction)"
"UNIPROT","O60674","UNIPROT","Q8IVT5","directed","Control(Out: ACTIVATION of BiochemicalReaction)"
"UNIPROT","P01116","UNIPROT","P04049","undirected","Binding"
"UNIPROT","P01116","UNIPROT","P10398","undirected","Binding"
"UNIPROT","P01116","UNIPROT","P27448","undirected","Binding"
"UNIPROT","P01116","UNIPROT","Q8IVT5","undirected","Binding"
"UNIPROT","P04049","UNIPROT","P01111","directed","Control(Out: ACTIVATION of BiochemicalReaction)"
"UNIPROT","P04049","UNIPROT","P01111","undirected","Binding"
"UNIPROT","P04049","UNIPROT","P01112","directed","Control(Out: ACTIVATION of BiochemicalReaction)"
"UNIPROT","P04049","UNIPROT","P01112","undirected","Binding"
"UNIPROT","P04049","UNIPROT","P01116","directed","Control(Out: ACTIVATION of BiochemicalReaction)"
"UNIPROT","P04049","UNIPROT","P10398","undirected","Binding"
"UNIPROT","P04049","UNIPROT","P27448","directed","Control(In: INHIBITION of BiochemicalReaction)"
"UNIPROT","P04049","UNIPROT","P27448","directed","Control(Out: ACTIVATION of BiochemicalReaction)"
"UNIPROT","P04049","UNIPROT","P27448","undirected","Binding"
"UNIPROT","P04049","UNIPROT","P31946","directed","Control(Out: ACTIVATION of BiochemicalReaction)"
"UNIPROT","P04049","UNIPROT","P35232","directed","Control(In: ACTIVATION of BiochemicalReaction)"
"UNIPROT","P04049","UNIPROT","Q16584","directed","Control(In: ACTIVATION of BiochemicalReaction)"
"UNIPROT","P04049","UNIPROT","Q7Z569","directed","Control(In: INHIBITION of BiochemicalReaction)"
"UNIPROT","P04049","UNIPROT","Q8IVT5","directed","Control(In: INHIBITION of BiochemicalReaction)"
"UNIPROT","P04049","UNIPROT","Q8IVT5","directed","Control(Out: ACTIVATION of BiochemicalReaction)"
"UNIPROT","P04049","UNIPROT","Q8IVT5","undirected","Binding"
"UNIPROT","P0DP23","UNIPROT","P01111","directed","Control(Out: ACTIVATION of BiochemicalReaction)"
"UNIPROT","P0DP23","UNIPROT","P01112","directed","Control(Out: ACTIVATION of BiochemicalReaction)"
"UNIPROT","P0DP23","UNIPROT","P01116","directed","Control(Out: ACTIVATION of BiochemicalReaction)"
"UNIPROT","P0DP23","UNIPROT","P04049","directed","Control(Out: ACTIVATION of BiochemicalReaction)"
"UNIPROT","P0DP23","UNIPROT","P10398","directed","Control(Out: ACTIVATION of BiochemicalReaction)"
"UNIPROT","P0DP23","UNIPROT","P15056","directed","Control(Out: ACTIVATION of BiochemicalReaction)"
"UNIPROT","P0DP23","UNIPROT","P27448","directed","Control(Out: ACTIVATION of BiochemicalReaction)"
"UNIPROT","P0DP23","UNIPROT","P31946","directed","Control(Out: ACTIVATION of BiochemicalReaction)"
"UNIPROT","P0DP23","UNIPROT","Q13554","undirected","Binding"
"UNIPROT","P0DP23","UNIPROT","Q13555","undirected","Binding"
"UNIPROT","P0DP23","UNIPROT","Q13557","undirected","Binding"
"UNIPROT","P0DP23","UNIPROT","Q8IVT5","directed","Control(Out: ACTIVATION of BiochemicalReaction)"
"UNIPROT","P0DP23","UNIPROT","Q9UQM7","undirected","Binding"
"UNIPROT","P10398","UNIPROT","P01111","directed","Control(Out: ACTIVATION of BiochemicalReaction)"
"UNIPROT","P10398","UNIPROT","P01111","undirected","Binding"
"UNIPROT","P10398","UNIPROT","P01112","directed","Control(Out: ACTIVATION of BiochemicalReaction)"
"UNIPROT","P10398","UNIPROT","P01112","undirected","Binding"
"UNIPROT","P10398","UNIPROT","P01116","directed","Control(Out: ACTIVATION of BiochemicalReaction)"
"UNIPROT","P10398","UNIPROT","P27448","directed","Control(In: INHIBITION of BiochemicalReaction)"
"UNIPROT","P10398","UNIPROT","P27448","directed","Control(Out: ACTIVATION of BiochemicalReaction)"
"UNIPROT","P10398","UNIPROT","P27448","undirected","Binding"
"UNIPROT","P10398","UNIPROT","P31946","directed","Control(Out: ACTIVATION of BiochemicalReaction)"
"UNIPROT","P10398","UNIPROT","P35232","directed","Control(In: ACTIVATION of BiochemicalReaction)"
"UNIPROT","P10398","UNIPROT","Q16584","directed","Control(In: ACTIVATION of BiochemicalReaction)"
"UNIPROT","P10398","UNIPROT","Q7Z569","directed","Control(In: INHIBITION of BiochemicalReaction)"
"UNIPROT","P10398","UNIPROT","Q8IVT5","directed","Control(In: INHIBITION of BiochemicalReaction)"
"UNIPROT","P10398","UNIPROT","Q8IVT5","directed","Control(Out: ACTIVATION of BiochemicalReaction)"
"UNIPROT","P10398","UNIPROT","Q8IVT5","undirected","Binding"
"UNIPROT","P12931","UNIPROT","P01111","directed","Control(Out: ACTIVATION of BiochemicalReaction)"
"UNIPROT","P12931","UNIPROT","P01112","directed","Control(Out: ACTIVATION of BiochemicalReaction)"
"UNIPROT","P12931","UNIPROT","P01116","directed","Control(Out: ACTIVATION of BiochemicalReaction)"
"UNIPROT","P12931","UNIPROT","P04049","directed","Control(Out: ACTIVATION of BiochemicalReaction)"
"UNIPROT","P12931","UNIPROT","P10398","directed","Control(Out: ACTIVATION of BiochemicalReaction)"
"UNIPROT","P12931","UNIPROT","P15056","directed","Control(Out: ACTIVATION of BiochemicalReaction)"
"UNIPROT","P12931","UNIPROT","P27448","directed","Control(Out: ACTIVATION of BiochemicalReaction)"
"UNIPROT","P12931","UNIPROT","P31946","directed","Control(Out: ACTIVATION of BiochemicalReaction)"
"UNIPROT","P12931","UNIPROT","Q8IVT5","directed","Control(Out: ACTIVATION of BiochemicalReaction)"
"UNIPROT","P15056","UNIPROT","P01111","directed","Control(Out: ACTIVATION of BiochemicalReaction)"
"UNIPROT","P15056","UNIPROT","P01111","undirected","Binding"
"UNIPROT","P15056","UNIPROT","P01112","directed","Control(Out: ACTIVATION of BiochemicalReaction)"
"UNIPROT","P15056","UNIPROT","P01112","undirected","Binding"
"UNIPROT","P15056","UNIPROT","P01116","directed","Control(Out: ACTIVATION of BiochemicalReaction)"
"UNIPROT","P15056","UNIPROT","P01116","undirected","Binding"
"UNIPROT","P15056","UNIPROT","P04049","undirected","Binding"
"UNIPROT","P15056","UNIPROT","P10398","undirected","Binding"
"UNIPROT","P15056","UNIPROT","P27448","directed","Control(In: INHIBITION of BiochemicalReaction)"
"UNIPROT","P15056","UNIPROT","P27448","directed","Control(Out: ACTIVATION of BiochemicalReaction)"
"UNIPROT","P15056","UNIPROT","P27448","undirected","Binding"
"UNIPROT","P15056","UNIPROT","P31946","directed","Control(Out: ACTIVATION of BiochemicalReaction)"
"UNIPROT","P15056","UNIPROT","P31946","undirected","Binding"
"UNIPROT","P15056","UNIPROT","P35232","directed","Control(In: ACTIVATION of BiochemicalReaction)"
"UNIPROT","P15056","UNIPROT","Q16584","directed","Control(In: ACTIVATION of BiochemicalReaction)"
"UNIPROT","P15056","UNIPROT","Q7Z569","directed","Control(In: INHIBITION of BiochemicalReaction)"
"UNIPROT","P15056","UNIPROT","Q8IVT5","directed","Control(In: INHIBITION of BiochemicalReaction)"
"UNIPROT","P15056","UNIPROT","Q8IVT5","directed","Control(Out: ACTIVATION of BiochemicalReaction)"
"UNIPROT","P15056","UNIPROT","Q8IVT5","undirected","Binding"
"UNIPROT","P27448","UNIPROT","P01111","directed","Control(Out: INHIBITION of BiochemicalReaction)"
"UNIPROT","P27448","UNIPROT","P01111","undirected","Binding"
"UNIPROT","P27448","UNIPROT","P01112","directed","Control(Out: INHIBITION of BiochemicalReaction)"
"UNIPROT","P27448","UNIPROT","P01112","undirected","Binding"
"UNIPROT","P27448","UNIPROT","P01116","directed","Control(Out: INHIBITION of BiochemicalReaction)"
"UNIPROT","P27448","UNIPROT","P04049","directed","Control(Out: INHIBITION of BiochemicalReaction)"
"UNIPROT","P27448","UNIPROT","P10398","directed","Control(Out: INHIBITION of BiochemicalReaction)"
"UNIPROT","P27448","UNIPROT","P15056","directed","Control(Out: INHIBITION of BiochemicalReaction)"
"UNIPROT","P27448","UNIPROT","P30153","directed","Control(In: ACTIVATION of BiochemicalReaction)"
"UNIPROT","P27448","UNIPROT","P30154","directed","Control(In: ACTIVATION of BiochemicalReaction)"
"UNIPROT","P27448","UNIPROT","P31946","directed","Control(Out: INHIBITION of BiochemicalReaction)"
"UNIPROT","P27448","UNIPROT","P62714","directed","Control(In: ACTIVATION of BiochemicalReaction)"
"UNIPROT","P27448","UNIPROT","P67775","directed","Control(In: ACTIVATION of BiochemicalReaction)"
"UNIPROT","P27448","UNIPROT","Q13362","directed","Control(In: ACTIVATION of BiochemicalReaction)"
"UNIPROT","P27448","UNIPROT","Q14738","directed","Control(In: ACTIVATION of BiochemicalReaction)"
"UNIPROT","P27448","UNIPROT","Q15172","directed","Control(In: ACTIVATION of BiochemicalReaction)"
"UNIPROT","P27448","UNIPROT","Q15173","directed","Control(In: ACTIVATION of BiochemicalReaction)"
"UNIPROT","P27448","UNIPROT","Q16537","directed","Control(In: ACTIVATION of BiochemicalReaction)"
"UNIPROT","P27448","UNIPROT","Q16584","directed","Control(In: ACTIVATION of BiochemicalReaction)"
"UNIPROT","P27448","UNIPROT","Q7Z569","directed","Control(In: INHIBITION of BiochemicalReaction)"
"UNIPROT","P27448","UNIPROT","Q7Z569","undirected","Binding"
"UNIPROT","P30153","UNIPROT","P04049","directed","Control(Out: ACTIVATION of BiochemicalReaction)"
"UNIPROT","P30153","UNIPROT","P10398","directed","Control(Out: ACTIVATION of BiochemicalReaction)"
"UNIPROT","P30153","UNIPROT","P15056","directed","Control(Out: ACTIVATION of BiochemicalReaction)"
"UNIPROT","P30153","UNIPROT","P27448","directed","Control(Out: ACTIVATION of BiochemicalReaction)"
"UNIPROT","P30153","UNIPROT","P31946","directed","Control(Out: ACTIVATION of BiochemicalReaction)"
"UNIPROT","P30153","UNIPROT","P31946","directed","Control(Out: ACTIVATION of BiochemicalReaction)"
"UNIPROT","P30153","UNIPROT","Q8IVT5","directed","Control(Out: ACTIVATION of BiochemicalReaction)"
"UNIPROT","P30154","UNIPROT","P04049","directed","Control(Out: ACTIVATION of BiochemicalReaction)"
"UNIPROT","P30154","UNIPROT","P10398","directed","Control(Out: ACTIVATION of BiochemicalReaction)"
"UNIPROT","P30154","UNIPROT","P15056","directed","Control(Out: ACTIVATION of BiochemicalReaction)"
"UNIPROT","P30154","UNIPROT","P27448","directed","Control(Out: ACTIVATION of BiochemicalReaction)"
"UNIPROT","P30154","UNIPROT","P31946","directed","Control(Out: ACTIVATION of BiochemicalReaction)"
"UNIPROT","P30154","UNIPROT","P31946","directed","Control(Out: ACTIVATION of BiochemicalReaction)"
"UNIPROT","P30154","UNIPROT","Q13362","undirected","Binding"
"UNIPROT","P30154","UNIPROT","Q15172","undirected","Binding"
"UNIPROT","P30154","UNIPROT","Q15173","undirected","Binding"
"UNIPROT","P30154","UNIPROT","Q16537","undirected","Binding"
"UNIPROT","P30154","UNIPROT","Q8IVT5","directed","Control(Out: ACTIVATION of BiochemicalReaction)"
"UNIPROT","P31946","UNIPROT","P01111","undirected","Binding"
"UNIPROT","P31946","UNIPROT","P01112","undirected","Binding"
"UNIPROT","P31946","UNIPROT","P01116","undirected","Binding"
"UNIPROT","P31946","UNIPROT","P04049","undirected","Binding"
"UNIPROT","P31946","UNIPROT","P10398","undirected","Binding"
"UNIPROT","P31946","UNIPROT","P27448","undirected","Binding"
"UNIPROT","P31946","UNIPROT","P30153","directed","Control(In: ACTIVATION of BiochemicalReaction)"
"UNIPROT","P31946","UNIPROT","P30154","directed","Control(In: ACTIVATION of BiochemicalReaction)"
"UNIPROT","P31946","UNIPROT","P35232","directed","Control(In: ACTIVATION of BiochemicalReaction)"
"UNIPROT","P31946","UNIPROT","P62714","directed","Control(In: ACTIVATION of BiochemicalReaction)"
"UNIPROT","P31946","UNIPROT","P67775","directed","Control(In: ACTIVATION of BiochemicalReaction)"
"UNIPROT","P31946","UNIPROT","Q13362","directed","Control(In: ACTIVATION of BiochemicalReaction)"
"UNIPROT","P31946","UNIPROT","Q14738","directed","Control(In: ACTIVATION of BiochemicalReaction)"
"UNIPROT","P31946","UNIPROT","Q15172","directed","Control(In: ACTIVATION of BiochemicalReaction)"
"UNIPROT","P31946","UNIPROT","Q15173","directed","Control(In: ACTIVATION of BiochemicalReaction)"
"UNIPROT","P31946","UNIPROT","Q16537","directed","Control(In: ACTIVATION of BiochemicalReaction)"
"UNIPROT","P31946","UNIPROT","Q8IVT5","undirected","Binding"
"UNIPROT","P35232","UNIPROT","P01111","directed","Control(Out: ACTIVATION of BiochemicalReaction)"
"UNIPROT","P35232","UNIPROT","P01112","directed","Control(Out: ACTIVATION of BiochemicalReaction)"
"UNIPROT","P35232","UNIPROT","P01116","directed","Control(Out: ACTIVATION of BiochemicalReaction)"
"UNIPROT","P35232","UNIPROT","P04049","directed","Control(Out: ACTIVATION of BiochemicalReaction)"
"UNIPROT","P35232","UNIPROT","P10398","directed","Control(Out: ACTIVATION of BiochemicalReaction)"
"UNIPROT","P35232","UNIPROT","P15056","directed","Control(Out: ACTIVATION of BiochemicalReaction)"
"UNIPROT","P35232","UNIPROT","P31946","directed","Control(Out: ACTIVATION of BiochemicalReaction)"
"UNIPROT","P35232","UNIPROT","Q8IVT5","directed","Control(Out: ACTIVATION of BiochemicalReaction)"
"UNIPROT","P36507","UNIPROT","P01111","directed","Control(Out: ACTIVATION of BiochemicalReaction)"
"UNIPROT","P36507","UNIPROT","P01112","directed","Control(Out: ACTIVATION of BiochemicalReaction)"
"UNIPROT","P36507","UNIPROT","P01116","directed","Control(Out: ACTIVATION of BiochemicalReaction)"
"UNIPROT","P36507","UNIPROT","P04049","directed","Control(Out: ACTIVATION of BiochemicalReaction)"
"UNIPROT","P36507","UNIPROT","P10398","directed","Control(Out: ACTIVATION of BiochemicalReaction)"
"UNIPROT","P36507","UNIPROT","P15056","directed","Control(Out: ACTIVATION of BiochemicalReaction)"
"UNIPROT","P36507","UNIPROT","P27448","directed","Control(Out: ACTIVATION of BiochemicalReaction)"
"UNIPROT","P36507","UNIPROT","P31946","directed","Control(Out: ACTIVATION of BiochemicalReaction)"
"UNIPROT","P36507","UNIPROT","Q8IVT5","directed","Control(Out: ACTIVATION of BiochemicalReaction)"
"UNIPROT","P36873","UNIPROT","O14807","undirected","Binding"
"UNIPROT","P36873","UNIPROT","P04049","directed","Control(Out: ACTIVATION of BiochemicalReaction)"
"UNIPROT","P36873","UNIPROT","P10398","directed","Control(Out: ACTIVATION of BiochemicalReaction)"
"UNIPROT","P36873","UNIPROT","P15056","directed","Control(Out: ACTIVATION of BiochemicalReaction)"
"UNIPROT","P36873","UNIPROT","P31946","directed","Control(Out: ACTIVATION of BiochemicalReaction)"
"UNIPROT","P36873","UNIPROT","Q9UQ13","undirected","Binding"
"UNIPROT","P62140","UNIPROT","O14807","undirected","Binding"
"UNIPROT","P62140","UNIPROT","P04049","directed","Control(Out: ACTIVATION of BiochemicalReaction)"
"UNIPROT","P62140","UNIPROT","P10398","directed","Control(Out: ACTIVATION of BiochemicalReaction)"
"UNIPROT","P62140","UNIPROT","P15056","directed","Control(Out: ACTIVATION of BiochemicalReaction)"
"UNIPROT","P62140","UNIPROT","P31946","directed","Control(Out: ACTIVATION of BiochemicalReaction)"
"UNIPROT","P62140","UNIPROT","Q9UQ13","undirected","Binding"
"UNIPROT","P62714","UNIPROT","P04049","directed","Control(Out: ACTIVATION of BiochemicalReaction)"
"UNIPROT","P62714","UNIPROT","P10398","directed","Control(Out: ACTIVATION of BiochemicalReaction)"
"UNIPROT","P62714","UNIPROT","P15056","directed","Control(Out: ACTIVATION of BiochemicalReaction)"
"UNIPROT","P62714","UNIPROT","P27448","directed","Control(Out: ACTIVATION of BiochemicalReaction)"
"UNIPROT","P62714","UNIPROT","P30153","undirected","Binding"
"UNIPROT","P62714","UNIPROT","P30154","undirected","Binding"
"UNIPROT","P62714","UNIPROT","P31946","directed","Control(Out: ACTIVATION of BiochemicalReaction)"
"UNIPROT","P62714","UNIPROT","P31946","directed","Control(Out: ACTIVATION of BiochemicalReaction)"
"UNIPROT","P62714","UNIPROT","Q13362","undirected","Binding"
"UNIPROT","P62714","UNIPROT","Q14738","undirected","Binding"
"UNIPROT","P62714","UNIPROT","Q15172","undirected","Binding"
"UNIPROT","P62714","UNIPROT","Q15173","undirected","Binding"
"UNIPROT","P62714","UNIPROT","Q16537","undirected","Binding"
"UNIPROT","P62714","UNIPROT","Q8IVT5","directed","Control(Out: ACTIVATION of BiochemicalReaction)"
"UNIPROT","P67775","UNIPROT","P04049","directed","Control(Out: ACTIVATION of BiochemicalReaction)"
"UNIPROT","P67775","UNIPROT","P10398","directed","Control(Out: ACTIVATION of BiochemicalReaction)"
"UNIPROT","P67775","UNIPROT","P15056","directed","Control(Out: ACTIVATION of BiochemicalReaction)"
"UNIPROT","P67775","UNIPROT","P27448","directed","Control(Out: ACTIVATION of BiochemicalReaction)"
"UNIPROT","P67775","UNIPROT","P30153","undirected","Binding"
"UNIPROT","P67775","UNIPROT","P30154","undirected","Binding"
"UNIPROT","P67775","UNIPROT","P31946","directed","Control(Out: ACTIVATION of BiochemicalReaction)"
"UNIPROT","P67775","UNIPROT","P31946","directed","Control(Out: ACTIVATION of BiochemicalReaction)"
"UNIPROT","P67775","UNIPROT","Q13362","undirected","Binding"
"UNIPROT","P67775","UNIPROT","Q14738","undirected","Binding"
"UNIPROT","P67775","UNIPROT","Q15172","undirected","Binding"
"UNIPROT","P67775","UNIPROT","Q15173","undirected","Binding"
"UNIPROT","P67775","UNIPROT","Q16537","undirected","Binding"
"UNIPROT","P67775","UNIPROT","Q8IVT5","directed","Control(Out: ACTIVATION of BiochemicalReaction)"
"UNIPROT","Q02750","UNIPROT","P01111","directed","Control(Out: ACTIVATION of BiochemicalReaction)"
"UNIPROT","Q02750","UNIPROT","P01112","directed","Control(Out: ACTIVATION of BiochemicalReaction)"
"UNIPROT","Q02750","UNIPROT","P01116","directed","Control(Out: ACTIVATION of BiochemicalReaction)"
"UNIPROT","Q02750","UNIPROT","P04049","directed","Control(Out: ACTIVATION of BiochemicalReaction)"
"UNIPROT","Q02750","UNIPROT","P10398","directed","Control(Out: ACTIVATION of BiochemicalReaction)"
"UNIPROT","Q02750","UNIPROT","P15056","directed","Control(Out: ACTIVATION of BiochemicalReaction)"
"UNIPROT","Q02750","UNIPROT","P27448","directed","Control(Out: ACTIVATION of BiochemicalReaction)"
"UNIPROT","Q02750","UNIPROT","P31946","directed","Control(Out: ACTIVATION of BiochemicalReaction)"
"UNIPROT","Q02750","UNIPROT","P36507","undirected","Binding"
"UNIPROT","Q02750","UNIPROT","Q8IVT5","directed","Control(Out: ACTIVATION of BiochemicalReaction)"
"UNIPROT","Q13362","UNIPROT","P04049","directed","Control(Out: ACTIVATION of BiochemicalReaction)"
"UNIPROT","Q13362","UNIPROT","P10398","directed","Control(Out: ACTIVATION of BiochemicalReaction)"
"UNIPROT","Q13362","UNIPROT","P15056","directed","Control(Out: ACTIVATION of BiochemicalReaction)"
"UNIPROT","Q13362","UNIPROT","P27448","directed","Control(Out: ACTIVATION of BiochemicalReaction)"
"UNIPROT","Q13362","UNIPROT","P30153","undirected","Binding"
"UNIPROT","Q13362","UNIPROT","P31946","directed","Control(Out: ACTIVATION of BiochemicalReaction)"
"UNIPROT","Q13362","UNIPROT","P31946","directed","Control(Out: ACTIVATION of BiochemicalReaction)"
"UNIPROT","Q13362","UNIPROT","Q8IVT5","directed","Control(Out: ACTIVATION of BiochemicalReaction)"
"UNIPROT","Q13554","UNIPROT","P01111","directed","Control(Out: ACTIVATION of BiochemicalReaction)"
"UNIPROT","Q13554","UNIPROT","P01112","directed","Control(Out: ACTIVATION of BiochemicalReaction)"
"UNIPROT","Q13554","UNIPROT","P01116","directed","Control(Out: ACTIVATION of BiochemicalReaction)"
"UNIPROT","Q13554","UNIPROT","P04049","directed","Control(Out: ACTIVATION of BiochemicalReaction)"
"UNIPROT","Q13554","UNIPROT","P10398","directed","Control(Out: ACTIVATION of BiochemicalReaction)"
"UNIPROT","Q13554","UNIPROT","P15056","directed","Control(Out: ACTIVATION of BiochemicalReaction)"
"UNIPROT","Q13554","UNIPROT","P27448","directed","Control(Out: ACTIVATION of BiochemicalReaction)"
"UNIPROT","Q13554","UNIPROT","P31946","directed","Control(Out: ACTIVATION of BiochemicalReaction)"
"UNIPROT","Q13554","UNIPROT","Q8IVT5","directed","Control(Out: ACTIVATION of BiochemicalReaction)"
"UNIPROT","Q13555","UNIPROT","P01111","directed","Control(Out: ACTIVATION of BiochemicalReaction)"
"UNIPROT","Q13555","UNIPROT","P01112","directed","Control(Out: ACTIVATION of BiochemicalReaction)"
"UNIPROT","Q13555","UNIPROT","P01116","directed","Control(Out: ACTIVATION of BiochemicalReaction)"
"UNIPROT","Q13555","UNIPROT","P04049","directed","Control(Out: ACTIVATION of BiochemicalReaction)"
"UNIPROT","Q13555","UNIPROT","P10398","directed","Control(Out: ACTIVATION of BiochemicalReaction)"
"UNIPROT","Q13555","UNIPROT","P15056","directed","Control(Out: ACTIVATION of BiochemicalReaction)"
"UNIPROT","Q13555","UNIPROT","P27448","directed","Control(Out: ACTIVATION of BiochemicalReaction)"
"UNIPROT","Q13555","UNIPROT","P31946","directed","Control(Out: ACTIVATION of BiochemicalReaction)"
"UNIPROT","Q13555","UNIPROT","Q8IVT5","directed","Control(Out: ACTIVATION of BiochemicalReaction)"
"UNIPROT","Q13557","UNIPROT","P01111","directed","Control(Out: ACTIVATION of BiochemicalReaction)"
"UNIPROT","Q13557","UNIPROT","P01112","directed","Control(Out: ACTIVATION of BiochemicalReaction)"
"UNIPROT","Q13557","UNIPROT","P01116","directed","Control(Out: ACTIVATION of BiochemicalReaction)"
"UNIPROT","Q13557","UNIPROT","P04049","directed","Control(Out: ACTIVATION of BiochemicalReaction)"
"UNIPROT","Q13557","UNIPROT","P10398","directed","Control(Out: ACTIVATION of BiochemicalReaction)"
"UNIPROT","Q13557","UNIPROT","P15056","directed","Control(Out: ACTIVATION of BiochemicalReaction)"
"UNIPROT","Q13557","UNIPROT","P27448","directed","Control(Out: ACTIVATION of BiochemicalReaction)"
"UNIPROT","Q13557","UNIPROT","P31946","directed","Control(Out: ACTIVATION of BiochemicalReaction)"
"UNIPROT","Q13557","UNIPROT","Q8IVT5","directed","Control(Out: ACTIVATION of BiochemicalReaction)"
"UNIPROT","Q14738","UNIPROT","P04049","directed","Control(Out: ACTIVATION of BiochemicalReaction)"
"UNIPROT","Q14738","UNIPROT","P10398","directed","Control(Out: ACTIVATION of BiochemicalReaction)"
"UNIPROT","Q14738","UNIPROT","P15056","directed","Control(Out: ACTIVATION of BiochemicalReaction)"
"UNIPROT","Q14738","UNIPROT","P27448","directed","Control(Out: ACTIVATION of BiochemicalReaction)"
"UNIPROT","Q14738","UNIPROT","P30153","undirected","Binding"
"UNIPROT","Q14738","UNIPROT","P30154","undirected","Binding"
"UNIPROT","Q14738","UNIPROT","P31946","directed","Control(Out: ACTIVATION of BiochemicalReaction)"
"UNIPROT","Q14738","UNIPROT","P31946","directed","Control(Out: ACTIVATION of BiochemicalReaction)"
"UNIPROT","Q14738","UNIPROT","Q8IVT5","directed","Control(Out: ACTIVATION of BiochemicalReaction)"
"UNIPROT","Q15172","UNIPROT","P04049","directed","Control(Out: ACTIVATION of BiochemicalReaction)"
"UNIPROT","Q15172","UNIPROT","P10398","directed","Control(Out: ACTIVATION of BiochemicalReaction)"
"UNIPROT","Q15172","UNIPROT","P15056","directed","Control(Out: ACTIVATION of BiochemicalReaction)"
"UNIPROT","Q15172","UNIPROT","P27448","directed","Control(Out: ACTIVATION of BiochemicalReaction)"
"UNIPROT","Q15172","UNIPROT","P30153","undirected","Binding"
"UNIPROT","Q15172","UNIPROT","P31946","directed","Control(Out: ACTIVATION of BiochemicalReaction)"
"UNIPROT","Q15172","UNIPROT","P31946","directed","Control(Out: ACTIVATION of BiochemicalReaction)"
"UNIPROT","Q15172","UNIPROT","Q8IVT5","directed","Control(Out: ACTIVATION of BiochemicalReaction)"
"UNIPROT","Q15173","UNIPROT","P04049","directed","Control(Out: ACTIVATION of BiochemicalReaction)"
"UNIPROT","Q15173","UNIPROT","P10398","directed","Control(Out: ACTIVATION of BiochemicalReaction)"
"UNIPROT","Q15173","UNIPROT","P15056","directed","Control(Out: ACTIVATION of BiochemicalReaction)"
"UNIPROT","Q15173","UNIPROT","P27448","directed","Control(Out: ACTIVATION of BiochemicalReaction)"
"UNIPROT","Q15173","UNIPROT","P30153","undirected","Binding"
"UNIPROT","Q15173","UNIPROT","P31946","directed","Control(Out: ACTIVATION of BiochemicalReaction)"
"UNIPROT","Q15173","UNIPROT","P31946","directed","Control(Out: ACTIVATION of BiochemicalReaction)"
"UNIPROT","Q15173","UNIPROT","Q8IVT5","directed","Control(Out: ACTIVATION of BiochemicalReaction)"
"UNIPROT","Q16537","UNIPROT","P04049","directed","Control(Out: ACTIVATION of BiochemicalReaction)"
"UNIPROT","Q16537","UNIPROT","P10398","directed","Control(Out: ACTIVATION of BiochemicalReaction)"
"UNIPROT","Q16537","UNIPROT","P15056","directed","Control(Out: ACTIVATION of BiochemicalReaction)"
"UNIPROT","Q16537","UNIPROT","P27448","directed","Control(Out: ACTIVATION of BiochemicalReaction)"
"UNIPROT","Q16537","UNIPROT","P30153","undirected","Binding"
"UNIPROT","Q16537","UNIPROT","P31946","directed","Control(Out: ACTIVATION of BiochemicalReaction)"
"UNIPROT","Q16537","UNIPROT","P31946","directed","Control(Out: ACTIVATION of BiochemicalReaction)"
"UNIPROT","Q16537","UNIPROT","Q8IVT5","directed","Control(Out: ACTIVATION of BiochemicalReaction)"
"UNIPROT","Q16584","UNIPROT","P01111","directed","Control(Out: ACTIVATION of BiochemicalReaction)"
"UNIPROT","Q16584","UNIPROT","P01112","directed","Control(Out: ACTIVATION of BiochemicalReaction)"
"UNIPROT","Q16584","UNIPROT","P01116","directed","Control(Out: ACTIVATION of BiochemicalReaction)"
"UNIPROT","Q16584","UNIPROT","P04049","directed","Control(Out: ACTIVATION of BiochemicalReaction)"
"UNIPROT","Q16584","UNIPROT","P10398","directed","Control(Out: ACTIVATION of BiochemicalReaction)"
"UNIPROT","Q16584","UNIPROT","P15056","directed","Control(Out: ACTIVATION of BiochemicalReaction)"
"UNIPROT","Q16584","UNIPROT","P27448","directed","Control(Out: ACTIVATION of BiochemicalReaction)"
"UNIPROT","Q16584","UNIPROT","P31946","directed","Control(Out: ACTIVATION of BiochemicalReaction)"
"UNIPROT","Q16584","UNIPROT","Q8IVT5","directed","Control(Out: ACTIVATION of BiochemicalReaction)"
"UNIPROT","Q7Z569","UNIPROT","P01111","directed","Control(Out: INHIBITION of BiochemicalReaction)"
"UNIPROT","Q7Z569","UNIPROT","P01112","directed","Control(Out: INHIBITION of BiochemicalReaction)"
"UNIPROT","Q7Z569","UNIPROT","P01116","directed","Control(Out: INHIBITION of BiochemicalReaction)"
"UNIPROT","Q7Z569","UNIPROT","P04049","directed","Control(Out: INHIBITION of BiochemicalReaction)"
"UNIPROT","Q7Z569","UNIPROT","P10398","directed","Control(Out: INHIBITION of BiochemicalReaction)"
"UNIPROT","Q7Z569","UNIPROT","P15056","directed","Control(Out: INHIBITION of BiochemicalReaction)"
"UNIPROT","Q7Z569","UNIPROT","P27448","directed","Control(Out: INHIBITION of BiochemicalReaction)"
"UNIPROT","Q7Z569","UNIPROT","P31946","directed","Control(Out: INHIBITION of BiochemicalReaction)"
"UNIPROT","Q7Z569","UNIPROT","Q8IVT5","directed","Control(Out: INHIBITION of BiochemicalReaction)"
"UNIPROT","Q8IVT5","UNIPROT","P01111","directed","Control(Out: INHIBITION of BiochemicalReaction)"
"UNIPROT","Q8IVT5","UNIPROT","P01111","undirected","Binding"
"UNIPROT","Q8IVT5","UNIPROT","P01112","directed","Control(Out: INHIBITION of BiochemicalReaction)"
"UNIPROT","Q8IVT5","UNIPROT","P01112","undirected","Binding"
"UNIPROT","Q8IVT5","UNIPROT","P01116","directed","Control(Out: INHIBITION of BiochemicalReaction)"
"UNIPROT","Q8IVT5","UNIPROT","P04049","directed","Control(Out: INHIBITION of BiochemicalReaction)"
"UNIPROT","Q8IVT5","UNIPROT","P10398","directed","Control(Out: INHIBITION of BiochemicalReaction)"
"UNIPROT","Q8IVT5","UNIPROT","P15056","directed","Control(Out: INHIBITION of BiochemicalReaction)"
"UNIPROT","Q8IVT5","UNIPROT","P27448","undirected","Binding"
"UNIPROT","Q8IVT5","UNIPROT","P30153","directed","Control(In: ACTIVATION of BiochemicalReaction)"
"UNIPROT","Q8IVT5","UNIPROT","P30154","directed","Control(In: ACTIVATION of BiochemicalReaction)"
"UNIPROT","Q8IVT5","UNIPROT","P31946","directed","Control(Out: INHIBITION of BiochemicalReaction)"
"UNIPROT","Q8IVT5","UNIPROT","P35232","directed","Control(In: ACTIVATION of BiochemicalReaction)"
"UNIPROT","Q8IVT5","UNIPROT","P62714","directed","Control(In: ACTIVATION of BiochemicalReaction)"
"UNIPROT","Q8IVT5","UNIPROT","P67775","directed","Control(In: ACTIVATION of BiochemicalReaction)"
"UNIPROT","Q8IVT5","UNIPROT","Q13362","directed","Control(In: ACTIVATION of BiochemicalReaction)"
"UNIPROT","Q8IVT5","UNIPROT","Q14738","directed","Control(In: ACTIVATION of BiochemicalReaction)"
"UNIPROT","Q8IVT5","UNIPROT","Q15172","directed","Control(In: ACTIVATION of BiochemicalReaction)"
"UNIPROT","Q8IVT5","UNIPROT","Q15173","directed","Control(In: ACTIVATION of BiochemicalReaction)"
"UNIPROT","Q8IVT5","UNIPROT","Q16537","directed","Control(In: ACTIVATION of BiochemicalReaction)"
"UNIPROT","Q8IVT5","UNIPROT","Q16584","directed","Control(In: ACTIVATION of BiochemicalReaction)"
"UNIPROT","Q8IVT5","UNIPROT","Q7Z569","directed","Control(In: INHIBITION of BiochemicalReaction)"
"UNIPROT","Q8IVT5","UNIPROT","Q7Z569","undirected","Binding"
"UNIPROT","Q9UQ13","UNIPROT","O14807","undirected","Binding"
"UNIPROT","Q9UQ13","UNIPROT","P04049","directed","Control(Out: ACTIVATION of BiochemicalReaction)"
"UNIPROT","Q9UQ13","UNIPROT","P10398","directed","Control(Out: ACTIVATION of BiochemicalReaction)"
"UNIPROT","Q9UQ13","UNIPROT","P15056","directed","Control(Out: ACTIVATION of BiochemicalReaction)"
"UNIPROT","Q9UQ13","UNIPROT","P31946","directed","Control(Out: ACTIVATION of BiochemicalReaction)"
"UNIPROT","Q9UQM7","UNIPROT","P01111","directed","Control(Out: ACTIVATION of BiochemicalReaction)"
"UNIPROT","Q9UQM7","UNIPROT","P01112","directed","Control(Out: ACTIVATION of BiochemicalReaction)"
"UNIPROT","Q9UQM7","UNIPROT","P01116","directed","Control(Out: ACTIVATION of BiochemicalReaction)"
"UNIPROT","Q9UQM7","UNIPROT","P04049","directed","Control(Out: ACTIVATION of BiochemicalReaction)"
"UNIPROT","Q9UQM7","UNIPROT","P10398","directed","Control(Out: ACTIVATION of BiochemicalReaction)"
"UNIPROT","Q9UQM7","UNIPROT","P15056","directed","Control(Out: ACTIVATION of BiochemicalReaction)"
"UNIPROT","Q9UQM7","UNIPROT","P27448","directed","Control(Out: ACTIVATION of BiochemicalReaction)"
"UNIPROT","Q9UQM7","UNIPROT","P31946","directed","Control(Out: ACTIVATION of BiochemicalReaction)"
"UNIPROT","Q9UQM7","UNIPROT","Q8IVT5","directed","Control(Out: ACTIVATION of BiochemicalReaction)"
