"src_type","src","dest_type","dest","direction","type"
"UNIPROT","P31749","UNIPROT","A8MYZ6","directed","Control(Out: ACTIVATION of BiochemicalReaction)"
"UNIPROT","P31749","UNIPROT","O15111","directed","Control(Out: ACTIVATION of BiochemicalReaction)"
"UNIPROT","P31749","UNIPROT","O15530","directed","Control(In: ACTIVATION of BiochemicalReaction)"
"UNIPROT","P31749","UNIPROT","O15530","undirected","Binding"
"UNIPROT","P31749","UNIPROT","O43524","directed","Control(Out: ACTIVATION of BiochemicalReaction)"
"UNIPROT","P31749","UNIPROT","P16220","directed","Control(Out: ACTIVATION of BiochemicalReaction)"
"UNIPROT","P31749","UNIPROT","P22736","directed","Control(Out: ACTIVATION of BiochemicalReaction)"
"UNIPROT","P31749","UNIPROT","P38936","directed","Control(Out: ACTIVATION of BiochemicalReaction)"
"UNIPROT","P31749","UNIPROT","P46527","directed","Control(Out: ACTIVATION of BiochemicalReaction)"
"UNIPROT","P31749","UNIPROT","P49815","directed","Control(Out: ACTIVATION of BiochemicalReaction)"
"UNIPROT","P31749","UNIPROT","P49840","directed","Control(Out: ACTIVATION of BiochemicalReaction)"
"UNIPROT","P31749","UNIPROT","P49841","directed","Control(Out: ACTIVATION of BiochemicalReaction)"
"UNIPROT","P31749","UNIPROT","P55211","directed","Control(Out: ACTIVATION of BiochemicalReaction)"
"UNIPROT","P31749","UNIPROT","P98177","directed","Control(Out: ACTIVATION of BiochemicalReaction)"
"UNIPROT","P31749","UNIPROT","Q00987","directed","Control(Out: ACTIVATION of BiochemicalReaction)"
"UNIPROT","P31749","UNIPROT","Q12778","directed","Control(Out: ACTIVATION of BiochemicalReaction)"
"UNIPROT","P31749","UNIPROT","Q92934","directed","Control(Out: ACTIVATION of BiochemicalReaction)"
"UNIPROT","P31749","UNIPROT","Q96B36","directed","Control(Out: ACTIVATION of BiochemicalReaction)"
"UNIPROT","P31749","UNIPROT","Q9UBS0","directed","Control(Out: ACTIVATION of BiochemicalReaction)"
"UNIPROT","P42345","UNIPROT","P31749","directed","Control(Out: ACTIVATION of BiochemicalReaction)"
"UNIPROT","P42345","UNIPROT","P85299","undirected","Binding"
"UNIPROT","P42345","UNIPROT","Q9BPZ7","undirected","Binding"
"UNIPROT","P42345","UNIPROT","Q9BVC4","undirected","Binding"
"UNIPROT","P85299","UNIPROT","P31749","directed","Control(Out: ACTIVATION of BiochemicalReaction)"
"UNIPROT","P85299","UNIPROT","Q9BVC4","undirected","Binding"
"UNIPROT","Q6R327","UNIPROT","P31749","directed","Control(Out: ACTIVATION of BiochemicalReaction)"
"UNIPROT","Q6R327","UNIPROT","P42345","undirected","Binding"
"UNIPROT","Q6R327","UNIPROT","P85299","undirected","Binding"
"UNIPROT","Q6R327","UNIPROT","Q9BPZ7","undirected","Binding"
"UNIPROT","Q6R327","UNIPROT","Q9BVC4","undirected","Binding"
"UNIPROT","Q9BPZ7","UNIPROT","P31749","directed","Control(Out: ACTIVATION of BiochemicalReaction)"
"UNIPROT","Q9BPZ7","UNIPROT","P85299","undirected","Binding"
"UNIPROT","Q9BPZ7","UNIPROT","Q9BVC4","undirected","Binding"
"UNIPROT","Q9BVC4","UNIPROT","P31749","directed","Control(Out: ACTIVATION of BiochemicalReaction)"
