"src_type","src","dest_type","dest","direction","type"
"UNIPROT","P28749","UNIPROT","P06493","directed","Control(Out: INHIBITION of BiochemicalReaction)"
"UNIPROT","P28749","UNIPROT","P10244","directed","Control(Out: INHIBITION of BiochemicalReaction)"
"UNIPROT","P28749","UNIPROT","P20248","directed","Control(Out: INHIBITION of BiochemicalReaction)"
"UNIPROT","P28749","UNIPROT","Q01094","directed","Control(Out: INHIBITION of BiochemicalReaction)"
"UNIPROT","Q01094","UNIPROT","P06493","directed","Control(Out: ACTIVATION of BiochemicalReaction)"
"UNIPROT","Q08999","UNIPROT","P06493","directed","Control(Out: INHIBITION of BiochemicalReaction)"
"UNIPROT","Q08999","UNIPROT","P10244","directed","Control(Out: INHIBITION of BiochemicalReaction)"
"UNIPROT","Q08999","UNIPROT","P20248","directed","Control(Out: INHIBITION of BiochemicalReaction)"
"UNIPROT","Q08999","UNIPROT","Q01094","directed","Control(Out: INHIBITION of BiochemicalReaction)"
"UNIPROT","Q09028","UNIPROT","Q01094","directed","Control(Out: INHIBITION of BiochemicalReaction)"
"UNIPROT","Q09028","UNIPROT","Q08999","undirected","Binding"
"UNIPROT","Q09028","UNIPROT","Q14186","undirected","Binding"
"UNIPROT","Q09028","UNIPROT","Q14188","undirected","Binding"
"UNIPROT","Q09028","UNIPROT","Q15329","undirected","Binding"
"UNIPROT","Q09028","UNIPROT","Q16254","undirected","Binding"
"UNIPROT","Q09028","UNIPROT","Q52LA3","undirected","Binding"
"UNIPROT","Q09028","UNIPROT","Q5TKA1","undirected","Binding"
"UNIPROT","Q09028","UNIPROT","Q6MZP7","undirected","Binding"
"UNIPROT","Q09028","UNIPROT","Q96GY3","undirected","Binding"
"UNIPROT","Q13547","UNIPROT","P06493","directed","Control(Out: INHIBITION of BiochemicalReaction)"
"UNIPROT","Q13547","UNIPROT","P10244","directed","Control(Out: INHIBITION of BiochemicalReaction)"
"UNIPROT","Q13547","UNIPROT","P20248","directed","Control(Out: INHIBITION of BiochemicalReaction)"
"UNIPROT","Q13547","UNIPROT","P28749","undirected","Binding"
"UNIPROT","Q13547","UNIPROT","Q01094","directed","Control(Out: INHIBITION of BiochemicalReaction)"
"UNIPROT","Q13547","UNIPROT","Q08999","undirected","Binding"
"UNIPROT","Q13547","UNIPROT","Q14186","undirected","Binding"
"UNIPROT","Q13547","UNIPROT","Q14188","undirected","Binding"
"UNIPROT","Q13547","UNIPROT","Q15329","undirected","Binding"
"UNIPROT","Q13547","UNIPROT","Q16254","undirected","Binding"
"UNIPROT","Q14186","UNIPROT","P06493","directed","Control(Out: INHIBITION of BiochemicalReaction)"
"UNIPROT","Q14186","UNIPROT","P06493","directed","Control(Out: ACTIVATION of BiochemicalReaction)"
"UNIPROT","Q14186","UNIPROT","P10244","directed","Control(Out: INHIBITION of BiochemicalReaction)"
"UNIPROT","Q14186","UNIPROT","P20248","directed","Control(Out: INHIBITION of BiochemicalReaction)"
"UNIPROT","Q14186","UNIPROT","P28749","undirected","Binding"
"UNIPROT","Q14186","UNIPROT","Q01094","directed","Control(Out: INHIBITION of BiochemicalReaction)"
"UNIPROT","Q14186","UNIPROT","Q01094","undirected","Binding"
"UNIPROT","Q14186","UNIPROT","Q08999","undirected","Binding"
"UNIPROT","Q14186","UNIPROT","Q15329","undirected","Binding"
"UNIPROT","Q14186","UNIPROT","Q16254","undirected","Binding"
"UNIPROT","Q14186","UNIPROT","Q52LA3","undirected","Binding"
"UNIPROT","Q14186","UNIPROT","Q5TKA1","undirected","Binding"
"UNIPROT","Q14186","UNIPROT","Q6MZP7","undirected","Binding"
"UNIPROT","Q14186","UNIPROT","Q96GY3","undirected","Binding"
"UNIPROT","Q14188","UNIPROT","P06493","directed","Control(Out: INHIBITION of BiochemicalReaction)"
"UNIPROT","Q14188","UNIPROT","P06493","directed","Control(Out: ACTIVATION of BiochemicalReaction)"
"UNIPROT","Q14188","UNIPROT","P10244","directed","Control(Out: INHIBITION of BiochemicalReaction)"
"UNIPROT","Q14188","UNIPROT","P20248","directed","Control(Out: INHIBITION of BiochemicalReaction)"
"UNIPROT","Q14188","UNIPROT","P28749","undirected","Binding"
"UNIPROT","Q14188","UNIPROT","Q01094","directed","Control(Out: INHIBITION of BiochemicalReaction)"
"UNIPROT","Q14188","UNIPROT","Q01094","undirected","Binding"
"UNIPROT","Q14188","UNIPROT","Q08999","undirected","Binding"
"UNIPROT","Q14188","UNIPROT","Q15329","undirected","Binding"
"UNIPROT","Q14188","UNIPROT","Q16254","undirected","Binding"
"UNIPROT","Q14188","UNIPROT","Q52LA3","undirected","Binding"
"UNIPROT","Q14188","UNIPROT","Q5TKA1","undirected","Binding"
"UNIPROT","Q14188","UNIPROT","Q6MZP7","undirected","Binding"
"UNIPROT","Q14188","UNIPROT","Q96GY3","undirected","Binding"
"UNIPROT","Q15329","UNIPROT","P06493","directed","Control(Out: INHIBITION of BiochemicalReaction)"
"UNIPROT","Q15329","UNIPROT","P10244","directed","Control(Out: INHIBITION of BiochemicalReaction)"
"UNIPROT","Q15329","UNIPROT","P20248","directed","Control(Out: INHIBITION of BiochemicalReaction)"
"UNIPROT","Q15329","UNIPROT","Q01094","directed","Control(Out: INHIBITION of BiochemicalReaction)"
"UNIPROT","Q15329","UNIPROT","Q08999","undirected","Binding"
"UNIPROT","Q15329","UNIPROT","Q52LA3","undirected","Binding"
"UNIPROT","Q15329","UNIPROT","Q5TKA1","undirected","Binding"
"UNIPROT","Q15329","UNIPROT","Q6MZP7","undirected","Binding"
"UNIPROT","Q15329","UNIPROT","Q96GY3","undirected","Binding"
"UNIPROT","Q16254","UNIPROT","P06493","directed","Control(Out: INHIBITION of BiochemicalReaction)"
"UNIPROT","Q16254","UNIPROT","P10244","directed","Control(Out: INHIBITION of BiochemicalReaction)"
"UNIPROT","Q16254","UNIPROT","P20248","directed","Control(Out: INHIBITION of BiochemicalReaction)"
"UNIPROT","Q16254","UNIPROT","P28749","undirected","Binding"
"UNIPROT","Q16254","UNIPROT","Q01094","directed","Control(Out: INHIBITION of BiochemicalReaction)"
"UNIPROT","Q16254","UNIPROT","Q08999","undirected","Binding"
"UNIPROT","Q16254","UNIPROT","Q52LA3","undirected","Binding"
"UNIPROT","Q16254","UNIPROT","Q5TKA1","undirected","Binding"
"UNIPROT","Q16254","UNIPROT","Q6MZP7","undirected","Binding"
"UNIPROT","Q16254","UNIPROT","Q96GY3","undirected","Binding"
"UNIPROT","Q52LA3","UNIPROT","Q01094","directed","Control(Out: INHIBITION of BiochemicalReaction)"
"UNIPROT","Q52LA3","UNIPROT","Q08999","undirected","Binding"
"UNIPROT","Q5TKA1","UNIPROT","Q01094","directed","Control(Out: INHIBITION of BiochemicalReaction)"
"UNIPROT","Q5TKA1","UNIPROT","Q08999","undirected","Binding"
"UNIPROT","Q5TKA1","UNIPROT","Q52LA3","undirected","Binding"
"UNIPROT","Q5TKA1","UNIPROT","Q96GY3","undirected","Binding"
"UNIPROT","Q6MZP7","UNIPROT","Q01094","directed","Control(Out: INHIBITION of BiochemicalReaction)"
"UNIPROT","Q6MZP7","UNIPROT","Q08999","undirected","Binding"
"UNIPROT","Q6MZP7","UNIPROT","Q52LA3","undirected","Binding"
"UNIPROT","Q6MZP7","UNIPROT","Q5TKA1","undirected","Binding"
"UNIPROT","Q6MZP7","UNIPROT","Q96GY3","undirected","Binding"
"UNIPROT","Q96GY3","UNIPROT","Q01094","directed","Control(Out: INHIBITION of BiochemicalReaction)"
"UNIPROT","Q96GY3","UNIPROT","Q08999","undirected","Binding"
"UNIPROT","Q96GY3","UNIPROT","Q52LA3","undirected","Binding"
