"src_type","src","dest_type","dest","direction","type"
"UNIPROT","O60359","UNIPROT","P78352","undirected","Binding"
"UNIPROT","O75077","UNIPROT","O60359","undirected","Binding"
"UNIPROT","O75077","UNIPROT","P78352","undirected","Binding"
"UNIPROT","O75077","UNIPROT","Q8N0V4","undirected","Binding"
"UNIPROT","O75077","UNIPROT","Q8N135","undirected","Binding"
"UNIPROT","O75077","UNIPROT","Q8N145","undirected","Binding"
"UNIPROT","O75077","UNIPROT","Q8WXS5","undirected","Binding"
"UNIPROT","O75077","UNIPROT","Q9UBN1","undirected","Binding"
"UNIPROT","O75077","UNIPROT","Q9Y698","undirected","Binding"
"UNIPROT","O75078","UNIPROT","Q8N135","undirected","Binding"
"UNIPROT","O95970","UNIPROT","O60359","undirected","Binding"
"UNIPROT","O95970","UNIPROT","O75077","undirected","Binding"
"UNIPROT","O95970","UNIPROT","O75078","undirected","Binding"
"UNIPROT","O95970","UNIPROT","P78352","undirected","Binding"
"UNIPROT","O95970","UNIPROT","Q8WXS5","undirected","Binding"
"UNIPROT","O95970","UNIPROT","Q9P0K1","undirected","Binding"
"UNIPROT","O95970","UNIPROT","Q9UBN1","undirected","Binding"
"UNIPROT","O95970","UNIPROT","Q9Y698","undirected","Binding"
"UNIPROT","P61266","UNIPROT","Q8N145","undirected","Binding"
"UNIPROT","Q8N145","UNIPROT","Q16623","undirected","Binding"
"UNIPROT","Q8WXS5","UNIPROT","P78352","undirected","Binding"
"UNIPROT","Q9P0K1","UNIPROT","O60359","undirected","Binding"
"UNIPROT","Q9P0K1","UNIPROT","O75077","undirected","Binding"
"UNIPROT","Q9P0K1","UNIPROT","P78352","undirected","Binding"
"UNIPROT","Q9P0K1","UNIPROT","Q8N0V4","undirected","Binding"
"UNIPROT","Q9P0K1","UNIPROT","Q8N135","undirected","Binding"
"UNIPROT","Q9P0K1","UNIPROT","Q8N145","undirected","Binding"
"UNIPROT","Q9P0K1","UNIPROT","Q8WXS5","undirected","Binding"
"UNIPROT","Q9P0K1","UNIPROT","Q9UBN1","undirected","Binding"
"UNIPROT","Q9P0K1","UNIPROT","Q9Y698","undirected","Binding"
"UNIPROT","Q9UBN1","UNIPROT","P78352","undirected","Binding"
"UNIPROT","Q9Y698","UNIPROT","P78352","undirected","Binding"
