"src_type","src","dest_type","dest","direction","type"
"UNIPROT","O96009","UNIPROT","P07988","directed","Control(Out: ACTIVATION of BiochemicalReaction)"
"UNIPROT","O96009","UNIPROT","P11686","directed","Control(Out: ACTIVATION of BiochemicalReaction)"
"UNIPROT","P07988","UNIPROT","P08913","directed","Control(In: ACTIVATION of BiochemicalReaction)"
"UNIPROT","P07988","UNIPROT","P0C7M3","undirected","Binding"
"UNIPROT","P07988","UNIPROT","P11686","undirected","Binding"
"UNIPROT","P07988","UNIPROT","P18825","directed","Control(In: ACTIVATION of BiochemicalReaction)"
"UNIPROT","P07988","UNIPROT","P29274","directed","Control(In: ACTIVATION of BiochemicalReaction)"
"UNIPROT","P07988","UNIPROT","P29275","directed","Control(In: ACTIVATION of BiochemicalReaction)"
"UNIPROT","P07988","UNIPROT","P35247","undirected","Binding"
"UNIPROT","P07988","UNIPROT","P41231","directed","Control(In: ACTIVATION of BiochemicalReaction)"
"UNIPROT","P07988","UNIPROT","Q8IWL2","undirected","Binding"
"UNIPROT","P07988","UNIPROT","Q8IZF2","directed","Control(In: INHIBITION of BiochemicalReaction)"
"UNIPROT","P08913","UNIPROT","P07988","directed","Control(Out: ACTIVATION of BiochemicalReaction)"
"UNIPROT","P08913","UNIPROT","P11686","directed","Control(Out: ACTIVATION of BiochemicalReaction)"
"UNIPROT","P09668","UNIPROT","P07988","directed","Control(Out: ACTIVATION of BiochemicalReaction)"
"UNIPROT","P09668","UNIPROT","P11686","directed","Control(Out: ACTIVATION of BiochemicalReaction)"
"UNIPROT","P0C7M3","UNIPROT","P35247","undirected","Binding"
"UNIPROT","P0C7M3","UNIPROT","Q9UGM3","undirected","Binding"
"UNIPROT","P0DJD7","UNIPROT","P07988","directed","Control(Out: ACTIVATION of BiochemicalReaction)"
"UNIPROT","P0DJD7","UNIPROT","P11686","directed","Control(Out: ACTIVATION of BiochemicalReaction)"
"UNIPROT","P0DJD8","UNIPROT","P07988","directed","Control(Out: ACTIVATION of BiochemicalReaction)"
"UNIPROT","P0DJD8","UNIPROT","P11686","directed","Control(Out: ACTIVATION of BiochemicalReaction)"
"UNIPROT","P0DJD9","UNIPROT","P07988","directed","Control(Out: ACTIVATION of BiochemicalReaction)"
"UNIPROT","P0DJD9","UNIPROT","P11686","directed","Control(Out: ACTIVATION of BiochemicalReaction)"
"UNIPROT","P11686","UNIPROT","P08913","directed","Control(In: ACTIVATION of BiochemicalReaction)"
"UNIPROT","P11686","UNIPROT","P0C7M3","undirected","Binding"
"UNIPROT","P11686","UNIPROT","P18825","directed","Control(In: ACTIVATION of BiochemicalReaction)"
"UNIPROT","P11686","UNIPROT","P29274","directed","Control(In: ACTIVATION of BiochemicalReaction)"
"UNIPROT","P11686","UNIPROT","P29275","directed","Control(In: ACTIVATION of BiochemicalReaction)"
"UNIPROT","P11686","UNIPROT","P35247","undirected","Binding"
"UNIPROT","P11686","UNIPROT","P41231","directed","Control(In: ACTIVATION of BiochemicalReaction)"
"UNIPROT","P11686","UNIPROT","Q8IWL2","undirected","Binding"
"UNIPROT","P11686","UNIPROT","Q8IZF2","directed","Control(In: INHIBITION of BiochemicalReaction)"
"UNIPROT","P15509","UNIPROT","P07988","undirected","Binding"
"UNIPROT","P15509","UNIPROT","P0C7M3","undirected","Binding"
"UNIPROT","P15509","UNIPROT","P11686","undirected","Binding"
"UNIPROT","P15509","UNIPROT","P35247","undirected","Binding"
"UNIPROT","P15509","UNIPROT","Q8IWL1","undirected","Binding"
"UNIPROT","P15509","UNIPROT","Q8IWL2","undirected","Binding"
"UNIPROT","P18825","UNIPROT","P07988","directed","Control(Out: ACTIVATION of BiochemicalReaction)"
"UNIPROT","P18825","UNIPROT","P11686","directed","Control(Out: ACTIVATION of BiochemicalReaction)"
"UNIPROT","P29274","UNIPROT","P07988","directed","Control(Out: ACTIVATION of BiochemicalReaction)"
"UNIPROT","P29274","UNIPROT","P11686","directed","Control(Out: ACTIVATION of BiochemicalReaction)"
"UNIPROT","P29275","UNIPROT","P07988","directed","Control(Out: ACTIVATION of BiochemicalReaction)"
"UNIPROT","P29275","UNIPROT","P11686","directed","Control(Out: ACTIVATION of BiochemicalReaction)"
"UNIPROT","P32927","UNIPROT","P07988","undirected","Binding"
"UNIPROT","P32927","UNIPROT","P0C7M3","undirected","Binding"
"UNIPROT","P32927","UNIPROT","P11686","undirected","Binding"
"UNIPROT","P32927","UNIPROT","P15509","undirected","Binding"
"UNIPROT","P32927","UNIPROT","P35247","undirected","Binding"
"UNIPROT","P32927","UNIPROT","Q8IWL1","undirected","Binding"
"UNIPROT","P32927","UNIPROT","Q8IWL2","undirected","Binding"
"UNIPROT","P35247","UNIPROT","Q9UGM3","undirected","Binding"
"UNIPROT","P41231","UNIPROT","P07988","directed","Control(Out: ACTIVATION of BiochemicalReaction)"
"UNIPROT","P41231","UNIPROT","P11686","directed","Control(Out: ACTIVATION of BiochemicalReaction)"
"UNIPROT","Q07065","UNIPROT","P0C7M3","undirected","Binding"
"UNIPROT","Q07065","UNIPROT","Q8IWL1","undirected","Binding"
"UNIPROT","Q07065","UNIPROT","Q8IWL2","undirected","Binding"
"UNIPROT","Q15361","UNIPROT","P07988","directed","Control(Out: ACTIVATION of BiochemicalReaction)"
"UNIPROT","Q15361","UNIPROT","P11686","directed","Control(Out: ACTIVATION of BiochemicalReaction)"
"UNIPROT","Q8IWL1","UNIPROT","P07988","undirected","Binding"
"UNIPROT","Q8IWL1","UNIPROT","P11686","undirected","Binding"
"UNIPROT","Q8IWL1","UNIPROT","P35247","undirected","Binding"
"UNIPROT","Q8IWL1","UNIPROT","Q9UGM3","undirected","Binding"
"UNIPROT","Q8IWL2","UNIPROT","P35247","undirected","Binding"
"UNIPROT","Q8IWL2","UNIPROT","Q9UGM3","undirected","Binding"
"UNIPROT","Q8IZF2","UNIPROT","P07988","directed","Control(Out: INHIBITION of BiochemicalReaction)"
"UNIPROT","Q8IZF2","UNIPROT","P11686","directed","Control(Out: INHIBITION of BiochemicalReaction)"
"UNIPROT","Q92908","UNIPROT","P0C7M3","directed","Control(Out: ACTIVATION of BiochemicalReaction)"
"UNIPROT","Q92908","UNIPROT","Q8IWL1","directed","Control(Out: ACTIVATION of BiochemicalReaction)"
"UNIPROT","Q92908","UNIPROT","Q8IWL2","directed","Control(Out: ACTIVATION of BiochemicalReaction)"
"UNIPROT","Q92908","UNIPROT","Q9NZU5","undirected","Binding"
"UNIPROT","Q9P031","UNIPROT","P07988","directed","Control(Out: ACTIVATION of BiochemicalReaction)"
"UNIPROT","Q9P031","UNIPROT","P11686","directed","Control(Out: ACTIVATION of BiochemicalReaction)"
"UNIPROT","Q9P031","UNIPROT","Q15361","undirected","Binding"
"UNIPROT","Q9UIJ5","UNIPROT","Q07065","directed","Control(Out: ACTIVATION of BiochemicalReaction)"
