"src_type","src","dest_type","dest","direction","type"
"UNIPROT","P10109","UNIPROT","Q16595","directed","Control(Out: ACTIVATION of BiochemicalReaction)"
"UNIPROT","P10109","UNIPROT","Q9H1K1","directed","Control(Out: ACTIVATION of BiochemicalReaction)"
"UNIPROT","P10109","UNIPROT","Q9HD34","directed","Control(Out: ACTIVATION of BiochemicalReaction)"
"UNIPROT","P10109","UNIPROT","Q9Y697","directed","Control(Out: ACTIVATION of BiochemicalReaction)"
"UNIPROT","Q16595","UNIPROT","P10109","directed","Control(Out: ACTIVATION of BiochemicalReaction)"
"UNIPROT","Q16595","UNIPROT","Q6P4F2","directed","Control(Out: ACTIVATION of BiochemicalReaction)"
"UNIPROT","Q16595","UNIPROT","Q9H1K1","undirected","Binding"
"UNIPROT","Q16595","UNIPROT","Q9HD34","undirected","Binding"
"UNIPROT","Q6P4F2","UNIPROT","Q16595","directed","Control(Out: ACTIVATION of BiochemicalReaction)"
"UNIPROT","Q6P4F2","UNIPROT","Q9H1K1","directed","Control(Out: ACTIVATION of BiochemicalReaction)"
"UNIPROT","Q6P4F2","UNIPROT","Q9HD34","directed","Control(Out: ACTIVATION of BiochemicalReaction)"
"UNIPROT","Q6P4F2","UNIPROT","Q9Y697","directed","Control(Out: ACTIVATION of BiochemicalReaction)"
"UNIPROT","Q8IWL3","UNIPROT","Q86SX6","directed","Control(Out: ACTIVATION of BiochemicalReaction)"
"UNIPROT","Q8IWL3","UNIPROT","Q86U28","directed","Control(Out: ACTIVATION of BiochemicalReaction)"
"UNIPROT","Q8IWL3","UNIPROT","Q9BUE6","directed","Control(Out: ACTIVATION of BiochemicalReaction)"
"UNIPROT","Q9BUE6","UNIPROT","Q86U28","undirected","Binding"
"UNIPROT","Q9H1K1","UNIPROT","P10109","directed","Control(Out: ACTIVATION of BiochemicalReaction)"
"UNIPROT","Q9H1K1","UNIPROT","Q6P4F2","directed","Control(Out: ACTIVATION of BiochemicalReaction)"
"UNIPROT","Q9H1K1","UNIPROT","Q9HD34","undirected","Binding"
"UNIPROT","Q9HD34","UNIPROT","P10109","directed","Control(Out: ACTIVATION of BiochemicalReaction)"
"UNIPROT","Q9HD34","UNIPROT","Q6P4F2","directed","Control(Out: ACTIVATION of BiochemicalReaction)"
"UNIPROT","Q9Y697","UNIPROT","P10109","directed","Control(Out: ACTIVATION of BiochemicalReaction)"
"UNIPROT","Q9Y697","UNIPROT","Q16595","undirected","Binding"
"UNIPROT","Q9Y697","UNIPROT","Q6P4F2","directed","Control(Out: ACTIVATION of BiochemicalReaction)"
"UNIPROT","Q9Y697","UNIPROT","Q9H1K1","undirected","Binding"
"UNIPROT","Q9Y697","UNIPROT","Q9HD34","undirected","Binding"
