"src_type","src","dest_type","dest","direction","type"
"UNIPROT","O14920","UNIPROT","P19838","directed","Control(Out: ACTIVATION of BiochemicalReaction)"
"UNIPROT","O14920","UNIPROT","P41279","directed","Control(Out: ACTIVATION of BiochemicalReaction)"
"UNIPROT","O14920","UNIPROT","Q8NFZ5","directed","Control(Out: ACTIVATION of BiochemicalReaction)"
"UNIPROT","O15111","UNIPROT","O14920","undirected","Binding"
"UNIPROT","O15111","UNIPROT","P19838","directed","Control(Out: ACTIVATION of BiochemicalReaction)"
"UNIPROT","O15111","UNIPROT","P41279","directed","Control(Out: ACTIVATION of BiochemicalReaction)"
"UNIPROT","O15111","UNIPROT","Q8NFZ5","directed","Control(Out: ACTIVATION of BiochemicalReaction)"
"UNIPROT","O15111","UNIPROT","Q9Y6K9","undirected","Binding"
"UNIPROT","P0CG47","UNIPROT","P19838","directed","Control(In: ACTIVATION of BiochemicalReaction)"
"UNIPROT","P0CG47","UNIPROT","P19838","directed","Process(BiochemicalReaction)"
"UNIPROT","P0CG47","UNIPROT","P41279","directed","Control(In: ACTIVATION of BiochemicalReaction)"
"UNIPROT","P0CG47","UNIPROT","P41279","directed","Process(BiochemicalReaction)"
"UNIPROT","P0CG47","UNIPROT","P63208","directed","Control(In: ACTIVATION of BiochemicalReaction)"
"UNIPROT","P0CG47","UNIPROT","P63208","directed","Process(BiochemicalReaction)"
"UNIPROT","P0CG47","UNIPROT","Q13616","directed","Control(In: ACTIVATION of BiochemicalReaction)"
"UNIPROT","P0CG47","UNIPROT","Q13616","directed","Process(BiochemicalReaction)"
"UNIPROT","P0CG47","UNIPROT","Q8NFZ5","directed","Control(In: ACTIVATION of BiochemicalReaction)"
"UNIPROT","P0CG47","UNIPROT","Q8NFZ5","directed","Process(BiochemicalReaction)"
"UNIPROT","P0CG47","UNIPROT","Q9UKB1","directed","Control(In: ACTIVATION of BiochemicalReaction)"
"UNIPROT","P0CG47","UNIPROT","Q9UKB1","directed","Process(BiochemicalReaction)"
"UNIPROT","P0CG47","UNIPROT","Q9Y297","directed","Control(In: ACTIVATION of BiochemicalReaction)"
"UNIPROT","P0CG47","UNIPROT","Q9Y297","directed","Process(BiochemicalReaction)"
"UNIPROT","P0CG48","UNIPROT","P19838","directed","Control(In: ACTIVATION of BiochemicalReaction)"
"UNIPROT","P0CG48","UNIPROT","P19838","directed","Process(BiochemicalReaction)"
"UNIPROT","P0CG48","UNIPROT","P41279","directed","Control(In: ACTIVATION of BiochemicalReaction)"
"UNIPROT","P0CG48","UNIPROT","P41279","directed","Process(BiochemicalReaction)"
"UNIPROT","P0CG48","UNIPROT","P63208","directed","Control(In: ACTIVATION of BiochemicalReaction)"
"UNIPROT","P0CG48","UNIPROT","P63208","directed","Process(BiochemicalReaction)"
"UNIPROT","P0CG48","UNIPROT","Q13616","directed","Control(In: ACTIVATION of BiochemicalReaction)"
"UNIPROT","P0CG48","UNIPROT","Q13616","directed","Process(BiochemicalReaction)"
"UNIPROT","P0CG48","UNIPROT","Q8NFZ5","directed","Control(In: ACTIVATION of BiochemicalReaction)"
"UNIPROT","P0CG48","UNIPROT","Q8NFZ5","directed","Process(BiochemicalReaction)"
"UNIPROT","P0CG48","UNIPROT","Q9UKB1","directed","Control(In: ACTIVATION of BiochemicalReaction)"
"UNIPROT","P0CG48","UNIPROT","Q9UKB1","directed","Process(BiochemicalReaction)"
"UNIPROT","P0CG48","UNIPROT","Q9Y297","directed","Control(In: ACTIVATION of BiochemicalReaction)"
"UNIPROT","P0CG48","UNIPROT","Q9Y297","directed","Process(BiochemicalReaction)"
"UNIPROT","P19838","UNIPROT","P0CG47","directed","Process(BiochemicalReaction)"
"UNIPROT","P19838","UNIPROT","P0CG48","directed","Process(BiochemicalReaction)"
"UNIPROT","P19838","UNIPROT","P41279","directed","Control(Out: INHIBITION of BiochemicalReaction)"
"UNIPROT","P19838","UNIPROT","P41279","directed","Process(BiochemicalReaction)"
"UNIPROT","P19838","UNIPROT","P62979","directed","Process(BiochemicalReaction)"
"UNIPROT","P19838","UNIPROT","P62987","directed","Process(BiochemicalReaction)"
"UNIPROT","P19838","UNIPROT","P63208","undirected","Binding"
"UNIPROT","P19838","UNIPROT","Q13616","undirected","Binding"
"UNIPROT","P19838","UNIPROT","Q8NFZ5","directed","Control(Out: INHIBITION of BiochemicalReaction)"
"UNIPROT","P19838","UNIPROT","Q8NFZ5","directed","Process(BiochemicalReaction)"
"UNIPROT","P19838","UNIPROT","Q8NFZ5","undirected","Binding"
"UNIPROT","P19838","UNIPROT","Q9UKB1","undirected","Binding"
"UNIPROT","P19838","UNIPROT","Q9Y297","undirected","Binding"
"UNIPROT","P41279","UNIPROT","P0CG47","directed","Process(BiochemicalReaction)"
"UNIPROT","P41279","UNIPROT","P0CG48","directed","Process(BiochemicalReaction)"
"UNIPROT","P41279","UNIPROT","P19838","undirected","Binding"
"UNIPROT","P41279","UNIPROT","P45985","directed","Control(Out: ACTIVATION of BiochemicalReaction)"
"UNIPROT","P41279","UNIPROT","P62979","directed","Process(BiochemicalReaction)"
"UNIPROT","P41279","UNIPROT","P62987","directed","Process(BiochemicalReaction)"
"UNIPROT","P41279","UNIPROT","P63208","undirected","Binding"
"UNIPROT","P41279","UNIPROT","Q02750","directed","Control(Out: ACTIVATION of BiochemicalReaction)"
"UNIPROT","P41279","UNIPROT","Q13616","undirected","Binding"
"UNIPROT","P41279","UNIPROT","Q8NFZ5","undirected","Binding"
"UNIPROT","P41279","UNIPROT","Q9UKB1","undirected","Binding"
"UNIPROT","P41279","UNIPROT","Q9Y297","undirected","Binding"
"UNIPROT","P62979","UNIPROT","P19838","directed","Control(In: ACTIVATION of BiochemicalReaction)"
"UNIPROT","P62979","UNIPROT","P19838","directed","Process(BiochemicalReaction)"
"UNIPROT","P62979","UNIPROT","P41279","directed","Control(In: ACTIVATION of BiochemicalReaction)"
"UNIPROT","P62979","UNIPROT","P41279","directed","Process(BiochemicalReaction)"
"UNIPROT","P62979","UNIPROT","P63208","directed","Control(In: ACTIVATION of BiochemicalReaction)"
"UNIPROT","P62979","UNIPROT","P63208","directed","Process(BiochemicalReaction)"
"UNIPROT","P62979","UNIPROT","Q13616","directed","Control(In: ACTIVATION of BiochemicalReaction)"
"UNIPROT","P62979","UNIPROT","Q13616","directed","Process(BiochemicalReaction)"
"UNIPROT","P62979","UNIPROT","Q8NFZ5","directed","Control(In: ACTIVATION of BiochemicalReaction)"
"UNIPROT","P62979","UNIPROT","Q8NFZ5","directed","Process(BiochemicalReaction)"
"UNIPROT","P62979","UNIPROT","Q9UKB1","directed","Control(In: ACTIVATION of BiochemicalReaction)"
"UNIPROT","P62979","UNIPROT","Q9UKB1","directed","Process(BiochemicalReaction)"
"UNIPROT","P62979","UNIPROT","Q9Y297","directed","Control(In: ACTIVATION of BiochemicalReaction)"
"UNIPROT","P62979","UNIPROT","Q9Y297","directed","Process(BiochemicalReaction)"
"UNIPROT","P62987","UNIPROT","P19838","directed","Control(In: ACTIVATION of BiochemicalReaction)"
"UNIPROT","P62987","UNIPROT","P19838","directed","Process(BiochemicalReaction)"
"UNIPROT","P62987","UNIPROT","P41279","directed","Control(In: ACTIVATION of BiochemicalReaction)"
"UNIPROT","P62987","UNIPROT","P41279","directed","Process(BiochemicalReaction)"
"UNIPROT","P62987","UNIPROT","P63208","directed","Control(In: ACTIVATION of BiochemicalReaction)"
"UNIPROT","P62987","UNIPROT","P63208","directed","Process(BiochemicalReaction)"
"UNIPROT","P62987","UNIPROT","Q13616","directed","Control(In: ACTIVATION of BiochemicalReaction)"
"UNIPROT","P62987","UNIPROT","Q13616","directed","Process(BiochemicalReaction)"
"UNIPROT","P62987","UNIPROT","Q8NFZ5","directed","Control(In: ACTIVATION of BiochemicalReaction)"
"UNIPROT","P62987","UNIPROT","Q8NFZ5","directed","Process(BiochemicalReaction)"
"UNIPROT","P62987","UNIPROT","Q9UKB1","directed","Control(In: ACTIVATION of BiochemicalReaction)"
"UNIPROT","P62987","UNIPROT","Q9UKB1","directed","Process(BiochemicalReaction)"
"UNIPROT","P62987","UNIPROT","Q9Y297","directed","Control(In: ACTIVATION of BiochemicalReaction)"
"UNIPROT","P62987","UNIPROT","Q9Y297","directed","Process(BiochemicalReaction)"
"UNIPROT","P63208","UNIPROT","Q8NFZ5","undirected","Binding"
"UNIPROT","P63208","UNIPROT","Q9UKB1","undirected","Binding"
"UNIPROT","Q13616","UNIPROT","P63208","undirected","Binding"
"UNIPROT","Q13616","UNIPROT","Q8NFZ5","undirected","Binding"
"UNIPROT","Q13616","UNIPROT","Q9UKB1","undirected","Binding"
"UNIPROT","Q8NFZ5","UNIPROT","P0CG47","directed","Process(BiochemicalReaction)"
"UNIPROT","Q8NFZ5","UNIPROT","P0CG48","directed","Process(BiochemicalReaction)"
"UNIPROT","Q8NFZ5","UNIPROT","P62979","directed","Process(BiochemicalReaction)"
"UNIPROT","Q8NFZ5","UNIPROT","P62987","directed","Process(BiochemicalReaction)"
"UNIPROT","Q8NFZ5","UNIPROT","Q9UKB1","undirected","Binding"
"UNIPROT","Q9Y297","UNIPROT","P63208","undirected","Binding"
"UNIPROT","Q9Y297","UNIPROT","Q13616","undirected","Binding"
"UNIPROT","Q9Y297","UNIPROT","Q8NFZ5","undirected","Binding"
"UNIPROT","Q9Y6K9","UNIPROT","O14920","undirected","Binding"
"UNIPROT","Q9Y6K9","UNIPROT","P19838","directed","Control(Out: ACTIVATION of BiochemicalReaction)"
"UNIPROT","Q9Y6K9","UNIPROT","P41279","directed","Control(Out: ACTIVATION of BiochemicalReaction)"
"UNIPROT","Q9Y6K9","UNIPROT","Q8NFZ5","directed","Control(Out: ACTIVATION of BiochemicalReaction)"
