"src_type","src","dest_type","dest","direction","type"
"UNIPROT","O60671","UNIPROT","O60934","undirected","Binding"
"UNIPROT","O60671","UNIPROT","O75943","undirected","Binding"
"UNIPROT","O60671","UNIPROT","P35249","undirected","Binding"
"UNIPROT","O60671","UNIPROT","P35250","undirected","Binding"
"UNIPROT","O60671","UNIPROT","P38398","undirected","Binding"
"UNIPROT","O60671","UNIPROT","P40937","undirected","Binding"
"UNIPROT","O60671","UNIPROT","P40938","undirected","Binding"
"UNIPROT","O60671","UNIPROT","P43351","undirected","Binding"
"UNIPROT","O60671","UNIPROT","P49959","undirected","Binding"
"UNIPROT","O60671","UNIPROT","P51530","undirected","Binding"
"UNIPROT","O60671","UNIPROT","P54132","undirected","Binding"
"UNIPROT","O60671","UNIPROT","Q06609","undirected","Binding"
"UNIPROT","O60671","UNIPROT","Q13315","undirected","Binding"
"UNIPROT","O60671","UNIPROT","Q13472","undirected","Binding"
"UNIPROT","O60671","UNIPROT","Q13535","undirected","Binding"
"UNIPROT","O60671","UNIPROT","Q92547","undirected","Binding"
"UNIPROT","O60671","UNIPROT","Q92878","undirected","Binding"
"UNIPROT","O60671","UNIPROT","Q99708","undirected","Binding"
"UNIPROT","O60671","UNIPROT","Q9BSD3","undirected","Binding"
"UNIPROT","O60921","UNIPROT","O60671","undirected","Binding"
"UNIPROT","O60921","UNIPROT","O60934","undirected","Binding"
"UNIPROT","O60921","UNIPROT","O75943","undirected","Binding"
"UNIPROT","O60921","UNIPROT","P35249","undirected","Binding"
"UNIPROT","O60921","UNIPROT","P35250","undirected","Binding"
"UNIPROT","O60921","UNIPROT","P38398","undirected","Binding"
"UNIPROT","O60921","UNIPROT","P40937","undirected","Binding"
"UNIPROT","O60921","UNIPROT","P40938","undirected","Binding"
"UNIPROT","O60921","UNIPROT","P43351","undirected","Binding"
"UNIPROT","O60921","UNIPROT","P49959","undirected","Binding"
"UNIPROT","O60921","UNIPROT","P51530","undirected","Binding"
"UNIPROT","O60921","UNIPROT","P54132","undirected","Binding"
"UNIPROT","O60921","UNIPROT","Q06609","undirected","Binding"
"UNIPROT","O60921","UNIPROT","Q13315","undirected","Binding"
"UNIPROT","O60921","UNIPROT","Q13472","undirected","Binding"
"UNIPROT","O60921","UNIPROT","Q13535","undirected","Binding"
"UNIPROT","O60921","UNIPROT","Q6WBX8","undirected","Binding"
"UNIPROT","O60921","UNIPROT","Q92547","undirected","Binding"
"UNIPROT","O60921","UNIPROT","Q92878","undirected","Binding"
"UNIPROT","O60921","UNIPROT","Q99638","undirected","Binding"
"UNIPROT","O60921","UNIPROT","Q99708","undirected","Binding"
"UNIPROT","O60921","UNIPROT","Q9BSD3","undirected","Binding"
"UNIPROT","O60934","UNIPROT","P38398","undirected","Binding"
"UNIPROT","O60934","UNIPROT","P54132","undirected","Binding"
"UNIPROT","O60934","UNIPROT","Q06609","undirected","Binding"
"UNIPROT","O60934","UNIPROT","Q13315","undirected","Binding"
"UNIPROT","O60934","UNIPROT","Q13472","undirected","Binding"
"UNIPROT","O60934","UNIPROT","Q13535","undirected","Binding"
"UNIPROT","O60934","UNIPROT","Q99708","undirected","Binding"
"UNIPROT","O75943","UNIPROT","O60934","undirected","Binding"
"UNIPROT","O75943","UNIPROT","P35249","undirected","Binding"
"UNIPROT","O75943","UNIPROT","P35250","undirected","Binding"
"UNIPROT","O75943","UNIPROT","P38398","undirected","Binding"
"UNIPROT","O75943","UNIPROT","P40937","undirected","Binding"
"UNIPROT","O75943","UNIPROT","P40938","undirected","Binding"
"UNIPROT","O75943","UNIPROT","P43351","undirected","Binding"
"UNIPROT","O75943","UNIPROT","P49959","undirected","Binding"
"UNIPROT","O75943","UNIPROT","P51530","undirected","Binding"
"UNIPROT","O75943","UNIPROT","P54132","undirected","Binding"
"UNIPROT","O75943","UNIPROT","Q06609","undirected","Binding"
"UNIPROT","O75943","UNIPROT","Q13315","undirected","Binding"
"UNIPROT","O75943","UNIPROT","Q13472","undirected","Binding"
"UNIPROT","O75943","UNIPROT","Q13535","undirected","Binding"
"UNIPROT","O75943","UNIPROT","Q92878","undirected","Binding"
"UNIPROT","O75943","UNIPROT","Q99708","undirected","Binding"
"UNIPROT","P00519","UNIPROT","P43351","directed","Control(Out: ACTIVATION of BiochemicalReaction)"
"UNIPROT","P07992","UNIPROT","O60671","directed","Control(Out: ACTIVATION of BiochemicalReaction)"
"UNIPROT","P07992","UNIPROT","O60921","directed","Control(Out: ACTIVATION of BiochemicalReaction)"
"UNIPROT","P07992","UNIPROT","O60934","directed","Control(Out: ACTIVATION of BiochemicalReaction)"
"UNIPROT","P07992","UNIPROT","O75943","directed","Control(Out: ACTIVATION of BiochemicalReaction)"
"UNIPROT","P07992","UNIPROT","P15927","directed","Control(Out: ACTIVATION of BiochemicalReaction)"
"UNIPROT","P07992","UNIPROT","P27694","directed","Control(Out: ACTIVATION of BiochemicalReaction)"
"UNIPROT","P07992","UNIPROT","P35244","directed","Control(Out: ACTIVATION of BiochemicalReaction)"
"UNIPROT","P07992","UNIPROT","P35249","directed","Control(Out: ACTIVATION of BiochemicalReaction)"
"UNIPROT","P07992","UNIPROT","P35250","directed","Control(Out: ACTIVATION of BiochemicalReaction)"
"UNIPROT","P07992","UNIPROT","P38398","directed","Control(Out: ACTIVATION of BiochemicalReaction)"
"UNIPROT","P07992","UNIPROT","P40937","directed","Control(Out: ACTIVATION of BiochemicalReaction)"
"UNIPROT","P07992","UNIPROT","P40938","directed","Control(Out: ACTIVATION of BiochemicalReaction)"
"UNIPROT","P07992","UNIPROT","P43351","directed","Control(Out: ACTIVATION of BiochemicalReaction)"
"UNIPROT","P07992","UNIPROT","P49959","directed","Control(Out: ACTIVATION of BiochemicalReaction)"
"UNIPROT","P07992","UNIPROT","P51530","directed","Control(Out: ACTIVATION of BiochemicalReaction)"
"UNIPROT","P07992","UNIPROT","P54132","directed","Control(Out: ACTIVATION of BiochemicalReaction)"
"UNIPROT","P07992","UNIPROT","Q06609","directed","Control(Out: ACTIVATION of BiochemicalReaction)"
"UNIPROT","P07992","UNIPROT","Q13315","directed","Control(Out: ACTIVATION of BiochemicalReaction)"
"UNIPROT","P07992","UNIPROT","Q13472","directed","Control(Out: ACTIVATION of BiochemicalReaction)"
"UNIPROT","P07992","UNIPROT","Q13535","directed","Control(Out: ACTIVATION of BiochemicalReaction)"
"UNIPROT","P07992","UNIPROT","Q14191","directed","Control(Out: ACTIVATION of BiochemicalReaction)"
"UNIPROT","P07992","UNIPROT","Q6WBX8","directed","Control(Out: ACTIVATION of BiochemicalReaction)"
"UNIPROT","P07992","UNIPROT","Q8WXE1","directed","Control(Out: ACTIVATION of BiochemicalReaction)"
"UNIPROT","P07992","UNIPROT","Q92547","directed","Control(Out: ACTIVATION of BiochemicalReaction)"
"UNIPROT","P07992","UNIPROT","Q92878","directed","Control(Out: ACTIVATION of BiochemicalReaction)"
"UNIPROT","P07992","UNIPROT","Q92993","directed","Control(Out: ACTIVATION of BiochemicalReaction)"
"UNIPROT","P07992","UNIPROT","Q96E14","directed","Control(Out: ACTIVATION of BiochemicalReaction)"
"UNIPROT","P07992","UNIPROT","Q99638","directed","Control(Out: ACTIVATION of BiochemicalReaction)"
"UNIPROT","P07992","UNIPROT","Q99708","directed","Control(Out: ACTIVATION of BiochemicalReaction)"
"UNIPROT","P07992","UNIPROT","Q99728","directed","Control(Out: ACTIVATION of BiochemicalReaction)"
"UNIPROT","P07992","UNIPROT","Q9BSD3","directed","Control(Out: ACTIVATION of BiochemicalReaction)"
"UNIPROT","P07992","UNIPROT","Q9BX63","directed","Control(Out: ACTIVATION of BiochemicalReaction)"
"UNIPROT","P07992","UNIPROT","Q9H9A7","directed","Control(Out: ACTIVATION of BiochemicalReaction)"
"UNIPROT","P07992","UNIPROT","Q9UQ84","directed","Control(Out: ACTIVATION of BiochemicalReaction)"
"UNIPROT","P15927","UNIPROT","O60671","undirected","Binding"
"UNIPROT","P15927","UNIPROT","O60921","undirected","Binding"
"UNIPROT","P15927","UNIPROT","O60934","undirected","Binding"
"UNIPROT","P15927","UNIPROT","O75943","undirected","Binding"
"UNIPROT","P15927","UNIPROT","P27694","undirected","Binding"
"UNIPROT","P15927","UNIPROT","P35244","undirected","Binding"
"UNIPROT","P15927","UNIPROT","P35249","undirected","Binding"
"UNIPROT","P15927","UNIPROT","P35250","undirected","Binding"
"UNIPROT","P15927","UNIPROT","P38398","undirected","Binding"
"UNIPROT","P15927","UNIPROT","P40937","undirected","Binding"
"UNIPROT","P15927","UNIPROT","P40938","undirected","Binding"
"UNIPROT","P15927","UNIPROT","P43351","undirected","Binding"
"UNIPROT","P15927","UNIPROT","P49959","undirected","Binding"
"UNIPROT","P15927","UNIPROT","P51530","undirected","Binding"
"UNIPROT","P15927","UNIPROT","P54132","undirected","Binding"
"UNIPROT","P15927","UNIPROT","Q06609","undirected","Binding"
"UNIPROT","P15927","UNIPROT","Q13315","undirected","Binding"
"UNIPROT","P15927","UNIPROT","Q13472","undirected","Binding"
"UNIPROT","P15927","UNIPROT","Q13535","undirected","Binding"
"UNIPROT","P15927","UNIPROT","Q14191","undirected","Binding"
"UNIPROT","P15927","UNIPROT","Q6WBX8","undirected","Binding"
"UNIPROT","P15927","UNIPROT","Q8WXE1","undirected","Binding"
"UNIPROT","P15927","UNIPROT","Q92547","undirected","Binding"
"UNIPROT","P15927","UNIPROT","Q92878","undirected","Binding"
"UNIPROT","P15927","UNIPROT","Q96E14","undirected","Binding"
"UNIPROT","P15927","UNIPROT","Q99638","undirected","Binding"
"UNIPROT","P15927","UNIPROT","Q99708","undirected","Binding"
"UNIPROT","P15927","UNIPROT","Q99728","undirected","Binding"
"UNIPROT","P15927","UNIPROT","Q9BSD3","undirected","Binding"
"UNIPROT","P15927","UNIPROT","Q9BX63","undirected","Binding"
"UNIPROT","P15927","UNIPROT","Q9H9A7","undirected","Binding"
"UNIPROT","P15927","UNIPROT","Q9UQ84","undirected","Binding"
"UNIPROT","P27694","UNIPROT","O60671","undirected","Binding"
"UNIPROT","P27694","UNIPROT","O60921","undirected","Binding"
"UNIPROT","P27694","UNIPROT","O60934","undirected","Binding"
"UNIPROT","P27694","UNIPROT","O75943","undirected","Binding"
"UNIPROT","P27694","UNIPROT","P35244","undirected","Binding"
"UNIPROT","P27694","UNIPROT","P35249","undirected","Binding"
"UNIPROT","P27694","UNIPROT","P35250","undirected","Binding"
"UNIPROT","P27694","UNIPROT","P38398","undirected","Binding"
"UNIPROT","P27694","UNIPROT","P40937","undirected","Binding"
"UNIPROT","P27694","UNIPROT","P40938","undirected","Binding"
"UNIPROT","P27694","UNIPROT","P43351","undirected","Binding"
"UNIPROT","P27694","UNIPROT","P49959","undirected","Binding"
"UNIPROT","P27694","UNIPROT","P51530","undirected","Binding"
"UNIPROT","P27694","UNIPROT","P54132","undirected","Binding"
"UNIPROT","P27694","UNIPROT","Q06609","undirected","Binding"
"UNIPROT","P27694","UNIPROT","Q13315","undirected","Binding"
"UNIPROT","P27694","UNIPROT","Q13472","undirected","Binding"
"UNIPROT","P27694","UNIPROT","Q13535","undirected","Binding"
"UNIPROT","P27694","UNIPROT","Q14191","undirected","Binding"
"UNIPROT","P27694","UNIPROT","Q6WBX8","undirected","Binding"
"UNIPROT","P27694","UNIPROT","Q8WXE1","undirected","Binding"
"UNIPROT","P27694","UNIPROT","Q92547","undirected","Binding"
"UNIPROT","P27694","UNIPROT","Q92878","undirected","Binding"
"UNIPROT","P27694","UNIPROT","Q96E14","undirected","Binding"
"UNIPROT","P27694","UNIPROT","Q99638","undirected","Binding"
"UNIPROT","P27694","UNIPROT","Q99708","undirected","Binding"
"UNIPROT","P27694","UNIPROT","Q99728","undirected","Binding"
"UNIPROT","P27694","UNIPROT","Q9BSD3","undirected","Binding"
"UNIPROT","P27694","UNIPROT","Q9BX63","undirected","Binding"
"UNIPROT","P27694","UNIPROT","Q9H9A7","undirected","Binding"
"UNIPROT","P27694","UNIPROT","Q9UQ84","undirected","Binding"
"UNIPROT","P35244","UNIPROT","O60671","undirected","Binding"
"UNIPROT","P35244","UNIPROT","O60921","undirected","Binding"
"UNIPROT","P35244","UNIPROT","O60934","undirected","Binding"
"UNIPROT","P35244","UNIPROT","O75943","undirected","Binding"
"UNIPROT","P35244","UNIPROT","P35249","undirected","Binding"
"UNIPROT","P35244","UNIPROT","P35250","undirected","Binding"
"UNIPROT","P35244","UNIPROT","P38398","undirected","Binding"
"UNIPROT","P35244","UNIPROT","P40937","undirected","Binding"
"UNIPROT","P35244","UNIPROT","P40938","undirected","Binding"
"UNIPROT","P35244","UNIPROT","P43351","undirected","Binding"
"UNIPROT","P35244","UNIPROT","P49959","undirected","Binding"
"UNIPROT","P35244","UNIPROT","P51530","undirected","Binding"
"UNIPROT","P35244","UNIPROT","P54132","undirected","Binding"
"UNIPROT","P35244","UNIPROT","Q06609","undirected","Binding"
"UNIPROT","P35244","UNIPROT","Q13315","undirected","Binding"
"UNIPROT","P35244","UNIPROT","Q13472","undirected","Binding"
"UNIPROT","P35244","UNIPROT","Q13535","undirected","Binding"
"UNIPROT","P35244","UNIPROT","Q14191","undirected","Binding"
"UNIPROT","P35244","UNIPROT","Q6WBX8","undirected","Binding"
"UNIPROT","P35244","UNIPROT","Q8WXE1","undirected","Binding"
"UNIPROT","P35244","UNIPROT","Q92547","undirected","Binding"
"UNIPROT","P35244","UNIPROT","Q92878","undirected","Binding"
"UNIPROT","P35244","UNIPROT","Q96E14","undirected","Binding"
"UNIPROT","P35244","UNIPROT","Q99638","undirected","Binding"
"UNIPROT","P35244","UNIPROT","Q99708","undirected","Binding"
"UNIPROT","P35244","UNIPROT","Q99728","undirected","Binding"
"UNIPROT","P35244","UNIPROT","Q9BSD3","undirected","Binding"
"UNIPROT","P35244","UNIPROT","Q9BX63","undirected","Binding"
"UNIPROT","P35244","UNIPROT","Q9H9A7","undirected","Binding"
"UNIPROT","P35244","UNIPROT","Q9UQ84","undirected","Binding"
"UNIPROT","P35249","UNIPROT","O60934","undirected","Binding"
"UNIPROT","P35249","UNIPROT","P38398","undirected","Binding"
"UNIPROT","P35249","UNIPROT","P43351","undirected","Binding"
"UNIPROT","P35249","UNIPROT","P49959","undirected","Binding"
"UNIPROT","P35249","UNIPROT","P51530","undirected","Binding"
"UNIPROT","P35249","UNIPROT","P54132","undirected","Binding"
"UNIPROT","P35249","UNIPROT","Q06609","undirected","Binding"
"UNIPROT","P35249","UNIPROT","Q13315","undirected","Binding"
"UNIPROT","P35249","UNIPROT","Q13472","undirected","Binding"
"UNIPROT","P35249","UNIPROT","Q13535","undirected","Binding"
"UNIPROT","P35249","UNIPROT","Q92878","undirected","Binding"
"UNIPROT","P35249","UNIPROT","Q99708","undirected","Binding"
"UNIPROT","P35250","UNIPROT","O60934","undirected","Binding"
"UNIPROT","P35250","UNIPROT","P35249","undirected","Binding"
"UNIPROT","P35250","UNIPROT","P38398","undirected","Binding"
"UNIPROT","P35250","UNIPROT","P43351","undirected","Binding"
"UNIPROT","P35250","UNIPROT","P49959","undirected","Binding"
"UNIPROT","P35250","UNIPROT","P51530","undirected","Binding"
"UNIPROT","P35250","UNIPROT","P54132","undirected","Binding"
"UNIPROT","P35250","UNIPROT","Q06609","undirected","Binding"
"UNIPROT","P35250","UNIPROT","Q13315","undirected","Binding"
"UNIPROT","P35250","UNIPROT","Q13472","undirected","Binding"
"UNIPROT","P35250","UNIPROT","Q13535","undirected","Binding"
"UNIPROT","P35250","UNIPROT","Q92878","undirected","Binding"
"UNIPROT","P35250","UNIPROT","Q99708","undirected","Binding"
"UNIPROT","P38398","UNIPROT","P54132","undirected","Binding"
"UNIPROT","P38398","UNIPROT","Q06609","undirected","Binding"
"UNIPROT","P38398","UNIPROT","Q13315","undirected","Binding"
"UNIPROT","P38398","UNIPROT","Q13472","undirected","Binding"
"UNIPROT","P38398","UNIPROT","Q13535","undirected","Binding"
"UNIPROT","P40937","UNIPROT","O60934","undirected","Binding"
"UNIPROT","P40937","UNIPROT","P35249","undirected","Binding"
"UNIPROT","P40937","UNIPROT","P35250","undirected","Binding"
"UNIPROT","P40937","UNIPROT","P38398","undirected","Binding"
"UNIPROT","P40937","UNIPROT","P40938","undirected","Binding"
"UNIPROT","P40937","UNIPROT","P43351","undirected","Binding"
"UNIPROT","P40937","UNIPROT","P49959","undirected","Binding"
"UNIPROT","P40937","UNIPROT","P51530","undirected","Binding"
"UNIPROT","P40937","UNIPROT","P54132","undirected","Binding"
"UNIPROT","P40937","UNIPROT","Q06609","undirected","Binding"
"UNIPROT","P40937","UNIPROT","Q13315","undirected","Binding"
"UNIPROT","P40937","UNIPROT","Q13472","undirected","Binding"
"UNIPROT","P40937","UNIPROT","Q13535","undirected","Binding"
"UNIPROT","P40937","UNIPROT","Q92878","undirected","Binding"
"UNIPROT","P40937","UNIPROT","Q99708","undirected","Binding"
"UNIPROT","P40938","UNIPROT","O60934","undirected","Binding"
"UNIPROT","P40938","UNIPROT","P35249","undirected","Binding"
"UNIPROT","P40938","UNIPROT","P35250","undirected","Binding"
"UNIPROT","P40938","UNIPROT","P38398","undirected","Binding"
"UNIPROT","P40938","UNIPROT","P43351","undirected","Binding"
"UNIPROT","P40938","UNIPROT","P49959","undirected","Binding"
"UNIPROT","P40938","UNIPROT","P51530","undirected","Binding"
"UNIPROT","P40938","UNIPROT","P54132","undirected","Binding"
"UNIPROT","P40938","UNIPROT","Q06609","undirected","Binding"
"UNIPROT","P40938","UNIPROT","Q13315","undirected","Binding"
"UNIPROT","P40938","UNIPROT","Q13472","undirected","Binding"
"UNIPROT","P40938","UNIPROT","Q13535","undirected","Binding"
"UNIPROT","P40938","UNIPROT","Q92878","undirected","Binding"
"UNIPROT","P40938","UNIPROT","Q99708","undirected","Binding"
"UNIPROT","P43351","UNIPROT","O60934","undirected","Binding"
"UNIPROT","P43351","UNIPROT","P38398","undirected","Binding"
"UNIPROT","P43351","UNIPROT","P49959","undirected","Binding"
"UNIPROT","P43351","UNIPROT","P54132","undirected","Binding"
"UNIPROT","P43351","UNIPROT","Q06609","undirected","Binding"
"UNIPROT","P43351","UNIPROT","Q13315","undirected","Binding"
"UNIPROT","P43351","UNIPROT","Q13472","undirected","Binding"
"UNIPROT","P43351","UNIPROT","Q13535","undirected","Binding"
"UNIPROT","P43351","UNIPROT","Q92878","undirected","Binding"
"UNIPROT","P43351","UNIPROT","Q99708","undirected","Binding"
"UNIPROT","P49959","UNIPROT","O60934","undirected","Binding"
"UNIPROT","P49959","UNIPROT","P38398","undirected","Binding"
"UNIPROT","P49959","UNIPROT","P54132","undirected","Binding"
"UNIPROT","P49959","UNIPROT","Q06609","undirected","Binding"
"UNIPROT","P49959","UNIPROT","Q13315","undirected","Binding"
"UNIPROT","P49959","UNIPROT","Q13472","undirected","Binding"
"UNIPROT","P49959","UNIPROT","Q13535","undirected","Binding"
"UNIPROT","P49959","UNIPROT","Q92878","undirected","Binding"
"UNIPROT","P49959","UNIPROT","Q99708","undirected","Binding"
"UNIPROT","P51530","UNIPROT","O60934","undirected","Binding"
"UNIPROT","P51530","UNIPROT","P38398","undirected","Binding"
"UNIPROT","P51530","UNIPROT","P43351","undirected","Binding"
"UNIPROT","P51530","UNIPROT","P49959","undirected","Binding"
"UNIPROT","P51530","UNIPROT","P54132","undirected","Binding"
"UNIPROT","P51530","UNIPROT","Q06609","undirected","Binding"
"UNIPROT","P51530","UNIPROT","Q13315","undirected","Binding"
"UNIPROT","P51530","UNIPROT","Q13472","undirected","Binding"
"UNIPROT","P51530","UNIPROT","Q13535","undirected","Binding"
"UNIPROT","P51530","UNIPROT","Q92878","undirected","Binding"
"UNIPROT","P51530","UNIPROT","Q99708","undirected","Binding"
"UNIPROT","P54132","UNIPROT","Q13535","undirected","Binding"
"UNIPROT","Q06609","UNIPROT","P54132","undirected","Binding"
"UNIPROT","Q06609","UNIPROT","Q13315","undirected","Binding"
"UNIPROT","Q06609","UNIPROT","Q13472","undirected","Binding"
"UNIPROT","Q06609","UNIPROT","Q13535","undirected","Binding"
"UNIPROT","Q13315","UNIPROT","P54132","undirected","Binding"
"UNIPROT","Q13315","UNIPROT","Q13472","undirected","Binding"
"UNIPROT","Q13315","UNIPROT","Q13535","undirected","Binding"
"UNIPROT","Q13472","UNIPROT","P54132","undirected","Binding"
"UNIPROT","Q13472","UNIPROT","Q13535","undirected","Binding"
"UNIPROT","Q14191","UNIPROT","O60671","undirected","Binding"
"UNIPROT","Q14191","UNIPROT","O60921","undirected","Binding"
"UNIPROT","Q14191","UNIPROT","O60934","undirected","Binding"
"UNIPROT","Q14191","UNIPROT","O75943","undirected","Binding"
"UNIPROT","Q14191","UNIPROT","P35249","undirected","Binding"
"UNIPROT","Q14191","UNIPROT","P35250","undirected","Binding"
"UNIPROT","Q14191","UNIPROT","P38398","undirected","Binding"
"UNIPROT","Q14191","UNIPROT","P40937","undirected","Binding"
"UNIPROT","Q14191","UNIPROT","P40938","undirected","Binding"
"UNIPROT","Q14191","UNIPROT","P43351","undirected","Binding"
"UNIPROT","Q14191","UNIPROT","P49959","undirected","Binding"
"UNIPROT","Q14191","UNIPROT","P51530","undirected","Binding"
"UNIPROT","Q14191","UNIPROT","Q06609","undirected","Binding"
"UNIPROT","Q14191","UNIPROT","Q13315","undirected","Binding"
"UNIPROT","Q14191","UNIPROT","Q13535","undirected","Binding"
"UNIPROT","Q14191","UNIPROT","Q6WBX8","undirected","Binding"
"UNIPROT","Q14191","UNIPROT","Q8WXE1","undirected","Binding"
"UNIPROT","Q14191","UNIPROT","Q92547","undirected","Binding"
"UNIPROT","Q14191","UNIPROT","Q92878","undirected","Binding"
"UNIPROT","Q14191","UNIPROT","Q99638","undirected","Binding"
"UNIPROT","Q14191","UNIPROT","Q99708","undirected","Binding"
"UNIPROT","Q14191","UNIPROT","Q9BSD3","undirected","Binding"
"UNIPROT","Q14191","UNIPROT","Q9BX63","undirected","Binding"
"UNIPROT","Q6WBX8","UNIPROT","O60671","undirected","Binding"
"UNIPROT","Q6WBX8","UNIPROT","O60934","undirected","Binding"
"UNIPROT","Q6WBX8","UNIPROT","O75943","undirected","Binding"
"UNIPROT","Q6WBX8","UNIPROT","P35249","undirected","Binding"
"UNIPROT","Q6WBX8","UNIPROT","P35250","undirected","Binding"
"UNIPROT","Q6WBX8","UNIPROT","P38398","undirected","Binding"
"UNIPROT","Q6WBX8","UNIPROT","P40937","undirected","Binding"
"UNIPROT","Q6WBX8","UNIPROT","P40938","undirected","Binding"
"UNIPROT","Q6WBX8","UNIPROT","P43351","undirected","Binding"
"UNIPROT","Q6WBX8","UNIPROT","P49959","undirected","Binding"
"UNIPROT","Q6WBX8","UNIPROT","P51530","undirected","Binding"
"UNIPROT","Q6WBX8","UNIPROT","P54132","undirected","Binding"
"UNIPROT","Q6WBX8","UNIPROT","Q06609","undirected","Binding"
"UNIPROT","Q6WBX8","UNIPROT","Q13315","undirected","Binding"
"UNIPROT","Q6WBX8","UNIPROT","Q13472","undirected","Binding"
"UNIPROT","Q6WBX8","UNIPROT","Q13535","undirected","Binding"
"UNIPROT","Q6WBX8","UNIPROT","Q92547","undirected","Binding"
"UNIPROT","Q6WBX8","UNIPROT","Q92878","undirected","Binding"
"UNIPROT","Q6WBX8","UNIPROT","Q99708","undirected","Binding"
"UNIPROT","Q6WBX8","UNIPROT","Q9BSD3","undirected","Binding"
"UNIPROT","Q8WXE1","UNIPROT","O60671","undirected","Binding"
"UNIPROT","Q8WXE1","UNIPROT","O60921","undirected","Binding"
"UNIPROT","Q8WXE1","UNIPROT","O60934","undirected","Binding"
"UNIPROT","Q8WXE1","UNIPROT","O75943","undirected","Binding"
"UNIPROT","Q8WXE1","UNIPROT","P35249","undirected","Binding"
"UNIPROT","Q8WXE1","UNIPROT","P35250","undirected","Binding"
"UNIPROT","Q8WXE1","UNIPROT","P38398","undirected","Binding"
"UNIPROT","Q8WXE1","UNIPROT","P40937","undirected","Binding"
"UNIPROT","Q8WXE1","UNIPROT","P40938","undirected","Binding"
"UNIPROT","Q8WXE1","UNIPROT","P43351","undirected","Binding"
"UNIPROT","Q8WXE1","UNIPROT","P49959","undirected","Binding"
"UNIPROT","Q8WXE1","UNIPROT","P51530","undirected","Binding"
"UNIPROT","Q8WXE1","UNIPROT","P54132","undirected","Binding"
"UNIPROT","Q8WXE1","UNIPROT","Q06609","undirected","Binding"
"UNIPROT","Q8WXE1","UNIPROT","Q13315","undirected","Binding"
"UNIPROT","Q8WXE1","UNIPROT","Q13472","undirected","Binding"
"UNIPROT","Q8WXE1","UNIPROT","Q13535","undirected","Binding"
"UNIPROT","Q8WXE1","UNIPROT","Q6WBX8","undirected","Binding"
"UNIPROT","Q8WXE1","UNIPROT","Q92547","undirected","Binding"
"UNIPROT","Q8WXE1","UNIPROT","Q92878","undirected","Binding"
"UNIPROT","Q8WXE1","UNIPROT","Q99638","undirected","Binding"
"UNIPROT","Q8WXE1","UNIPROT","Q99708","undirected","Binding"
"UNIPROT","Q8WXE1","UNIPROT","Q9BSD3","undirected","Binding"
"UNIPROT","Q92547","UNIPROT","O60934","undirected","Binding"
"UNIPROT","Q92547","UNIPROT","O75943","undirected","Binding"
"UNIPROT","Q92547","UNIPROT","P35249","undirected","Binding"
"UNIPROT","Q92547","UNIPROT","P35250","undirected","Binding"
"UNIPROT","Q92547","UNIPROT","P38398","undirected","Binding"
"UNIPROT","Q92547","UNIPROT","P40937","undirected","Binding"
"UNIPROT","Q92547","UNIPROT","P40938","undirected","Binding"
"UNIPROT","Q92547","UNIPROT","P43351","undirected","Binding"
"UNIPROT","Q92547","UNIPROT","P49959","undirected","Binding"
"UNIPROT","Q92547","UNIPROT","P51530","undirected","Binding"
"UNIPROT","Q92547","UNIPROT","P54132","undirected","Binding"
"UNIPROT","Q92547","UNIPROT","Q06609","undirected","Binding"
"UNIPROT","Q92547","UNIPROT","Q13315","undirected","Binding"
"UNIPROT","Q92547","UNIPROT","Q13472","undirected","Binding"
"UNIPROT","Q92547","UNIPROT","Q13535","undirected","Binding"
"UNIPROT","Q92547","UNIPROT","Q92878","undirected","Binding"
"UNIPROT","Q92547","UNIPROT","Q99708","undirected","Binding"
"UNIPROT","Q92878","UNIPROT","O60934","undirected","Binding"
"UNIPROT","Q92878","UNIPROT","P38398","undirected","Binding"
"UNIPROT","Q92878","UNIPROT","P54132","undirected","Binding"
"UNIPROT","Q92878","UNIPROT","Q06609","undirected","Binding"
"UNIPROT","Q92878","UNIPROT","Q13315","undirected","Binding"
"UNIPROT","Q92878","UNIPROT","Q13472","undirected","Binding"
"UNIPROT","Q92878","UNIPROT","Q13535","undirected","Binding"
"UNIPROT","Q92878","UNIPROT","Q99708","undirected","Binding"
"UNIPROT","Q92889","UNIPROT","O60671","directed","Control(Out: ACTIVATION of BiochemicalReaction)"
"UNIPROT","Q92889","UNIPROT","O60921","directed","Control(Out: ACTIVATION of BiochemicalReaction)"
"UNIPROT","Q92889","UNIPROT","O60934","directed","Control(Out: ACTIVATION of BiochemicalReaction)"
"UNIPROT","Q92889","UNIPROT","O75943","directed","Control(Out: ACTIVATION of BiochemicalReaction)"
"UNIPROT","Q92889","UNIPROT","P07992","undirected","Binding"
"UNIPROT","Q92889","UNIPROT","P15927","directed","Control(Out: ACTIVATION of BiochemicalReaction)"
"UNIPROT","Q92889","UNIPROT","P27694","directed","Control(Out: ACTIVATION of BiochemicalReaction)"
"UNIPROT","Q92889","UNIPROT","P35244","directed","Control(Out: ACTIVATION of BiochemicalReaction)"
"UNIPROT","Q92889","UNIPROT","P35249","directed","Control(Out: ACTIVATION of BiochemicalReaction)"
"UNIPROT","Q92889","UNIPROT","P35250","directed","Control(Out: ACTIVATION of BiochemicalReaction)"
"UNIPROT","Q92889","UNIPROT","P38398","directed","Control(Out: ACTIVATION of BiochemicalReaction)"
"UNIPROT","Q92889","UNIPROT","P40937","directed","Control(Out: ACTIVATION of BiochemicalReaction)"
"UNIPROT","Q92889","UNIPROT","P40938","directed","Control(Out: ACTIVATION of BiochemicalReaction)"
"UNIPROT","Q92889","UNIPROT","P43351","directed","Control(Out: ACTIVATION of BiochemicalReaction)"
"UNIPROT","Q92889","UNIPROT","P49959","directed","Control(Out: ACTIVATION of BiochemicalReaction)"
"UNIPROT","Q92889","UNIPROT","P51530","directed","Control(Out: ACTIVATION of BiochemicalReaction)"
"UNIPROT","Q92889","UNIPROT","P54132","directed","Control(Out: ACTIVATION of BiochemicalReaction)"
"UNIPROT","Q92889","UNIPROT","Q06609","directed","Control(Out: ACTIVATION of BiochemicalReaction)"
"UNIPROT","Q92889","UNIPROT","Q13315","directed","Control(Out: ACTIVATION of BiochemicalReaction)"
"UNIPROT","Q92889","UNIPROT","Q13472","directed","Control(Out: ACTIVATION of BiochemicalReaction)"
"UNIPROT","Q92889","UNIPROT","Q13535","directed","Control(Out: ACTIVATION of BiochemicalReaction)"
"UNIPROT","Q92889","UNIPROT","Q14191","directed","Control(Out: ACTIVATION of BiochemicalReaction)"
"UNIPROT","Q92889","UNIPROT","Q6WBX8","directed","Control(Out: ACTIVATION of BiochemicalReaction)"
"UNIPROT","Q92889","UNIPROT","Q8WXE1","directed","Control(Out: ACTIVATION of BiochemicalReaction)"
"UNIPROT","Q92889","UNIPROT","Q92547","directed","Control(Out: ACTIVATION of BiochemicalReaction)"
"UNIPROT","Q92889","UNIPROT","Q92878","directed","Control(Out: ACTIVATION of BiochemicalReaction)"
"UNIPROT","Q92889","UNIPROT","Q92993","directed","Control(Out: ACTIVATION of BiochemicalReaction)"
"UNIPROT","Q92889","UNIPROT","Q96E14","directed","Control(Out: ACTIVATION of BiochemicalReaction)"
"UNIPROT","Q92889","UNIPROT","Q99638","directed","Control(Out: ACTIVATION of BiochemicalReaction)"
"UNIPROT","Q92889","UNIPROT","Q99708","directed","Control(Out: ACTIVATION of BiochemicalReaction)"
"UNIPROT","Q92889","UNIPROT","Q99728","directed","Control(Out: ACTIVATION of BiochemicalReaction)"
"UNIPROT","Q92889","UNIPROT","Q9BSD3","directed","Control(Out: ACTIVATION of BiochemicalReaction)"
"UNIPROT","Q92889","UNIPROT","Q9BX63","directed","Control(Out: ACTIVATION of BiochemicalReaction)"
"UNIPROT","Q92889","UNIPROT","Q9H9A7","directed","Control(Out: ACTIVATION of BiochemicalReaction)"
"UNIPROT","Q92889","UNIPROT","Q9UQ84","directed","Control(Out: ACTIVATION of BiochemicalReaction)"
"UNIPROT","Q92993","UNIPROT","O60671","undirected","Binding"
"UNIPROT","Q92993","UNIPROT","O60921","undirected","Binding"
"UNIPROT","Q92993","UNIPROT","O60934","undirected","Binding"
"UNIPROT","Q92993","UNIPROT","O75943","undirected","Binding"
"UNIPROT","Q92993","UNIPROT","P15927","undirected","Binding"
"UNIPROT","Q92993","UNIPROT","P27694","undirected","Binding"
"UNIPROT","Q92993","UNIPROT","P35244","undirected","Binding"
"UNIPROT","Q92993","UNIPROT","P35249","undirected","Binding"
"UNIPROT","Q92993","UNIPROT","P35250","undirected","Binding"
"UNIPROT","Q92993","UNIPROT","P38398","undirected","Binding"
"UNIPROT","Q92993","UNIPROT","P40937","undirected","Binding"
"UNIPROT","Q92993","UNIPROT","P40938","undirected","Binding"
"UNIPROT","Q92993","UNIPROT","P43351","undirected","Binding"
"UNIPROT","Q92993","UNIPROT","P49959","undirected","Binding"
"UNIPROT","Q92993","UNIPROT","P51530","undirected","Binding"
"UNIPROT","Q92993","UNIPROT","P54132","undirected","Binding"
"UNIPROT","Q92993","UNIPROT","Q06609","undirected","Binding"
"UNIPROT","Q92993","UNIPROT","Q13315","undirected","Binding"
"UNIPROT","Q92993","UNIPROT","Q13472","undirected","Binding"
"UNIPROT","Q92993","UNIPROT","Q13535","undirected","Binding"
"UNIPROT","Q92993","UNIPROT","Q14191","undirected","Binding"
"UNIPROT","Q92993","UNIPROT","Q6WBX8","undirected","Binding"
"UNIPROT","Q92993","UNIPROT","Q8WXE1","undirected","Binding"
"UNIPROT","Q92993","UNIPROT","Q92547","undirected","Binding"
"UNIPROT","Q92993","UNIPROT","Q92878","undirected","Binding"
"UNIPROT","Q92993","UNIPROT","Q96E14","undirected","Binding"
"UNIPROT","Q92993","UNIPROT","Q99638","undirected","Binding"
"UNIPROT","Q92993","UNIPROT","Q99708","undirected","Binding"
"UNIPROT","Q92993","UNIPROT","Q99728","undirected","Binding"
"UNIPROT","Q92993","UNIPROT","Q9BSD3","undirected","Binding"
"UNIPROT","Q92993","UNIPROT","Q9BX63","undirected","Binding"
"UNIPROT","Q92993","UNIPROT","Q9H9A7","undirected","Binding"
"UNIPROT","Q92993","UNIPROT","Q9UQ84","undirected","Binding"
"UNIPROT","Q96E14","UNIPROT","O60671","undirected","Binding"
"UNIPROT","Q96E14","UNIPROT","O60921","undirected","Binding"
"UNIPROT","Q96E14","UNIPROT","O60934","undirected","Binding"
"UNIPROT","Q96E14","UNIPROT","O75943","undirected","Binding"
"UNIPROT","Q96E14","UNIPROT","P35249","undirected","Binding"
"UNIPROT","Q96E14","UNIPROT","P35250","undirected","Binding"
"UNIPROT","Q96E14","UNIPROT","P38398","undirected","Binding"
"UNIPROT","Q96E14","UNIPROT","P40937","undirected","Binding"
"UNIPROT","Q96E14","UNIPROT","P40938","undirected","Binding"
"UNIPROT","Q96E14","UNIPROT","P43351","undirected","Binding"
"UNIPROT","Q96E14","UNIPROT","P49959","undirected","Binding"
"UNIPROT","Q96E14","UNIPROT","P51530","undirected","Binding"
"UNIPROT","Q96E14","UNIPROT","P54132","undirected","Binding"
"UNIPROT","Q96E14","UNIPROT","Q06609","undirected","Binding"
"UNIPROT","Q96E14","UNIPROT","Q13315","undirected","Binding"
"UNIPROT","Q96E14","UNIPROT","Q13472","undirected","Binding"
"UNIPROT","Q96E14","UNIPROT","Q13535","undirected","Binding"
"UNIPROT","Q96E14","UNIPROT","Q6WBX8","undirected","Binding"
"UNIPROT","Q96E14","UNIPROT","Q8WXE1","undirected","Binding"
"UNIPROT","Q96E14","UNIPROT","Q92547","undirected","Binding"
"UNIPROT","Q96E14","UNIPROT","Q92878","undirected","Binding"
"UNIPROT","Q96E14","UNIPROT","Q99638","undirected","Binding"
"UNIPROT","Q96E14","UNIPROT","Q99708","undirected","Binding"
"UNIPROT","Q96E14","UNIPROT","Q9BSD3","undirected","Binding"
"UNIPROT","Q96E14","UNIPROT","Q9BX63","undirected","Binding"
"UNIPROT","Q96E14","UNIPROT","Q9H9A7","undirected","Binding"
"UNIPROT","Q99638","UNIPROT","O60671","undirected","Binding"
"UNIPROT","Q99638","UNIPROT","O60934","undirected","Binding"
"UNIPROT","Q99638","UNIPROT","O75943","undirected","Binding"
"UNIPROT","Q99638","UNIPROT","P35249","undirected","Binding"
"UNIPROT","Q99638","UNIPROT","P35250","undirected","Binding"
"UNIPROT","Q99638","UNIPROT","P38398","undirected","Binding"
"UNIPROT","Q99638","UNIPROT","P40937","undirected","Binding"
"UNIPROT","Q99638","UNIPROT","P40938","undirected","Binding"
"UNIPROT","Q99638","UNIPROT","P43351","undirected","Binding"
"UNIPROT","Q99638","UNIPROT","P49959","undirected","Binding"
"UNIPROT","Q99638","UNIPROT","P51530","undirected","Binding"
"UNIPROT","Q99638","UNIPROT","P54132","undirected","Binding"
"UNIPROT","Q99638","UNIPROT","Q06609","undirected","Binding"
"UNIPROT","Q99638","UNIPROT","Q13315","undirected","Binding"
"UNIPROT","Q99638","UNIPROT","Q13472","undirected","Binding"
"UNIPROT","Q99638","UNIPROT","Q13535","undirected","Binding"
"UNIPROT","Q99638","UNIPROT","Q92547","undirected","Binding"
"UNIPROT","Q99638","UNIPROT","Q92878","undirected","Binding"
"UNIPROT","Q99638","UNIPROT","Q99708","undirected","Binding"
"UNIPROT","Q99638","UNIPROT","Q9BSD3","undirected","Binding"
"UNIPROT","Q99708","UNIPROT","P38398","undirected","Binding"
"UNIPROT","Q99708","UNIPROT","P54132","undirected","Binding"
"UNIPROT","Q99708","UNIPROT","Q06609","undirected","Binding"
"UNIPROT","Q99708","UNIPROT","Q13315","undirected","Binding"
"UNIPROT","Q99708","UNIPROT","Q13472","undirected","Binding"
"UNIPROT","Q99708","UNIPROT","Q13535","undirected","Binding"
"UNIPROT","Q99728","UNIPROT","O60671","undirected","Binding"
"UNIPROT","Q99728","UNIPROT","O60921","undirected","Binding"
"UNIPROT","Q99728","UNIPROT","O60934","undirected","Binding"
"UNIPROT","Q99728","UNIPROT","O75943","undirected","Binding"
"UNIPROT","Q99728","UNIPROT","P35249","undirected","Binding"
"UNIPROT","Q99728","UNIPROT","P35250","undirected","Binding"
"UNIPROT","Q99728","UNIPROT","P38398","undirected","Binding"
"UNIPROT","Q99728","UNIPROT","P40937","undirected","Binding"
"UNIPROT","Q99728","UNIPROT","P40938","undirected","Binding"
"UNIPROT","Q99728","UNIPROT","P43351","undirected","Binding"
"UNIPROT","Q99728","UNIPROT","P49959","undirected","Binding"
"UNIPROT","Q99728","UNIPROT","P51530","undirected","Binding"
"UNIPROT","Q99728","UNIPROT","P54132","undirected","Binding"
"UNIPROT","Q99728","UNIPROT","Q06609","undirected","Binding"
"UNIPROT","Q99728","UNIPROT","Q13315","undirected","Binding"
"UNIPROT","Q99728","UNIPROT","Q13472","undirected","Binding"
"UNIPROT","Q99728","UNIPROT","Q13535","undirected","Binding"
"UNIPROT","Q99728","UNIPROT","Q14191","undirected","Binding"
"UNIPROT","Q99728","UNIPROT","Q6WBX8","undirected","Binding"
"UNIPROT","Q99728","UNIPROT","Q8WXE1","undirected","Binding"
"UNIPROT","Q99728","UNIPROT","Q92547","undirected","Binding"
"UNIPROT","Q99728","UNIPROT","Q92878","undirected","Binding"
"UNIPROT","Q99728","UNIPROT","Q96E14","undirected","Binding"
"UNIPROT","Q99728","UNIPROT","Q99638","undirected","Binding"
"UNIPROT","Q99728","UNIPROT","Q99708","undirected","Binding"
"UNIPROT","Q99728","UNIPROT","Q9BSD3","undirected","Binding"
"UNIPROT","Q99728","UNIPROT","Q9BX63","undirected","Binding"
"UNIPROT","Q99728","UNIPROT","Q9H9A7","undirected","Binding"
"UNIPROT","Q99728","UNIPROT","Q9UQ84","undirected","Binding"
"UNIPROT","Q9BSD3","UNIPROT","O60934","undirected","Binding"
"UNIPROT","Q9BSD3","UNIPROT","O75943","undirected","Binding"
"UNIPROT","Q9BSD3","UNIPROT","P35249","undirected","Binding"
"UNIPROT","Q9BSD3","UNIPROT","P35250","undirected","Binding"
"UNIPROT","Q9BSD3","UNIPROT","P38398","undirected","Binding"
"UNIPROT","Q9BSD3","UNIPROT","P40937","undirected","Binding"
"UNIPROT","Q9BSD3","UNIPROT","P40938","undirected","Binding"
"UNIPROT","Q9BSD3","UNIPROT","P43351","undirected","Binding"
"UNIPROT","Q9BSD3","UNIPROT","P49959","undirected","Binding"
"UNIPROT","Q9BSD3","UNIPROT","P51530","undirected","Binding"
"UNIPROT","Q9BSD3","UNIPROT","P54132","undirected","Binding"
"UNIPROT","Q9BSD3","UNIPROT","Q06609","undirected","Binding"
"UNIPROT","Q9BSD3","UNIPROT","Q13315","undirected","Binding"
"UNIPROT","Q9BSD3","UNIPROT","Q13472","undirected","Binding"
"UNIPROT","Q9BSD3","UNIPROT","Q13535","undirected","Binding"
"UNIPROT","Q9BSD3","UNIPROT","Q92547","undirected","Binding"
"UNIPROT","Q9BSD3","UNIPROT","Q92878","undirected","Binding"
"UNIPROT","Q9BSD3","UNIPROT","Q99708","undirected","Binding"
"UNIPROT","Q9BX63","UNIPROT","O60671","undirected","Binding"
"UNIPROT","Q9BX63","UNIPROT","O60921","undirected","Binding"
"UNIPROT","Q9BX63","UNIPROT","O60934","undirected","Binding"
"UNIPROT","Q9BX63","UNIPROT","O75943","undirected","Binding"
"UNIPROT","Q9BX63","UNIPROT","P35249","undirected","Binding"
"UNIPROT","Q9BX63","UNIPROT","P35250","undirected","Binding"
"UNIPROT","Q9BX63","UNIPROT","P38398","undirected","Binding"
"UNIPROT","Q9BX63","UNIPROT","P40937","undirected","Binding"
"UNIPROT","Q9BX63","UNIPROT","P40938","undirected","Binding"
"UNIPROT","Q9BX63","UNIPROT","P43351","undirected","Binding"
"UNIPROT","Q9BX63","UNIPROT","P49959","undirected","Binding"
"UNIPROT","Q9BX63","UNIPROT","P51530","undirected","Binding"
"UNIPROT","Q9BX63","UNIPROT","P54132","undirected","Binding"
"UNIPROT","Q9BX63","UNIPROT","Q06609","undirected","Binding"
"UNIPROT","Q9BX63","UNIPROT","Q13315","undirected","Binding"
"UNIPROT","Q9BX63","UNIPROT","Q13472","undirected","Binding"
"UNIPROT","Q9BX63","UNIPROT","Q13535","undirected","Binding"
"UNIPROT","Q9BX63","UNIPROT","Q6WBX8","undirected","Binding"
"UNIPROT","Q9BX63","UNIPROT","Q8WXE1","undirected","Binding"
"UNIPROT","Q9BX63","UNIPROT","Q92547","undirected","Binding"
"UNIPROT","Q9BX63","UNIPROT","Q92878","undirected","Binding"
"UNIPROT","Q9BX63","UNIPROT","Q99638","undirected","Binding"
"UNIPROT","Q9BX63","UNIPROT","Q99708","undirected","Binding"
"UNIPROT","Q9BX63","UNIPROT","Q9BSD3","undirected","Binding"
"UNIPROT","Q9H9A7","UNIPROT","O60671","undirected","Binding"
"UNIPROT","Q9H9A7","UNIPROT","O60921","undirected","Binding"
"UNIPROT","Q9H9A7","UNIPROT","O60934","undirected","Binding"
"UNIPROT","Q9H9A7","UNIPROT","O75943","undirected","Binding"
"UNIPROT","Q9H9A7","UNIPROT","P35249","undirected","Binding"
"UNIPROT","Q9H9A7","UNIPROT","P35250","undirected","Binding"
"UNIPROT","Q9H9A7","UNIPROT","P38398","undirected","Binding"
"UNIPROT","Q9H9A7","UNIPROT","P40937","undirected","Binding"
"UNIPROT","Q9H9A7","UNIPROT","P40938","undirected","Binding"
"UNIPROT","Q9H9A7","UNIPROT","P43351","undirected","Binding"
"UNIPROT","Q9H9A7","UNIPROT","P49959","undirected","Binding"
"UNIPROT","Q9H9A7","UNIPROT","P51530","undirected","Binding"
"UNIPROT","Q9H9A7","UNIPROT","P54132","undirected","Binding"
"UNIPROT","Q9H9A7","UNIPROT","Q06609","undirected","Binding"
"UNIPROT","Q9H9A7","UNIPROT","Q13315","undirected","Binding"
"UNIPROT","Q9H9A7","UNIPROT","Q13472","undirected","Binding"
"UNIPROT","Q9H9A7","UNIPROT","Q13535","undirected","Binding"
"UNIPROT","Q9H9A7","UNIPROT","Q6WBX8","undirected","Binding"
"UNIPROT","Q9H9A7","UNIPROT","Q8WXE1","undirected","Binding"
"UNIPROT","Q9H9A7","UNIPROT","Q92547","undirected","Binding"
"UNIPROT","Q9H9A7","UNIPROT","Q92878","undirected","Binding"
"UNIPROT","Q9H9A7","UNIPROT","Q99638","undirected","Binding"
"UNIPROT","Q9H9A7","UNIPROT","Q99708","undirected","Binding"
"UNIPROT","Q9H9A7","UNIPROT","Q9BSD3","undirected","Binding"
"UNIPROT","Q9H9A7","UNIPROT","Q9BX63","undirected","Binding"
"UNIPROT","Q9UQ84","UNIPROT","O60671","undirected","Binding"
"UNIPROT","Q9UQ84","UNIPROT","O60921","undirected","Binding"
"UNIPROT","Q9UQ84","UNIPROT","O60934","undirected","Binding"
"UNIPROT","Q9UQ84","UNIPROT","O75943","undirected","Binding"
"UNIPROT","Q9UQ84","UNIPROT","P35249","undirected","Binding"
"UNIPROT","Q9UQ84","UNIPROT","P35250","undirected","Binding"
"UNIPROT","Q9UQ84","UNIPROT","P38398","undirected","Binding"
"UNIPROT","Q9UQ84","UNIPROT","P40937","undirected","Binding"
"UNIPROT","Q9UQ84","UNIPROT","P40938","undirected","Binding"
"UNIPROT","Q9UQ84","UNIPROT","P43351","undirected","Binding"
"UNIPROT","Q9UQ84","UNIPROT","P49959","undirected","Binding"
"UNIPROT","Q9UQ84","UNIPROT","P54132","undirected","Binding"
"UNIPROT","Q9UQ84","UNIPROT","Q06609","undirected","Binding"
"UNIPROT","Q9UQ84","UNIPROT","Q13315","undirected","Binding"
"UNIPROT","Q9UQ84","UNIPROT","Q13535","undirected","Binding"
"UNIPROT","Q9UQ84","UNIPROT","Q14191","undirected","Binding"
"UNIPROT","Q9UQ84","UNIPROT","Q6WBX8","undirected","Binding"
"UNIPROT","Q9UQ84","UNIPROT","Q8WXE1","undirected","Binding"
"UNIPROT","Q9UQ84","UNIPROT","Q92547","undirected","Binding"
"UNIPROT","Q9UQ84","UNIPROT","Q92878","undirected","Binding"
"UNIPROT","Q9UQ84","UNIPROT","Q99638","undirected","Binding"
"UNIPROT","Q9UQ84","UNIPROT","Q99708","undirected","Binding"
"UNIPROT","Q9UQ84","UNIPROT","Q9BSD3","undirected","Binding"
"UNIPROT","Q9UQ84","UNIPROT","Q9BX63","undirected","Binding"
