"src_type","src","dest_type","dest","direction","type"
"UNIPROT","O60934","UNIPROT","Q99708","undirected","Binding"
"UNIPROT","O75417","UNIPROT","O60934","undirected","Binding"
"UNIPROT","O75417","UNIPROT","P09874","undirected","Binding"
"UNIPROT","O75417","UNIPROT","P39748","undirected","Binding"
"UNIPROT","O75417","UNIPROT","P49959","undirected","Binding"
"UNIPROT","O75417","UNIPROT","Q92878","undirected","Binding"
"UNIPROT","O75417","UNIPROT","Q99708","undirected","Binding"
"UNIPROT","P09874","UNIPROT","O60934","undirected","Binding"
"UNIPROT","P09874","UNIPROT","P39748","undirected","Binding"
"UNIPROT","P09874","UNIPROT","P49959","undirected","Binding"
"UNIPROT","P09874","UNIPROT","Q92878","undirected","Binding"
"UNIPROT","P09874","UNIPROT","Q99708","undirected","Binding"
"UNIPROT","P18887","UNIPROT","O60934","undirected","Binding"
"UNIPROT","P18887","UNIPROT","P49959","undirected","Binding"
"UNIPROT","P18887","UNIPROT","Q92878","undirected","Binding"
"UNIPROT","P18887","UNIPROT","Q99708","undirected","Binding"
"UNIPROT","P39748","UNIPROT","O60934","undirected","Binding"
"UNIPROT","P39748","UNIPROT","P49959","undirected","Binding"
"UNIPROT","P39748","UNIPROT","Q92878","undirected","Binding"
"UNIPROT","P39748","UNIPROT","Q99708","undirected","Binding"
"UNIPROT","P43351","UNIPROT","O60934","directed","Control(Out: INHIBITION of BiochemicalReaction)"
"UNIPROT","P43351","UNIPROT","O75417","directed","Control(Out: INHIBITION of BiochemicalReaction)"
"UNIPROT","P43351","UNIPROT","P09874","directed","Control(Out: INHIBITION of BiochemicalReaction)"
"UNIPROT","P43351","UNIPROT","P39748","directed","Control(Out: INHIBITION of BiochemicalReaction)"
"UNIPROT","P43351","UNIPROT","P49959","directed","Control(Out: INHIBITION of BiochemicalReaction)"
"UNIPROT","P43351","UNIPROT","Q92878","directed","Control(Out: INHIBITION of BiochemicalReaction)"
"UNIPROT","P43351","UNIPROT","Q99708","directed","Control(Out: INHIBITION of BiochemicalReaction)"
"UNIPROT","P43351","UNIPROT","Q9UGN5","directed","Control(Out: INHIBITION of BiochemicalReaction)"
"UNIPROT","P49916","UNIPROT","O60934","undirected","Binding"
"UNIPROT","P49916","UNIPROT","P18887","undirected","Binding"
"UNIPROT","P49916","UNIPROT","P49959","undirected","Binding"
"UNIPROT","P49916","UNIPROT","Q92878","undirected","Binding"
"UNIPROT","P49916","UNIPROT","Q99708","undirected","Binding"
"UNIPROT","P49959","UNIPROT","O60934","undirected","Binding"
"UNIPROT","P49959","UNIPROT","Q92878","undirected","Binding"
"UNIPROT","P49959","UNIPROT","Q99708","undirected","Binding"
"UNIPROT","P51587","UNIPROT","O60934","directed","Control(Out: INHIBITION of BiochemicalReaction)"
"UNIPROT","P51587","UNIPROT","O75417","directed","Control(Out: INHIBITION of BiochemicalReaction)"
"UNIPROT","P51587","UNIPROT","P09874","directed","Control(Out: INHIBITION of BiochemicalReaction)"
"UNIPROT","P51587","UNIPROT","P39748","directed","Control(Out: INHIBITION of BiochemicalReaction)"
"UNIPROT","P51587","UNIPROT","P49959","directed","Control(Out: INHIBITION of BiochemicalReaction)"
"UNIPROT","P51587","UNIPROT","Q92878","directed","Control(Out: INHIBITION of BiochemicalReaction)"
"UNIPROT","P51587","UNIPROT","Q99708","directed","Control(Out: INHIBITION of BiochemicalReaction)"
"UNIPROT","P51587","UNIPROT","Q9UGN5","directed","Control(Out: INHIBITION of BiochemicalReaction)"
"UNIPROT","Q92878","UNIPROT","O60934","undirected","Binding"
"UNIPROT","Q92878","UNIPROT","Q99708","undirected","Binding"
"UNIPROT","Q9UGN5","UNIPROT","O60934","undirected","Binding"
"UNIPROT","Q9UGN5","UNIPROT","O75417","undirected","Binding"
"UNIPROT","Q9UGN5","UNIPROT","P39748","undirected","Binding"
"UNIPROT","Q9UGN5","UNIPROT","P49959","undirected","Binding"
"UNIPROT","Q9UGN5","UNIPROT","Q92878","undirected","Binding"
"UNIPROT","Q9UGN5","UNIPROT","Q99708","undirected","Binding"
