"src_type","src","dest_type","dest","direction","type"
"UNIPROT","O00206","UNIPROT","P04114","undirected","Binding"
"UNIPROT","O00206","UNIPROT","P09429","undirected","Binding"
"UNIPROT","O00206","UNIPROT","P23297","undirected","Binding"
"UNIPROT","O60443","UNIPROT","P09429","directed","Control(Out: ACTIVATION of BiochemicalReaction)"
"UNIPROT","O60603","UNIPROT","Q15399","undirected","Binding"
"UNIPROT","P02671","UNIPROT","O00206","undirected","Binding"
"UNIPROT","P02671","UNIPROT","Q9Y6Y9","undirected","Binding"
"UNIPROT","P02675","UNIPROT","O00206","undirected","Binding"
"UNIPROT","P02675","UNIPROT","Q9Y6Y9","undirected","Binding"
"UNIPROT","P02679","UNIPROT","O00206","undirected","Binding"
"UNIPROT","P02679","UNIPROT","Q9Y6Y9","undirected","Binding"
"UNIPROT","P05109","UNIPROT","O00206","undirected","Binding"
"UNIPROT","P05109","UNIPROT","Q9Y6Y9","undirected","Binding"
"UNIPROT","P06702","UNIPROT","O00206","undirected","Binding"
"UNIPROT","P06702","UNIPROT","P05109","undirected","Binding"
"UNIPROT","P06702","UNIPROT","Q9Y6Y9","undirected","Binding"
"UNIPROT","P09429","UNIPROT","O60443","directed","Control(In: ACTIVATION of BiochemicalReaction)"
"UNIPROT","P09429","UNIPROT","P57764","directed","Control(In: ACTIVATION of BiochemicalReaction)"
"UNIPROT","P16671","UNIPROT","O00206","undirected","Binding"
"UNIPROT","P16671","UNIPROT","P04114","undirected","Binding"
"UNIPROT","P16671","UNIPROT","Q9Y2C9","undirected","Binding"
"UNIPROT","P57764","UNIPROT","P09429","directed","Control(Out: ACTIVATION of BiochemicalReaction)"
"UNIPROT","Q9Y2C9","UNIPROT","O00206","undirected","Binding"
"UNIPROT","Q9Y2C9","UNIPROT","P04114","undirected","Binding"
"UNIPROT","Q9Y6Y9","UNIPROT","O00206","undirected","Binding"
"UNIPROT","Q9Y6Y9","UNIPROT","P09429","undirected","Binding"
"UNIPROT","Q9Y6Y9","UNIPROT","P23297","undirected","Binding"
