"src_type","src","dest_type","dest","direction","type"
"UNIPROT","A0A075B6P5","UNIPROT","A2KUC3","undirected","Binding"
"UNIPROT","A0A075B6P5","UNIPROT","P01742","undirected","Binding"
"UNIPROT","A0A075B6P5","UNIPROT","P01743","undirected","Binding"
"UNIPROT","A0A075B6P5","UNIPROT","P01762","undirected","Binding"
"UNIPROT","A0A075B6P5","UNIPROT","P01763","undirected","Binding"
"UNIPROT","A0A075B6P5","UNIPROT","P01764","undirected","Binding"
"UNIPROT","A0A075B6P5","UNIPROT","P01766","undirected","Binding"
"UNIPROT","A0A075B6P5","UNIPROT","P01767","undirected","Binding"
"UNIPROT","A0A075B6P5","UNIPROT","P01768","undirected","Binding"
"UNIPROT","A0A075B6P5","UNIPROT","P01772","undirected","Binding"
"UNIPROT","A0A075B6P5","UNIPROT","P01780","undirected","Binding"
"UNIPROT","A0A075B6P5","UNIPROT","P01782","undirected","Binding"
"UNIPROT","A0A075B6P5","UNIPROT","P01814","undirected","Binding"
"UNIPROT","A0A075B6P5","UNIPROT","P01817","undirected","Binding"
"UNIPROT","A0A075B6P5","UNIPROT","P01824","undirected","Binding"
"UNIPROT","A0A075B6P5","UNIPROT","P01825","undirected","Binding"
"UNIPROT","A0A075B6P5","UNIPROT","P06331","undirected","Binding"
"UNIPROT","A0A075B6P5","UNIPROT","Q6PIL0","undirected","Binding"
"UNIPROT","A0A075B6S6","UNIPROT","A2KUC3","undirected","Binding"
"UNIPROT","A0A075B6S6","UNIPROT","P01742","undirected","Binding"
"UNIPROT","A0A075B6S6","UNIPROT","P01743","undirected","Binding"
"UNIPROT","A0A075B6S6","UNIPROT","P01762","undirected","Binding"
"UNIPROT","A0A075B6S6","UNIPROT","P01763","undirected","Binding"
"UNIPROT","A0A075B6S6","UNIPROT","P01764","undirected","Binding"
"UNIPROT","A0A075B6S6","UNIPROT","P01766","undirected","Binding"
"UNIPROT","A0A075B6S6","UNIPROT","P01767","undirected","Binding"
"UNIPROT","A0A075B6S6","UNIPROT","P01768","undirected","Binding"
"UNIPROT","A0A075B6S6","UNIPROT","P01772","undirected","Binding"
"UNIPROT","A0A075B6S6","UNIPROT","P01780","undirected","Binding"
"UNIPROT","A0A075B6S6","UNIPROT","P01782","undirected","Binding"
"UNIPROT","A0A075B6S6","UNIPROT","P01814","undirected","Binding"
"UNIPROT","A0A075B6S6","UNIPROT","P01817","undirected","Binding"
"UNIPROT","A0A075B6S6","UNIPROT","P01824","undirected","Binding"
"UNIPROT","A0A075B6S6","UNIPROT","P01825","undirected","Binding"
"UNIPROT","A0A075B6S6","UNIPROT","P06331","undirected","Binding"
"UNIPROT","A0A075B6S6","UNIPROT","Q6PIL0","undirected","Binding"
"UNIPROT","A0A0C4DH25","UNIPROT","A2KUC3","undirected","Binding"
"UNIPROT","A0A0C4DH25","UNIPROT","P01742","undirected","Binding"
"UNIPROT","A0A0C4DH25","UNIPROT","P01743","undirected","Binding"
"UNIPROT","A0A0C4DH25","UNIPROT","P01762","undirected","Binding"
"UNIPROT","A0A0C4DH25","UNIPROT","P01763","undirected","Binding"
"UNIPROT","A0A0C4DH25","UNIPROT","P01764","undirected","Binding"
"UNIPROT","A0A0C4DH25","UNIPROT","P01766","undirected","Binding"
"UNIPROT","A0A0C4DH25","UNIPROT","P01767","undirected","Binding"
"UNIPROT","A0A0C4DH25","UNIPROT","P01768","undirected","Binding"
"UNIPROT","A0A0C4DH25","UNIPROT","P01772","undirected","Binding"
"UNIPROT","A0A0C4DH25","UNIPROT","P01780","undirected","Binding"
"UNIPROT","A0A0C4DH25","UNIPROT","P01782","undirected","Binding"
"UNIPROT","A0A0C4DH25","UNIPROT","P01814","undirected","Binding"
"UNIPROT","A0A0C4DH25","UNIPROT","P01817","undirected","Binding"
"UNIPROT","A0A0C4DH25","UNIPROT","P01824","undirected","Binding"
"UNIPROT","A0A0C4DH25","UNIPROT","P01825","undirected","Binding"
"UNIPROT","A0A0C4DH25","UNIPROT","P06331","undirected","Binding"
"UNIPROT","A0A0C4DH25","UNIPROT","Q6PIL0","undirected","Binding"
"UNIPROT","A0A0C4DH73","UNIPROT","A2KUC3","undirected","Binding"
"UNIPROT","A0A0C4DH73","UNIPROT","P01742","undirected","Binding"
"UNIPROT","A0A0C4DH73","UNIPROT","P01743","undirected","Binding"
"UNIPROT","A0A0C4DH73","UNIPROT","P01762","undirected","Binding"
"UNIPROT","A0A0C4DH73","UNIPROT","P01763","undirected","Binding"
"UNIPROT","A0A0C4DH73","UNIPROT","P01764","undirected","Binding"
"UNIPROT","A0A0C4DH73","UNIPROT","P01766","undirected","Binding"
"UNIPROT","A0A0C4DH73","UNIPROT","P01767","undirected","Binding"
"UNIPROT","A0A0C4DH73","UNIPROT","P01768","undirected","Binding"
"UNIPROT","A0A0C4DH73","UNIPROT","P01772","undirected","Binding"
"UNIPROT","A0A0C4DH73","UNIPROT","P01780","undirected","Binding"
"UNIPROT","A0A0C4DH73","UNIPROT","P01782","undirected","Binding"
"UNIPROT","A0A0C4DH73","UNIPROT","P01814","undirected","Binding"
"UNIPROT","A0A0C4DH73","UNIPROT","P01817","undirected","Binding"
"UNIPROT","A0A0C4DH73","UNIPROT","P01824","undirected","Binding"
"UNIPROT","A0A0C4DH73","UNIPROT","P01825","undirected","Binding"
"UNIPROT","A0A0C4DH73","UNIPROT","P06331","undirected","Binding"
"UNIPROT","A0A0C4DH73","UNIPROT","Q6PIL0","undirected","Binding"
"UNIPROT","A0M8Q6","UNIPROT","A2KUC3","undirected","Binding"
"UNIPROT","A0M8Q6","UNIPROT","P01699","undirected","Binding"
"UNIPROT","A0M8Q6","UNIPROT","P01700","undirected","Binding"
"UNIPROT","A0M8Q6","UNIPROT","P01701","undirected","Binding"
"UNIPROT","A0M8Q6","UNIPROT","P01703","undirected","Binding"
"UNIPROT","A0M8Q6","UNIPROT","P01704","undirected","Binding"
"UNIPROT","A0M8Q6","UNIPROT","P01705","undirected","Binding"
"UNIPROT","A0M8Q6","UNIPROT","P01706","undirected","Binding"
"UNIPROT","A0M8Q6","UNIPROT","P01709","undirected","Binding"
"UNIPROT","A0M8Q6","UNIPROT","P01714","undirected","Binding"
"UNIPROT","A0M8Q6","UNIPROT","P01715","undirected","Binding"
"UNIPROT","A0M8Q6","UNIPROT","P01717","undirected","Binding"
"UNIPROT","A0M8Q6","UNIPROT","P01718","undirected","Binding"
"UNIPROT","A0M8Q6","UNIPROT","P01721","undirected","Binding"
"UNIPROT","A0M8Q6","UNIPROT","P01742","undirected","Binding"
"UNIPROT","A0M8Q6","UNIPROT","P01743","undirected","Binding"
"UNIPROT","A0M8Q6","UNIPROT","P01762","undirected","Binding"
"UNIPROT","A0M8Q6","UNIPROT","P01763","undirected","Binding"
"UNIPROT","A0M8Q6","UNIPROT","P01764","undirected","Binding"
"UNIPROT","A0M8Q6","UNIPROT","P01766","undirected","Binding"
"UNIPROT","A0M8Q6","UNIPROT","P01767","undirected","Binding"
"UNIPROT","A0M8Q6","UNIPROT","P01768","undirected","Binding"
"UNIPROT","A0M8Q6","UNIPROT","P01772","undirected","Binding"
"UNIPROT","A0M8Q6","UNIPROT","P01780","undirected","Binding"
"UNIPROT","A0M8Q6","UNIPROT","P01782","undirected","Binding"
"UNIPROT","A0M8Q6","UNIPROT","P01814","undirected","Binding"
"UNIPROT","A0M8Q6","UNIPROT","P01817","undirected","Binding"
"UNIPROT","A0M8Q6","UNIPROT","P01824","undirected","Binding"
"UNIPROT","A0M8Q6","UNIPROT","P01825","undirected","Binding"
"UNIPROT","A0M8Q6","UNIPROT","P04211","undirected","Binding"
"UNIPROT","A0M8Q6","UNIPROT","P06331","undirected","Binding"
"UNIPROT","A0M8Q6","UNIPROT","P80748","undirected","Binding"
"UNIPROT","A0M8Q6","UNIPROT","Q6PIL0","undirected","Binding"
"UNIPROT","A2NJV5","UNIPROT","A2KUC3","undirected","Binding"
"UNIPROT","A2NJV5","UNIPROT","P01742","undirected","Binding"
"UNIPROT","A2NJV5","UNIPROT","P01743","undirected","Binding"
"UNIPROT","A2NJV5","UNIPROT","P01762","undirected","Binding"
"UNIPROT","A2NJV5","UNIPROT","P01763","undirected","Binding"
"UNIPROT","A2NJV5","UNIPROT","P01764","undirected","Binding"
"UNIPROT","A2NJV5","UNIPROT","P01766","undirected","Binding"
"UNIPROT","A2NJV5","UNIPROT","P01767","undirected","Binding"
"UNIPROT","A2NJV5","UNIPROT","P01768","undirected","Binding"
"UNIPROT","A2NJV5","UNIPROT","P01772","undirected","Binding"
"UNIPROT","A2NJV5","UNIPROT","P01780","undirected","Binding"
"UNIPROT","A2NJV5","UNIPROT","P01782","undirected","Binding"
"UNIPROT","A2NJV5","UNIPROT","P01814","undirected","Binding"
"UNIPROT","A2NJV5","UNIPROT","P01817","undirected","Binding"
"UNIPROT","A2NJV5","UNIPROT","P01824","undirected","Binding"
"UNIPROT","A2NJV5","UNIPROT","P01825","undirected","Binding"
"UNIPROT","A2NJV5","UNIPROT","P06331","undirected","Binding"
"UNIPROT","A2NJV5","UNIPROT","P23083","undirected","Binding"
"UNIPROT","A2NJV5","UNIPROT","Q6PIL0","undirected","Binding"
"UNIPROT","A2NXD2","UNIPROT","A2KUC3","undirected","Binding"
"UNIPROT","A2NXD2","UNIPROT","P01742","undirected","Binding"
"UNIPROT","A2NXD2","UNIPROT","P01743","undirected","Binding"
"UNIPROT","A2NXD2","UNIPROT","P01762","undirected","Binding"
"UNIPROT","A2NXD2","UNIPROT","P01763","undirected","Binding"
"UNIPROT","A2NXD2","UNIPROT","P01764","undirected","Binding"
"UNIPROT","A2NXD2","UNIPROT","P01766","undirected","Binding"
"UNIPROT","A2NXD2","UNIPROT","P01767","undirected","Binding"
"UNIPROT","A2NXD2","UNIPROT","P01768","undirected","Binding"
"UNIPROT","A2NXD2","UNIPROT","P01772","undirected","Binding"
"UNIPROT","A2NXD2","UNIPROT","P01780","undirected","Binding"
"UNIPROT","A2NXD2","UNIPROT","P01782","undirected","Binding"
"UNIPROT","A2NXD2","UNIPROT","P01814","undirected","Binding"
"UNIPROT","A2NXD2","UNIPROT","P01817","undirected","Binding"
"UNIPROT","A2NXD2","UNIPROT","P01824","undirected","Binding"
"UNIPROT","A2NXD2","UNIPROT","P01825","undirected","Binding"
"UNIPROT","A2NXD2","UNIPROT","P06331","undirected","Binding"
"UNIPROT","A2NXD2","UNIPROT","P23083","undirected","Binding"
"UNIPROT","A2NXD2","UNIPROT","Q6PIL0","undirected","Binding"
"UNIPROT","P01593","UNIPROT","A2KUC3","undirected","Binding"
"UNIPROT","P01593","UNIPROT","P01742","undirected","Binding"
"UNIPROT","P01593","UNIPROT","P01743","undirected","Binding"
"UNIPROT","P01593","UNIPROT","P01762","undirected","Binding"
"UNIPROT","P01593","UNIPROT","P01763","undirected","Binding"
"UNIPROT","P01593","UNIPROT","P01764","undirected","Binding"
"UNIPROT","P01593","UNIPROT","P01766","undirected","Binding"
"UNIPROT","P01593","UNIPROT","P01767","undirected","Binding"
"UNIPROT","P01593","UNIPROT","P01768","undirected","Binding"
"UNIPROT","P01593","UNIPROT","P01772","undirected","Binding"
"UNIPROT","P01593","UNIPROT","P01780","undirected","Binding"
"UNIPROT","P01593","UNIPROT","P01782","undirected","Binding"
"UNIPROT","P01593","UNIPROT","P01814","undirected","Binding"
"UNIPROT","P01593","UNIPROT","P01817","undirected","Binding"
"UNIPROT","P01593","UNIPROT","P01824","undirected","Binding"
"UNIPROT","P01593","UNIPROT","P01825","undirected","Binding"
"UNIPROT","P01593","UNIPROT","P06331","undirected","Binding"
"UNIPROT","P01593","UNIPROT","P23083","undirected","Binding"
"UNIPROT","P01593","UNIPROT","Q6PIL0","undirected","Binding"
"UNIPROT","P01594","UNIPROT","A2KUC3","undirected","Binding"
"UNIPROT","P01594","UNIPROT","P01742","undirected","Binding"
"UNIPROT","P01594","UNIPROT","P01743","undirected","Binding"
"UNIPROT","P01594","UNIPROT","P01762","undirected","Binding"
"UNIPROT","P01594","UNIPROT","P01763","undirected","Binding"
"UNIPROT","P01594","UNIPROT","P01764","undirected","Binding"
"UNIPROT","P01594","UNIPROT","P01766","undirected","Binding"
"UNIPROT","P01594","UNIPROT","P01767","undirected","Binding"
"UNIPROT","P01594","UNIPROT","P01768","undirected","Binding"
"UNIPROT","P01594","UNIPROT","P01772","undirected","Binding"
"UNIPROT","P01594","UNIPROT","P01780","undirected","Binding"
"UNIPROT","P01594","UNIPROT","P01782","undirected","Binding"
"UNIPROT","P01594","UNIPROT","P01814","undirected","Binding"
"UNIPROT","P01594","UNIPROT","P01817","undirected","Binding"
"UNIPROT","P01594","UNIPROT","P01824","undirected","Binding"
"UNIPROT","P01594","UNIPROT","P01825","undirected","Binding"
"UNIPROT","P01594","UNIPROT","P06331","undirected","Binding"
"UNIPROT","P01594","UNIPROT","P23083","undirected","Binding"
"UNIPROT","P01594","UNIPROT","Q6PIL0","undirected","Binding"
"UNIPROT","P01597","UNIPROT","A2KUC3","undirected","Binding"
"UNIPROT","P01597","UNIPROT","P01742","undirected","Binding"
"UNIPROT","P01597","UNIPROT","P01743","undirected","Binding"
"UNIPROT","P01597","UNIPROT","P01762","undirected","Binding"
"UNIPROT","P01597","UNIPROT","P01763","undirected","Binding"
"UNIPROT","P01597","UNIPROT","P01764","undirected","Binding"
"UNIPROT","P01597","UNIPROT","P01766","undirected","Binding"
"UNIPROT","P01597","UNIPROT","P01767","undirected","Binding"
"UNIPROT","P01597","UNIPROT","P01768","undirected","Binding"
"UNIPROT","P01597","UNIPROT","P01772","undirected","Binding"
"UNIPROT","P01597","UNIPROT","P01780","undirected","Binding"
"UNIPROT","P01597","UNIPROT","P01782","undirected","Binding"
"UNIPROT","P01597","UNIPROT","P01814","undirected","Binding"
"UNIPROT","P01597","UNIPROT","P01817","undirected","Binding"
"UNIPROT","P01597","UNIPROT","P01824","undirected","Binding"
"UNIPROT","P01597","UNIPROT","P01825","undirected","Binding"
"UNIPROT","P01597","UNIPROT","P06331","undirected","Binding"
"UNIPROT","P01597","UNIPROT","P23083","undirected","Binding"
"UNIPROT","P01597","UNIPROT","Q6PIL0","undirected","Binding"
"UNIPROT","P01599","UNIPROT","A2KUC3","undirected","Binding"
"UNIPROT","P01599","UNIPROT","P01742","undirected","Binding"
"UNIPROT","P01599","UNIPROT","P01743","undirected","Binding"
"UNIPROT","P01599","UNIPROT","P01762","undirected","Binding"
"UNIPROT","P01599","UNIPROT","P01763","undirected","Binding"
"UNIPROT","P01599","UNIPROT","P01764","undirected","Binding"
"UNIPROT","P01599","UNIPROT","P01766","undirected","Binding"
"UNIPROT","P01599","UNIPROT","P01767","undirected","Binding"
"UNIPROT","P01599","UNIPROT","P01768","undirected","Binding"
"UNIPROT","P01599","UNIPROT","P01772","undirected","Binding"
"UNIPROT","P01599","UNIPROT","P01780","undirected","Binding"
"UNIPROT","P01599","UNIPROT","P01782","undirected","Binding"
"UNIPROT","P01599","UNIPROT","P01814","undirected","Binding"
"UNIPROT","P01599","UNIPROT","P01817","undirected","Binding"
"UNIPROT","P01599","UNIPROT","P01824","undirected","Binding"
"UNIPROT","P01599","UNIPROT","P01825","undirected","Binding"
"UNIPROT","P01599","UNIPROT","P06331","undirected","Binding"
"UNIPROT","P01599","UNIPROT","P23083","undirected","Binding"
"UNIPROT","P01599","UNIPROT","Q6PIL0","undirected","Binding"
"UNIPROT","P01601","UNIPROT","A2KUC3","undirected","Binding"
"UNIPROT","P01601","UNIPROT","P01742","undirected","Binding"
"UNIPROT","P01601","UNIPROT","P01743","undirected","Binding"
"UNIPROT","P01601","UNIPROT","P01762","undirected","Binding"
"UNIPROT","P01601","UNIPROT","P01763","undirected","Binding"
"UNIPROT","P01601","UNIPROT","P01764","undirected","Binding"
"UNIPROT","P01601","UNIPROT","P01766","undirected","Binding"
"UNIPROT","P01601","UNIPROT","P01767","undirected","Binding"
"UNIPROT","P01601","UNIPROT","P01768","undirected","Binding"
"UNIPROT","P01601","UNIPROT","P01772","undirected","Binding"
"UNIPROT","P01601","UNIPROT","P01780","undirected","Binding"
"UNIPROT","P01601","UNIPROT","P01782","undirected","Binding"
"UNIPROT","P01601","UNIPROT","P01814","undirected","Binding"
"UNIPROT","P01601","UNIPROT","P01817","undirected","Binding"
"UNIPROT","P01601","UNIPROT","P01824","undirected","Binding"
"UNIPROT","P01601","UNIPROT","P01825","undirected","Binding"
"UNIPROT","P01601","UNIPROT","P06331","undirected","Binding"
"UNIPROT","P01601","UNIPROT","P23083","undirected","Binding"
"UNIPROT","P01601","UNIPROT","Q6PIL0","undirected","Binding"
"UNIPROT","P01602","UNIPROT","A2KUC3","undirected","Binding"
"UNIPROT","P01602","UNIPROT","P01742","undirected","Binding"
"UNIPROT","P01602","UNIPROT","P01743","undirected","Binding"
"UNIPROT","P01602","UNIPROT","P01762","undirected","Binding"
"UNIPROT","P01602","UNIPROT","P01763","undirected","Binding"
"UNIPROT","P01602","UNIPROT","P01764","undirected","Binding"
"UNIPROT","P01602","UNIPROT","P01766","undirected","Binding"
"UNIPROT","P01602","UNIPROT","P01767","undirected","Binding"
"UNIPROT","P01602","UNIPROT","P01768","undirected","Binding"
"UNIPROT","P01602","UNIPROT","P01772","undirected","Binding"
"UNIPROT","P01602","UNIPROT","P01780","undirected","Binding"
"UNIPROT","P01602","UNIPROT","P01782","undirected","Binding"
"UNIPROT","P01602","UNIPROT","P01814","undirected","Binding"
"UNIPROT","P01602","UNIPROT","P01817","undirected","Binding"
"UNIPROT","P01602","UNIPROT","P01824","undirected","Binding"
"UNIPROT","P01602","UNIPROT","P01825","undirected","Binding"
"UNIPROT","P01602","UNIPROT","P06331","undirected","Binding"
"UNIPROT","P01602","UNIPROT","P23083","undirected","Binding"
"UNIPROT","P01602","UNIPROT","Q6PIL0","undirected","Binding"
"UNIPROT","P01611","UNIPROT","A2KUC3","undirected","Binding"
"UNIPROT","P01611","UNIPROT","P01742","undirected","Binding"
"UNIPROT","P01611","UNIPROT","P01743","undirected","Binding"
"UNIPROT","P01611","UNIPROT","P01762","undirected","Binding"
"UNIPROT","P01611","UNIPROT","P01763","undirected","Binding"
"UNIPROT","P01611","UNIPROT","P01764","undirected","Binding"
"UNIPROT","P01611","UNIPROT","P01766","undirected","Binding"
"UNIPROT","P01611","UNIPROT","P01767","undirected","Binding"
"UNIPROT","P01611","UNIPROT","P01768","undirected","Binding"
"UNIPROT","P01611","UNIPROT","P01772","undirected","Binding"
"UNIPROT","P01611","UNIPROT","P01780","undirected","Binding"
"UNIPROT","P01611","UNIPROT","P01782","undirected","Binding"
"UNIPROT","P01611","UNIPROT","P01814","undirected","Binding"
"UNIPROT","P01611","UNIPROT","P01817","undirected","Binding"
"UNIPROT","P01611","UNIPROT","P01824","undirected","Binding"
"UNIPROT","P01611","UNIPROT","P01825","undirected","Binding"
"UNIPROT","P01611","UNIPROT","P06331","undirected","Binding"
"UNIPROT","P01611","UNIPROT","P23083","undirected","Binding"
"UNIPROT","P01611","UNIPROT","Q6PIL0","undirected","Binding"
"UNIPROT","P01614","UNIPROT","A2KUC3","undirected","Binding"
"UNIPROT","P01614","UNIPROT","P01742","undirected","Binding"
"UNIPROT","P01614","UNIPROT","P01743","undirected","Binding"
"UNIPROT","P01614","UNIPROT","P01762","undirected","Binding"
"UNIPROT","P01614","UNIPROT","P01763","undirected","Binding"
"UNIPROT","P01614","UNIPROT","P01764","undirected","Binding"
"UNIPROT","P01614","UNIPROT","P01766","undirected","Binding"
"UNIPROT","P01614","UNIPROT","P01767","undirected","Binding"
"UNIPROT","P01614","UNIPROT","P01768","undirected","Binding"
"UNIPROT","P01614","UNIPROT","P01772","undirected","Binding"
"UNIPROT","P01614","UNIPROT","P01780","undirected","Binding"
"UNIPROT","P01614","UNIPROT","P01782","undirected","Binding"
"UNIPROT","P01614","UNIPROT","P01814","undirected","Binding"
"UNIPROT","P01614","UNIPROT","P01817","undirected","Binding"
"UNIPROT","P01614","UNIPROT","P01824","undirected","Binding"
"UNIPROT","P01614","UNIPROT","P01825","undirected","Binding"
"UNIPROT","P01614","UNIPROT","P06331","undirected","Binding"
"UNIPROT","P01614","UNIPROT","P23083","undirected","Binding"
"UNIPROT","P01614","UNIPROT","Q6PIL0","undirected","Binding"
"UNIPROT","P01615","UNIPROT","A2KUC3","undirected","Binding"
"UNIPROT","P01615","UNIPROT","P01742","undirected","Binding"
"UNIPROT","P01615","UNIPROT","P01743","undirected","Binding"
"UNIPROT","P01615","UNIPROT","P01762","undirected","Binding"
"UNIPROT","P01615","UNIPROT","P01763","undirected","Binding"
"UNIPROT","P01615","UNIPROT","P01764","undirected","Binding"
"UNIPROT","P01615","UNIPROT","P01766","undirected","Binding"
"UNIPROT","P01615","UNIPROT","P01767","undirected","Binding"
"UNIPROT","P01615","UNIPROT","P01768","undirected","Binding"
"UNIPROT","P01615","UNIPROT","P01772","undirected","Binding"
"UNIPROT","P01615","UNIPROT","P01780","undirected","Binding"
"UNIPROT","P01615","UNIPROT","P01782","undirected","Binding"
"UNIPROT","P01615","UNIPROT","P01814","undirected","Binding"
"UNIPROT","P01615","UNIPROT","P01817","undirected","Binding"
"UNIPROT","P01615","UNIPROT","P01824","undirected","Binding"
"UNIPROT","P01615","UNIPROT","P01825","undirected","Binding"
"UNIPROT","P01615","UNIPROT","P06331","undirected","Binding"
"UNIPROT","P01615","UNIPROT","P23083","undirected","Binding"
"UNIPROT","P01615","UNIPROT","Q6PIL0","undirected","Binding"
"UNIPROT","P01619","UNIPROT","A2KUC3","undirected","Binding"
"UNIPROT","P01619","UNIPROT","P01742","undirected","Binding"
"UNIPROT","P01619","UNIPROT","P01743","undirected","Binding"
"UNIPROT","P01619","UNIPROT","P01762","undirected","Binding"
"UNIPROT","P01619","UNIPROT","P01763","undirected","Binding"
"UNIPROT","P01619","UNIPROT","P01764","undirected","Binding"
"UNIPROT","P01619","UNIPROT","P01766","undirected","Binding"
"UNIPROT","P01619","UNIPROT","P01767","undirected","Binding"
"UNIPROT","P01619","UNIPROT","P01768","undirected","Binding"
"UNIPROT","P01619","UNIPROT","P01772","undirected","Binding"
"UNIPROT","P01619","UNIPROT","P01780","undirected","Binding"
"UNIPROT","P01619","UNIPROT","P01782","undirected","Binding"
"UNIPROT","P01619","UNIPROT","P01814","undirected","Binding"
"UNIPROT","P01619","UNIPROT","P01817","undirected","Binding"
"UNIPROT","P01619","UNIPROT","P01824","undirected","Binding"
"UNIPROT","P01619","UNIPROT","P01825","undirected","Binding"
"UNIPROT","P01619","UNIPROT","P06331","undirected","Binding"
"UNIPROT","P01619","UNIPROT","P23083","undirected","Binding"
"UNIPROT","P01619","UNIPROT","Q6PIL0","undirected","Binding"
"UNIPROT","P01624","UNIPROT","A2KUC3","undirected","Binding"
"UNIPROT","P01624","UNIPROT","P01742","undirected","Binding"
"UNIPROT","P01624","UNIPROT","P01743","undirected","Binding"
"UNIPROT","P01624","UNIPROT","P01762","undirected","Binding"
"UNIPROT","P01624","UNIPROT","P01763","undirected","Binding"
"UNIPROT","P01624","UNIPROT","P01764","undirected","Binding"
"UNIPROT","P01624","UNIPROT","P01766","undirected","Binding"
"UNIPROT","P01624","UNIPROT","P01767","undirected","Binding"
"UNIPROT","P01624","UNIPROT","P01768","undirected","Binding"
"UNIPROT","P01624","UNIPROT","P01772","undirected","Binding"
"UNIPROT","P01624","UNIPROT","P01780","undirected","Binding"
"UNIPROT","P01624","UNIPROT","P01782","undirected","Binding"
"UNIPROT","P01624","UNIPROT","P01814","undirected","Binding"
"UNIPROT","P01624","UNIPROT","P01817","undirected","Binding"
"UNIPROT","P01624","UNIPROT","P01824","undirected","Binding"
"UNIPROT","P01624","UNIPROT","P01825","undirected","Binding"
"UNIPROT","P01624","UNIPROT","P06331","undirected","Binding"
"UNIPROT","P01624","UNIPROT","P23083","undirected","Binding"
"UNIPROT","P01624","UNIPROT","Q6PIL0","undirected","Binding"
"UNIPROT","P01699","UNIPROT","A2KUC3","undirected","Binding"
"UNIPROT","P01699","UNIPROT","P01742","undirected","Binding"
"UNIPROT","P01699","UNIPROT","P01743","undirected","Binding"
"UNIPROT","P01699","UNIPROT","P01762","undirected","Binding"
"UNIPROT","P01699","UNIPROT","P01763","undirected","Binding"
"UNIPROT","P01699","UNIPROT","P01764","undirected","Binding"
"UNIPROT","P01699","UNIPROT","P01766","undirected","Binding"
"UNIPROT","P01699","UNIPROT","P01767","undirected","Binding"
"UNIPROT","P01699","UNIPROT","P01768","undirected","Binding"
"UNIPROT","P01699","UNIPROT","P01772","undirected","Binding"
"UNIPROT","P01699","UNIPROT","P01780","undirected","Binding"
"UNIPROT","P01699","UNIPROT","P01782","undirected","Binding"
"UNIPROT","P01699","UNIPROT","P01814","undirected","Binding"
"UNIPROT","P01699","UNIPROT","P01817","undirected","Binding"
"UNIPROT","P01699","UNIPROT","P01824","undirected","Binding"
"UNIPROT","P01699","UNIPROT","P01825","undirected","Binding"
"UNIPROT","P01699","UNIPROT","P06331","undirected","Binding"
"UNIPROT","P01699","UNIPROT","Q6PIL0","undirected","Binding"
"UNIPROT","P01700","UNIPROT","A2KUC3","undirected","Binding"
"UNIPROT","P01700","UNIPROT","P01742","undirected","Binding"
"UNIPROT","P01700","UNIPROT","P01743","undirected","Binding"
"UNIPROT","P01700","UNIPROT","P01762","undirected","Binding"
"UNIPROT","P01700","UNIPROT","P01763","undirected","Binding"
"UNIPROT","P01700","UNIPROT","P01764","undirected","Binding"
"UNIPROT","P01700","UNIPROT","P01766","undirected","Binding"
"UNIPROT","P01700","UNIPROT","P01767","undirected","Binding"
"UNIPROT","P01700","UNIPROT","P01768","undirected","Binding"
"UNIPROT","P01700","UNIPROT","P01772","undirected","Binding"
"UNIPROT","P01700","UNIPROT","P01780","undirected","Binding"
"UNIPROT","P01700","UNIPROT","P01782","undirected","Binding"
"UNIPROT","P01700","UNIPROT","P01814","undirected","Binding"
"UNIPROT","P01700","UNIPROT","P01817","undirected","Binding"
"UNIPROT","P01700","UNIPROT","P01824","undirected","Binding"
"UNIPROT","P01700","UNIPROT","P01825","undirected","Binding"
"UNIPROT","P01700","UNIPROT","P06331","undirected","Binding"
"UNIPROT","P01700","UNIPROT","Q6PIL0","undirected","Binding"
"UNIPROT","P01701","UNIPROT","A2KUC3","undirected","Binding"
"UNIPROT","P01701","UNIPROT","P01742","undirected","Binding"
"UNIPROT","P01701","UNIPROT","P01743","undirected","Binding"
"UNIPROT","P01701","UNIPROT","P01762","undirected","Binding"
"UNIPROT","P01701","UNIPROT","P01763","undirected","Binding"
"UNIPROT","P01701","UNIPROT","P01764","undirected","Binding"
"UNIPROT","P01701","UNIPROT","P01766","undirected","Binding"
"UNIPROT","P01701","UNIPROT","P01767","undirected","Binding"
"UNIPROT","P01701","UNIPROT","P01768","undirected","Binding"
"UNIPROT","P01701","UNIPROT","P01772","undirected","Binding"
"UNIPROT","P01701","UNIPROT","P01780","undirected","Binding"
"UNIPROT","P01701","UNIPROT","P01782","undirected","Binding"
"UNIPROT","P01701","UNIPROT","P01814","undirected","Binding"
"UNIPROT","P01701","UNIPROT","P01817","undirected","Binding"
"UNIPROT","P01701","UNIPROT","P01824","undirected","Binding"
"UNIPROT","P01701","UNIPROT","P01825","undirected","Binding"
"UNIPROT","P01701","UNIPROT","P06331","undirected","Binding"
"UNIPROT","P01701","UNIPROT","Q6PIL0","undirected","Binding"
"UNIPROT","P01703","UNIPROT","A2KUC3","undirected","Binding"
"UNIPROT","P01703","UNIPROT","P01742","undirected","Binding"
"UNIPROT","P01703","UNIPROT","P01743","undirected","Binding"
"UNIPROT","P01703","UNIPROT","P01762","undirected","Binding"
"UNIPROT","P01703","UNIPROT","P01763","undirected","Binding"
"UNIPROT","P01703","UNIPROT","P01764","undirected","Binding"
"UNIPROT","P01703","UNIPROT","P01766","undirected","Binding"
"UNIPROT","P01703","UNIPROT","P01767","undirected","Binding"
"UNIPROT","P01703","UNIPROT","P01768","undirected","Binding"
"UNIPROT","P01703","UNIPROT","P01772","undirected","Binding"
"UNIPROT","P01703","UNIPROT","P01780","undirected","Binding"
"UNIPROT","P01703","UNIPROT","P01782","undirected","Binding"
"UNIPROT","P01703","UNIPROT","P01814","undirected","Binding"
"UNIPROT","P01703","UNIPROT","P01817","undirected","Binding"
"UNIPROT","P01703","UNIPROT","P01824","undirected","Binding"
"UNIPROT","P01703","UNIPROT","P01825","undirected","Binding"
"UNIPROT","P01703","UNIPROT","P06331","undirected","Binding"
"UNIPROT","P01703","UNIPROT","Q6PIL0","undirected","Binding"
"UNIPROT","P01704","UNIPROT","A2KUC3","undirected","Binding"
"UNIPROT","P01704","UNIPROT","P01742","undirected","Binding"
"UNIPROT","P01704","UNIPROT","P01743","undirected","Binding"
"UNIPROT","P01704","UNIPROT","P01762","undirected","Binding"
"UNIPROT","P01704","UNIPROT","P01763","undirected","Binding"
"UNIPROT","P01704","UNIPROT","P01764","undirected","Binding"
"UNIPROT","P01704","UNIPROT","P01766","undirected","Binding"
"UNIPROT","P01704","UNIPROT","P01767","undirected","Binding"
"UNIPROT","P01704","UNIPROT","P01768","undirected","Binding"
"UNIPROT","P01704","UNIPROT","P01772","undirected","Binding"
"UNIPROT","P01704","UNIPROT","P01780","undirected","Binding"
"UNIPROT","P01704","UNIPROT","P01782","undirected","Binding"
"UNIPROT","P01704","UNIPROT","P01814","undirected","Binding"
"UNIPROT","P01704","UNIPROT","P01817","undirected","Binding"
"UNIPROT","P01704","UNIPROT","P01824","undirected","Binding"
"UNIPROT","P01704","UNIPROT","P01825","undirected","Binding"
"UNIPROT","P01704","UNIPROT","P06331","undirected","Binding"
"UNIPROT","P01704","UNIPROT","Q6PIL0","undirected","Binding"
"UNIPROT","P01705","UNIPROT","A2KUC3","undirected","Binding"
"UNIPROT","P01705","UNIPROT","P01742","undirected","Binding"
"UNIPROT","P01705","UNIPROT","P01743","undirected","Binding"
"UNIPROT","P01705","UNIPROT","P01762","undirected","Binding"
"UNIPROT","P01705","UNIPROT","P01763","undirected","Binding"
"UNIPROT","P01705","UNIPROT","P01764","undirected","Binding"
"UNIPROT","P01705","UNIPROT","P01766","undirected","Binding"
"UNIPROT","P01705","UNIPROT","P01767","undirected","Binding"
"UNIPROT","P01705","UNIPROT","P01768","undirected","Binding"
"UNIPROT","P01705","UNIPROT","P01772","undirected","Binding"
"UNIPROT","P01705","UNIPROT","P01780","undirected","Binding"
"UNIPROT","P01705","UNIPROT","P01782","undirected","Binding"
"UNIPROT","P01705","UNIPROT","P01814","undirected","Binding"
"UNIPROT","P01705","UNIPROT","P01817","undirected","Binding"
"UNIPROT","P01705","UNIPROT","P01824","undirected","Binding"
"UNIPROT","P01705","UNIPROT","P01825","undirected","Binding"
"UNIPROT","P01705","UNIPROT","P06331","undirected","Binding"
"UNIPROT","P01705","UNIPROT","Q6PIL0","undirected","Binding"
"UNIPROT","P01706","UNIPROT","A2KUC3","undirected","Binding"
"UNIPROT","P01706","UNIPROT","P01742","undirected","Binding"
"UNIPROT","P01706","UNIPROT","P01743","undirected","Binding"
"UNIPROT","P01706","UNIPROT","P01762","undirected","Binding"
"UNIPROT","P01706","UNIPROT","P01763","undirected","Binding"
"UNIPROT","P01706","UNIPROT","P01764","undirected","Binding"
"UNIPROT","P01706","UNIPROT","P01766","undirected","Binding"
"UNIPROT","P01706","UNIPROT","P01767","undirected","Binding"
"UNIPROT","P01706","UNIPROT","P01768","undirected","Binding"
"UNIPROT","P01706","UNIPROT","P01772","undirected","Binding"
"UNIPROT","P01706","UNIPROT","P01780","undirected","Binding"
"UNIPROT","P01706","UNIPROT","P01782","undirected","Binding"
"UNIPROT","P01706","UNIPROT","P01814","undirected","Binding"
"UNIPROT","P01706","UNIPROT","P01817","undirected","Binding"
"UNIPROT","P01706","UNIPROT","P01824","undirected","Binding"
"UNIPROT","P01706","UNIPROT","P01825","undirected","Binding"
"UNIPROT","P01706","UNIPROT","P06331","undirected","Binding"
"UNIPROT","P01706","UNIPROT","Q6PIL0","undirected","Binding"
"UNIPROT","P01709","UNIPROT","A2KUC3","undirected","Binding"
"UNIPROT","P01709","UNIPROT","P01742","undirected","Binding"
"UNIPROT","P01709","UNIPROT","P01743","undirected","Binding"
"UNIPROT","P01709","UNIPROT","P01762","undirected","Binding"
"UNIPROT","P01709","UNIPROT","P01763","undirected","Binding"
"UNIPROT","P01709","UNIPROT","P01764","undirected","Binding"
"UNIPROT","P01709","UNIPROT","P01766","undirected","Binding"
"UNIPROT","P01709","UNIPROT","P01767","undirected","Binding"
"UNIPROT","P01709","UNIPROT","P01768","undirected","Binding"
"UNIPROT","P01709","UNIPROT","P01772","undirected","Binding"
"UNIPROT","P01709","UNIPROT","P01780","undirected","Binding"
"UNIPROT","P01709","UNIPROT","P01782","undirected","Binding"
"UNIPROT","P01709","UNIPROT","P01814","undirected","Binding"
"UNIPROT","P01709","UNIPROT","P01817","undirected","Binding"
"UNIPROT","P01709","UNIPROT","P01824","undirected","Binding"
"UNIPROT","P01709","UNIPROT","P01825","undirected","Binding"
"UNIPROT","P01709","UNIPROT","P06331","undirected","Binding"
"UNIPROT","P01709","UNIPROT","Q6PIL0","undirected","Binding"
"UNIPROT","P01714","UNIPROT","A2KUC3","undirected","Binding"
"UNIPROT","P01714","UNIPROT","P01742","undirected","Binding"
"UNIPROT","P01714","UNIPROT","P01743","undirected","Binding"
"UNIPROT","P01714","UNIPROT","P01762","undirected","Binding"
"UNIPROT","P01714","UNIPROT","P01763","undirected","Binding"
"UNIPROT","P01714","UNIPROT","P01764","undirected","Binding"
"UNIPROT","P01714","UNIPROT","P01766","undirected","Binding"
"UNIPROT","P01714","UNIPROT","P01767","undirected","Binding"
"UNIPROT","P01714","UNIPROT","P01768","undirected","Binding"
"UNIPROT","P01714","UNIPROT","P01772","undirected","Binding"
"UNIPROT","P01714","UNIPROT","P01780","undirected","Binding"
"UNIPROT","P01714","UNIPROT","P01782","undirected","Binding"
"UNIPROT","P01714","UNIPROT","P01814","undirected","Binding"
"UNIPROT","P01714","UNIPROT","P01817","undirected","Binding"
"UNIPROT","P01714","UNIPROT","P01824","undirected","Binding"
"UNIPROT","P01714","UNIPROT","P01825","undirected","Binding"
"UNIPROT","P01714","UNIPROT","P06331","undirected","Binding"
"UNIPROT","P01714","UNIPROT","Q6PIL0","undirected","Binding"
"UNIPROT","P01715","UNIPROT","A2KUC3","undirected","Binding"
"UNIPROT","P01715","UNIPROT","P01742","undirected","Binding"
"UNIPROT","P01715","UNIPROT","P01743","undirected","Binding"
"UNIPROT","P01715","UNIPROT","P01762","undirected","Binding"
"UNIPROT","P01715","UNIPROT","P01763","undirected","Binding"
"UNIPROT","P01715","UNIPROT","P01764","undirected","Binding"
"UNIPROT","P01715","UNIPROT","P01766","undirected","Binding"
"UNIPROT","P01715","UNIPROT","P01767","undirected","Binding"
"UNIPROT","P01715","UNIPROT","P01768","undirected","Binding"
"UNIPROT","P01715","UNIPROT","P01772","undirected","Binding"
"UNIPROT","P01715","UNIPROT","P01780","undirected","Binding"
"UNIPROT","P01715","UNIPROT","P01782","undirected","Binding"
"UNIPROT","P01715","UNIPROT","P01814","undirected","Binding"
"UNIPROT","P01715","UNIPROT","P01817","undirected","Binding"
"UNIPROT","P01715","UNIPROT","P01824","undirected","Binding"
"UNIPROT","P01715","UNIPROT","P01825","undirected","Binding"
"UNIPROT","P01715","UNIPROT","P06331","undirected","Binding"
"UNIPROT","P01715","UNIPROT","Q6PIL0","undirected","Binding"
"UNIPROT","P01717","UNIPROT","A2KUC3","undirected","Binding"
"UNIPROT","P01717","UNIPROT","P01742","undirected","Binding"
"UNIPROT","P01717","UNIPROT","P01743","undirected","Binding"
"UNIPROT","P01717","UNIPROT","P01762","undirected","Binding"
"UNIPROT","P01717","UNIPROT","P01763","undirected","Binding"
"UNIPROT","P01717","UNIPROT","P01764","undirected","Binding"
"UNIPROT","P01717","UNIPROT","P01766","undirected","Binding"
"UNIPROT","P01717","UNIPROT","P01767","undirected","Binding"
"UNIPROT","P01717","UNIPROT","P01768","undirected","Binding"
"UNIPROT","P01717","UNIPROT","P01772","undirected","Binding"
"UNIPROT","P01717","UNIPROT","P01780","undirected","Binding"
"UNIPROT","P01717","UNIPROT","P01782","undirected","Binding"
"UNIPROT","P01717","UNIPROT","P01814","undirected","Binding"
"UNIPROT","P01717","UNIPROT","P01817","undirected","Binding"
"UNIPROT","P01717","UNIPROT","P01824","undirected","Binding"
"UNIPROT","P01717","UNIPROT","P01825","undirected","Binding"
"UNIPROT","P01717","UNIPROT","P06331","undirected","Binding"
"UNIPROT","P01717","UNIPROT","Q6PIL0","undirected","Binding"
"UNIPROT","P01718","UNIPROT","A2KUC3","undirected","Binding"
"UNIPROT","P01718","UNIPROT","P01742","undirected","Binding"
"UNIPROT","P01718","UNIPROT","P01743","undirected","Binding"
"UNIPROT","P01718","UNIPROT","P01762","undirected","Binding"
"UNIPROT","P01718","UNIPROT","P01763","undirected","Binding"
"UNIPROT","P01718","UNIPROT","P01764","undirected","Binding"
"UNIPROT","P01718","UNIPROT","P01766","undirected","Binding"
"UNIPROT","P01718","UNIPROT","P01767","undirected","Binding"
"UNIPROT","P01718","UNIPROT","P01768","undirected","Binding"
"UNIPROT","P01718","UNIPROT","P01772","undirected","Binding"
"UNIPROT","P01718","UNIPROT","P01780","undirected","Binding"
"UNIPROT","P01718","UNIPROT","P01782","undirected","Binding"
"UNIPROT","P01718","UNIPROT","P01814","undirected","Binding"
"UNIPROT","P01718","UNIPROT","P01817","undirected","Binding"
"UNIPROT","P01718","UNIPROT","P01824","undirected","Binding"
"UNIPROT","P01718","UNIPROT","P01825","undirected","Binding"
"UNIPROT","P01718","UNIPROT","P06331","undirected","Binding"
"UNIPROT","P01718","UNIPROT","Q6PIL0","undirected","Binding"
"UNIPROT","P01721","UNIPROT","A2KUC3","undirected","Binding"
"UNIPROT","P01721","UNIPROT","P01742","undirected","Binding"
"UNIPROT","P01721","UNIPROT","P01743","undirected","Binding"
"UNIPROT","P01721","UNIPROT","P01762","undirected","Binding"
"UNIPROT","P01721","UNIPROT","P01763","undirected","Binding"
"UNIPROT","P01721","UNIPROT","P01764","undirected","Binding"
"UNIPROT","P01721","UNIPROT","P01766","undirected","Binding"
"UNIPROT","P01721","UNIPROT","P01767","undirected","Binding"
"UNIPROT","P01721","UNIPROT","P01768","undirected","Binding"
"UNIPROT","P01721","UNIPROT","P01772","undirected","Binding"
"UNIPROT","P01721","UNIPROT","P01780","undirected","Binding"
"UNIPROT","P01721","UNIPROT","P01782","undirected","Binding"
"UNIPROT","P01721","UNIPROT","P01814","undirected","Binding"
"UNIPROT","P01721","UNIPROT","P01817","undirected","Binding"
"UNIPROT","P01721","UNIPROT","P01824","undirected","Binding"
"UNIPROT","P01721","UNIPROT","P01825","undirected","Binding"
"UNIPROT","P01721","UNIPROT","P06331","undirected","Binding"
"UNIPROT","P01721","UNIPROT","Q6PIL0","undirected","Binding"
"UNIPROT","P01834","UNIPROT","A0A075B6P5","undirected","Binding"
"UNIPROT","P01834","UNIPROT","A0A075B6S6","undirected","Binding"
"UNIPROT","P01834","UNIPROT","A0A0C4DH25","undirected","Binding"
"UNIPROT","P01834","UNIPROT","A0A0C4DH73","undirected","Binding"
"UNIPROT","P01834","UNIPROT","A2KUC3","undirected","Binding"
"UNIPROT","P01834","UNIPROT","A2NJV5","undirected","Binding"
"UNIPROT","P01834","UNIPROT","A2NXD2","undirected","Binding"
"UNIPROT","P01834","UNIPROT","P01593","undirected","Binding"
"UNIPROT","P01834","UNIPROT","P01594","undirected","Binding"
"UNIPROT","P01834","UNIPROT","P01597","undirected","Binding"
"UNIPROT","P01834","UNIPROT","P01599","undirected","Binding"
"UNIPROT","P01834","UNIPROT","P01601","undirected","Binding"
"UNIPROT","P01834","UNIPROT","P01602","undirected","Binding"
"UNIPROT","P01834","UNIPROT","P01611","undirected","Binding"
"UNIPROT","P01834","UNIPROT","P01614","undirected","Binding"
"UNIPROT","P01834","UNIPROT","P01615","undirected","Binding"
"UNIPROT","P01834","UNIPROT","P01619","undirected","Binding"
"UNIPROT","P01834","UNIPROT","P01624","undirected","Binding"
"UNIPROT","P01834","UNIPROT","P01742","undirected","Binding"
"UNIPROT","P01834","UNIPROT","P01743","undirected","Binding"
"UNIPROT","P01834","UNIPROT","P01762","undirected","Binding"
"UNIPROT","P01834","UNIPROT","P01763","undirected","Binding"
"UNIPROT","P01834","UNIPROT","P01764","undirected","Binding"
"UNIPROT","P01834","UNIPROT","P01766","undirected","Binding"
"UNIPROT","P01834","UNIPROT","P01767","undirected","Binding"
"UNIPROT","P01834","UNIPROT","P01768","undirected","Binding"
"UNIPROT","P01834","UNIPROT","P01772","undirected","Binding"
"UNIPROT","P01834","UNIPROT","P01780","undirected","Binding"
"UNIPROT","P01834","UNIPROT","P01782","undirected","Binding"
"UNIPROT","P01834","UNIPROT","P01814","undirected","Binding"
"UNIPROT","P01834","UNIPROT","P01817","undirected","Binding"
"UNIPROT","P01834","UNIPROT","P01824","undirected","Binding"
"UNIPROT","P01834","UNIPROT","P01825","undirected","Binding"
"UNIPROT","P01834","UNIPROT","P04430","undirected","Binding"
"UNIPROT","P01834","UNIPROT","P04432","undirected","Binding"
"UNIPROT","P01834","UNIPROT","P04433","undirected","Binding"
"UNIPROT","P01834","UNIPROT","P06310","undirected","Binding"
"UNIPROT","P01834","UNIPROT","P06312","undirected","Binding"
"UNIPROT","P01834","UNIPROT","P06315","undirected","Binding"
"UNIPROT","P01834","UNIPROT","P06331","undirected","Binding"
"UNIPROT","P01834","UNIPROT","P23083","undirected","Binding"
"UNIPROT","P01834","UNIPROT","Q6PIL0","undirected","Binding"
"UNIPROT","P01871","UNIPROT","A0A075B6P5","undirected","Binding"
"UNIPROT","P01871","UNIPROT","A0A075B6S6","undirected","Binding"
"UNIPROT","P01871","UNIPROT","A0A0C4DH25","undirected","Binding"
"UNIPROT","P01871","UNIPROT","A0A0C4DH73","undirected","Binding"
"UNIPROT","P01871","UNIPROT","A0M8Q6","undirected","Binding"
"UNIPROT","P01871","UNIPROT","A2KUC3","undirected","Binding"
"UNIPROT","P01871","UNIPROT","A2NJV5","undirected","Binding"
"UNIPROT","P01871","UNIPROT","A2NXD2","undirected","Binding"
"UNIPROT","P01871","UNIPROT","P01593","undirected","Binding"
"UNIPROT","P01871","UNIPROT","P01594","undirected","Binding"
"UNIPROT","P01871","UNIPROT","P01597","undirected","Binding"
"UNIPROT","P01871","UNIPROT","P01599","undirected","Binding"
"UNIPROT","P01871","UNIPROT","P01601","undirected","Binding"
"UNIPROT","P01871","UNIPROT","P01602","undirected","Binding"
"UNIPROT","P01871","UNIPROT","P01611","undirected","Binding"
"UNIPROT","P01871","UNIPROT","P01614","undirected","Binding"
"UNIPROT","P01871","UNIPROT","P01615","undirected","Binding"
"UNIPROT","P01871","UNIPROT","P01619","undirected","Binding"
"UNIPROT","P01871","UNIPROT","P01624","undirected","Binding"
"UNIPROT","P01871","UNIPROT","P01699","undirected","Binding"
"UNIPROT","P01871","UNIPROT","P01700","undirected","Binding"
"UNIPROT","P01871","UNIPROT","P01701","undirected","Binding"
"UNIPROT","P01871","UNIPROT","P01703","undirected","Binding"
"UNIPROT","P01871","UNIPROT","P01704","undirected","Binding"
"UNIPROT","P01871","UNIPROT","P01705","undirected","Binding"
"UNIPROT","P01871","UNIPROT","P01706","undirected","Binding"
"UNIPROT","P01871","UNIPROT","P01709","undirected","Binding"
"UNIPROT","P01871","UNIPROT","P01714","undirected","Binding"
"UNIPROT","P01871","UNIPROT","P01715","undirected","Binding"
"UNIPROT","P01871","UNIPROT","P01717","undirected","Binding"
"UNIPROT","P01871","UNIPROT","P01718","undirected","Binding"
"UNIPROT","P01871","UNIPROT","P01721","undirected","Binding"
"UNIPROT","P01871","UNIPROT","P01742","undirected","Binding"
"UNIPROT","P01871","UNIPROT","P01743","undirected","Binding"
"UNIPROT","P01871","UNIPROT","P01762","undirected","Binding"
"UNIPROT","P01871","UNIPROT","P01763","undirected","Binding"
"UNIPROT","P01871","UNIPROT","P01764","undirected","Binding"
"UNIPROT","P01871","UNIPROT","P01766","undirected","Binding"
"UNIPROT","P01871","UNIPROT","P01767","undirected","Binding"
"UNIPROT","P01871","UNIPROT","P01768","undirected","Binding"
"UNIPROT","P01871","UNIPROT","P01772","undirected","Binding"
"UNIPROT","P01871","UNIPROT","P01780","undirected","Binding"
"UNIPROT","P01871","UNIPROT","P01782","undirected","Binding"
"UNIPROT","P01871","UNIPROT","P01814","undirected","Binding"
"UNIPROT","P01871","UNIPROT","P01817","undirected","Binding"
"UNIPROT","P01871","UNIPROT","P01824","undirected","Binding"
"UNIPROT","P01871","UNIPROT","P01825","undirected","Binding"
"UNIPROT","P01871","UNIPROT","P01834","undirected","Binding"
"UNIPROT","P01871","UNIPROT","P04211","undirected","Binding"
"UNIPROT","P01871","UNIPROT","P04430","undirected","Binding"
"UNIPROT","P01871","UNIPROT","P04432","undirected","Binding"
"UNIPROT","P01871","UNIPROT","P04433","undirected","Binding"
"UNIPROT","P01871","UNIPROT","P06310","undirected","Binding"
"UNIPROT","P01871","UNIPROT","P06312","undirected","Binding"
"UNIPROT","P01871","UNIPROT","P06315","undirected","Binding"
"UNIPROT","P01871","UNIPROT","P06331","undirected","Binding"
"UNIPROT","P01871","UNIPROT","P0CF74","undirected","Binding"
"UNIPROT","P01871","UNIPROT","P0CG04","undirected","Binding"
"UNIPROT","P01871","UNIPROT","P0DOY2","undirected","Binding"
"UNIPROT","P01871","UNIPROT","P0DOY3","undirected","Binding"
"UNIPROT","P01871","UNIPROT","P11912","undirected","Binding"
"UNIPROT","P01871","UNIPROT","P20273","undirected","Binding"
"UNIPROT","P01871","UNIPROT","P23083","undirected","Binding"
"UNIPROT","P01871","UNIPROT","P29350","undirected","Binding"
"UNIPROT","P01871","UNIPROT","P40259","undirected","Binding"
"UNIPROT","P01871","UNIPROT","P80748","undirected","Binding"
"UNIPROT","P01871","UNIPROT","Q6PIL0","undirected","Binding"
"UNIPROT","P01880","UNIPROT","A0A075B6P5","undirected","Binding"
"UNIPROT","P01880","UNIPROT","A0A075B6S6","undirected","Binding"
"UNIPROT","P01880","UNIPROT","A0A0C4DH25","undirected","Binding"
"UNIPROT","P01880","UNIPROT","A0A0C4DH73","undirected","Binding"
"UNIPROT","P01880","UNIPROT","A0M8Q6","undirected","Binding"
"UNIPROT","P01880","UNIPROT","A2KUC3","undirected","Binding"
"UNIPROT","P01880","UNIPROT","A2NJV5","undirected","Binding"
"UNIPROT","P01880","UNIPROT","A2NXD2","undirected","Binding"
"UNIPROT","P01880","UNIPROT","P01593","undirected","Binding"
"UNIPROT","P01880","UNIPROT","P01594","undirected","Binding"
"UNIPROT","P01880","UNIPROT","P01597","undirected","Binding"
"UNIPROT","P01880","UNIPROT","P01599","undirected","Binding"
"UNIPROT","P01880","UNIPROT","P01601","undirected","Binding"
"UNIPROT","P01880","UNIPROT","P01602","undirected","Binding"
"UNIPROT","P01880","UNIPROT","P01611","undirected","Binding"
"UNIPROT","P01880","UNIPROT","P01614","undirected","Binding"
"UNIPROT","P01880","UNIPROT","P01615","undirected","Binding"
"UNIPROT","P01880","UNIPROT","P01619","undirected","Binding"
"UNIPROT","P01880","UNIPROT","P01624","undirected","Binding"
"UNIPROT","P01880","UNIPROT","P01699","undirected","Binding"
"UNIPROT","P01880","UNIPROT","P01700","undirected","Binding"
"UNIPROT","P01880","UNIPROT","P01701","undirected","Binding"
"UNIPROT","P01880","UNIPROT","P01703","undirected","Binding"
"UNIPROT","P01880","UNIPROT","P01704","undirected","Binding"
"UNIPROT","P01880","UNIPROT","P01705","undirected","Binding"
"UNIPROT","P01880","UNIPROT","P01706","undirected","Binding"
"UNIPROT","P01880","UNIPROT","P01709","undirected","Binding"
"UNIPROT","P01880","UNIPROT","P01714","undirected","Binding"
"UNIPROT","P01880","UNIPROT","P01715","undirected","Binding"
"UNIPROT","P01880","UNIPROT","P01717","undirected","Binding"
"UNIPROT","P01880","UNIPROT","P01718","undirected","Binding"
"UNIPROT","P01880","UNIPROT","P01721","undirected","Binding"
"UNIPROT","P01880","UNIPROT","P01742","undirected","Binding"
"UNIPROT","P01880","UNIPROT","P01743","undirected","Binding"
"UNIPROT","P01880","UNIPROT","P01762","undirected","Binding"
"UNIPROT","P01880","UNIPROT","P01763","undirected","Binding"
"UNIPROT","P01880","UNIPROT","P01764","undirected","Binding"
"UNIPROT","P01880","UNIPROT","P01766","undirected","Binding"
"UNIPROT","P01880","UNIPROT","P01767","undirected","Binding"
"UNIPROT","P01880","UNIPROT","P01768","undirected","Binding"
"UNIPROT","P01880","UNIPROT","P01772","undirected","Binding"
"UNIPROT","P01880","UNIPROT","P01780","undirected","Binding"
"UNIPROT","P01880","UNIPROT","P01782","undirected","Binding"
"UNIPROT","P01880","UNIPROT","P01814","undirected","Binding"
"UNIPROT","P01880","UNIPROT","P01817","undirected","Binding"
"UNIPROT","P01880","UNIPROT","P01824","undirected","Binding"
"UNIPROT","P01880","UNIPROT","P01825","undirected","Binding"
"UNIPROT","P01880","UNIPROT","P01834","undirected","Binding"
"UNIPROT","P01880","UNIPROT","P04211","undirected","Binding"
"UNIPROT","P01880","UNIPROT","P04430","undirected","Binding"
"UNIPROT","P01880","UNIPROT","P04432","undirected","Binding"
"UNIPROT","P01880","UNIPROT","P04433","undirected","Binding"
"UNIPROT","P01880","UNIPROT","P06310","undirected","Binding"
"UNIPROT","P01880","UNIPROT","P06312","undirected","Binding"
"UNIPROT","P01880","UNIPROT","P06315","undirected","Binding"
"UNIPROT","P01880","UNIPROT","P06331","undirected","Binding"
"UNIPROT","P01880","UNIPROT","P0CF74","undirected","Binding"
"UNIPROT","P01880","UNIPROT","P0CG04","undirected","Binding"
"UNIPROT","P01880","UNIPROT","P0DOY2","undirected","Binding"
"UNIPROT","P01880","UNIPROT","P0DOY3","undirected","Binding"
"UNIPROT","P01880","UNIPROT","P20273","undirected","Binding"
"UNIPROT","P01880","UNIPROT","P23083","undirected","Binding"
"UNIPROT","P01880","UNIPROT","P29350","undirected","Binding"
"UNIPROT","P01880","UNIPROT","P40259","undirected","Binding"
"UNIPROT","P01880","UNIPROT","P80748","undirected","Binding"
"UNIPROT","P01880","UNIPROT","Q6PIL0","undirected","Binding"
"UNIPROT","P04211","UNIPROT","A2KUC3","undirected","Binding"
"UNIPROT","P04211","UNIPROT","P01742","undirected","Binding"
"UNIPROT","P04211","UNIPROT","P01743","undirected","Binding"
"UNIPROT","P04211","UNIPROT","P01762","undirected","Binding"
"UNIPROT","P04211","UNIPROT","P01763","undirected","Binding"
"UNIPROT","P04211","UNIPROT","P01764","undirected","Binding"
"UNIPROT","P04211","UNIPROT","P01766","undirected","Binding"
"UNIPROT","P04211","UNIPROT","P01767","undirected","Binding"
"UNIPROT","P04211","UNIPROT","P01768","undirected","Binding"
"UNIPROT","P04211","UNIPROT","P01772","undirected","Binding"
"UNIPROT","P04211","UNIPROT","P01780","undirected","Binding"
"UNIPROT","P04211","UNIPROT","P01782","undirected","Binding"
"UNIPROT","P04211","UNIPROT","P01814","undirected","Binding"
"UNIPROT","P04211","UNIPROT","P01817","undirected","Binding"
"UNIPROT","P04211","UNIPROT","P01824","undirected","Binding"
"UNIPROT","P04211","UNIPROT","P01825","undirected","Binding"
"UNIPROT","P04211","UNIPROT","P06331","undirected","Binding"
"UNIPROT","P04211","UNIPROT","Q6PIL0","undirected","Binding"
"UNIPROT","P04430","UNIPROT","A2KUC3","undirected","Binding"
"UNIPROT","P04430","UNIPROT","P01742","undirected","Binding"
"UNIPROT","P04430","UNIPROT","P01743","undirected","Binding"
"UNIPROT","P04430","UNIPROT","P01762","undirected","Binding"
"UNIPROT","P04430","UNIPROT","P01763","undirected","Binding"
"UNIPROT","P04430","UNIPROT","P01764","undirected","Binding"
"UNIPROT","P04430","UNIPROT","P01766","undirected","Binding"
"UNIPROT","P04430","UNIPROT","P01767","undirected","Binding"
"UNIPROT","P04430","UNIPROT","P01768","undirected","Binding"
"UNIPROT","P04430","UNIPROT","P01772","undirected","Binding"
"UNIPROT","P04430","UNIPROT","P01780","undirected","Binding"
"UNIPROT","P04430","UNIPROT","P01782","undirected","Binding"
"UNIPROT","P04430","UNIPROT","P01814","undirected","Binding"
"UNIPROT","P04430","UNIPROT","P01817","undirected","Binding"
"UNIPROT","P04430","UNIPROT","P01824","undirected","Binding"
"UNIPROT","P04430","UNIPROT","P01825","undirected","Binding"
"UNIPROT","P04430","UNIPROT","P06331","undirected","Binding"
"UNIPROT","P04430","UNIPROT","P23083","undirected","Binding"
"UNIPROT","P04430","UNIPROT","Q6PIL0","undirected","Binding"
"UNIPROT","P04432","UNIPROT","A2KUC3","undirected","Binding"
"UNIPROT","P04432","UNIPROT","P01742","undirected","Binding"
"UNIPROT","P04432","UNIPROT","P01743","undirected","Binding"
"UNIPROT","P04432","UNIPROT","P01762","undirected","Binding"
"UNIPROT","P04432","UNIPROT","P01763","undirected","Binding"
"UNIPROT","P04432","UNIPROT","P01764","undirected","Binding"
"UNIPROT","P04432","UNIPROT","P01766","undirected","Binding"
"UNIPROT","P04432","UNIPROT","P01767","undirected","Binding"
"UNIPROT","P04432","UNIPROT","P01768","undirected","Binding"
"UNIPROT","P04432","UNIPROT","P01772","undirected","Binding"
"UNIPROT","P04432","UNIPROT","P01780","undirected","Binding"
"UNIPROT","P04432","UNIPROT","P01782","undirected","Binding"
"UNIPROT","P04432","UNIPROT","P01814","undirected","Binding"
"UNIPROT","P04432","UNIPROT","P01817","undirected","Binding"
"UNIPROT","P04432","UNIPROT","P01824","undirected","Binding"
"UNIPROT","P04432","UNIPROT","P01825","undirected","Binding"
"UNIPROT","P04432","UNIPROT","P06331","undirected","Binding"
"UNIPROT","P04432","UNIPROT","P23083","undirected","Binding"
"UNIPROT","P04432","UNIPROT","Q6PIL0","undirected","Binding"
"UNIPROT","P04433","UNIPROT","A2KUC3","undirected","Binding"
"UNIPROT","P04433","UNIPROT","P01742","undirected","Binding"
"UNIPROT","P04433","UNIPROT","P01743","undirected","Binding"
"UNIPROT","P04433","UNIPROT","P01762","undirected","Binding"
"UNIPROT","P04433","UNIPROT","P01763","undirected","Binding"
"UNIPROT","P04433","UNIPROT","P01764","undirected","Binding"
"UNIPROT","P04433","UNIPROT","P01766","undirected","Binding"
"UNIPROT","P04433","UNIPROT","P01767","undirected","Binding"
"UNIPROT","P04433","UNIPROT","P01768","undirected","Binding"
"UNIPROT","P04433","UNIPROT","P01772","undirected","Binding"
"UNIPROT","P04433","UNIPROT","P01780","undirected","Binding"
"UNIPROT","P04433","UNIPROT","P01782","undirected","Binding"
"UNIPROT","P04433","UNIPROT","P01814","undirected","Binding"
"UNIPROT","P04433","UNIPROT","P01817","undirected","Binding"
"UNIPROT","P04433","UNIPROT","P01824","undirected","Binding"
"UNIPROT","P04433","UNIPROT","P01825","undirected","Binding"
"UNIPROT","P04433","UNIPROT","P06331","undirected","Binding"
"UNIPROT","P04433","UNIPROT","P23083","undirected","Binding"
"UNIPROT","P04433","UNIPROT","Q6PIL0","undirected","Binding"
"UNIPROT","P06310","UNIPROT","A2KUC3","undirected","Binding"
"UNIPROT","P06310","UNIPROT","P01742","undirected","Binding"
"UNIPROT","P06310","UNIPROT","P01743","undirected","Binding"
"UNIPROT","P06310","UNIPROT","P01762","undirected","Binding"
"UNIPROT","P06310","UNIPROT","P01763","undirected","Binding"
"UNIPROT","P06310","UNIPROT","P01764","undirected","Binding"
"UNIPROT","P06310","UNIPROT","P01766","undirected","Binding"
"UNIPROT","P06310","UNIPROT","P01767","undirected","Binding"
"UNIPROT","P06310","UNIPROT","P01768","undirected","Binding"
"UNIPROT","P06310","UNIPROT","P01772","undirected","Binding"
"UNIPROT","P06310","UNIPROT","P01780","undirected","Binding"
"UNIPROT","P06310","UNIPROT","P01782","undirected","Binding"
"UNIPROT","P06310","UNIPROT","P01814","undirected","Binding"
"UNIPROT","P06310","UNIPROT","P01817","undirected","Binding"
"UNIPROT","P06310","UNIPROT","P01824","undirected","Binding"
"UNIPROT","P06310","UNIPROT","P01825","undirected","Binding"
"UNIPROT","P06310","UNIPROT","P06331","undirected","Binding"
"UNIPROT","P06310","UNIPROT","P23083","undirected","Binding"
"UNIPROT","P06310","UNIPROT","Q6PIL0","undirected","Binding"
"UNIPROT","P06312","UNIPROT","A2KUC3","undirected","Binding"
"UNIPROT","P06312","UNIPROT","P01742","undirected","Binding"
"UNIPROT","P06312","UNIPROT","P01743","undirected","Binding"
"UNIPROT","P06312","UNIPROT","P01762","undirected","Binding"
"UNIPROT","P06312","UNIPROT","P01763","undirected","Binding"
"UNIPROT","P06312","UNIPROT","P01764","undirected","Binding"
"UNIPROT","P06312","UNIPROT","P01766","undirected","Binding"
"UNIPROT","P06312","UNIPROT","P01767","undirected","Binding"
"UNIPROT","P06312","UNIPROT","P01768","undirected","Binding"
"UNIPROT","P06312","UNIPROT","P01772","undirected","Binding"
"UNIPROT","P06312","UNIPROT","P01780","undirected","Binding"
"UNIPROT","P06312","UNIPROT","P01782","undirected","Binding"
"UNIPROT","P06312","UNIPROT","P01814","undirected","Binding"
"UNIPROT","P06312","UNIPROT","P01817","undirected","Binding"
"UNIPROT","P06312","UNIPROT","P01824","undirected","Binding"
"UNIPROT","P06312","UNIPROT","P01825","undirected","Binding"
"UNIPROT","P06312","UNIPROT","P06331","undirected","Binding"
"UNIPROT","P06312","UNIPROT","P23083","undirected","Binding"
"UNIPROT","P06312","UNIPROT","Q6PIL0","undirected","Binding"
"UNIPROT","P06315","UNIPROT","A2KUC3","undirected","Binding"
"UNIPROT","P06315","UNIPROT","P01742","undirected","Binding"
"UNIPROT","P06315","UNIPROT","P01743","undirected","Binding"
"UNIPROT","P06315","UNIPROT","P01762","undirected","Binding"
"UNIPROT","P06315","UNIPROT","P01763","undirected","Binding"
"UNIPROT","P06315","UNIPROT","P01764","undirected","Binding"
"UNIPROT","P06315","UNIPROT","P01766","undirected","Binding"
"UNIPROT","P06315","UNIPROT","P01767","undirected","Binding"
"UNIPROT","P06315","UNIPROT","P01768","undirected","Binding"
"UNIPROT","P06315","UNIPROT","P01772","undirected","Binding"
"UNIPROT","P06315","UNIPROT","P01780","undirected","Binding"
"UNIPROT","P06315","UNIPROT","P01782","undirected","Binding"
"UNIPROT","P06315","UNIPROT","P01814","undirected","Binding"
"UNIPROT","P06315","UNIPROT","P01817","undirected","Binding"
"UNIPROT","P06315","UNIPROT","P01824","undirected","Binding"
"UNIPROT","P06315","UNIPROT","P01825","undirected","Binding"
"UNIPROT","P06315","UNIPROT","P06331","undirected","Binding"
"UNIPROT","P06315","UNIPROT","P23083","undirected","Binding"
"UNIPROT","P06315","UNIPROT","Q6PIL0","undirected","Binding"
"UNIPROT","P07948","UNIPROT","A0A075B6P5","directed","Control(Out: ACTIVATION of BiochemicalReaction)"
"UNIPROT","P07948","UNIPROT","A0A075B6S6","directed","Control(Out: ACTIVATION of BiochemicalReaction)"
"UNIPROT","P07948","UNIPROT","A0A0C4DH25","directed","Control(Out: ACTIVATION of BiochemicalReaction)"
"UNIPROT","P07948","UNIPROT","A0A0C4DH73","directed","Control(Out: ACTIVATION of BiochemicalReaction)"
"UNIPROT","P07948","UNIPROT","A0M8Q6","directed","Control(Out: ACTIVATION of BiochemicalReaction)"
"UNIPROT","P07948","UNIPROT","A2KUC3","directed","Control(Out: ACTIVATION of BiochemicalReaction)"
"UNIPROT","P07948","UNIPROT","A2NJV5","directed","Control(Out: ACTIVATION of BiochemicalReaction)"
"UNIPROT","P07948","UNIPROT","A2NXD2","directed","Control(Out: ACTIVATION of BiochemicalReaction)"
"UNIPROT","P07948","UNIPROT","P01593","directed","Control(Out: ACTIVATION of BiochemicalReaction)"
"UNIPROT","P07948","UNIPROT","P01594","directed","Control(Out: ACTIVATION of BiochemicalReaction)"
"UNIPROT","P07948","UNIPROT","P01597","directed","Control(Out: ACTIVATION of BiochemicalReaction)"
"UNIPROT","P07948","UNIPROT","P01599","directed","Control(Out: ACTIVATION of BiochemicalReaction)"
"UNIPROT","P07948","UNIPROT","P01601","directed","Control(Out: ACTIVATION of BiochemicalReaction)"
"UNIPROT","P07948","UNIPROT","P01602","directed","Control(Out: ACTIVATION of BiochemicalReaction)"
"UNIPROT","P07948","UNIPROT","P01611","directed","Control(Out: ACTIVATION of BiochemicalReaction)"
"UNIPROT","P07948","UNIPROT","P01614","directed","Control(Out: ACTIVATION of BiochemicalReaction)"
"UNIPROT","P07948","UNIPROT","P01615","directed","Control(Out: ACTIVATION of BiochemicalReaction)"
"UNIPROT","P07948","UNIPROT","P01619","directed","Control(Out: ACTIVATION of BiochemicalReaction)"
"UNIPROT","P07948","UNIPROT","P01624","directed","Control(Out: ACTIVATION of BiochemicalReaction)"
"UNIPROT","P07948","UNIPROT","P01699","directed","Control(Out: ACTIVATION of BiochemicalReaction)"
"UNIPROT","P07948","UNIPROT","P01700","directed","Control(Out: ACTIVATION of BiochemicalReaction)"
"UNIPROT","P07948","UNIPROT","P01701","directed","Control(Out: ACTIVATION of BiochemicalReaction)"
"UNIPROT","P07948","UNIPROT","P01703","directed","Control(Out: ACTIVATION of BiochemicalReaction)"
"UNIPROT","P07948","UNIPROT","P01704","directed","Control(Out: ACTIVATION of BiochemicalReaction)"
"UNIPROT","P07948","UNIPROT","P01705","directed","Control(Out: ACTIVATION of BiochemicalReaction)"
"UNIPROT","P07948","UNIPROT","P01706","directed","Control(Out: ACTIVATION of BiochemicalReaction)"
"UNIPROT","P07948","UNIPROT","P01709","directed","Control(Out: ACTIVATION of BiochemicalReaction)"
"UNIPROT","P07948","UNIPROT","P01714","directed","Control(Out: ACTIVATION of BiochemicalReaction)"
"UNIPROT","P07948","UNIPROT","P01715","directed","Control(Out: ACTIVATION of BiochemicalReaction)"
"UNIPROT","P07948","UNIPROT","P01717","directed","Control(Out: ACTIVATION of BiochemicalReaction)"
"UNIPROT","P07948","UNIPROT","P01718","directed","Control(Out: ACTIVATION of BiochemicalReaction)"
"UNIPROT","P07948","UNIPROT","P01721","directed","Control(Out: ACTIVATION of BiochemicalReaction)"
"UNIPROT","P07948","UNIPROT","P01742","directed","Control(Out: ACTIVATION of BiochemicalReaction)"
"UNIPROT","P07948","UNIPROT","P01743","directed","Control(Out: ACTIVATION of BiochemicalReaction)"
"UNIPROT","P07948","UNIPROT","P01762","directed","Control(Out: ACTIVATION of BiochemicalReaction)"
"UNIPROT","P07948","UNIPROT","P01763","directed","Control(Out: ACTIVATION of BiochemicalReaction)"
"UNIPROT","P07948","UNIPROT","P01764","directed","Control(Out: ACTIVATION of BiochemicalReaction)"
"UNIPROT","P07948","UNIPROT","P01766","directed","Control(Out: ACTIVATION of BiochemicalReaction)"
"UNIPROT","P07948","UNIPROT","P01767","directed","Control(Out: ACTIVATION of BiochemicalReaction)"
"UNIPROT","P07948","UNIPROT","P01768","directed","Control(Out: ACTIVATION of BiochemicalReaction)"
"UNIPROT","P07948","UNIPROT","P01772","directed","Control(Out: ACTIVATION of BiochemicalReaction)"
"UNIPROT","P07948","UNIPROT","P01780","directed","Control(Out: ACTIVATION of BiochemicalReaction)"
"UNIPROT","P07948","UNIPROT","P01782","directed","Control(Out: ACTIVATION of BiochemicalReaction)"
"UNIPROT","P07948","UNIPROT","P01814","directed","Control(Out: ACTIVATION of BiochemicalReaction)"
"UNIPROT","P07948","UNIPROT","P01817","directed","Control(Out: ACTIVATION of BiochemicalReaction)"
"UNIPROT","P07948","UNIPROT","P01824","directed","Control(Out: ACTIVATION of BiochemicalReaction)"
"UNIPROT","P07948","UNIPROT","P01825","directed","Control(Out: ACTIVATION of BiochemicalReaction)"
"UNIPROT","P07948","UNIPROT","P01834","directed","Control(Out: ACTIVATION of BiochemicalReaction)"
"UNIPROT","P07948","UNIPROT","P01871","directed","Control(Out: ACTIVATION of BiochemicalReaction)"
"UNIPROT","P07948","UNIPROT","P01880","directed","Control(Out: ACTIVATION of BiochemicalReaction)"
"UNIPROT","P07948","UNIPROT","P04211","directed","Control(Out: ACTIVATION of BiochemicalReaction)"
"UNIPROT","P07948","UNIPROT","P04430","directed","Control(Out: ACTIVATION of BiochemicalReaction)"
"UNIPROT","P07948","UNIPROT","P04432","directed","Control(Out: ACTIVATION of BiochemicalReaction)"
"UNIPROT","P07948","UNIPROT","P04433","directed","Control(Out: ACTIVATION of BiochemicalReaction)"
"UNIPROT","P07948","UNIPROT","P06310","directed","Control(Out: ACTIVATION of BiochemicalReaction)"
"UNIPROT","P07948","UNIPROT","P06312","directed","Control(Out: ACTIVATION of BiochemicalReaction)"
"UNIPROT","P07948","UNIPROT","P06315","directed","Control(Out: ACTIVATION of BiochemicalReaction)"
"UNIPROT","P07948","UNIPROT","P06331","directed","Control(Out: ACTIVATION of BiochemicalReaction)"
"UNIPROT","P07948","UNIPROT","P0CF74","directed","Control(Out: ACTIVATION of BiochemicalReaction)"
"UNIPROT","P07948","UNIPROT","P0CG04","directed","Control(Out: ACTIVATION of BiochemicalReaction)"
"UNIPROT","P07948","UNIPROT","P0DOY2","directed","Control(Out: ACTIVATION of BiochemicalReaction)"
"UNIPROT","P07948","UNIPROT","P0DOY3","directed","Control(Out: ACTIVATION of BiochemicalReaction)"
"UNIPROT","P07948","UNIPROT","P11912","directed","Control(Out: ACTIVATION of BiochemicalReaction)"
"UNIPROT","P07948","UNIPROT","P20273","directed","Control(Out: ACTIVATION of BiochemicalReaction)"
"UNIPROT","P07948","UNIPROT","P23083","directed","Control(Out: ACTIVATION of BiochemicalReaction)"
"UNIPROT","P07948","UNIPROT","P40259","directed","Control(Out: ACTIVATION of BiochemicalReaction)"
"UNIPROT","P07948","UNIPROT","P80748","directed","Control(Out: ACTIVATION of BiochemicalReaction)"
"UNIPROT","P07948","UNIPROT","Q6PIL0","directed","Control(Out: ACTIVATION of BiochemicalReaction)"
"UNIPROT","P0CF74","UNIPROT","A2KUC3","undirected","Binding"
"UNIPROT","P0CF74","UNIPROT","P01699","undirected","Binding"
"UNIPROT","P0CF74","UNIPROT","P01700","undirected","Binding"
"UNIPROT","P0CF74","UNIPROT","P01701","undirected","Binding"
"UNIPROT","P0CF74","UNIPROT","P01703","undirected","Binding"
"UNIPROT","P0CF74","UNIPROT","P01704","undirected","Binding"
"UNIPROT","P0CF74","UNIPROT","P01705","undirected","Binding"
"UNIPROT","P0CF74","UNIPROT","P01706","undirected","Binding"
"UNIPROT","P0CF74","UNIPROT","P01709","undirected","Binding"
"UNIPROT","P0CF74","UNIPROT","P01714","undirected","Binding"
"UNIPROT","P0CF74","UNIPROT","P01715","undirected","Binding"
"UNIPROT","P0CF74","UNIPROT","P01717","undirected","Binding"
"UNIPROT","P0CF74","UNIPROT","P01718","undirected","Binding"
"UNIPROT","P0CF74","UNIPROT","P01721","undirected","Binding"
"UNIPROT","P0CF74","UNIPROT","P01742","undirected","Binding"
"UNIPROT","P0CF74","UNIPROT","P01743","undirected","Binding"
"UNIPROT","P0CF74","UNIPROT","P01762","undirected","Binding"
"UNIPROT","P0CF74","UNIPROT","P01763","undirected","Binding"
"UNIPROT","P0CF74","UNIPROT","P01764","undirected","Binding"
"UNIPROT","P0CF74","UNIPROT","P01766","undirected","Binding"
"UNIPROT","P0CF74","UNIPROT","P01767","undirected","Binding"
"UNIPROT","P0CF74","UNIPROT","P01768","undirected","Binding"
"UNIPROT","P0CF74","UNIPROT","P01772","undirected","Binding"
"UNIPROT","P0CF74","UNIPROT","P01780","undirected","Binding"
"UNIPROT","P0CF74","UNIPROT","P01782","undirected","Binding"
"UNIPROT","P0CF74","UNIPROT","P01814","undirected","Binding"
"UNIPROT","P0CF74","UNIPROT","P01817","undirected","Binding"
"UNIPROT","P0CF74","UNIPROT","P01824","undirected","Binding"
"UNIPROT","P0CF74","UNIPROT","P01825","undirected","Binding"
"UNIPROT","P0CF74","UNIPROT","P04211","undirected","Binding"
"UNIPROT","P0CF74","UNIPROT","P06331","undirected","Binding"
"UNIPROT","P0CF74","UNIPROT","P80748","undirected","Binding"
"UNIPROT","P0CF74","UNIPROT","Q6PIL0","undirected","Binding"
"UNIPROT","P0CG04","UNIPROT","A2KUC3","undirected","Binding"
"UNIPROT","P0CG04","UNIPROT","P01699","undirected","Binding"
"UNIPROT","P0CG04","UNIPROT","P01700","undirected","Binding"
"UNIPROT","P0CG04","UNIPROT","P01701","undirected","Binding"
"UNIPROT","P0CG04","UNIPROT","P01703","undirected","Binding"
"UNIPROT","P0CG04","UNIPROT","P01704","undirected","Binding"
"UNIPROT","P0CG04","UNIPROT","P01705","undirected","Binding"
"UNIPROT","P0CG04","UNIPROT","P01706","undirected","Binding"
"UNIPROT","P0CG04","UNIPROT","P01709","undirected","Binding"
"UNIPROT","P0CG04","UNIPROT","P01714","undirected","Binding"
"UNIPROT","P0CG04","UNIPROT","P01715","undirected","Binding"
"UNIPROT","P0CG04","UNIPROT","P01717","undirected","Binding"
"UNIPROT","P0CG04","UNIPROT","P01718","undirected","Binding"
"UNIPROT","P0CG04","UNIPROT","P01721","undirected","Binding"
"UNIPROT","P0CG04","UNIPROT","P01742","undirected","Binding"
"UNIPROT","P0CG04","UNIPROT","P01743","undirected","Binding"
"UNIPROT","P0CG04","UNIPROT","P01762","undirected","Binding"
"UNIPROT","P0CG04","UNIPROT","P01763","undirected","Binding"
"UNIPROT","P0CG04","UNIPROT","P01764","undirected","Binding"
"UNIPROT","P0CG04","UNIPROT","P01766","undirected","Binding"
"UNIPROT","P0CG04","UNIPROT","P01767","undirected","Binding"
"UNIPROT","P0CG04","UNIPROT","P01768","undirected","Binding"
"UNIPROT","P0CG04","UNIPROT","P01772","undirected","Binding"
"UNIPROT","P0CG04","UNIPROT","P01780","undirected","Binding"
"UNIPROT","P0CG04","UNIPROT","P01782","undirected","Binding"
"UNIPROT","P0CG04","UNIPROT","P01814","undirected","Binding"
"UNIPROT","P0CG04","UNIPROT","P01817","undirected","Binding"
"UNIPROT","P0CG04","UNIPROT","P01824","undirected","Binding"
"UNIPROT","P0CG04","UNIPROT","P01825","undirected","Binding"
"UNIPROT","P0CG04","UNIPROT","P04211","undirected","Binding"
"UNIPROT","P0CG04","UNIPROT","P06331","undirected","Binding"
"UNIPROT","P0CG04","UNIPROT","P80748","undirected","Binding"
"UNIPROT","P0CG04","UNIPROT","Q6PIL0","undirected","Binding"
"UNIPROT","P0DOY2","UNIPROT","A2KUC3","undirected","Binding"
"UNIPROT","P0DOY2","UNIPROT","P01699","undirected","Binding"
"UNIPROT","P0DOY2","UNIPROT","P01700","undirected","Binding"
"UNIPROT","P0DOY2","UNIPROT","P01701","undirected","Binding"
"UNIPROT","P0DOY2","UNIPROT","P01703","undirected","Binding"
"UNIPROT","P0DOY2","UNIPROT","P01704","undirected","Binding"
"UNIPROT","P0DOY2","UNIPROT","P01705","undirected","Binding"
"UNIPROT","P0DOY2","UNIPROT","P01706","undirected","Binding"
"UNIPROT","P0DOY2","UNIPROT","P01709","undirected","Binding"
"UNIPROT","P0DOY2","UNIPROT","P01714","undirected","Binding"
"UNIPROT","P0DOY2","UNIPROT","P01715","undirected","Binding"
"UNIPROT","P0DOY2","UNIPROT","P01717","undirected","Binding"
"UNIPROT","P0DOY2","UNIPROT","P01718","undirected","Binding"
"UNIPROT","P0DOY2","UNIPROT","P01721","undirected","Binding"
"UNIPROT","P0DOY2","UNIPROT","P01742","undirected","Binding"
"UNIPROT","P0DOY2","UNIPROT","P01743","undirected","Binding"
"UNIPROT","P0DOY2","UNIPROT","P01762","undirected","Binding"
"UNIPROT","P0DOY2","UNIPROT","P01763","undirected","Binding"
"UNIPROT","P0DOY2","UNIPROT","P01764","undirected","Binding"
"UNIPROT","P0DOY2","UNIPROT","P01766","undirected","Binding"
"UNIPROT","P0DOY2","UNIPROT","P01767","undirected","Binding"
"UNIPROT","P0DOY2","UNIPROT","P01768","undirected","Binding"
"UNIPROT","P0DOY2","UNIPROT","P01772","undirected","Binding"
"UNIPROT","P0DOY2","UNIPROT","P01780","undirected","Binding"
"UNIPROT","P0DOY2","UNIPROT","P01782","undirected","Binding"
"UNIPROT","P0DOY2","UNIPROT","P01814","undirected","Binding"
"UNIPROT","P0DOY2","UNIPROT","P01817","undirected","Binding"
"UNIPROT","P0DOY2","UNIPROT","P01824","undirected","Binding"
"UNIPROT","P0DOY2","UNIPROT","P01825","undirected","Binding"
"UNIPROT","P0DOY2","UNIPROT","P04211","undirected","Binding"
"UNIPROT","P0DOY2","UNIPROT","P06331","undirected","Binding"
"UNIPROT","P0DOY2","UNIPROT","P80748","undirected","Binding"
"UNIPROT","P0DOY2","UNIPROT","Q6PIL0","undirected","Binding"
"UNIPROT","P0DOY3","UNIPROT","A2KUC3","undirected","Binding"
"UNIPROT","P0DOY3","UNIPROT","P01699","undirected","Binding"
"UNIPROT","P0DOY3","UNIPROT","P01700","undirected","Binding"
"UNIPROT","P0DOY3","UNIPROT","P01701","undirected","Binding"
"UNIPROT","P0DOY3","UNIPROT","P01703","undirected","Binding"
"UNIPROT","P0DOY3","UNIPROT","P01704","undirected","Binding"
"UNIPROT","P0DOY3","UNIPROT","P01705","undirected","Binding"
"UNIPROT","P0DOY3","UNIPROT","P01706","undirected","Binding"
"UNIPROT","P0DOY3","UNIPROT","P01709","undirected","Binding"
"UNIPROT","P0DOY3","UNIPROT","P01714","undirected","Binding"
"UNIPROT","P0DOY3","UNIPROT","P01715","undirected","Binding"
"UNIPROT","P0DOY3","UNIPROT","P01717","undirected","Binding"
"UNIPROT","P0DOY3","UNIPROT","P01718","undirected","Binding"
"UNIPROT","P0DOY3","UNIPROT","P01721","undirected","Binding"
"UNIPROT","P0DOY3","UNIPROT","P01742","undirected","Binding"
"UNIPROT","P0DOY3","UNIPROT","P01743","undirected","Binding"
"UNIPROT","P0DOY3","UNIPROT","P01762","undirected","Binding"
"UNIPROT","P0DOY3","UNIPROT","P01763","undirected","Binding"
"UNIPROT","P0DOY3","UNIPROT","P01764","undirected","Binding"
"UNIPROT","P0DOY3","UNIPROT","P01766","undirected","Binding"
"UNIPROT","P0DOY3","UNIPROT","P01767","undirected","Binding"
"UNIPROT","P0DOY3","UNIPROT","P01768","undirected","Binding"
"UNIPROT","P0DOY3","UNIPROT","P01772","undirected","Binding"
"UNIPROT","P0DOY3","UNIPROT","P01780","undirected","Binding"
"UNIPROT","P0DOY3","UNIPROT","P01782","undirected","Binding"
"UNIPROT","P0DOY3","UNIPROT","P01814","undirected","Binding"
"UNIPROT","P0DOY3","UNIPROT","P01817","undirected","Binding"
"UNIPROT","P0DOY3","UNIPROT","P01824","undirected","Binding"
"UNIPROT","P0DOY3","UNIPROT","P01825","undirected","Binding"
"UNIPROT","P0DOY3","UNIPROT","P04211","undirected","Binding"
"UNIPROT","P0DOY3","UNIPROT","P06331","undirected","Binding"
"UNIPROT","P0DOY3","UNIPROT","P80748","undirected","Binding"
"UNIPROT","P0DOY3","UNIPROT","Q6PIL0","undirected","Binding"
"UNIPROT","P11912","UNIPROT","A0A075B6P5","undirected","Binding"
"UNIPROT","P11912","UNIPROT","A0A075B6S6","undirected","Binding"
"UNIPROT","P11912","UNIPROT","A0A0C4DH25","undirected","Binding"
"UNIPROT","P11912","UNIPROT","A0A0C4DH73","undirected","Binding"
"UNIPROT","P11912","UNIPROT","A0M8Q6","undirected","Binding"
"UNIPROT","P11912","UNIPROT","A2KUC3","undirected","Binding"
"UNIPROT","P11912","UNIPROT","A2NJV5","undirected","Binding"
"UNIPROT","P11912","UNIPROT","A2NXD2","undirected","Binding"
"UNIPROT","P11912","UNIPROT","P01593","undirected","Binding"
"UNIPROT","P11912","UNIPROT","P01594","undirected","Binding"
"UNIPROT","P11912","UNIPROT","P01597","undirected","Binding"
"UNIPROT","P11912","UNIPROT","P01599","undirected","Binding"
"UNIPROT","P11912","UNIPROT","P01601","undirected","Binding"
"UNIPROT","P11912","UNIPROT","P01602","undirected","Binding"
"UNIPROT","P11912","UNIPROT","P01611","undirected","Binding"
"UNIPROT","P11912","UNIPROT","P01614","undirected","Binding"
"UNIPROT","P11912","UNIPROT","P01615","undirected","Binding"
"UNIPROT","P11912","UNIPROT","P01619","undirected","Binding"
"UNIPROT","P11912","UNIPROT","P01624","undirected","Binding"
"UNIPROT","P11912","UNIPROT","P01699","undirected","Binding"
"UNIPROT","P11912","UNIPROT","P01700","undirected","Binding"
"UNIPROT","P11912","UNIPROT","P01701","undirected","Binding"
"UNIPROT","P11912","UNIPROT","P01703","undirected","Binding"
"UNIPROT","P11912","UNIPROT","P01704","undirected","Binding"
"UNIPROT","P11912","UNIPROT","P01705","undirected","Binding"
"UNIPROT","P11912","UNIPROT","P01706","undirected","Binding"
"UNIPROT","P11912","UNIPROT","P01709","undirected","Binding"
"UNIPROT","P11912","UNIPROT","P01714","undirected","Binding"
"UNIPROT","P11912","UNIPROT","P01715","undirected","Binding"
"UNIPROT","P11912","UNIPROT","P01717","undirected","Binding"
"UNIPROT","P11912","UNIPROT","P01718","undirected","Binding"
"UNIPROT","P11912","UNIPROT","P01721","undirected","Binding"
"UNIPROT","P11912","UNIPROT","P01742","undirected","Binding"
"UNIPROT","P11912","UNIPROT","P01743","undirected","Binding"
"UNIPROT","P11912","UNIPROT","P01762","undirected","Binding"
"UNIPROT","P11912","UNIPROT","P01763","undirected","Binding"
"UNIPROT","P11912","UNIPROT","P01764","undirected","Binding"
"UNIPROT","P11912","UNIPROT","P01766","undirected","Binding"
"UNIPROT","P11912","UNIPROT","P01767","undirected","Binding"
"UNIPROT","P11912","UNIPROT","P01768","undirected","Binding"
"UNIPROT","P11912","UNIPROT","P01772","undirected","Binding"
"UNIPROT","P11912","UNIPROT","P01780","undirected","Binding"
"UNIPROT","P11912","UNIPROT","P01782","undirected","Binding"
"UNIPROT","P11912","UNIPROT","P01814","undirected","Binding"
"UNIPROT","P11912","UNIPROT","P01817","undirected","Binding"
"UNIPROT","P11912","UNIPROT","P01824","undirected","Binding"
"UNIPROT","P11912","UNIPROT","P01825","undirected","Binding"
"UNIPROT","P11912","UNIPROT","P01834","undirected","Binding"
"UNIPROT","P11912","UNIPROT","P01880","undirected","Binding"
"UNIPROT","P11912","UNIPROT","P04211","undirected","Binding"
"UNIPROT","P11912","UNIPROT","P04430","undirected","Binding"
"UNIPROT","P11912","UNIPROT","P04432","undirected","Binding"
"UNIPROT","P11912","UNIPROT","P04433","undirected","Binding"
"UNIPROT","P11912","UNIPROT","P06310","undirected","Binding"
"UNIPROT","P11912","UNIPROT","P06312","undirected","Binding"
"UNIPROT","P11912","UNIPROT","P06315","undirected","Binding"
"UNIPROT","P11912","UNIPROT","P06331","undirected","Binding"
"UNIPROT","P11912","UNIPROT","P0CF74","undirected","Binding"
"UNIPROT","P11912","UNIPROT","P0CG04","undirected","Binding"
"UNIPROT","P11912","UNIPROT","P0DOY2","undirected","Binding"
"UNIPROT","P11912","UNIPROT","P0DOY3","undirected","Binding"
"UNIPROT","P11912","UNIPROT","P20273","undirected","Binding"
"UNIPROT","P11912","UNIPROT","P23083","undirected","Binding"
"UNIPROT","P11912","UNIPROT","P29350","undirected","Binding"
"UNIPROT","P11912","UNIPROT","P40259","undirected","Binding"
"UNIPROT","P11912","UNIPROT","P80748","undirected","Binding"
"UNIPROT","P11912","UNIPROT","Q6PIL0","undirected","Binding"
"UNIPROT","P20273","UNIPROT","A0A075B6P5","undirected","Binding"
"UNIPROT","P20273","UNIPROT","A0A075B6S6","undirected","Binding"
"UNIPROT","P20273","UNIPROT","A0A0C4DH25","undirected","Binding"
"UNIPROT","P20273","UNIPROT","A0A0C4DH73","undirected","Binding"
"UNIPROT","P20273","UNIPROT","A0M8Q6","undirected","Binding"
"UNIPROT","P20273","UNIPROT","A2KUC3","undirected","Binding"
"UNIPROT","P20273","UNIPROT","A2NJV5","undirected","Binding"
"UNIPROT","P20273","UNIPROT","A2NXD2","undirected","Binding"
"UNIPROT","P20273","UNIPROT","P01593","undirected","Binding"
"UNIPROT","P20273","UNIPROT","P01594","undirected","Binding"
"UNIPROT","P20273","UNIPROT","P01597","undirected","Binding"
"UNIPROT","P20273","UNIPROT","P01599","undirected","Binding"
"UNIPROT","P20273","UNIPROT","P01601","undirected","Binding"
"UNIPROT","P20273","UNIPROT","P01602","undirected","Binding"
"UNIPROT","P20273","UNIPROT","P01611","undirected","Binding"
"UNIPROT","P20273","UNIPROT","P01614","undirected","Binding"
"UNIPROT","P20273","UNIPROT","P01615","undirected","Binding"
"UNIPROT","P20273","UNIPROT","P01619","undirected","Binding"
"UNIPROT","P20273","UNIPROT","P01624","undirected","Binding"
"UNIPROT","P20273","UNIPROT","P01699","undirected","Binding"
"UNIPROT","P20273","UNIPROT","P01700","undirected","Binding"
"UNIPROT","P20273","UNIPROT","P01701","undirected","Binding"
"UNIPROT","P20273","UNIPROT","P01703","undirected","Binding"
"UNIPROT","P20273","UNIPROT","P01704","undirected","Binding"
"UNIPROT","P20273","UNIPROT","P01705","undirected","Binding"
"UNIPROT","P20273","UNIPROT","P01706","undirected","Binding"
"UNIPROT","P20273","UNIPROT","P01709","undirected","Binding"
"UNIPROT","P20273","UNIPROT","P01714","undirected","Binding"
"UNIPROT","P20273","UNIPROT","P01715","undirected","Binding"
"UNIPROT","P20273","UNIPROT","P01717","undirected","Binding"
"UNIPROT","P20273","UNIPROT","P01718","undirected","Binding"
"UNIPROT","P20273","UNIPROT","P01721","undirected","Binding"
"UNIPROT","P20273","UNIPROT","P01742","undirected","Binding"
"UNIPROT","P20273","UNIPROT","P01743","undirected","Binding"
"UNIPROT","P20273","UNIPROT","P01762","undirected","Binding"
"UNIPROT","P20273","UNIPROT","P01763","undirected","Binding"
"UNIPROT","P20273","UNIPROT","P01764","undirected","Binding"
"UNIPROT","P20273","UNIPROT","P01766","undirected","Binding"
"UNIPROT","P20273","UNIPROT","P01767","undirected","Binding"
"UNIPROT","P20273","UNIPROT","P01768","undirected","Binding"
"UNIPROT","P20273","UNIPROT","P01772","undirected","Binding"
"UNIPROT","P20273","UNIPROT","P01780","undirected","Binding"
"UNIPROT","P20273","UNIPROT","P01782","undirected","Binding"
"UNIPROT","P20273","UNIPROT","P01814","undirected","Binding"
"UNIPROT","P20273","UNIPROT","P01817","undirected","Binding"
"UNIPROT","P20273","UNIPROT","P01824","undirected","Binding"
"UNIPROT","P20273","UNIPROT","P01825","undirected","Binding"
"UNIPROT","P20273","UNIPROT","P01834","undirected","Binding"
"UNIPROT","P20273","UNIPROT","P04211","undirected","Binding"
"UNIPROT","P20273","UNIPROT","P04430","undirected","Binding"
"UNIPROT","P20273","UNIPROT","P04432","undirected","Binding"
"UNIPROT","P20273","UNIPROT","P04433","undirected","Binding"
"UNIPROT","P20273","UNIPROT","P06310","undirected","Binding"
"UNIPROT","P20273","UNIPROT","P06312","undirected","Binding"
"UNIPROT","P20273","UNIPROT","P06315","undirected","Binding"
"UNIPROT","P20273","UNIPROT","P06331","undirected","Binding"
"UNIPROT","P20273","UNIPROT","P0CF74","undirected","Binding"
"UNIPROT","P20273","UNIPROT","P0CG04","undirected","Binding"
"UNIPROT","P20273","UNIPROT","P0DOY2","undirected","Binding"
"UNIPROT","P20273","UNIPROT","P0DOY3","undirected","Binding"
"UNIPROT","P20273","UNIPROT","P23083","undirected","Binding"
"UNIPROT","P20273","UNIPROT","P29350","undirected","Binding"
"UNIPROT","P20273","UNIPROT","P80748","undirected","Binding"
"UNIPROT","P20273","UNIPROT","Q6PIL0","undirected","Binding"
"UNIPROT","P23083","UNIPROT","A0A075B6P5","undirected","Binding"
"UNIPROT","P23083","UNIPROT","A0A075B6S6","undirected","Binding"
"UNIPROT","P23083","UNIPROT","A0A0C4DH25","undirected","Binding"
"UNIPROT","P23083","UNIPROT","A0A0C4DH73","undirected","Binding"
"UNIPROT","P23083","UNIPROT","A0M8Q6","undirected","Binding"
"UNIPROT","P23083","UNIPROT","P01699","undirected","Binding"
"UNIPROT","P23083","UNIPROT","P01700","undirected","Binding"
"UNIPROT","P23083","UNIPROT","P01701","undirected","Binding"
"UNIPROT","P23083","UNIPROT","P01703","undirected","Binding"
"UNIPROT","P23083","UNIPROT","P01704","undirected","Binding"
"UNIPROT","P23083","UNIPROT","P01705","undirected","Binding"
"UNIPROT","P23083","UNIPROT","P01706","undirected","Binding"
"UNIPROT","P23083","UNIPROT","P01709","undirected","Binding"
"UNIPROT","P23083","UNIPROT","P01714","undirected","Binding"
"UNIPROT","P23083","UNIPROT","P01715","undirected","Binding"
"UNIPROT","P23083","UNIPROT","P01717","undirected","Binding"
"UNIPROT","P23083","UNIPROT","P01718","undirected","Binding"
"UNIPROT","P23083","UNIPROT","P01721","undirected","Binding"
"UNIPROT","P23083","UNIPROT","P04211","undirected","Binding"
"UNIPROT","P23083","UNIPROT","P0CF74","undirected","Binding"
"UNIPROT","P23083","UNIPROT","P0CG04","undirected","Binding"
"UNIPROT","P23083","UNIPROT","P0DOY2","undirected","Binding"
"UNIPROT","P23083","UNIPROT","P0DOY3","undirected","Binding"
"UNIPROT","P23083","UNIPROT","P80748","undirected","Binding"
"UNIPROT","P29350","UNIPROT","A0A075B6P5","undirected","Binding"
"UNIPROT","P29350","UNIPROT","A0A075B6S6","undirected","Binding"
"UNIPROT","P29350","UNIPROT","A0A0C4DH25","undirected","Binding"
"UNIPROT","P29350","UNIPROT","A0A0C4DH73","undirected","Binding"
"UNIPROT","P29350","UNIPROT","A0M8Q6","undirected","Binding"
"UNIPROT","P29350","UNIPROT","A2KUC3","undirected","Binding"
"UNIPROT","P29350","UNIPROT","A2NJV5","undirected","Binding"
"UNIPROT","P29350","UNIPROT","A2NXD2","undirected","Binding"
"UNIPROT","P29350","UNIPROT","P01593","undirected","Binding"
"UNIPROT","P29350","UNIPROT","P01594","undirected","Binding"
"UNIPROT","P29350","UNIPROT","P01597","undirected","Binding"
"UNIPROT","P29350","UNIPROT","P01599","undirected","Binding"
"UNIPROT","P29350","UNIPROT","P01601","undirected","Binding"
"UNIPROT","P29350","UNIPROT","P01602","undirected","Binding"
"UNIPROT","P29350","UNIPROT","P01611","undirected","Binding"
"UNIPROT","P29350","UNIPROT","P01614","undirected","Binding"
"UNIPROT","P29350","UNIPROT","P01615","undirected","Binding"
"UNIPROT","P29350","UNIPROT","P01619","undirected","Binding"
"UNIPROT","P29350","UNIPROT","P01624","undirected","Binding"
"UNIPROT","P29350","UNIPROT","P01699","undirected","Binding"
"UNIPROT","P29350","UNIPROT","P01700","undirected","Binding"
"UNIPROT","P29350","UNIPROT","P01701","undirected","Binding"
"UNIPROT","P29350","UNIPROT","P01703","undirected","Binding"
"UNIPROT","P29350","UNIPROT","P01704","undirected","Binding"
"UNIPROT","P29350","UNIPROT","P01705","undirected","Binding"
"UNIPROT","P29350","UNIPROT","P01706","undirected","Binding"
"UNIPROT","P29350","UNIPROT","P01709","undirected","Binding"
"UNIPROT","P29350","UNIPROT","P01714","undirected","Binding"
"UNIPROT","P29350","UNIPROT","P01715","undirected","Binding"
"UNIPROT","P29350","UNIPROT","P01717","undirected","Binding"
"UNIPROT","P29350","UNIPROT","P01718","undirected","Binding"
"UNIPROT","P29350","UNIPROT","P01721","undirected","Binding"
"UNIPROT","P29350","UNIPROT","P01742","undirected","Binding"
"UNIPROT","P29350","UNIPROT","P01743","undirected","Binding"
"UNIPROT","P29350","UNIPROT","P01762","undirected","Binding"
"UNIPROT","P29350","UNIPROT","P01763","undirected","Binding"
"UNIPROT","P29350","UNIPROT","P01764","undirected","Binding"
"UNIPROT","P29350","UNIPROT","P01766","undirected","Binding"
"UNIPROT","P29350","UNIPROT","P01767","undirected","Binding"
"UNIPROT","P29350","UNIPROT","P01768","undirected","Binding"
"UNIPROT","P29350","UNIPROT","P01772","undirected","Binding"
"UNIPROT","P29350","UNIPROT","P01780","undirected","Binding"
"UNIPROT","P29350","UNIPROT","P01782","undirected","Binding"
"UNIPROT","P29350","UNIPROT","P01814","undirected","Binding"
"UNIPROT","P29350","UNIPROT","P01817","undirected","Binding"
"UNIPROT","P29350","UNIPROT","P01824","undirected","Binding"
"UNIPROT","P29350","UNIPROT","P01825","undirected","Binding"
"UNIPROT","P29350","UNIPROT","P01834","undirected","Binding"
"UNIPROT","P29350","UNIPROT","P04211","undirected","Binding"
"UNIPROT","P29350","UNIPROT","P04430","undirected","Binding"
"UNIPROT","P29350","UNIPROT","P04432","undirected","Binding"
"UNIPROT","P29350","UNIPROT","P04433","undirected","Binding"
"UNIPROT","P29350","UNIPROT","P06310","undirected","Binding"
"UNIPROT","P29350","UNIPROT","P06312","undirected","Binding"
"UNIPROT","P29350","UNIPROT","P06315","undirected","Binding"
"UNIPROT","P29350","UNIPROT","P06331","undirected","Binding"
"UNIPROT","P29350","UNIPROT","P0CF74","undirected","Binding"
"UNIPROT","P29350","UNIPROT","P0CG04","undirected","Binding"
"UNIPROT","P29350","UNIPROT","P0DOY2","undirected","Binding"
"UNIPROT","P29350","UNIPROT","P0DOY3","undirected","Binding"
"UNIPROT","P29350","UNIPROT","P23083","undirected","Binding"
"UNIPROT","P29350","UNIPROT","P80748","undirected","Binding"
"UNIPROT","P29350","UNIPROT","Q6PIL0","undirected","Binding"
"UNIPROT","P40259","UNIPROT","A0A075B6P5","undirected","Binding"
"UNIPROT","P40259","UNIPROT","A0A075B6S6","undirected","Binding"
"UNIPROT","P40259","UNIPROT","A0A0C4DH25","undirected","Binding"
"UNIPROT","P40259","UNIPROT","A0A0C4DH73","undirected","Binding"
"UNIPROT","P40259","UNIPROT","A0M8Q6","undirected","Binding"
"UNIPROT","P40259","UNIPROT","A2KUC3","undirected","Binding"
"UNIPROT","P40259","UNIPROT","A2NJV5","undirected","Binding"
"UNIPROT","P40259","UNIPROT","A2NXD2","undirected","Binding"
"UNIPROT","P40259","UNIPROT","P01593","undirected","Binding"
"UNIPROT","P40259","UNIPROT","P01594","undirected","Binding"
"UNIPROT","P40259","UNIPROT","P01597","undirected","Binding"
"UNIPROT","P40259","UNIPROT","P01599","undirected","Binding"
"UNIPROT","P40259","UNIPROT","P01601","undirected","Binding"
"UNIPROT","P40259","UNIPROT","P01602","undirected","Binding"
"UNIPROT","P40259","UNIPROT","P01611","undirected","Binding"
"UNIPROT","P40259","UNIPROT","P01614","undirected","Binding"
"UNIPROT","P40259","UNIPROT","P01615","undirected","Binding"
"UNIPROT","P40259","UNIPROT","P01619","undirected","Binding"
"UNIPROT","P40259","UNIPROT","P01624","undirected","Binding"
"UNIPROT","P40259","UNIPROT","P01699","undirected","Binding"
"UNIPROT","P40259","UNIPROT","P01700","undirected","Binding"
"UNIPROT","P40259","UNIPROT","P01701","undirected","Binding"
"UNIPROT","P40259","UNIPROT","P01703","undirected","Binding"
"UNIPROT","P40259","UNIPROT","P01704","undirected","Binding"
"UNIPROT","P40259","UNIPROT","P01705","undirected","Binding"
"UNIPROT","P40259","UNIPROT","P01706","undirected","Binding"
"UNIPROT","P40259","UNIPROT","P01709","undirected","Binding"
"UNIPROT","P40259","UNIPROT","P01714","undirected","Binding"
"UNIPROT","P40259","UNIPROT","P01715","undirected","Binding"
"UNIPROT","P40259","UNIPROT","P01717","undirected","Binding"
"UNIPROT","P40259","UNIPROT","P01718","undirected","Binding"
"UNIPROT","P40259","UNIPROT","P01721","undirected","Binding"
"UNIPROT","P40259","UNIPROT","P01742","undirected","Binding"
"UNIPROT","P40259","UNIPROT","P01743","undirected","Binding"
"UNIPROT","P40259","UNIPROT","P01762","undirected","Binding"
"UNIPROT","P40259","UNIPROT","P01763","undirected","Binding"
"UNIPROT","P40259","UNIPROT","P01764","undirected","Binding"
"UNIPROT","P40259","UNIPROT","P01766","undirected","Binding"
"UNIPROT","P40259","UNIPROT","P01767","undirected","Binding"
"UNIPROT","P40259","UNIPROT","P01768","undirected","Binding"
"UNIPROT","P40259","UNIPROT","P01772","undirected","Binding"
"UNIPROT","P40259","UNIPROT","P01780","undirected","Binding"
"UNIPROT","P40259","UNIPROT","P01782","undirected","Binding"
"UNIPROT","P40259","UNIPROT","P01814","undirected","Binding"
"UNIPROT","P40259","UNIPROT","P01817","undirected","Binding"
"UNIPROT","P40259","UNIPROT","P01824","undirected","Binding"
"UNIPROT","P40259","UNIPROT","P01825","undirected","Binding"
"UNIPROT","P40259","UNIPROT","P01834","undirected","Binding"
"UNIPROT","P40259","UNIPROT","P04211","undirected","Binding"
"UNIPROT","P40259","UNIPROT","P04430","undirected","Binding"
"UNIPROT","P40259","UNIPROT","P04432","undirected","Binding"
"UNIPROT","P40259","UNIPROT","P04433","undirected","Binding"
"UNIPROT","P40259","UNIPROT","P06310","undirected","Binding"
"UNIPROT","P40259","UNIPROT","P06312","undirected","Binding"
"UNIPROT","P40259","UNIPROT","P06315","undirected","Binding"
"UNIPROT","P40259","UNIPROT","P06331","undirected","Binding"
"UNIPROT","P40259","UNIPROT","P0CF74","undirected","Binding"
"UNIPROT","P40259","UNIPROT","P0CG04","undirected","Binding"
"UNIPROT","P40259","UNIPROT","P0DOY2","undirected","Binding"
"UNIPROT","P40259","UNIPROT","P0DOY3","undirected","Binding"
"UNIPROT","P40259","UNIPROT","P20273","undirected","Binding"
"UNIPROT","P40259","UNIPROT","P23083","undirected","Binding"
"UNIPROT","P40259","UNIPROT","P29350","undirected","Binding"
"UNIPROT","P40259","UNIPROT","P80748","undirected","Binding"
"UNIPROT","P40259","UNIPROT","Q6PIL0","undirected","Binding"
"UNIPROT","P80748","UNIPROT","A2KUC3","undirected","Binding"
"UNIPROT","P80748","UNIPROT","P01742","undirected","Binding"
"UNIPROT","P80748","UNIPROT","P01743","undirected","Binding"
"UNIPROT","P80748","UNIPROT","P01762","undirected","Binding"
"UNIPROT","P80748","UNIPROT","P01763","undirected","Binding"
"UNIPROT","P80748","UNIPROT","P01764","undirected","Binding"
"UNIPROT","P80748","UNIPROT","P01766","undirected","Binding"
"UNIPROT","P80748","UNIPROT","P01767","undirected","Binding"
"UNIPROT","P80748","UNIPROT","P01768","undirected","Binding"
"UNIPROT","P80748","UNIPROT","P01772","undirected","Binding"
"UNIPROT","P80748","UNIPROT","P01780","undirected","Binding"
"UNIPROT","P80748","UNIPROT","P01782","undirected","Binding"
"UNIPROT","P80748","UNIPROT","P01814","undirected","Binding"
"UNIPROT","P80748","UNIPROT","P01817","undirected","Binding"
"UNIPROT","P80748","UNIPROT","P01824","undirected","Binding"
"UNIPROT","P80748","UNIPROT","P01825","undirected","Binding"
"UNIPROT","P80748","UNIPROT","P06331","undirected","Binding"
"UNIPROT","P80748","UNIPROT","Q6PIL0","undirected","Binding"
