"src_type","src","dest_type","dest","direction","type"
"UNIPROT","O60907","UNIPROT","P19793","undirected","Binding"
"UNIPROT","O60907","UNIPROT","P50416","directed","Control(Out: ACTIVATION of BiochemicalReaction)"
"UNIPROT","O60907","UNIPROT","Q07869","undirected","Binding"
"UNIPROT","O60907","UNIPROT","Q14686","undirected","Binding"
"UNIPROT","O60907","UNIPROT","Q15648","undirected","Binding"
"UNIPROT","O60907","UNIPROT","Q3L8U1","undirected","Binding"
"UNIPROT","O60907","UNIPROT","Q6STE5","undirected","Binding"
"UNIPROT","O60907","UNIPROT","Q86X55","undirected","Binding"
"UNIPROT","O60907","UNIPROT","Q92793","undirected","Binding"
"UNIPROT","O60907","UNIPROT","Q96RS0","undirected","Binding"
"UNIPROT","O60907","UNIPROT","Q9BYK8","undirected","Binding"
"UNIPROT","O60907","UNIPROT","Q9BZK7","undirected","Binding"
"UNIPROT","P19793","UNIPROT","P50416","directed","Control(Out: ACTIVATION of BiochemicalReaction)"
"UNIPROT","P19793","UNIPROT","Q07869","undirected","Binding"
"UNIPROT","P19793","UNIPROT","Q92793","undirected","Binding"
"UNIPROT","P35398","UNIPROT","P36956","directed","Control(Out: ACTIVATION of BiochemicalReaction)"
"UNIPROT","P35398","UNIPROT","P50416","directed","Control(Out: ACTIVATION of BiochemicalReaction)"
"UNIPROT","P35398","UNIPROT","Q09472","undirected","Binding"
"UNIPROT","Q07869","UNIPROT","P50416","directed","Control(Out: ACTIVATION of BiochemicalReaction)"
"UNIPROT","Q07869","UNIPROT","Q92793","undirected","Binding"
"UNIPROT","Q09472","UNIPROT","P36956","directed","Control(Out: ACTIVATION of BiochemicalReaction)"
"UNIPROT","Q09472","UNIPROT","P50416","directed","Control(Out: ACTIVATION of BiochemicalReaction)"
"UNIPROT","Q14686","UNIPROT","P19793","undirected","Binding"
"UNIPROT","Q14686","UNIPROT","P50416","directed","Control(Out: ACTIVATION of BiochemicalReaction)"
"UNIPROT","Q14686","UNIPROT","Q07869","undirected","Binding"
"UNIPROT","Q15596","UNIPROT","O60907","undirected","Binding"
"UNIPROT","Q15596","UNIPROT","P19793","undirected","Binding"
"UNIPROT","Q15596","UNIPROT","P50416","directed","Control(Out: ACTIVATION of BiochemicalReaction)"
"UNIPROT","Q15596","UNIPROT","Q07869","undirected","Binding"
"UNIPROT","Q15596","UNIPROT","Q9BZK7","undirected","Binding"
"UNIPROT","Q15648","UNIPROT","P19793","undirected","Binding"
"UNIPROT","Q15648","UNIPROT","P50416","directed","Control(Out: ACTIVATION of BiochemicalReaction)"
"UNIPROT","Q15648","UNIPROT","Q07869","undirected","Binding"
"UNIPROT","Q15788","UNIPROT","O60907","undirected","Binding"
"UNIPROT","Q15788","UNIPROT","P19793","undirected","Binding"
"UNIPROT","Q15788","UNIPROT","P50416","directed","Control(Out: ACTIVATION of BiochemicalReaction)"
"UNIPROT","Q15788","UNIPROT","Q07869","undirected","Binding"
"UNIPROT","Q15788","UNIPROT","Q9BZK7","undirected","Binding"
"UNIPROT","Q3L8U1","UNIPROT","P19793","undirected","Binding"
"UNIPROT","Q3L8U1","UNIPROT","P50416","directed","Control(Out: ACTIVATION of BiochemicalReaction)"
"UNIPROT","Q3L8U1","UNIPROT","Q07869","undirected","Binding"
"UNIPROT","Q6STE5","UNIPROT","P19793","undirected","Binding"
"UNIPROT","Q6STE5","UNIPROT","P50416","directed","Control(Out: ACTIVATION of BiochemicalReaction)"
"UNIPROT","Q6STE5","UNIPROT","Q07869","undirected","Binding"
"UNIPROT","Q86X55","UNIPROT","P19793","undirected","Binding"
"UNIPROT","Q86X55","UNIPROT","P50416","directed","Control(Out: ACTIVATION of BiochemicalReaction)"
"UNIPROT","Q86X55","UNIPROT","Q07869","undirected","Binding"
"UNIPROT","Q92793","UNIPROT","P50416","directed","Control(Out: ACTIVATION of BiochemicalReaction)"
"UNIPROT","Q96RS0","UNIPROT","P19793","undirected","Binding"
"UNIPROT","Q96RS0","UNIPROT","P50416","directed","Control(Out: ACTIVATION of BiochemicalReaction)"
"UNIPROT","Q96RS0","UNIPROT","Q07869","undirected","Binding"
"UNIPROT","Q9BYK8","UNIPROT","P19793","undirected","Binding"
"UNIPROT","Q9BYK8","UNIPROT","P50416","directed","Control(Out: ACTIVATION of BiochemicalReaction)"
"UNIPROT","Q9BYK8","UNIPROT","Q07869","undirected","Binding"
"UNIPROT","Q9BZK7","UNIPROT","P19793","undirected","Binding"
"UNIPROT","Q9BZK7","UNIPROT","P50416","directed","Control(Out: ACTIVATION of BiochemicalReaction)"
"UNIPROT","Q9BZK7","UNIPROT","Q07869","undirected","Binding"
"UNIPROT","Q9BZK7","UNIPROT","Q14686","undirected","Binding"
"UNIPROT","Q9BZK7","UNIPROT","Q15648","undirected","Binding"
"UNIPROT","Q9BZK7","UNIPROT","Q3L8U1","undirected","Binding"
"UNIPROT","Q9BZK7","UNIPROT","Q6STE5","undirected","Binding"
"UNIPROT","Q9BZK7","UNIPROT","Q86X55","undirected","Binding"
"UNIPROT","Q9BZK7","UNIPROT","Q92793","undirected","Binding"
"UNIPROT","Q9BZK7","UNIPROT","Q96RS0","undirected","Binding"
"UNIPROT","Q9BZK7","UNIPROT","Q9BYK8","undirected","Binding"
