"src_type","src","dest_type","dest","direction","type"
"UNIPROT","A4GXA9","UNIPROT","O15315","directed","Control(Out: ACTIVATION of BiochemicalReaction)"
"UNIPROT","A4GXA9","UNIPROT","O43502","directed","Control(Out: ACTIVATION of BiochemicalReaction)"
"UNIPROT","A4GXA9","UNIPROT","O43542","directed","Control(Out: ACTIVATION of BiochemicalReaction)"
"UNIPROT","A4GXA9","UNIPROT","O43543","directed","Control(Out: ACTIVATION of BiochemicalReaction)"
"UNIPROT","A4GXA9","UNIPROT","O60934","directed","Control(Out: ACTIVATION of BiochemicalReaction)"
"UNIPROT","A4GXA9","UNIPROT","O75771","directed","Control(Out: ACTIVATION of BiochemicalReaction)"
"UNIPROT","A4GXA9","UNIPROT","P38398","directed","Control(Out: ACTIVATION of BiochemicalReaction)"
"UNIPROT","A4GXA9","UNIPROT","P49959","directed","Control(Out: ACTIVATION of BiochemicalReaction)"
"UNIPROT","A4GXA9","UNIPROT","P51530","directed","Control(Out: ACTIVATION of BiochemicalReaction)"
"UNIPROT","A4GXA9","UNIPROT","P51587","directed","Control(Out: ACTIVATION of BiochemicalReaction)"
"UNIPROT","A4GXA9","UNIPROT","P54132","directed","Control(Out: ACTIVATION of BiochemicalReaction)"
"UNIPROT","A4GXA9","UNIPROT","P60896","directed","Control(Out: ACTIVATION of BiochemicalReaction)"
"UNIPROT","A4GXA9","UNIPROT","Q06609","directed","Control(Out: ACTIVATION of BiochemicalReaction)"
"UNIPROT","A4GXA9","UNIPROT","Q13315","directed","Control(Out: ACTIVATION of BiochemicalReaction)"
"UNIPROT","A4GXA9","UNIPROT","Q13472","directed","Control(Out: ACTIVATION of BiochemicalReaction)"
"UNIPROT","A4GXA9","UNIPROT","Q14191","directed","Control(Out: ACTIVATION of BiochemicalReaction)"
"UNIPROT","A4GXA9","UNIPROT","Q86YC2","directed","Control(Out: ACTIVATION of BiochemicalReaction)"
"UNIPROT","A4GXA9","UNIPROT","Q8IY92","undirected","Binding"
"UNIPROT","A4GXA9","UNIPROT","Q92878","directed","Control(Out: ACTIVATION of BiochemicalReaction)"
"UNIPROT","A4GXA9","UNIPROT","Q92993","directed","Control(Out: ACTIVATION of BiochemicalReaction)"
"UNIPROT","A4GXA9","UNIPROT","Q96B01","directed","Control(Out: ACTIVATION of BiochemicalReaction)"
"UNIPROT","A4GXA9","UNIPROT","Q96E14","directed","Control(Out: ACTIVATION of BiochemicalReaction)"
"UNIPROT","A4GXA9","UNIPROT","Q96NY9","undirected","Binding"
"UNIPROT","A4GXA9","UNIPROT","Q99708","directed","Control(Out: ACTIVATION of BiochemicalReaction)"
"UNIPROT","A4GXA9","UNIPROT","Q99728","directed","Control(Out: ACTIVATION of BiochemicalReaction)"
"UNIPROT","A4GXA9","UNIPROT","Q9BQ83","undirected","Binding"
"UNIPROT","A4GXA9","UNIPROT","Q9BX63","directed","Control(Out: ACTIVATION of BiochemicalReaction)"
"UNIPROT","A4GXA9","UNIPROT","Q9H9A7","directed","Control(Out: ACTIVATION of BiochemicalReaction)"
"UNIPROT","A4GXA9","UNIPROT","Q9UQ84","directed","Control(Out: ACTIVATION of BiochemicalReaction)"
"UNIPROT","O15315","UNIPROT","O43502","undirected","Binding"
"UNIPROT","O15315","UNIPROT","O60934","undirected","Binding"
"UNIPROT","O15315","UNIPROT","O75771","undirected","Binding"
"UNIPROT","O15315","UNIPROT","P38398","undirected","Binding"
"UNIPROT","O15315","UNIPROT","P49959","undirected","Binding"
"UNIPROT","O15315","UNIPROT","P51530","undirected","Binding"
"UNIPROT","O15315","UNIPROT","P51587","undirected","Binding"
"UNIPROT","O15315","UNIPROT","P54132","undirected","Binding"
"UNIPROT","O15315","UNIPROT","Q06609","undirected","Binding"
"UNIPROT","O15315","UNIPROT","Q13315","undirected","Binding"
"UNIPROT","O15315","UNIPROT","Q13472","undirected","Binding"
"UNIPROT","O15315","UNIPROT","Q92878","undirected","Binding"
"UNIPROT","O15315","UNIPROT","Q99708","undirected","Binding"
"UNIPROT","O43502","UNIPROT","P54132","undirected","Binding"
"UNIPROT","O43502","UNIPROT","Q13472","undirected","Binding"
"UNIPROT","O43542","UNIPROT","O15315","undirected","Binding"
"UNIPROT","O43542","UNIPROT","O43502","undirected","Binding"
"UNIPROT","O43542","UNIPROT","O43543","undirected","Binding"
"UNIPROT","O43542","UNIPROT","O60934","undirected","Binding"
"UNIPROT","O43542","UNIPROT","O75771","undirected","Binding"
"UNIPROT","O43542","UNIPROT","P38398","undirected","Binding"
"UNIPROT","O43542","UNIPROT","P49959","undirected","Binding"
"UNIPROT","O43542","UNIPROT","P51530","undirected","Binding"
"UNIPROT","O43542","UNIPROT","P51587","undirected","Binding"
"UNIPROT","O43542","UNIPROT","P54132","undirected","Binding"
"UNIPROT","O43542","UNIPROT","P60896","undirected","Binding"
"UNIPROT","O43542","UNIPROT","Q06609","undirected","Binding"
"UNIPROT","O43542","UNIPROT","Q13315","undirected","Binding"
"UNIPROT","O43542","UNIPROT","Q13472","undirected","Binding"
"UNIPROT","O43542","UNIPROT","Q14191","undirected","Binding"
"UNIPROT","O43542","UNIPROT","Q86YC2","undirected","Binding"
"UNIPROT","O43542","UNIPROT","Q92878","undirected","Binding"
"UNIPROT","O43542","UNIPROT","Q96B01","undirected","Binding"
"UNIPROT","O43542","UNIPROT","Q96E14","undirected","Binding"
"UNIPROT","O43542","UNIPROT","Q99708","undirected","Binding"
"UNIPROT","O43542","UNIPROT","Q99728","undirected","Binding"
"UNIPROT","O43542","UNIPROT","Q9BX63","undirected","Binding"
"UNIPROT","O43542","UNIPROT","Q9H9A7","undirected","Binding"
"UNIPROT","O43542","UNIPROT","Q9UQ84","undirected","Binding"
"UNIPROT","O43543","UNIPROT","O15315","undirected","Binding"
"UNIPROT","O43543","UNIPROT","O43502","undirected","Binding"
"UNIPROT","O43543","UNIPROT","O60934","undirected","Binding"
"UNIPROT","O43543","UNIPROT","O75771","undirected","Binding"
"UNIPROT","O43543","UNIPROT","P38398","undirected","Binding"
"UNIPROT","O43543","UNIPROT","P49959","undirected","Binding"
"UNIPROT","O43543","UNIPROT","P51530","undirected","Binding"
"UNIPROT","O43543","UNIPROT","P51587","undirected","Binding"
"UNIPROT","O43543","UNIPROT","P54132","undirected","Binding"
"UNIPROT","O43543","UNIPROT","Q06609","undirected","Binding"
"UNIPROT","O43543","UNIPROT","Q13315","undirected","Binding"
"UNIPROT","O43543","UNIPROT","Q13472","undirected","Binding"
"UNIPROT","O43543","UNIPROT","Q92878","undirected","Binding"
"UNIPROT","O43543","UNIPROT","Q99708","undirected","Binding"
"UNIPROT","O60934","UNIPROT","O43502","undirected","Binding"
"UNIPROT","O60934","UNIPROT","P38398","undirected","Binding"
"UNIPROT","O60934","UNIPROT","P51587","undirected","Binding"
"UNIPROT","O60934","UNIPROT","P54132","undirected","Binding"
"UNIPROT","O60934","UNIPROT","Q06609","undirected","Binding"
"UNIPROT","O60934","UNIPROT","Q13315","undirected","Binding"
"UNIPROT","O60934","UNIPROT","Q13472","undirected","Binding"
"UNIPROT","O60934","UNIPROT","Q99708","undirected","Binding"
"UNIPROT","O75771","UNIPROT","O43502","undirected","Binding"
"UNIPROT","O75771","UNIPROT","O60934","undirected","Binding"
"UNIPROT","O75771","UNIPROT","P38398","undirected","Binding"
"UNIPROT","O75771","UNIPROT","P49959","undirected","Binding"
"UNIPROT","O75771","UNIPROT","P51530","undirected","Binding"
"UNIPROT","O75771","UNIPROT","P51587","undirected","Binding"
"UNIPROT","O75771","UNIPROT","P54132","undirected","Binding"
"UNIPROT","O75771","UNIPROT","Q06609","undirected","Binding"
"UNIPROT","O75771","UNIPROT","Q13315","undirected","Binding"
"UNIPROT","O75771","UNIPROT","Q13472","undirected","Binding"
"UNIPROT","O75771","UNIPROT","Q92878","undirected","Binding"
"UNIPROT","O75771","UNIPROT","Q99708","undirected","Binding"
"UNIPROT","P38398","UNIPROT","O43502","undirected","Binding"
"UNIPROT","P38398","UNIPROT","P51587","undirected","Binding"
"UNIPROT","P38398","UNIPROT","P54132","undirected","Binding"
"UNIPROT","P38398","UNIPROT","Q06609","undirected","Binding"
"UNIPROT","P38398","UNIPROT","Q13315","undirected","Binding"
"UNIPROT","P38398","UNIPROT","Q13472","undirected","Binding"
"UNIPROT","P49959","UNIPROT","O43502","undirected","Binding"
"UNIPROT","P49959","UNIPROT","O60934","undirected","Binding"
"UNIPROT","P49959","UNIPROT","P38398","undirected","Binding"
"UNIPROT","P49959","UNIPROT","P51587","undirected","Binding"
"UNIPROT","P49959","UNIPROT","P54132","undirected","Binding"
"UNIPROT","P49959","UNIPROT","Q06609","undirected","Binding"
"UNIPROT","P49959","UNIPROT","Q13315","undirected","Binding"
"UNIPROT","P49959","UNIPROT","Q13472","undirected","Binding"
"UNIPROT","P49959","UNIPROT","Q92878","undirected","Binding"
"UNIPROT","P49959","UNIPROT","Q99708","undirected","Binding"
"UNIPROT","P51530","UNIPROT","O43502","undirected","Binding"
"UNIPROT","P51530","UNIPROT","O60934","undirected","Binding"
"UNIPROT","P51530","UNIPROT","P38398","undirected","Binding"
"UNIPROT","P51530","UNIPROT","P49959","undirected","Binding"
"UNIPROT","P51530","UNIPROT","P51587","undirected","Binding"
"UNIPROT","P51530","UNIPROT","P54132","undirected","Binding"
"UNIPROT","P51530","UNIPROT","Q06609","undirected","Binding"
"UNIPROT","P51530","UNIPROT","Q13315","undirected","Binding"
"UNIPROT","P51530","UNIPROT","Q13472","undirected","Binding"
"UNIPROT","P51530","UNIPROT","Q92878","undirected","Binding"
"UNIPROT","P51530","UNIPROT","Q99708","undirected","Binding"
"UNIPROT","P51587","UNIPROT","O43502","undirected","Binding"
"UNIPROT","P51587","UNIPROT","P54132","undirected","Binding"
"UNIPROT","P51587","UNIPROT","Q06609","undirected","Binding"
"UNIPROT","P51587","UNIPROT","Q13315","undirected","Binding"
"UNIPROT","P51587","UNIPROT","Q13472","undirected","Binding"
"UNIPROT","P54132","UNIPROT","O15315","directed","Control(Out: ACTIVATION of BiochemicalReaction)"
"UNIPROT","P54132","UNIPROT","O43502","directed","Control(Out: ACTIVATION of BiochemicalReaction)"
"UNIPROT","P54132","UNIPROT","O43542","directed","Control(Out: ACTIVATION of BiochemicalReaction)"
"UNIPROT","P54132","UNIPROT","O43543","directed","Control(Out: ACTIVATION of BiochemicalReaction)"
"UNIPROT","P54132","UNIPROT","O60934","directed","Control(Out: ACTIVATION of BiochemicalReaction)"
"UNIPROT","P54132","UNIPROT","O75771","directed","Control(Out: ACTIVATION of BiochemicalReaction)"
"UNIPROT","P54132","UNIPROT","P38398","directed","Control(Out: ACTIVATION of BiochemicalReaction)"
"UNIPROT","P54132","UNIPROT","P49959","directed","Control(Out: ACTIVATION of BiochemicalReaction)"
"UNIPROT","P54132","UNIPROT","P51530","directed","Control(Out: ACTIVATION of BiochemicalReaction)"
"UNIPROT","P54132","UNIPROT","P51587","directed","Control(Out: ACTIVATION of BiochemicalReaction)"
"UNIPROT","P54132","UNIPROT","P60896","directed","Control(Out: ACTIVATION of BiochemicalReaction)"
"UNIPROT","P54132","UNIPROT","Q06609","directed","Control(Out: ACTIVATION of BiochemicalReaction)"
"UNIPROT","P54132","UNIPROT","Q13315","directed","Control(Out: ACTIVATION of BiochemicalReaction)"
"UNIPROT","P54132","UNIPROT","Q14191","directed","Control(Out: ACTIVATION of BiochemicalReaction)"
"UNIPROT","P54132","UNIPROT","Q86YC2","directed","Control(Out: ACTIVATION of BiochemicalReaction)"
"UNIPROT","P54132","UNIPROT","Q92878","directed","Control(Out: ACTIVATION of BiochemicalReaction)"
"UNIPROT","P54132","UNIPROT","Q92993","directed","Control(Out: ACTIVATION of BiochemicalReaction)"
"UNIPROT","P54132","UNIPROT","Q96B01","directed","Control(Out: ACTIVATION of BiochemicalReaction)"
"UNIPROT","P54132","UNIPROT","Q99708","directed","Control(Out: ACTIVATION of BiochemicalReaction)"
"UNIPROT","P54132","UNIPROT","Q99728","directed","Control(Out: ACTIVATION of BiochemicalReaction)"
"UNIPROT","P54132","UNIPROT","Q9BX63","directed","Control(Out: ACTIVATION of BiochemicalReaction)"
"UNIPROT","P54132","UNIPROT","Q9UQ84","directed","Control(Out: ACTIVATION of BiochemicalReaction)"
"UNIPROT","P60896","UNIPROT","O15315","undirected","Binding"
"UNIPROT","P60896","UNIPROT","O43502","undirected","Binding"
"UNIPROT","P60896","UNIPROT","O43543","undirected","Binding"
"UNIPROT","P60896","UNIPROT","O60934","undirected","Binding"
"UNIPROT","P60896","UNIPROT","O75771","undirected","Binding"
"UNIPROT","P60896","UNIPROT","P38398","undirected","Binding"
"UNIPROT","P60896","UNIPROT","P49959","undirected","Binding"
"UNIPROT","P60896","UNIPROT","P51530","undirected","Binding"
"UNIPROT","P60896","UNIPROT","P51587","undirected","Binding"
"UNIPROT","P60896","UNIPROT","P54132","undirected","Binding"
"UNIPROT","P60896","UNIPROT","Q06609","undirected","Binding"
"UNIPROT","P60896","UNIPROT","Q13315","undirected","Binding"
"UNIPROT","P60896","UNIPROT","Q13472","undirected","Binding"
"UNIPROT","P60896","UNIPROT","Q14191","undirected","Binding"
"UNIPROT","P60896","UNIPROT","Q86YC2","undirected","Binding"
"UNIPROT","P60896","UNIPROT","Q92878","undirected","Binding"
"UNIPROT","P60896","UNIPROT","Q96B01","undirected","Binding"
"UNIPROT","P60896","UNIPROT","Q96E14","undirected","Binding"
"UNIPROT","P60896","UNIPROT","Q99708","undirected","Binding"
"UNIPROT","P60896","UNIPROT","Q99728","undirected","Binding"
"UNIPROT","P60896","UNIPROT","Q9BX63","undirected","Binding"
"UNIPROT","P60896","UNIPROT","Q9H9A7","undirected","Binding"
"UNIPROT","P60896","UNIPROT","Q9UQ84","undirected","Binding"
"UNIPROT","Q06609","UNIPROT","O43502","undirected","Binding"
"UNIPROT","Q06609","UNIPROT","P54132","undirected","Binding"
"UNIPROT","Q06609","UNIPROT","Q13315","undirected","Binding"
"UNIPROT","Q06609","UNIPROT","Q13472","undirected","Binding"
"UNIPROT","Q13315","UNIPROT","O43502","undirected","Binding"
"UNIPROT","Q13315","UNIPROT","P54132","undirected","Binding"
"UNIPROT","Q13315","UNIPROT","Q13472","undirected","Binding"
"UNIPROT","Q13472","UNIPROT","O15315","directed","Control(Out: ACTIVATION of BiochemicalReaction)"
"UNIPROT","Q13472","UNIPROT","O43502","directed","Control(Out: ACTIVATION of BiochemicalReaction)"
"UNIPROT","Q13472","UNIPROT","O43542","directed","Control(Out: ACTIVATION of BiochemicalReaction)"
"UNIPROT","Q13472","UNIPROT","O43543","directed","Control(Out: ACTIVATION of BiochemicalReaction)"
"UNIPROT","Q13472","UNIPROT","O60934","directed","Control(Out: ACTIVATION of BiochemicalReaction)"
"UNIPROT","Q13472","UNIPROT","O75771","directed","Control(Out: ACTIVATION of BiochemicalReaction)"
"UNIPROT","Q13472","UNIPROT","P38398","directed","Control(Out: ACTIVATION of BiochemicalReaction)"
"UNIPROT","Q13472","UNIPROT","P49959","directed","Control(Out: ACTIVATION of BiochemicalReaction)"
"UNIPROT","Q13472","UNIPROT","P51530","directed","Control(Out: ACTIVATION of BiochemicalReaction)"
"UNIPROT","Q13472","UNIPROT","P51587","directed","Control(Out: ACTIVATION of BiochemicalReaction)"
"UNIPROT","Q13472","UNIPROT","P54132","undirected","Binding"
"UNIPROT","Q13472","UNIPROT","P60896","directed","Control(Out: ACTIVATION of BiochemicalReaction)"
"UNIPROT","Q13472","UNIPROT","Q06609","directed","Control(Out: ACTIVATION of BiochemicalReaction)"
"UNIPROT","Q13472","UNIPROT","Q13315","directed","Control(Out: ACTIVATION of BiochemicalReaction)"
"UNIPROT","Q13472","UNIPROT","Q14191","directed","Control(Out: ACTIVATION of BiochemicalReaction)"
"UNIPROT","Q13472","UNIPROT","Q86YC2","directed","Control(Out: ACTIVATION of BiochemicalReaction)"
"UNIPROT","Q13472","UNIPROT","Q92878","directed","Control(Out: ACTIVATION of BiochemicalReaction)"
"UNIPROT","Q13472","UNIPROT","Q92993","directed","Control(Out: ACTIVATION of BiochemicalReaction)"
"UNIPROT","Q13472","UNIPROT","Q96B01","directed","Control(Out: ACTIVATION of BiochemicalReaction)"
"UNIPROT","Q13472","UNIPROT","Q99708","directed","Control(Out: ACTIVATION of BiochemicalReaction)"
"UNIPROT","Q13472","UNIPROT","Q99728","directed","Control(Out: ACTIVATION of BiochemicalReaction)"
"UNIPROT","Q13472","UNIPROT","Q9BX63","directed","Control(Out: ACTIVATION of BiochemicalReaction)"
"UNIPROT","Q13472","UNIPROT","Q9UQ84","directed","Control(Out: ACTIVATION of BiochemicalReaction)"
"UNIPROT","Q14159","UNIPROT","O15315","directed","Control(Out: ACTIVATION of BiochemicalReaction)"
"UNIPROT","Q14159","UNIPROT","O43502","directed","Control(Out: ACTIVATION of BiochemicalReaction)"
"UNIPROT","Q14159","UNIPROT","O43542","directed","Control(Out: ACTIVATION of BiochemicalReaction)"
"UNIPROT","Q14159","UNIPROT","O43543","directed","Control(Out: ACTIVATION of BiochemicalReaction)"
"UNIPROT","Q14159","UNIPROT","O60934","directed","Control(Out: ACTIVATION of BiochemicalReaction)"
"UNIPROT","Q14159","UNIPROT","O75771","directed","Control(Out: ACTIVATION of BiochemicalReaction)"
"UNIPROT","Q14159","UNIPROT","P38398","directed","Control(Out: ACTIVATION of BiochemicalReaction)"
"UNIPROT","Q14159","UNIPROT","P49959","directed","Control(Out: ACTIVATION of BiochemicalReaction)"
"UNIPROT","Q14159","UNIPROT","P51530","directed","Control(Out: ACTIVATION of BiochemicalReaction)"
"UNIPROT","Q14159","UNIPROT","P51587","directed","Control(Out: ACTIVATION of BiochemicalReaction)"
"UNIPROT","Q14159","UNIPROT","P54132","directed","Control(Out: ACTIVATION of BiochemicalReaction)"
"UNIPROT","Q14159","UNIPROT","P54132","undirected","Binding"
"UNIPROT","Q14159","UNIPROT","P60896","directed","Control(Out: ACTIVATION of BiochemicalReaction)"
"UNIPROT","Q14159","UNIPROT","Q06609","directed","Control(Out: ACTIVATION of BiochemicalReaction)"
"UNIPROT","Q14159","UNIPROT","Q13315","directed","Control(Out: ACTIVATION of BiochemicalReaction)"
"UNIPROT","Q14159","UNIPROT","Q13472","directed","Control(Out: ACTIVATION of BiochemicalReaction)"
"UNIPROT","Q14159","UNIPROT","Q13472","undirected","Binding"
"UNIPROT","Q14159","UNIPROT","Q14191","directed","Control(Out: ACTIVATION of BiochemicalReaction)"
"UNIPROT","Q14159","UNIPROT","Q86YC2","directed","Control(Out: ACTIVATION of BiochemicalReaction)"
"UNIPROT","Q14159","UNIPROT","Q92878","directed","Control(Out: ACTIVATION of BiochemicalReaction)"
"UNIPROT","Q14159","UNIPROT","Q92993","directed","Control(Out: ACTIVATION of BiochemicalReaction)"
"UNIPROT","Q14159","UNIPROT","Q96B01","directed","Control(Out: ACTIVATION of BiochemicalReaction)"
"UNIPROT","Q14159","UNIPROT","Q96E14","directed","Control(Out: ACTIVATION of BiochemicalReaction)"
"UNIPROT","Q14159","UNIPROT","Q96E14","undirected","Binding"
"UNIPROT","Q14159","UNIPROT","Q99708","directed","Control(Out: ACTIVATION of BiochemicalReaction)"
"UNIPROT","Q14159","UNIPROT","Q99728","directed","Control(Out: ACTIVATION of BiochemicalReaction)"
"UNIPROT","Q14159","UNIPROT","Q9BX63","directed","Control(Out: ACTIVATION of BiochemicalReaction)"
"UNIPROT","Q14159","UNIPROT","Q9H9A7","directed","Control(Out: ACTIVATION of BiochemicalReaction)"
"UNIPROT","Q14159","UNIPROT","Q9H9A7","undirected","Binding"
"UNIPROT","Q14159","UNIPROT","Q9UQ84","directed","Control(Out: ACTIVATION of BiochemicalReaction)"
"UNIPROT","Q14191","UNIPROT","O15315","undirected","Binding"
"UNIPROT","Q14191","UNIPROT","O43502","undirected","Binding"
"UNIPROT","Q14191","UNIPROT","O43543","undirected","Binding"
"UNIPROT","Q14191","UNIPROT","O60934","undirected","Binding"
"UNIPROT","Q14191","UNIPROT","O75771","undirected","Binding"
"UNIPROT","Q14191","UNIPROT","P38398","undirected","Binding"
"UNIPROT","Q14191","UNIPROT","P49959","undirected","Binding"
"UNIPROT","Q14191","UNIPROT","P51530","undirected","Binding"
"UNIPROT","Q14191","UNIPROT","P51587","undirected","Binding"
"UNIPROT","Q14191","UNIPROT","Q06609","undirected","Binding"
"UNIPROT","Q14191","UNIPROT","Q13315","undirected","Binding"
"UNIPROT","Q14191","UNIPROT","Q92878","undirected","Binding"
"UNIPROT","Q14191","UNIPROT","Q99708","undirected","Binding"
"UNIPROT","Q14191","UNIPROT","Q9BX63","undirected","Binding"
"UNIPROT","Q17RS7","UNIPROT","O15315","directed","Control(Out: ACTIVATION of BiochemicalReaction)"
"UNIPROT","Q17RS7","UNIPROT","O43502","directed","Control(Out: ACTIVATION of BiochemicalReaction)"
"UNIPROT","Q17RS7","UNIPROT","O43542","directed","Control(Out: ACTIVATION of BiochemicalReaction)"
"UNIPROT","Q17RS7","UNIPROT","O43543","directed","Control(Out: ACTIVATION of BiochemicalReaction)"
"UNIPROT","Q17RS7","UNIPROT","O60934","directed","Control(Out: ACTIVATION of BiochemicalReaction)"
"UNIPROT","Q17RS7","UNIPROT","O75771","directed","Control(Out: ACTIVATION of BiochemicalReaction)"
"UNIPROT","Q17RS7","UNIPROT","P38398","directed","Control(Out: ACTIVATION of BiochemicalReaction)"
"UNIPROT","Q17RS7","UNIPROT","P49959","directed","Control(Out: ACTIVATION of BiochemicalReaction)"
"UNIPROT","Q17RS7","UNIPROT","P51530","directed","Control(Out: ACTIVATION of BiochemicalReaction)"
"UNIPROT","Q17RS7","UNIPROT","P51587","directed","Control(Out: ACTIVATION of BiochemicalReaction)"
"UNIPROT","Q17RS7","UNIPROT","P54132","directed","Control(Out: ACTIVATION of BiochemicalReaction)"
"UNIPROT","Q17RS7","UNIPROT","P60896","directed","Control(Out: ACTIVATION of BiochemicalReaction)"
"UNIPROT","Q17RS7","UNIPROT","Q06609","directed","Control(Out: ACTIVATION of BiochemicalReaction)"
"UNIPROT","Q17RS7","UNIPROT","Q13315","directed","Control(Out: ACTIVATION of BiochemicalReaction)"
"UNIPROT","Q17RS7","UNIPROT","Q13472","directed","Control(Out: ACTIVATION of BiochemicalReaction)"
"UNIPROT","Q17RS7","UNIPROT","Q14191","directed","Control(Out: ACTIVATION of BiochemicalReaction)"
"UNIPROT","Q17RS7","UNIPROT","Q86YC2","directed","Control(Out: ACTIVATION of BiochemicalReaction)"
"UNIPROT","Q17RS7","UNIPROT","Q92878","directed","Control(Out: ACTIVATION of BiochemicalReaction)"
"UNIPROT","Q17RS7","UNIPROT","Q92993","directed","Control(Out: ACTIVATION of BiochemicalReaction)"
"UNIPROT","Q17RS7","UNIPROT","Q96B01","directed","Control(Out: ACTIVATION of BiochemicalReaction)"
"UNIPROT","Q17RS7","UNIPROT","Q96E14","directed","Control(Out: ACTIVATION of BiochemicalReaction)"
"UNIPROT","Q17RS7","UNIPROT","Q99708","directed","Control(Out: ACTIVATION of BiochemicalReaction)"
"UNIPROT","Q17RS7","UNIPROT","Q99728","directed","Control(Out: ACTIVATION of BiochemicalReaction)"
"UNIPROT","Q17RS7","UNIPROT","Q9BX63","directed","Control(Out: ACTIVATION of BiochemicalReaction)"
"UNIPROT","Q17RS7","UNIPROT","Q9H9A7","directed","Control(Out: ACTIVATION of BiochemicalReaction)"
"UNIPROT","Q17RS7","UNIPROT","Q9UQ84","directed","Control(Out: ACTIVATION of BiochemicalReaction)"
"UNIPROT","Q86YC2","UNIPROT","O15315","undirected","Binding"
"UNIPROT","Q86YC2","UNIPROT","O43502","undirected","Binding"
"UNIPROT","Q86YC2","UNIPROT","O43543","undirected","Binding"
"UNIPROT","Q86YC2","UNIPROT","O60934","undirected","Binding"
"UNIPROT","Q86YC2","UNIPROT","O75771","undirected","Binding"
"UNIPROT","Q86YC2","UNIPROT","P38398","undirected","Binding"
"UNIPROT","Q86YC2","UNIPROT","P49959","undirected","Binding"
"UNIPROT","Q86YC2","UNIPROT","P51530","undirected","Binding"
"UNIPROT","Q86YC2","UNIPROT","P51587","undirected","Binding"
"UNIPROT","Q86YC2","UNIPROT","P54132","undirected","Binding"
"UNIPROT","Q86YC2","UNIPROT","Q06609","undirected","Binding"
"UNIPROT","Q86YC2","UNIPROT","Q13315","undirected","Binding"
"UNIPROT","Q86YC2","UNIPROT","Q13472","undirected","Binding"
"UNIPROT","Q86YC2","UNIPROT","Q14191","undirected","Binding"
"UNIPROT","Q86YC2","UNIPROT","Q92878","undirected","Binding"
"UNIPROT","Q86YC2","UNIPROT","Q96E14","undirected","Binding"
"UNIPROT","Q86YC2","UNIPROT","Q99708","undirected","Binding"
"UNIPROT","Q86YC2","UNIPROT","Q9BX63","undirected","Binding"
"UNIPROT","Q86YC2","UNIPROT","Q9H9A7","undirected","Binding"
"UNIPROT","Q86YC2","UNIPROT","Q9UQ84","undirected","Binding"
"UNIPROT","Q8IY92","UNIPROT","O15315","directed","Control(Out: ACTIVATION of BiochemicalReaction)"
"UNIPROT","Q8IY92","UNIPROT","O43502","directed","Control(Out: ACTIVATION of BiochemicalReaction)"
"UNIPROT","Q8IY92","UNIPROT","O43542","directed","Control(Out: ACTIVATION of BiochemicalReaction)"
"UNIPROT","Q8IY92","UNIPROT","O43543","directed","Control(Out: ACTIVATION of BiochemicalReaction)"
"UNIPROT","Q8IY92","UNIPROT","O60934","directed","Control(Out: ACTIVATION of BiochemicalReaction)"
"UNIPROT","Q8IY92","UNIPROT","O75771","directed","Control(Out: ACTIVATION of BiochemicalReaction)"
"UNIPROT","Q8IY92","UNIPROT","P38398","directed","Control(Out: ACTIVATION of BiochemicalReaction)"
"UNIPROT","Q8IY92","UNIPROT","P49959","directed","Control(Out: ACTIVATION of BiochemicalReaction)"
"UNIPROT","Q8IY92","UNIPROT","P51530","directed","Control(Out: ACTIVATION of BiochemicalReaction)"
"UNIPROT","Q8IY92","UNIPROT","P51587","directed","Control(Out: ACTIVATION of BiochemicalReaction)"
"UNIPROT","Q8IY92","UNIPROT","P54132","directed","Control(Out: ACTIVATION of BiochemicalReaction)"
"UNIPROT","Q8IY92","UNIPROT","P60896","directed","Control(Out: ACTIVATION of BiochemicalReaction)"
"UNIPROT","Q8IY92","UNIPROT","Q06609","directed","Control(Out: ACTIVATION of BiochemicalReaction)"
"UNIPROT","Q8IY92","UNIPROT","Q13315","directed","Control(Out: ACTIVATION of BiochemicalReaction)"
"UNIPROT","Q8IY92","UNIPROT","Q13472","directed","Control(Out: ACTIVATION of BiochemicalReaction)"
"UNIPROT","Q8IY92","UNIPROT","Q14191","directed","Control(Out: ACTIVATION of BiochemicalReaction)"
"UNIPROT","Q8IY92","UNIPROT","Q86YC2","directed","Control(Out: ACTIVATION of BiochemicalReaction)"
"UNIPROT","Q8IY92","UNIPROT","Q92878","directed","Control(Out: ACTIVATION of BiochemicalReaction)"
"UNIPROT","Q8IY92","UNIPROT","Q92993","directed","Control(Out: ACTIVATION of BiochemicalReaction)"
"UNIPROT","Q8IY92","UNIPROT","Q96B01","directed","Control(Out: ACTIVATION of BiochemicalReaction)"
"UNIPROT","Q8IY92","UNIPROT","Q96E14","directed","Control(Out: ACTIVATION of BiochemicalReaction)"
"UNIPROT","Q8IY92","UNIPROT","Q99708","directed","Control(Out: ACTIVATION of BiochemicalReaction)"
"UNIPROT","Q8IY92","UNIPROT","Q99728","directed","Control(Out: ACTIVATION of BiochemicalReaction)"
"UNIPROT","Q8IY92","UNIPROT","Q9BX63","directed","Control(Out: ACTIVATION of BiochemicalReaction)"
"UNIPROT","Q8IY92","UNIPROT","Q9H9A7","directed","Control(Out: ACTIVATION of BiochemicalReaction)"
"UNIPROT","Q8IY92","UNIPROT","Q9UQ84","directed","Control(Out: ACTIVATION of BiochemicalReaction)"
"UNIPROT","Q92878","UNIPROT","O43502","undirected","Binding"
"UNIPROT","Q92878","UNIPROT","O60934","undirected","Binding"
"UNIPROT","Q92878","UNIPROT","P38398","undirected","Binding"
"UNIPROT","Q92878","UNIPROT","P51587","undirected","Binding"
"UNIPROT","Q92878","UNIPROT","P54132","undirected","Binding"
"UNIPROT","Q92878","UNIPROT","Q06609","undirected","Binding"
"UNIPROT","Q92878","UNIPROT","Q13315","undirected","Binding"
"UNIPROT","Q92878","UNIPROT","Q13472","undirected","Binding"
"UNIPROT","Q92878","UNIPROT","Q99708","undirected","Binding"
"UNIPROT","Q92993","UNIPROT","O15315","undirected","Binding"
"UNIPROT","Q92993","UNIPROT","O43502","undirected","Binding"
"UNIPROT","Q92993","UNIPROT","O43542","undirected","Binding"
"UNIPROT","Q92993","UNIPROT","O43543","undirected","Binding"
"UNIPROT","Q92993","UNIPROT","O60934","undirected","Binding"
"UNIPROT","Q92993","UNIPROT","O75771","undirected","Binding"
"UNIPROT","Q92993","UNIPROT","P38398","undirected","Binding"
"UNIPROT","Q92993","UNIPROT","P49959","undirected","Binding"
"UNIPROT","Q92993","UNIPROT","P51530","undirected","Binding"
"UNIPROT","Q92993","UNIPROT","P51587","undirected","Binding"
"UNIPROT","Q92993","UNIPROT","P54132","undirected","Binding"
"UNIPROT","Q92993","UNIPROT","P60896","undirected","Binding"
"UNIPROT","Q92993","UNIPROT","Q06609","undirected","Binding"
"UNIPROT","Q92993","UNIPROT","Q13315","undirected","Binding"
"UNIPROT","Q92993","UNIPROT","Q13472","undirected","Binding"
"UNIPROT","Q92993","UNIPROT","Q14191","undirected","Binding"
"UNIPROT","Q92993","UNIPROT","Q86YC2","undirected","Binding"
"UNIPROT","Q92993","UNIPROT","Q92878","undirected","Binding"
"UNIPROT","Q92993","UNIPROT","Q96B01","undirected","Binding"
"UNIPROT","Q92993","UNIPROT","Q96E14","undirected","Binding"
"UNIPROT","Q92993","UNIPROT","Q99708","undirected","Binding"
"UNIPROT","Q92993","UNIPROT","Q99728","undirected","Binding"
"UNIPROT","Q92993","UNIPROT","Q9BX63","undirected","Binding"
"UNIPROT","Q92993","UNIPROT","Q9H9A7","undirected","Binding"
"UNIPROT","Q92993","UNIPROT","Q9UQ84","undirected","Binding"
"UNIPROT","Q96AY2","UNIPROT","O15315","directed","Control(Out: ACTIVATION of BiochemicalReaction)"
"UNIPROT","Q96AY2","UNIPROT","O43502","directed","Control(Out: ACTIVATION of BiochemicalReaction)"
"UNIPROT","Q96AY2","UNIPROT","O43542","directed","Control(Out: ACTIVATION of BiochemicalReaction)"
"UNIPROT","Q96AY2","UNIPROT","O43543","directed","Control(Out: ACTIVATION of BiochemicalReaction)"
"UNIPROT","Q96AY2","UNIPROT","O60934","directed","Control(Out: ACTIVATION of BiochemicalReaction)"
"UNIPROT","Q96AY2","UNIPROT","O75771","directed","Control(Out: ACTIVATION of BiochemicalReaction)"
"UNIPROT","Q96AY2","UNIPROT","P38398","directed","Control(Out: ACTIVATION of BiochemicalReaction)"
"UNIPROT","Q96AY2","UNIPROT","P49959","directed","Control(Out: ACTIVATION of BiochemicalReaction)"
"UNIPROT","Q96AY2","UNIPROT","P51530","directed","Control(Out: ACTIVATION of BiochemicalReaction)"
"UNIPROT","Q96AY2","UNIPROT","P51587","directed","Control(Out: ACTIVATION of BiochemicalReaction)"
"UNIPROT","Q96AY2","UNIPROT","P54132","directed","Control(Out: ACTIVATION of BiochemicalReaction)"
"UNIPROT","Q96AY2","UNIPROT","P60896","directed","Control(Out: ACTIVATION of BiochemicalReaction)"
"UNIPROT","Q96AY2","UNIPROT","Q06609","directed","Control(Out: ACTIVATION of BiochemicalReaction)"
"UNIPROT","Q96AY2","UNIPROT","Q13315","directed","Control(Out: ACTIVATION of BiochemicalReaction)"
"UNIPROT","Q96AY2","UNIPROT","Q13472","directed","Control(Out: ACTIVATION of BiochemicalReaction)"
"UNIPROT","Q96AY2","UNIPROT","Q14191","directed","Control(Out: ACTIVATION of BiochemicalReaction)"
"UNIPROT","Q96AY2","UNIPROT","Q86YC2","directed","Control(Out: ACTIVATION of BiochemicalReaction)"
"UNIPROT","Q96AY2","UNIPROT","Q8IY92","undirected","Binding"
"UNIPROT","Q96AY2","UNIPROT","Q92878","directed","Control(Out: ACTIVATION of BiochemicalReaction)"
"UNIPROT","Q96AY2","UNIPROT","Q92993","directed","Control(Out: ACTIVATION of BiochemicalReaction)"
"UNIPROT","Q96AY2","UNIPROT","Q96B01","directed","Control(Out: ACTIVATION of BiochemicalReaction)"
"UNIPROT","Q96AY2","UNIPROT","Q96E14","directed","Control(Out: ACTIVATION of BiochemicalReaction)"
"UNIPROT","Q96AY2","UNIPROT","Q96NY9","undirected","Binding"
"UNIPROT","Q96AY2","UNIPROT","Q99708","directed","Control(Out: ACTIVATION of BiochemicalReaction)"
"UNIPROT","Q96AY2","UNIPROT","Q99728","directed","Control(Out: ACTIVATION of BiochemicalReaction)"
"UNIPROT","Q96AY2","UNIPROT","Q9BQ83","undirected","Binding"
"UNIPROT","Q96AY2","UNIPROT","Q9BX63","directed","Control(Out: ACTIVATION of BiochemicalReaction)"
"UNIPROT","Q96AY2","UNIPROT","Q9H9A7","directed","Control(Out: ACTIVATION of BiochemicalReaction)"
"UNIPROT","Q96AY2","UNIPROT","Q9UQ84","directed","Control(Out: ACTIVATION of BiochemicalReaction)"
"UNIPROT","Q96B01","UNIPROT","O15315","undirected","Binding"
"UNIPROT","Q96B01","UNIPROT","O43502","undirected","Binding"
"UNIPROT","Q96B01","UNIPROT","O43543","undirected","Binding"
"UNIPROT","Q96B01","UNIPROT","O60934","undirected","Binding"
"UNIPROT","Q96B01","UNIPROT","O75771","undirected","Binding"
"UNIPROT","Q96B01","UNIPROT","P38398","undirected","Binding"
"UNIPROT","Q96B01","UNIPROT","P49959","undirected","Binding"
"UNIPROT","Q96B01","UNIPROT","P51530","undirected","Binding"
"UNIPROT","Q96B01","UNIPROT","P51587","undirected","Binding"
"UNIPROT","Q96B01","UNIPROT","P54132","undirected","Binding"
"UNIPROT","Q96B01","UNIPROT","Q06609","undirected","Binding"
"UNIPROT","Q96B01","UNIPROT","Q13315","undirected","Binding"
"UNIPROT","Q96B01","UNIPROT","Q13472","undirected","Binding"
"UNIPROT","Q96B01","UNIPROT","Q14191","undirected","Binding"
"UNIPROT","Q96B01","UNIPROT","Q86YC2","undirected","Binding"
"UNIPROT","Q96B01","UNIPROT","Q92878","undirected","Binding"
"UNIPROT","Q96B01","UNIPROT","Q96E14","undirected","Binding"
"UNIPROT","Q96B01","UNIPROT","Q99708","undirected","Binding"
"UNIPROT","Q96B01","UNIPROT","Q9BX63","undirected","Binding"
"UNIPROT","Q96B01","UNIPROT","Q9H9A7","undirected","Binding"
"UNIPROT","Q96B01","UNIPROT","Q9UQ84","undirected","Binding"
"UNIPROT","Q96E14","UNIPROT","O15315","directed","Control(Out: ACTIVATION of BiochemicalReaction)"
"UNIPROT","Q96E14","UNIPROT","O15315","undirected","Binding"
"UNIPROT","Q96E14","UNIPROT","O43502","directed","Control(Out: ACTIVATION of BiochemicalReaction)"
"UNIPROT","Q96E14","UNIPROT","O43502","undirected","Binding"
"UNIPROT","Q96E14","UNIPROT","O43542","directed","Control(Out: ACTIVATION of BiochemicalReaction)"
"UNIPROT","Q96E14","UNIPROT","O43543","directed","Control(Out: ACTIVATION of BiochemicalReaction)"
"UNIPROT","Q96E14","UNIPROT","O43543","undirected","Binding"
"UNIPROT","Q96E14","UNIPROT","O60934","directed","Control(Out: ACTIVATION of BiochemicalReaction)"
"UNIPROT","Q96E14","UNIPROT","O60934","undirected","Binding"
"UNIPROT","Q96E14","UNIPROT","O75771","directed","Control(Out: ACTIVATION of BiochemicalReaction)"
"UNIPROT","Q96E14","UNIPROT","O75771","undirected","Binding"
"UNIPROT","Q96E14","UNIPROT","P38398","directed","Control(Out: ACTIVATION of BiochemicalReaction)"
"UNIPROT","Q96E14","UNIPROT","P38398","undirected","Binding"
"UNIPROT","Q96E14","UNIPROT","P49959","directed","Control(Out: ACTIVATION of BiochemicalReaction)"
"UNIPROT","Q96E14","UNIPROT","P49959","undirected","Binding"
"UNIPROT","Q96E14","UNIPROT","P51530","directed","Control(Out: ACTIVATION of BiochemicalReaction)"
"UNIPROT","Q96E14","UNIPROT","P51530","undirected","Binding"
"UNIPROT","Q96E14","UNIPROT","P51587","directed","Control(Out: ACTIVATION of BiochemicalReaction)"
"UNIPROT","Q96E14","UNIPROT","P51587","undirected","Binding"
"UNIPROT","Q96E14","UNIPROT","P54132","undirected","Binding"
"UNIPROT","Q96E14","UNIPROT","P60896","directed","Control(Out: ACTIVATION of BiochemicalReaction)"
"UNIPROT","Q96E14","UNIPROT","Q06609","directed","Control(Out: ACTIVATION of BiochemicalReaction)"
"UNIPROT","Q96E14","UNIPROT","Q06609","undirected","Binding"
"UNIPROT","Q96E14","UNIPROT","Q13315","directed","Control(Out: ACTIVATION of BiochemicalReaction)"
"UNIPROT","Q96E14","UNIPROT","Q13315","undirected","Binding"
"UNIPROT","Q96E14","UNIPROT","Q13472","undirected","Binding"
"UNIPROT","Q96E14","UNIPROT","Q14191","directed","Control(Out: ACTIVATION of BiochemicalReaction)"
"UNIPROT","Q96E14","UNIPROT","Q86YC2","directed","Control(Out: ACTIVATION of BiochemicalReaction)"
"UNIPROT","Q96E14","UNIPROT","Q92878","directed","Control(Out: ACTIVATION of BiochemicalReaction)"
"UNIPROT","Q96E14","UNIPROT","Q92878","undirected","Binding"
"UNIPROT","Q96E14","UNIPROT","Q92993","directed","Control(Out: ACTIVATION of BiochemicalReaction)"
"UNIPROT","Q96E14","UNIPROT","Q96B01","directed","Control(Out: ACTIVATION of BiochemicalReaction)"
"UNIPROT","Q96E14","UNIPROT","Q99708","directed","Control(Out: ACTIVATION of BiochemicalReaction)"
"UNIPROT","Q96E14","UNIPROT","Q99708","undirected","Binding"
"UNIPROT","Q96E14","UNIPROT","Q99728","directed","Control(Out: ACTIVATION of BiochemicalReaction)"
"UNIPROT","Q96E14","UNIPROT","Q9BX63","directed","Control(Out: ACTIVATION of BiochemicalReaction)"
"UNIPROT","Q96E14","UNIPROT","Q9BX63","undirected","Binding"
"UNIPROT","Q96E14","UNIPROT","Q9H9A7","undirected","Binding"
"UNIPROT","Q96E14","UNIPROT","Q9UQ84","directed","Control(Out: ACTIVATION of BiochemicalReaction)"
"UNIPROT","Q96NY9","UNIPROT","O15315","directed","Control(Out: ACTIVATION of BiochemicalReaction)"
"UNIPROT","Q96NY9","UNIPROT","O43502","directed","Control(Out: ACTIVATION of BiochemicalReaction)"
"UNIPROT","Q96NY9","UNIPROT","O43542","directed","Control(Out: ACTIVATION of BiochemicalReaction)"
"UNIPROT","Q96NY9","UNIPROT","O43543","directed","Control(Out: ACTIVATION of BiochemicalReaction)"
"UNIPROT","Q96NY9","UNIPROT","O60934","directed","Control(Out: ACTIVATION of BiochemicalReaction)"
"UNIPROT","Q96NY9","UNIPROT","O75771","directed","Control(Out: ACTIVATION of BiochemicalReaction)"
"UNIPROT","Q96NY9","UNIPROT","P38398","directed","Control(Out: ACTIVATION of BiochemicalReaction)"
"UNIPROT","Q96NY9","UNIPROT","P49959","directed","Control(Out: ACTIVATION of BiochemicalReaction)"
"UNIPROT","Q96NY9","UNIPROT","P51530","directed","Control(Out: ACTIVATION of BiochemicalReaction)"
"UNIPROT","Q96NY9","UNIPROT","P51587","directed","Control(Out: ACTIVATION of BiochemicalReaction)"
"UNIPROT","Q96NY9","UNIPROT","P54132","directed","Control(Out: ACTIVATION of BiochemicalReaction)"
"UNIPROT","Q96NY9","UNIPROT","P60896","directed","Control(Out: ACTIVATION of BiochemicalReaction)"
"UNIPROT","Q96NY9","UNIPROT","Q06609","directed","Control(Out: ACTIVATION of BiochemicalReaction)"
"UNIPROT","Q96NY9","UNIPROT","Q13315","directed","Control(Out: ACTIVATION of BiochemicalReaction)"
"UNIPROT","Q96NY9","UNIPROT","Q13472","directed","Control(Out: ACTIVATION of BiochemicalReaction)"
"UNIPROT","Q96NY9","UNIPROT","Q14191","directed","Control(Out: ACTIVATION of BiochemicalReaction)"
"UNIPROT","Q96NY9","UNIPROT","Q86YC2","directed","Control(Out: ACTIVATION of BiochemicalReaction)"
"UNIPROT","Q96NY9","UNIPROT","Q8IY92","undirected","Binding"
"UNIPROT","Q96NY9","UNIPROT","Q92878","directed","Control(Out: ACTIVATION of BiochemicalReaction)"
"UNIPROT","Q96NY9","UNIPROT","Q92993","directed","Control(Out: ACTIVATION of BiochemicalReaction)"
"UNIPROT","Q96NY9","UNIPROT","Q96B01","directed","Control(Out: ACTIVATION of BiochemicalReaction)"
"UNIPROT","Q96NY9","UNIPROT","Q96E14","directed","Control(Out: ACTIVATION of BiochemicalReaction)"
"UNIPROT","Q96NY9","UNIPROT","Q99708","directed","Control(Out: ACTIVATION of BiochemicalReaction)"
"UNIPROT","Q96NY9","UNIPROT","Q99728","directed","Control(Out: ACTIVATION of BiochemicalReaction)"
"UNIPROT","Q96NY9","UNIPROT","Q9BQ83","undirected","Binding"
"UNIPROT","Q96NY9","UNIPROT","Q9BX63","directed","Control(Out: ACTIVATION of BiochemicalReaction)"
"UNIPROT","Q96NY9","UNIPROT","Q9H9A7","directed","Control(Out: ACTIVATION of BiochemicalReaction)"
"UNIPROT","Q96NY9","UNIPROT","Q9UQ84","directed","Control(Out: ACTIVATION of BiochemicalReaction)"
"UNIPROT","Q99708","UNIPROT","O43502","undirected","Binding"
"UNIPROT","Q99708","UNIPROT","P38398","undirected","Binding"
"UNIPROT","Q99708","UNIPROT","P51587","undirected","Binding"
"UNIPROT","Q99708","UNIPROT","P54132","undirected","Binding"
"UNIPROT","Q99708","UNIPROT","Q06609","undirected","Binding"
"UNIPROT","Q99708","UNIPROT","Q13315","undirected","Binding"
"UNIPROT","Q99708","UNIPROT","Q13472","undirected","Binding"
"UNIPROT","Q99728","UNIPROT","O15315","undirected","Binding"
"UNIPROT","Q99728","UNIPROT","O43502","undirected","Binding"
"UNIPROT","Q99728","UNIPROT","O43543","undirected","Binding"
"UNIPROT","Q99728","UNIPROT","O60934","undirected","Binding"
"UNIPROT","Q99728","UNIPROT","O75771","undirected","Binding"
"UNIPROT","Q99728","UNIPROT","P38398","undirected","Binding"
"UNIPROT","Q99728","UNIPROT","P49959","undirected","Binding"
"UNIPROT","Q99728","UNIPROT","P51530","undirected","Binding"
"UNIPROT","Q99728","UNIPROT","P51587","undirected","Binding"
"UNIPROT","Q99728","UNIPROT","P54132","undirected","Binding"
"UNIPROT","Q99728","UNIPROT","Q06609","undirected","Binding"
"UNIPROT","Q99728","UNIPROT","Q13315","undirected","Binding"
"UNIPROT","Q99728","UNIPROT","Q13472","undirected","Binding"
"UNIPROT","Q99728","UNIPROT","Q14191","undirected","Binding"
"UNIPROT","Q99728","UNIPROT","Q86YC2","undirected","Binding"
"UNIPROT","Q99728","UNIPROT","Q92878","undirected","Binding"
"UNIPROT","Q99728","UNIPROT","Q96B01","undirected","Binding"
"UNIPROT","Q99728","UNIPROT","Q96E14","undirected","Binding"
"UNIPROT","Q99728","UNIPROT","Q99708","undirected","Binding"
"UNIPROT","Q99728","UNIPROT","Q9BX63","undirected","Binding"
"UNIPROT","Q99728","UNIPROT","Q9H9A7","undirected","Binding"
"UNIPROT","Q99728","UNIPROT","Q9UQ84","undirected","Binding"
"UNIPROT","Q9BQ83","UNIPROT","O15315","directed","Control(Out: ACTIVATION of BiochemicalReaction)"
"UNIPROT","Q9BQ83","UNIPROT","O43502","directed","Control(Out: ACTIVATION of BiochemicalReaction)"
"UNIPROT","Q9BQ83","UNIPROT","O43542","directed","Control(Out: ACTIVATION of BiochemicalReaction)"
"UNIPROT","Q9BQ83","UNIPROT","O43543","directed","Control(Out: ACTIVATION of BiochemicalReaction)"
"UNIPROT","Q9BQ83","UNIPROT","O60934","directed","Control(Out: ACTIVATION of BiochemicalReaction)"
"UNIPROT","Q9BQ83","UNIPROT","O75771","directed","Control(Out: ACTIVATION of BiochemicalReaction)"
"UNIPROT","Q9BQ83","UNIPROT","P38398","directed","Control(Out: ACTIVATION of BiochemicalReaction)"
"UNIPROT","Q9BQ83","UNIPROT","P49959","directed","Control(Out: ACTIVATION of BiochemicalReaction)"
"UNIPROT","Q9BQ83","UNIPROT","P51530","directed","Control(Out: ACTIVATION of BiochemicalReaction)"
"UNIPROT","Q9BQ83","UNIPROT","P51587","directed","Control(Out: ACTIVATION of BiochemicalReaction)"
"UNIPROT","Q9BQ83","UNIPROT","P54132","directed","Control(Out: ACTIVATION of BiochemicalReaction)"
"UNIPROT","Q9BQ83","UNIPROT","P60896","directed","Control(Out: ACTIVATION of BiochemicalReaction)"
"UNIPROT","Q9BQ83","UNIPROT","Q06609","directed","Control(Out: ACTIVATION of BiochemicalReaction)"
"UNIPROT","Q9BQ83","UNIPROT","Q13315","directed","Control(Out: ACTIVATION of BiochemicalReaction)"
"UNIPROT","Q9BQ83","UNIPROT","Q13472","directed","Control(Out: ACTIVATION of BiochemicalReaction)"
"UNIPROT","Q9BQ83","UNIPROT","Q14191","directed","Control(Out: ACTIVATION of BiochemicalReaction)"
"UNIPROT","Q9BQ83","UNIPROT","Q86YC2","directed","Control(Out: ACTIVATION of BiochemicalReaction)"
"UNIPROT","Q9BQ83","UNIPROT","Q8IY92","undirected","Binding"
"UNIPROT","Q9BQ83","UNIPROT","Q92878","directed","Control(Out: ACTIVATION of BiochemicalReaction)"
"UNIPROT","Q9BQ83","UNIPROT","Q92993","directed","Control(Out: ACTIVATION of BiochemicalReaction)"
"UNIPROT","Q9BQ83","UNIPROT","Q96B01","directed","Control(Out: ACTIVATION of BiochemicalReaction)"
"UNIPROT","Q9BQ83","UNIPROT","Q96E14","directed","Control(Out: ACTIVATION of BiochemicalReaction)"
"UNIPROT","Q9BQ83","UNIPROT","Q99708","directed","Control(Out: ACTIVATION of BiochemicalReaction)"
"UNIPROT","Q9BQ83","UNIPROT","Q99728","directed","Control(Out: ACTIVATION of BiochemicalReaction)"
"UNIPROT","Q9BQ83","UNIPROT","Q9BX63","directed","Control(Out: ACTIVATION of BiochemicalReaction)"
"UNIPROT","Q9BQ83","UNIPROT","Q9H9A7","directed","Control(Out: ACTIVATION of BiochemicalReaction)"
"UNIPROT","Q9BQ83","UNIPROT","Q9UQ84","directed","Control(Out: ACTIVATION of BiochemicalReaction)"
"UNIPROT","Q9BX63","UNIPROT","O15315","directed","Process(BiochemicalReaction)"
"UNIPROT","Q9BX63","UNIPROT","O15315","undirected","Binding"
"UNIPROT","Q9BX63","UNIPROT","O43502","directed","Process(BiochemicalReaction)"
"UNIPROT","Q9BX63","UNIPROT","O43502","undirected","Binding"
"UNIPROT","Q9BX63","UNIPROT","O43542","directed","Process(BiochemicalReaction)"
"UNIPROT","Q9BX63","UNIPROT","O43543","directed","Process(BiochemicalReaction)"
"UNIPROT","Q9BX63","UNIPROT","O43543","undirected","Binding"
"UNIPROT","Q9BX63","UNIPROT","O60934","directed","Process(BiochemicalReaction)"
"UNIPROT","Q9BX63","UNIPROT","O60934","undirected","Binding"
"UNIPROT","Q9BX63","UNIPROT","O75771","directed","Process(BiochemicalReaction)"
"UNIPROT","Q9BX63","UNIPROT","O75771","undirected","Binding"
"UNIPROT","Q9BX63","UNIPROT","P38398","directed","Process(BiochemicalReaction)"
"UNIPROT","Q9BX63","UNIPROT","P38398","undirected","Binding"
"UNIPROT","Q9BX63","UNIPROT","P49959","directed","Process(BiochemicalReaction)"
"UNIPROT","Q9BX63","UNIPROT","P49959","undirected","Binding"
"UNIPROT","Q9BX63","UNIPROT","P51530","directed","Process(BiochemicalReaction)"
"UNIPROT","Q9BX63","UNIPROT","P51530","undirected","Binding"
"UNIPROT","Q9BX63","UNIPROT","P51587","directed","Process(BiochemicalReaction)"
"UNIPROT","Q9BX63","UNIPROT","P51587","undirected","Binding"
"UNIPROT","Q9BX63","UNIPROT","P54132","directed","Process(BiochemicalReaction)"
"UNIPROT","Q9BX63","UNIPROT","P54132","undirected","Binding"
"UNIPROT","Q9BX63","UNIPROT","P60896","directed","Process(BiochemicalReaction)"
"UNIPROT","Q9BX63","UNIPROT","Q06609","directed","Process(BiochemicalReaction)"
"UNIPROT","Q9BX63","UNIPROT","Q06609","undirected","Binding"
"UNIPROT","Q9BX63","UNIPROT","Q13315","directed","Process(BiochemicalReaction)"
"UNIPROT","Q9BX63","UNIPROT","Q13315","undirected","Binding"
"UNIPROT","Q9BX63","UNIPROT","Q13472","directed","Process(BiochemicalReaction)"
"UNIPROT","Q9BX63","UNIPROT","Q13472","undirected","Binding"
"UNIPROT","Q9BX63","UNIPROT","Q14191","directed","Process(BiochemicalReaction)"
"UNIPROT","Q9BX63","UNIPROT","Q86YC2","directed","Process(BiochemicalReaction)"
"UNIPROT","Q9BX63","UNIPROT","Q92878","directed","Process(BiochemicalReaction)"
"UNIPROT","Q9BX63","UNIPROT","Q92878","undirected","Binding"
"UNIPROT","Q9BX63","UNIPROT","Q92993","directed","Process(BiochemicalReaction)"
"UNIPROT","Q9BX63","UNIPROT","Q96B01","directed","Process(BiochemicalReaction)"
"UNIPROT","Q9BX63","UNIPROT","Q96E14","directed","Process(BiochemicalReaction)"
"UNIPROT","Q9BX63","UNIPROT","Q99708","directed","Process(BiochemicalReaction)"
"UNIPROT","Q9BX63","UNIPROT","Q99708","undirected","Binding"
"UNIPROT","Q9BX63","UNIPROT","Q99728","directed","Process(BiochemicalReaction)"
"UNIPROT","Q9BX63","UNIPROT","Q9H9A7","directed","Process(BiochemicalReaction)"
"UNIPROT","Q9BX63","UNIPROT","Q9UQ84","directed","Process(BiochemicalReaction)"
"UNIPROT","Q9H9A7","UNIPROT","O15315","directed","Control(Out: ACTIVATION of BiochemicalReaction)"
"UNIPROT","Q9H9A7","UNIPROT","O15315","undirected","Binding"
"UNIPROT","Q9H9A7","UNIPROT","O43502","directed","Control(Out: ACTIVATION of BiochemicalReaction)"
"UNIPROT","Q9H9A7","UNIPROT","O43502","undirected","Binding"
"UNIPROT","Q9H9A7","UNIPROT","O43542","directed","Control(Out: ACTIVATION of BiochemicalReaction)"
"UNIPROT","Q9H9A7","UNIPROT","O43543","directed","Control(Out: ACTIVATION of BiochemicalReaction)"
"UNIPROT","Q9H9A7","UNIPROT","O43543","undirected","Binding"
"UNIPROT","Q9H9A7","UNIPROT","O60934","directed","Control(Out: ACTIVATION of BiochemicalReaction)"
"UNIPROT","Q9H9A7","UNIPROT","O60934","undirected","Binding"
"UNIPROT","Q9H9A7","UNIPROT","O75771","directed","Control(Out: ACTIVATION of BiochemicalReaction)"
"UNIPROT","Q9H9A7","UNIPROT","O75771","undirected","Binding"
"UNIPROT","Q9H9A7","UNIPROT","P38398","directed","Control(Out: ACTIVATION of BiochemicalReaction)"
"UNIPROT","Q9H9A7","UNIPROT","P38398","undirected","Binding"
"UNIPROT","Q9H9A7","UNIPROT","P49959","directed","Control(Out: ACTIVATION of BiochemicalReaction)"
"UNIPROT","Q9H9A7","UNIPROT","P49959","undirected","Binding"
"UNIPROT","Q9H9A7","UNIPROT","P51530","directed","Control(Out: ACTIVATION of BiochemicalReaction)"
"UNIPROT","Q9H9A7","UNIPROT","P51530","undirected","Binding"
"UNIPROT","Q9H9A7","UNIPROT","P51587","directed","Control(Out: ACTIVATION of BiochemicalReaction)"
"UNIPROT","Q9H9A7","UNIPROT","P51587","undirected","Binding"
"UNIPROT","Q9H9A7","UNIPROT","P54132","undirected","Binding"
"UNIPROT","Q9H9A7","UNIPROT","P60896","directed","Control(Out: ACTIVATION of BiochemicalReaction)"
"UNIPROT","Q9H9A7","UNIPROT","Q06609","directed","Control(Out: ACTIVATION of BiochemicalReaction)"
"UNIPROT","Q9H9A7","UNIPROT","Q06609","undirected","Binding"
"UNIPROT","Q9H9A7","UNIPROT","Q13315","directed","Control(Out: ACTIVATION of BiochemicalReaction)"
"UNIPROT","Q9H9A7","UNIPROT","Q13315","undirected","Binding"
"UNIPROT","Q9H9A7","UNIPROT","Q13472","undirected","Binding"
"UNIPROT","Q9H9A7","UNIPROT","Q14191","directed","Control(Out: ACTIVATION of BiochemicalReaction)"
"UNIPROT","Q9H9A7","UNIPROT","Q86YC2","directed","Control(Out: ACTIVATION of BiochemicalReaction)"
"UNIPROT","Q9H9A7","UNIPROT","Q92878","directed","Control(Out: ACTIVATION of BiochemicalReaction)"
"UNIPROT","Q9H9A7","UNIPROT","Q92878","undirected","Binding"
"UNIPROT","Q9H9A7","UNIPROT","Q92993","directed","Control(Out: ACTIVATION of BiochemicalReaction)"
"UNIPROT","Q9H9A7","UNIPROT","Q96B01","directed","Control(Out: ACTIVATION of BiochemicalReaction)"
"UNIPROT","Q9H9A7","UNIPROT","Q99708","directed","Control(Out: ACTIVATION of BiochemicalReaction)"
"UNIPROT","Q9H9A7","UNIPROT","Q99708","undirected","Binding"
"UNIPROT","Q9H9A7","UNIPROT","Q99728","directed","Control(Out: ACTIVATION of BiochemicalReaction)"
"UNIPROT","Q9H9A7","UNIPROT","Q9BX63","directed","Control(Out: ACTIVATION of BiochemicalReaction)"
"UNIPROT","Q9H9A7","UNIPROT","Q9BX63","undirected","Binding"
"UNIPROT","Q9H9A7","UNIPROT","Q9UQ84","directed","Control(Out: ACTIVATION of BiochemicalReaction)"
"UNIPROT","Q9UQ84","UNIPROT","O15315","undirected","Binding"
"UNIPROT","Q9UQ84","UNIPROT","O43502","undirected","Binding"
"UNIPROT","Q9UQ84","UNIPROT","O43543","undirected","Binding"
"UNIPROT","Q9UQ84","UNIPROT","O60934","undirected","Binding"
"UNIPROT","Q9UQ84","UNIPROT","O75771","undirected","Binding"
"UNIPROT","Q9UQ84","UNIPROT","P38398","undirected","Binding"
"UNIPROT","Q9UQ84","UNIPROT","P49959","undirected","Binding"
"UNIPROT","Q9UQ84","UNIPROT","P51587","undirected","Binding"
"UNIPROT","Q9UQ84","UNIPROT","P54132","undirected","Binding"
"UNIPROT","Q9UQ84","UNIPROT","Q06609","undirected","Binding"
"UNIPROT","Q9UQ84","UNIPROT","Q13315","undirected","Binding"
"UNIPROT","Q9UQ84","UNIPROT","Q14191","undirected","Binding"
"UNIPROT","Q9UQ84","UNIPROT","Q92878","undirected","Binding"
"UNIPROT","Q9UQ84","UNIPROT","Q99708","undirected","Binding"
"UNIPROT","Q9UQ84","UNIPROT","Q9BX63","undirected","Binding"
