"src_type","src","dest_type","dest","direction","type"
"UNIPROT","O00327","UNIPROT","O14503","directed","Control(Out: ACTIVATION of BiochemicalReaction)"
"UNIPROT","O00327","UNIPROT","P01185","directed","Control(Out: ACTIVATION of BiochemicalReaction)"
"UNIPROT","O00327","UNIPROT","P05121","directed","Control(Out: ACTIVATION of BiochemicalReaction)"
"UNIPROT","O00327","UNIPROT","P08709","directed","Control(Out: ACTIVATION of BiochemicalReaction)"
"UNIPROT","O00327","UNIPROT","P43490","directed","Control(Out: ACTIVATION of BiochemicalReaction)"
"UNIPROT","O00327","UNIPROT","Q07869","directed","Control(Out: ACTIVATION of BiochemicalReaction)"
"UNIPROT","O00327","UNIPROT","Q10586","directed","Control(Out: ACTIVATION of BiochemicalReaction)"
"UNIPROT","O00327","UNIPROT","Q99743","undirected","Binding"
"UNIPROT","O00327","UNIPROT","Q9C0J9","directed","Control(Out: ACTIVATION of BiochemicalReaction)"
"UNIPROT","O00327","UNIPROT","Q9UIH9","directed","Control(Out: ACTIVATION of BiochemicalReaction)"
"UNIPROT","O00327","UNIPROT","Q9UK39","directed","Control(Out: ACTIVATION of BiochemicalReaction)"
"UNIPROT","O15516","UNIPROT","O00327","undirected","Binding"
"UNIPROT","O15516","UNIPROT","O14503","directed","Control(Out: ACTIVATION of BiochemicalReaction)"
"UNIPROT","O15516","UNIPROT","P01185","directed","Control(Out: ACTIVATION of BiochemicalReaction)"
"UNIPROT","O15516","UNIPROT","P05121","directed","Control(Out: ACTIVATION of BiochemicalReaction)"
"UNIPROT","O15516","UNIPROT","P08709","directed","Control(Out: ACTIVATION of BiochemicalReaction)"
"UNIPROT","O15516","UNIPROT","P43490","directed","Control(Out: ACTIVATION of BiochemicalReaction)"
"UNIPROT","O15516","UNIPROT","Q07869","directed","Control(Out: ACTIVATION of BiochemicalReaction)"
"UNIPROT","O15516","UNIPROT","Q10586","directed","Control(Out: ACTIVATION of BiochemicalReaction)"
"UNIPROT","O15516","UNIPROT","Q8WYA1","undirected","Binding"
"UNIPROT","O15516","UNIPROT","Q9C0J9","directed","Control(Out: ACTIVATION of BiochemicalReaction)"
"UNIPROT","O15516","UNIPROT","Q9UIH9","directed","Control(Out: ACTIVATION of BiochemicalReaction)"
"UNIPROT","O15516","UNIPROT","Q9UK39","directed","Control(Out: ACTIVATION of BiochemicalReaction)"
"UNIPROT","O60907","UNIPROT","P19793","undirected","Binding"
"UNIPROT","O60907","UNIPROT","Q07869","directed","Control(Out: ACTIVATION of BiochemicalReaction)"
"UNIPROT","O60907","UNIPROT","Q07869","undirected","Binding"
"UNIPROT","O60907","UNIPROT","Q14686","undirected","Binding"
"UNIPROT","O60907","UNIPROT","Q15648","undirected","Binding"
"UNIPROT","O60907","UNIPROT","Q3L8U1","undirected","Binding"
"UNIPROT","O60907","UNIPROT","Q6STE5","undirected","Binding"
"UNIPROT","O60907","UNIPROT","Q86X55","undirected","Binding"
"UNIPROT","O60907","UNIPROT","Q92793","undirected","Binding"
"UNIPROT","O60907","UNIPROT","Q96RS0","undirected","Binding"
"UNIPROT","O60907","UNIPROT","Q9BYK8","undirected","Binding"
"UNIPROT","O60907","UNIPROT","Q9BZK7","undirected","Binding"
"UNIPROT","P19793","UNIPROT","Q07869","directed","Control(Out: ACTIVATION of BiochemicalReaction)"
"UNIPROT","P19793","UNIPROT","Q07869","undirected","Binding"
"UNIPROT","P19793","UNIPROT","Q92793","undirected","Binding"
"UNIPROT","Q07869","UNIPROT","Q92793","undirected","Binding"
"UNIPROT","Q14686","UNIPROT","P19793","undirected","Binding"
"UNIPROT","Q14686","UNIPROT","Q07869","directed","Control(Out: ACTIVATION of BiochemicalReaction)"
"UNIPROT","Q14686","UNIPROT","Q07869","undirected","Binding"
"UNIPROT","Q15596","UNIPROT","O60907","undirected","Binding"
"UNIPROT","Q15596","UNIPROT","P19793","undirected","Binding"
"UNIPROT","Q15596","UNIPROT","Q07869","directed","Control(Out: ACTIVATION of BiochemicalReaction)"
"UNIPROT","Q15596","UNIPROT","Q07869","undirected","Binding"
"UNIPROT","Q15596","UNIPROT","Q9BZK7","undirected","Binding"
"UNIPROT","Q15648","UNIPROT","P19793","undirected","Binding"
"UNIPROT","Q15648","UNIPROT","Q07869","directed","Control(Out: ACTIVATION of BiochemicalReaction)"
"UNIPROT","Q15648","UNIPROT","Q07869","undirected","Binding"
"UNIPROT","Q15788","UNIPROT","O60907","undirected","Binding"
"UNIPROT","Q15788","UNIPROT","P19793","undirected","Binding"
"UNIPROT","Q15788","UNIPROT","Q07869","directed","Control(Out: ACTIVATION of BiochemicalReaction)"
"UNIPROT","Q15788","UNIPROT","Q07869","undirected","Binding"
"UNIPROT","Q15788","UNIPROT","Q9BZK7","undirected","Binding"
"UNIPROT","Q3L8U1","UNIPROT","P19793","undirected","Binding"
"UNIPROT","Q3L8U1","UNIPROT","Q07869","directed","Control(Out: ACTIVATION of BiochemicalReaction)"
"UNIPROT","Q3L8U1","UNIPROT","Q07869","undirected","Binding"
"UNIPROT","Q6STE5","UNIPROT","P19793","undirected","Binding"
"UNIPROT","Q6STE5","UNIPROT","Q07869","directed","Control(Out: ACTIVATION of BiochemicalReaction)"
"UNIPROT","Q6STE5","UNIPROT","Q07869","undirected","Binding"
"UNIPROT","Q86X55","UNIPROT","P19793","undirected","Binding"
"UNIPROT","Q86X55","UNIPROT","Q07869","directed","Control(Out: ACTIVATION of BiochemicalReaction)"
"UNIPROT","Q86X55","UNIPROT","Q07869","undirected","Binding"
"UNIPROT","Q8WYA1","UNIPROT","P05121","directed","Control(Out: ACTIVATION of BiochemicalReaction)"
"UNIPROT","Q92793","UNIPROT","Q07869","directed","Control(Out: ACTIVATION of BiochemicalReaction)"
"UNIPROT","Q96RS0","UNIPROT","P19793","undirected","Binding"
"UNIPROT","Q96RS0","UNIPROT","Q07869","directed","Control(Out: ACTIVATION of BiochemicalReaction)"
"UNIPROT","Q96RS0","UNIPROT","Q07869","undirected","Binding"
"UNIPROT","Q99743","UNIPROT","O14503","directed","Control(Out: ACTIVATION of BiochemicalReaction)"
"UNIPROT","Q99743","UNIPROT","P01185","directed","Control(Out: ACTIVATION of BiochemicalReaction)"
"UNIPROT","Q99743","UNIPROT","P05121","directed","Control(Out: ACTIVATION of BiochemicalReaction)"
"UNIPROT","Q99743","UNIPROT","P08709","directed","Control(Out: ACTIVATION of BiochemicalReaction)"
"UNIPROT","Q99743","UNIPROT","P43490","directed","Control(Out: ACTIVATION of BiochemicalReaction)"
"UNIPROT","Q99743","UNIPROT","Q07869","directed","Control(Out: ACTIVATION of BiochemicalReaction)"
"UNIPROT","Q99743","UNIPROT","Q10586","directed","Control(Out: ACTIVATION of BiochemicalReaction)"
"UNIPROT","Q99743","UNIPROT","Q9C0J9","directed","Control(Out: ACTIVATION of BiochemicalReaction)"
"UNIPROT","Q99743","UNIPROT","Q9UIH9","directed","Control(Out: ACTIVATION of BiochemicalReaction)"
"UNIPROT","Q99743","UNIPROT","Q9UK39","directed","Control(Out: ACTIVATION of BiochemicalReaction)"
"UNIPROT","Q9BYK8","UNIPROT","P19793","undirected","Binding"
"UNIPROT","Q9BYK8","UNIPROT","Q07869","directed","Control(Out: ACTIVATION of BiochemicalReaction)"
"UNIPROT","Q9BYK8","UNIPROT","Q07869","undirected","Binding"
"UNIPROT","Q9BZK7","UNIPROT","P19793","undirected","Binding"
"UNIPROT","Q9BZK7","UNIPROT","Q07869","directed","Control(Out: ACTIVATION of BiochemicalReaction)"
"UNIPROT","Q9BZK7","UNIPROT","Q07869","undirected","Binding"
"UNIPROT","Q9BZK7","UNIPROT","Q14686","undirected","Binding"
"UNIPROT","Q9BZK7","UNIPROT","Q15648","undirected","Binding"
"UNIPROT","Q9BZK7","UNIPROT","Q3L8U1","undirected","Binding"
"UNIPROT","Q9BZK7","UNIPROT","Q6STE5","undirected","Binding"
"UNIPROT","Q9BZK7","UNIPROT","Q86X55","undirected","Binding"
"UNIPROT","Q9BZK7","UNIPROT","Q92793","undirected","Binding"
"UNIPROT","Q9BZK7","UNIPROT","Q96RS0","undirected","Binding"
"UNIPROT","Q9BZK7","UNIPROT","Q9BYK8","undirected","Binding"
