"src_type","src","dest_type","dest","direction","type"
"UNIPROT","O96019","UNIPROT","P0C1Z6","undirected","Binding"
"UNIPROT","O96019","UNIPROT","P25490","undirected","Binding"
"UNIPROT","O96019","UNIPROT","P41208","directed","Control(Out: ACTIVATION of BiochemicalReaction)"
"UNIPROT","O96019","UNIPROT","P54725","directed","Control(Out: ACTIVATION of BiochemicalReaction)"
"UNIPROT","O96019","UNIPROT","P54727","directed","Control(Out: ACTIVATION of BiochemicalReaction)"
"UNIPROT","O96019","UNIPROT","P60709","undirected","Binding"
"UNIPROT","O96019","UNIPROT","P61201","directed","Control(Out: ACTIVATION of BiochemicalReaction)"
"UNIPROT","O96019","UNIPROT","P62877","directed","Control(Out: ACTIVATION of BiochemicalReaction)"
"UNIPROT","O96019","UNIPROT","Q01831","directed","Control(Out: ACTIVATION of BiochemicalReaction)"
"UNIPROT","O96019","UNIPROT","Q13098","directed","Control(Out: ACTIVATION of BiochemicalReaction)"
"UNIPROT","O96019","UNIPROT","Q13619","directed","Control(Out: ACTIVATION of BiochemicalReaction)"
"UNIPROT","O96019","UNIPROT","Q13620","directed","Control(Out: ACTIVATION of BiochemicalReaction)"
"UNIPROT","O96019","UNIPROT","Q16531","directed","Control(Out: ACTIVATION of BiochemicalReaction)"
"UNIPROT","O96019","UNIPROT","Q53TQ3","undirected","Binding"
"UNIPROT","O96019","UNIPROT","Q6P4R8","undirected","Binding"
"UNIPROT","O96019","UNIPROT","Q6PI98","undirected","Binding"
"UNIPROT","O96019","UNIPROT","Q7L5N1","directed","Control(Out: ACTIVATION of BiochemicalReaction)"
"UNIPROT","O96019","UNIPROT","Q8NBZ0","undirected","Binding"
"UNIPROT","O96019","UNIPROT","Q92466","directed","Control(Out: ACTIVATION of BiochemicalReaction)"
"UNIPROT","O96019","UNIPROT","Q92905","directed","Control(Out: ACTIVATION of BiochemicalReaction)"
"UNIPROT","O96019","UNIPROT","Q96EZ8","undirected","Binding"
"UNIPROT","O96019","UNIPROT","Q99627","directed","Control(Out: ACTIVATION of BiochemicalReaction)"
"UNIPROT","O96019","UNIPROT","Q9BT78","directed","Control(Out: ACTIVATION of BiochemicalReaction)"
"UNIPROT","O96019","UNIPROT","Q9C086","undirected","Binding"
"UNIPROT","O96019","UNIPROT","Q9H981","undirected","Binding"
"UNIPROT","O96019","UNIPROT","Q9H9F9","undirected","Binding"
"UNIPROT","O96019","UNIPROT","Q9H9Q2","directed","Control(Out: ACTIVATION of BiochemicalReaction)"
"UNIPROT","O96019","UNIPROT","Q9UBW8","directed","Control(Out: ACTIVATION of BiochemicalReaction)"
"UNIPROT","O96019","UNIPROT","Q9ULG1","undirected","Binding"
"UNIPROT","O96019","UNIPROT","Q9UNS2","directed","Control(Out: ACTIVATION of BiochemicalReaction)"
"UNIPROT","O96019","UNIPROT","Q9Y265","undirected","Binding"
"UNIPROT","P09874","UNIPROT","P0CG47","undirected","Binding"
"UNIPROT","P09874","UNIPROT","P0CG48","undirected","Binding"
"UNIPROT","P09874","UNIPROT","P41208","undirected","Binding"
"UNIPROT","P09874","UNIPROT","P54725","undirected","Binding"
"UNIPROT","P09874","UNIPROT","P54727","undirected","Binding"
"UNIPROT","P09874","UNIPROT","P62877","undirected","Binding"
"UNIPROT","P09874","UNIPROT","P62979","undirected","Binding"
"UNIPROT","P09874","UNIPROT","P62987","undirected","Binding"
"UNIPROT","P09874","UNIPROT","Q01831","undirected","Binding"
"UNIPROT","P09874","UNIPROT","Q13619","undirected","Binding"
"UNIPROT","P09874","UNIPROT","Q13620","undirected","Binding"
"UNIPROT","P09874","UNIPROT","Q16531","undirected","Binding"
"UNIPROT","P09874","UNIPROT","Q92466","undirected","Binding"
"UNIPROT","P0C1Z6","UNIPROT","P41208","directed","Control(Out: ACTIVATION of BiochemicalReaction)"
"UNIPROT","P0C1Z6","UNIPROT","P54725","directed","Control(Out: ACTIVATION of BiochemicalReaction)"
"UNIPROT","P0C1Z6","UNIPROT","P54727","directed","Control(Out: ACTIVATION of BiochemicalReaction)"
"UNIPROT","P0C1Z6","UNIPROT","P60709","undirected","Binding"
"UNIPROT","P0C1Z6","UNIPROT","P61201","directed","Control(Out: ACTIVATION of BiochemicalReaction)"
"UNIPROT","P0C1Z6","UNIPROT","P62877","directed","Control(Out: ACTIVATION of BiochemicalReaction)"
"UNIPROT","P0C1Z6","UNIPROT","Q01831","directed","Control(Out: ACTIVATION of BiochemicalReaction)"
"UNIPROT","P0C1Z6","UNIPROT","Q13098","directed","Control(Out: ACTIVATION of BiochemicalReaction)"
"UNIPROT","P0C1Z6","UNIPROT","Q13619","directed","Control(Out: ACTIVATION of BiochemicalReaction)"
"UNIPROT","P0C1Z6","UNIPROT","Q13620","directed","Control(Out: ACTIVATION of BiochemicalReaction)"
"UNIPROT","P0C1Z6","UNIPROT","Q16531","directed","Control(Out: ACTIVATION of BiochemicalReaction)"
"UNIPROT","P0C1Z6","UNIPROT","Q53TQ3","undirected","Binding"
"UNIPROT","P0C1Z6","UNIPROT","Q6P4R8","undirected","Binding"
"UNIPROT","P0C1Z6","UNIPROT","Q6PI98","undirected","Binding"
"UNIPROT","P0C1Z6","UNIPROT","Q7L5N1","directed","Control(Out: ACTIVATION of BiochemicalReaction)"
"UNIPROT","P0C1Z6","UNIPROT","Q8NBZ0","undirected","Binding"
"UNIPROT","P0C1Z6","UNIPROT","Q92466","directed","Control(Out: ACTIVATION of BiochemicalReaction)"
"UNIPROT","P0C1Z6","UNIPROT","Q92905","directed","Control(Out: ACTIVATION of BiochemicalReaction)"
"UNIPROT","P0C1Z6","UNIPROT","Q96EZ8","undirected","Binding"
"UNIPROT","P0C1Z6","UNIPROT","Q99627","directed","Control(Out: ACTIVATION of BiochemicalReaction)"
"UNIPROT","P0C1Z6","UNIPROT","Q9BT78","directed","Control(Out: ACTIVATION of BiochemicalReaction)"
"UNIPROT","P0C1Z6","UNIPROT","Q9C086","undirected","Binding"
"UNIPROT","P0C1Z6","UNIPROT","Q9H981","undirected","Binding"
"UNIPROT","P0C1Z6","UNIPROT","Q9H9Q2","directed","Control(Out: ACTIVATION of BiochemicalReaction)"
"UNIPROT","P0C1Z6","UNIPROT","Q9UBW8","directed","Control(Out: ACTIVATION of BiochemicalReaction)"
"UNIPROT","P0C1Z6","UNIPROT","Q9ULG1","undirected","Binding"
"UNIPROT","P0C1Z6","UNIPROT","Q9UNS2","directed","Control(Out: ACTIVATION of BiochemicalReaction)"
"UNIPROT","P0C1Z6","UNIPROT","Q9Y265","undirected","Binding"
"UNIPROT","P0CG47","UNIPROT","P41208","undirected","Binding"
"UNIPROT","P0CG47","UNIPROT","P54725","undirected","Binding"
"UNIPROT","P0CG47","UNIPROT","P54727","undirected","Binding"
"UNIPROT","P0CG47","UNIPROT","P62877","undirected","Binding"
"UNIPROT","P0CG47","UNIPROT","Q01831","undirected","Binding"
"UNIPROT","P0CG47","UNIPROT","Q13619","undirected","Binding"
"UNIPROT","P0CG47","UNIPROT","Q13620","undirected","Binding"
"UNIPROT","P0CG47","UNIPROT","Q16531","undirected","Binding"
"UNIPROT","P0CG47","UNIPROT","Q92466","undirected","Binding"
"UNIPROT","P0CG48","UNIPROT","P41208","undirected","Binding"
"UNIPROT","P0CG48","UNIPROT","P54725","undirected","Binding"
"UNIPROT","P0CG48","UNIPROT","P54727","undirected","Binding"
"UNIPROT","P0CG48","UNIPROT","P62877","undirected","Binding"
"UNIPROT","P0CG48","UNIPROT","Q01831","undirected","Binding"
"UNIPROT","P0CG48","UNIPROT","Q13619","undirected","Binding"
"UNIPROT","P0CG48","UNIPROT","Q13620","undirected","Binding"
"UNIPROT","P0CG48","UNIPROT","Q16531","undirected","Binding"
"UNIPROT","P0CG48","UNIPROT","Q92466","undirected","Binding"
"UNIPROT","P25490","UNIPROT","P0C1Z6","undirected","Binding"
"UNIPROT","P25490","UNIPROT","P41208","directed","Control(Out: ACTIVATION of BiochemicalReaction)"
"UNIPROT","P25490","UNIPROT","P54725","directed","Control(Out: ACTIVATION of BiochemicalReaction)"
"UNIPROT","P25490","UNIPROT","P54727","directed","Control(Out: ACTIVATION of BiochemicalReaction)"
"UNIPROT","P25490","UNIPROT","P60709","undirected","Binding"
"UNIPROT","P25490","UNIPROT","P61201","directed","Control(Out: ACTIVATION of BiochemicalReaction)"
"UNIPROT","P25490","UNIPROT","P62877","directed","Control(Out: ACTIVATION of BiochemicalReaction)"
"UNIPROT","P25490","UNIPROT","Q01831","directed","Control(Out: ACTIVATION of BiochemicalReaction)"
"UNIPROT","P25490","UNIPROT","Q13098","directed","Control(Out: ACTIVATION of BiochemicalReaction)"
"UNIPROT","P25490","UNIPROT","Q13619","directed","Control(Out: ACTIVATION of BiochemicalReaction)"
"UNIPROT","P25490","UNIPROT","Q13620","directed","Control(Out: ACTIVATION of BiochemicalReaction)"
"UNIPROT","P25490","UNIPROT","Q16531","directed","Control(Out: ACTIVATION of BiochemicalReaction)"
"UNIPROT","P25490","UNIPROT","Q53TQ3","undirected","Binding"
"UNIPROT","P25490","UNIPROT","Q6P4R8","undirected","Binding"
"UNIPROT","P25490","UNIPROT","Q6PI98","undirected","Binding"
"UNIPROT","P25490","UNIPROT","Q7L5N1","directed","Control(Out: ACTIVATION of BiochemicalReaction)"
"UNIPROT","P25490","UNIPROT","Q8NBZ0","undirected","Binding"
"UNIPROT","P25490","UNIPROT","Q92466","directed","Control(Out: ACTIVATION of BiochemicalReaction)"
"UNIPROT","P25490","UNIPROT","Q92905","directed","Control(Out: ACTIVATION of BiochemicalReaction)"
"UNIPROT","P25490","UNIPROT","Q96EZ8","undirected","Binding"
"UNIPROT","P25490","UNIPROT","Q99627","directed","Control(Out: ACTIVATION of BiochemicalReaction)"
"UNIPROT","P25490","UNIPROT","Q9BT78","directed","Control(Out: ACTIVATION of BiochemicalReaction)"
"UNIPROT","P25490","UNIPROT","Q9C086","undirected","Binding"
"UNIPROT","P25490","UNIPROT","Q9H981","undirected","Binding"
"UNIPROT","P25490","UNIPROT","Q9H9F9","undirected","Binding"
"UNIPROT","P25490","UNIPROT","Q9H9Q2","directed","Control(Out: ACTIVATION of BiochemicalReaction)"
"UNIPROT","P25490","UNIPROT","Q9UBW8","directed","Control(Out: ACTIVATION of BiochemicalReaction)"
"UNIPROT","P25490","UNIPROT","Q9ULG1","undirected","Binding"
"UNIPROT","P25490","UNIPROT","Q9UNS2","directed","Control(Out: ACTIVATION of BiochemicalReaction)"
"UNIPROT","P25490","UNIPROT","Q9Y265","undirected","Binding"
"UNIPROT","P41208","UNIPROT","P0CG47","directed","Control(Out: ACTIVATION of BiochemicalReaction)"
"UNIPROT","P41208","UNIPROT","P0CG48","directed","Control(Out: ACTIVATION of BiochemicalReaction)"
"UNIPROT","P41208","UNIPROT","P54725","undirected","Binding"
"UNIPROT","P41208","UNIPROT","P54727","undirected","Binding"
"UNIPROT","P41208","UNIPROT","P62979","directed","Control(Out: ACTIVATION of BiochemicalReaction)"
"UNIPROT","P41208","UNIPROT","P62987","directed","Control(Out: ACTIVATION of BiochemicalReaction)"
"UNIPROT","P41208","UNIPROT","Q01831","undirected","Binding"
"UNIPROT","P41208","UNIPROT","Q13619","undirected","Binding"
"UNIPROT","P41208","UNIPROT","Q13620","undirected","Binding"
"UNIPROT","P41208","UNIPROT","Q16531","undirected","Binding"
"UNIPROT","P41208","UNIPROT","Q92466","undirected","Binding"
"UNIPROT","P54725","UNIPROT","P0CG47","directed","Control(Out: ACTIVATION of BiochemicalReaction)"
"UNIPROT","P54725","UNIPROT","P0CG48","directed","Control(Out: ACTIVATION of BiochemicalReaction)"
"UNIPROT","P54725","UNIPROT","P62979","directed","Control(Out: ACTIVATION of BiochemicalReaction)"
"UNIPROT","P54725","UNIPROT","P62987","directed","Control(Out: ACTIVATION of BiochemicalReaction)"
"UNIPROT","P54725","UNIPROT","Q13619","undirected","Binding"
"UNIPROT","P54725","UNIPROT","Q13620","undirected","Binding"
"UNIPROT","P54725","UNIPROT","Q16531","undirected","Binding"
"UNIPROT","P54727","UNIPROT","P0CG47","directed","Control(Out: ACTIVATION of BiochemicalReaction)"
"UNIPROT","P54727","UNIPROT","P0CG48","directed","Control(Out: ACTIVATION of BiochemicalReaction)"
"UNIPROT","P54727","UNIPROT","P62979","directed","Control(Out: ACTIVATION of BiochemicalReaction)"
"UNIPROT","P54727","UNIPROT","P62987","directed","Control(Out: ACTIVATION of BiochemicalReaction)"
"UNIPROT","P54727","UNIPROT","Q01831","undirected","Binding"
"UNIPROT","P54727","UNIPROT","Q13619","undirected","Binding"
"UNIPROT","P54727","UNIPROT","Q13620","undirected","Binding"
"UNIPROT","P54727","UNIPROT","Q16531","undirected","Binding"
"UNIPROT","P54727","UNIPROT","Q92466","undirected","Binding"
"UNIPROT","P60709","UNIPROT","P41208","directed","Control(Out: ACTIVATION of BiochemicalReaction)"
"UNIPROT","P60709","UNIPROT","P54725","directed","Control(Out: ACTIVATION of BiochemicalReaction)"
"UNIPROT","P60709","UNIPROT","P54727","directed","Control(Out: ACTIVATION of BiochemicalReaction)"
"UNIPROT","P60709","UNIPROT","P61201","directed","Control(Out: ACTIVATION of BiochemicalReaction)"
"UNIPROT","P60709","UNIPROT","P62877","directed","Control(Out: ACTIVATION of BiochemicalReaction)"
"UNIPROT","P60709","UNIPROT","Q01831","directed","Control(Out: ACTIVATION of BiochemicalReaction)"
"UNIPROT","P60709","UNIPROT","Q13098","directed","Control(Out: ACTIVATION of BiochemicalReaction)"
"UNIPROT","P60709","UNIPROT","Q13619","directed","Control(Out: ACTIVATION of BiochemicalReaction)"
"UNIPROT","P60709","UNIPROT","Q13620","directed","Control(Out: ACTIVATION of BiochemicalReaction)"
"UNIPROT","P60709","UNIPROT","Q16531","directed","Control(Out: ACTIVATION of BiochemicalReaction)"
"UNIPROT","P60709","UNIPROT","Q7L5N1","directed","Control(Out: ACTIVATION of BiochemicalReaction)"
"UNIPROT","P60709","UNIPROT","Q92466","directed","Control(Out: ACTIVATION of BiochemicalReaction)"
"UNIPROT","P60709","UNIPROT","Q92905","directed","Control(Out: ACTIVATION of BiochemicalReaction)"
"UNIPROT","P60709","UNIPROT","Q99627","directed","Control(Out: ACTIVATION of BiochemicalReaction)"
"UNIPROT","P60709","UNIPROT","Q9BT78","directed","Control(Out: ACTIVATION of BiochemicalReaction)"
"UNIPROT","P60709","UNIPROT","Q9H9Q2","directed","Control(Out: ACTIVATION of BiochemicalReaction)"
"UNIPROT","P60709","UNIPROT","Q9UBW8","directed","Control(Out: ACTIVATION of BiochemicalReaction)"
"UNIPROT","P60709","UNIPROT","Q9UNS2","directed","Control(Out: ACTIVATION of BiochemicalReaction)"
"UNIPROT","P61201","UNIPROT","P62877","undirected","Binding"
"UNIPROT","P61201","UNIPROT","Q13098","undirected","Binding"
"UNIPROT","P61201","UNIPROT","Q13619","undirected","Binding"
"UNIPROT","P61201","UNIPROT","Q13620","undirected","Binding"
"UNIPROT","P61201","UNIPROT","Q16531","undirected","Binding"
"UNIPROT","P61201","UNIPROT","Q7L5N1","undirected","Binding"
"UNIPROT","P61201","UNIPROT","Q92466","undirected","Binding"
"UNIPROT","P61201","UNIPROT","Q92905","undirected","Binding"
"UNIPROT","P61201","UNIPROT","Q99627","undirected","Binding"
"UNIPROT","P61201","UNIPROT","Q9BT78","undirected","Binding"
"UNIPROT","P61201","UNIPROT","Q9H9Q2","undirected","Binding"
"UNIPROT","P61201","UNIPROT","Q9UBW8","undirected","Binding"
"UNIPROT","P61201","UNIPROT","Q9UNS2","undirected","Binding"
"UNIPROT","P62877","UNIPROT","P0CG47","directed","Control(Out: ACTIVATION of BiochemicalReaction)"
"UNIPROT","P62877","UNIPROT","P0CG48","directed","Control(Out: ACTIVATION of BiochemicalReaction)"
"UNIPROT","P62877","UNIPROT","P41208","undirected","Binding"
"UNIPROT","P62877","UNIPROT","P54725","undirected","Binding"
"UNIPROT","P62877","UNIPROT","P54727","undirected","Binding"
"UNIPROT","P62877","UNIPROT","P62979","directed","Control(Out: ACTIVATION of BiochemicalReaction)"
"UNIPROT","P62877","UNIPROT","P62987","directed","Control(Out: ACTIVATION of BiochemicalReaction)"
"UNIPROT","P62877","UNIPROT","Q01831","undirected","Binding"
"UNIPROT","P62877","UNIPROT","Q13619","undirected","Binding"
"UNIPROT","P62877","UNIPROT","Q13620","undirected","Binding"
"UNIPROT","P62877","UNIPROT","Q16531","undirected","Binding"
"UNIPROT","P62877","UNIPROT","Q7L5N1","undirected","Binding"
"UNIPROT","P62877","UNIPROT","Q92466","undirected","Binding"
"UNIPROT","P62877","UNIPROT","Q92905","undirected","Binding"
"UNIPROT","P62877","UNIPROT","Q99627","undirected","Binding"
"UNIPROT","P62877","UNIPROT","Q9H9Q2","undirected","Binding"
"UNIPROT","P62877","UNIPROT","Q9UBW8","undirected","Binding"
"UNIPROT","P62877","UNIPROT","Q9UNS2","undirected","Binding"
"UNIPROT","P62979","UNIPROT","P41208","undirected","Binding"
"UNIPROT","P62979","UNIPROT","P54725","undirected","Binding"
"UNIPROT","P62979","UNIPROT","P54727","undirected","Binding"
"UNIPROT","P62979","UNIPROT","P62877","undirected","Binding"
"UNIPROT","P62979","UNIPROT","Q01831","undirected","Binding"
"UNIPROT","P62979","UNIPROT","Q13619","undirected","Binding"
"UNIPROT","P62979","UNIPROT","Q13620","undirected","Binding"
"UNIPROT","P62979","UNIPROT","Q16531","undirected","Binding"
"UNIPROT","P62979","UNIPROT","Q92466","undirected","Binding"
"UNIPROT","P62987","UNIPROT","P41208","undirected","Binding"
"UNIPROT","P62987","UNIPROT","P54725","undirected","Binding"
"UNIPROT","P62987","UNIPROT","P54727","undirected","Binding"
"UNIPROT","P62987","UNIPROT","P62877","undirected","Binding"
"UNIPROT","P62987","UNIPROT","Q01831","undirected","Binding"
"UNIPROT","P62987","UNIPROT","Q13619","undirected","Binding"
"UNIPROT","P62987","UNIPROT","Q13620","undirected","Binding"
"UNIPROT","P62987","UNIPROT","Q16531","undirected","Binding"
"UNIPROT","P62987","UNIPROT","Q92466","undirected","Binding"
"UNIPROT","Q01831","UNIPROT","P0CG47","directed","Control(Out: ACTIVATION of BiochemicalReaction)"
"UNIPROT","Q01831","UNIPROT","P0CG48","directed","Control(Out: ACTIVATION of BiochemicalReaction)"
"UNIPROT","Q01831","UNIPROT","P54725","undirected","Binding"
"UNIPROT","Q01831","UNIPROT","P62979","directed","Control(Out: ACTIVATION of BiochemicalReaction)"
"UNIPROT","Q01831","UNIPROT","P62987","directed","Control(Out: ACTIVATION of BiochemicalReaction)"
"UNIPROT","Q01831","UNIPROT","Q13619","undirected","Binding"
"UNIPROT","Q01831","UNIPROT","Q13620","undirected","Binding"
"UNIPROT","Q01831","UNIPROT","Q16531","undirected","Binding"
"UNIPROT","Q01831","UNIPROT","Q92466","undirected","Binding"
"UNIPROT","Q13098","UNIPROT","P62877","undirected","Binding"
"UNIPROT","Q13098","UNIPROT","Q13619","undirected","Binding"
"UNIPROT","Q13098","UNIPROT","Q13620","undirected","Binding"
"UNIPROT","Q13098","UNIPROT","Q16531","undirected","Binding"
"UNIPROT","Q13098","UNIPROT","Q7L5N1","undirected","Binding"
"UNIPROT","Q13098","UNIPROT","Q92466","undirected","Binding"
"UNIPROT","Q13098","UNIPROT","Q92905","undirected","Binding"
"UNIPROT","Q13098","UNIPROT","Q99627","undirected","Binding"
"UNIPROT","Q13098","UNIPROT","Q9H9Q2","undirected","Binding"
"UNIPROT","Q13098","UNIPROT","Q9UBW8","undirected","Binding"
"UNIPROT","Q13098","UNIPROT","Q9UNS2","undirected","Binding"
"UNIPROT","Q13619","UNIPROT","P0CG47","directed","Control(Out: ACTIVATION of BiochemicalReaction)"
"UNIPROT","Q13619","UNIPROT","P0CG48","directed","Control(Out: ACTIVATION of BiochemicalReaction)"
"UNIPROT","Q13619","UNIPROT","P62979","directed","Control(Out: ACTIVATION of BiochemicalReaction)"
"UNIPROT","Q13619","UNIPROT","P62987","directed","Control(Out: ACTIVATION of BiochemicalReaction)"
"UNIPROT","Q13619","UNIPROT","Q16531","undirected","Binding"
"UNIPROT","Q13619","UNIPROT","Q7L5N1","undirected","Binding"
"UNIPROT","Q13619","UNIPROT","Q92905","undirected","Binding"
"UNIPROT","Q13619","UNIPROT","Q99627","undirected","Binding"
"UNIPROT","Q13619","UNIPROT","Q9H9Q2","undirected","Binding"
"UNIPROT","Q13619","UNIPROT","Q9UBW8","undirected","Binding"
"UNIPROT","Q13619","UNIPROT","Q9UNS2","undirected","Binding"
"UNIPROT","Q13620","UNIPROT","P0CG47","directed","Control(Out: ACTIVATION of BiochemicalReaction)"
"UNIPROT","Q13620","UNIPROT","P0CG48","directed","Control(Out: ACTIVATION of BiochemicalReaction)"
"UNIPROT","Q13620","UNIPROT","P62979","directed","Control(Out: ACTIVATION of BiochemicalReaction)"
"UNIPROT","Q13620","UNIPROT","P62987","directed","Control(Out: ACTIVATION of BiochemicalReaction)"
"UNIPROT","Q13620","UNIPROT","Q16531","undirected","Binding"
"UNIPROT","Q13620","UNIPROT","Q7L5N1","undirected","Binding"
"UNIPROT","Q13620","UNIPROT","Q92905","undirected","Binding"
"UNIPROT","Q13620","UNIPROT","Q99627","undirected","Binding"
"UNIPROT","Q13620","UNIPROT","Q9H9Q2","undirected","Binding"
"UNIPROT","Q13620","UNIPROT","Q9UBW8","undirected","Binding"
"UNIPROT","Q13620","UNIPROT","Q9UNS2","undirected","Binding"
"UNIPROT","Q16531","UNIPROT","P0CG47","directed","Control(Out: ACTIVATION of BiochemicalReaction)"
"UNIPROT","Q16531","UNIPROT","P0CG48","directed","Control(Out: ACTIVATION of BiochemicalReaction)"
"UNIPROT","Q16531","UNIPROT","P62979","directed","Control(Out: ACTIVATION of BiochemicalReaction)"
"UNIPROT","Q16531","UNIPROT","P62987","directed","Control(Out: ACTIVATION of BiochemicalReaction)"
"UNIPROT","Q16531","UNIPROT","Q7L5N1","undirected","Binding"
"UNIPROT","Q16531","UNIPROT","Q92905","undirected","Binding"
"UNIPROT","Q16531","UNIPROT","Q99627","undirected","Binding"
"UNIPROT","Q16531","UNIPROT","Q9H9Q2","undirected","Binding"
"UNIPROT","Q16531","UNIPROT","Q9UBW8","undirected","Binding"
"UNIPROT","Q16531","UNIPROT","Q9UNS2","undirected","Binding"
"UNIPROT","Q53TQ3","UNIPROT","P41208","directed","Control(Out: ACTIVATION of BiochemicalReaction)"
"UNIPROT","Q53TQ3","UNIPROT","P54725","directed","Control(Out: ACTIVATION of BiochemicalReaction)"
"UNIPROT","Q53TQ3","UNIPROT","P54727","directed","Control(Out: ACTIVATION of BiochemicalReaction)"
"UNIPROT","Q53TQ3","UNIPROT","P60709","undirected","Binding"
"UNIPROT","Q53TQ3","UNIPROT","P61201","directed","Control(Out: ACTIVATION of BiochemicalReaction)"
"UNIPROT","Q53TQ3","UNIPROT","P62877","directed","Control(Out: ACTIVATION of BiochemicalReaction)"
"UNIPROT","Q53TQ3","UNIPROT","Q01831","directed","Control(Out: ACTIVATION of BiochemicalReaction)"
"UNIPROT","Q53TQ3","UNIPROT","Q13098","directed","Control(Out: ACTIVATION of BiochemicalReaction)"
"UNIPROT","Q53TQ3","UNIPROT","Q13619","directed","Control(Out: ACTIVATION of BiochemicalReaction)"
"UNIPROT","Q53TQ3","UNIPROT","Q13620","directed","Control(Out: ACTIVATION of BiochemicalReaction)"
"UNIPROT","Q53TQ3","UNIPROT","Q16531","directed","Control(Out: ACTIVATION of BiochemicalReaction)"
"UNIPROT","Q53TQ3","UNIPROT","Q7L5N1","directed","Control(Out: ACTIVATION of BiochemicalReaction)"
"UNIPROT","Q53TQ3","UNIPROT","Q8NBZ0","undirected","Binding"
"UNIPROT","Q53TQ3","UNIPROT","Q92466","directed","Control(Out: ACTIVATION of BiochemicalReaction)"
"UNIPROT","Q53TQ3","UNIPROT","Q92905","directed","Control(Out: ACTIVATION of BiochemicalReaction)"
"UNIPROT","Q53TQ3","UNIPROT","Q96EZ8","undirected","Binding"
"UNIPROT","Q53TQ3","UNIPROT","Q99627","directed","Control(Out: ACTIVATION of BiochemicalReaction)"
"UNIPROT","Q53TQ3","UNIPROT","Q9BT78","directed","Control(Out: ACTIVATION of BiochemicalReaction)"
"UNIPROT","Q53TQ3","UNIPROT","Q9H9Q2","directed","Control(Out: ACTIVATION of BiochemicalReaction)"
"UNIPROT","Q53TQ3","UNIPROT","Q9UBW8","directed","Control(Out: ACTIVATION of BiochemicalReaction)"
"UNIPROT","Q53TQ3","UNIPROT","Q9UNS2","directed","Control(Out: ACTIVATION of BiochemicalReaction)"
"UNIPROT","Q53TQ3","UNIPROT","Q9Y265","undirected","Binding"
"UNIPROT","Q6P4R8","UNIPROT","P41208","directed","Control(Out: ACTIVATION of BiochemicalReaction)"
"UNIPROT","Q6P4R8","UNIPROT","P54725","directed","Control(Out: ACTIVATION of BiochemicalReaction)"
"UNIPROT","Q6P4R8","UNIPROT","P54727","directed","Control(Out: ACTIVATION of BiochemicalReaction)"
"UNIPROT","Q6P4R8","UNIPROT","P60709","undirected","Binding"
"UNIPROT","Q6P4R8","UNIPROT","P61201","directed","Control(Out: ACTIVATION of BiochemicalReaction)"
"UNIPROT","Q6P4R8","UNIPROT","P62877","directed","Control(Out: ACTIVATION of BiochemicalReaction)"
"UNIPROT","Q6P4R8","UNIPROT","Q01831","directed","Control(Out: ACTIVATION of BiochemicalReaction)"
"UNIPROT","Q6P4R8","UNIPROT","Q13098","directed","Control(Out: ACTIVATION of BiochemicalReaction)"
"UNIPROT","Q6P4R8","UNIPROT","Q13619","directed","Control(Out: ACTIVATION of BiochemicalReaction)"
"UNIPROT","Q6P4R8","UNIPROT","Q13620","directed","Control(Out: ACTIVATION of BiochemicalReaction)"
"UNIPROT","Q6P4R8","UNIPROT","Q16531","directed","Control(Out: ACTIVATION of BiochemicalReaction)"
"UNIPROT","Q6P4R8","UNIPROT","Q53TQ3","undirected","Binding"
"UNIPROT","Q6P4R8","UNIPROT","Q6PI98","undirected","Binding"
"UNIPROT","Q6P4R8","UNIPROT","Q7L5N1","directed","Control(Out: ACTIVATION of BiochemicalReaction)"
"UNIPROT","Q6P4R8","UNIPROT","Q8NBZ0","undirected","Binding"
"UNIPROT","Q6P4R8","UNIPROT","Q92466","directed","Control(Out: ACTIVATION of BiochemicalReaction)"
"UNIPROT","Q6P4R8","UNIPROT","Q92905","directed","Control(Out: ACTIVATION of BiochemicalReaction)"
"UNIPROT","Q6P4R8","UNIPROT","Q96EZ8","undirected","Binding"
"UNIPROT","Q6P4R8","UNIPROT","Q99627","directed","Control(Out: ACTIVATION of BiochemicalReaction)"
"UNIPROT","Q6P4R8","UNIPROT","Q9BT78","directed","Control(Out: ACTIVATION of BiochemicalReaction)"
"UNIPROT","Q6P4R8","UNIPROT","Q9C086","undirected","Binding"
"UNIPROT","Q6P4R8","UNIPROT","Q9H9Q2","directed","Control(Out: ACTIVATION of BiochemicalReaction)"
"UNIPROT","Q6P4R8","UNIPROT","Q9UBW8","directed","Control(Out: ACTIVATION of BiochemicalReaction)"
"UNIPROT","Q6P4R8","UNIPROT","Q9UNS2","directed","Control(Out: ACTIVATION of BiochemicalReaction)"
"UNIPROT","Q6P4R8","UNIPROT","Q9Y265","undirected","Binding"
"UNIPROT","Q6PI98","UNIPROT","P41208","directed","Control(Out: ACTIVATION of BiochemicalReaction)"
"UNIPROT","Q6PI98","UNIPROT","P54725","directed","Control(Out: ACTIVATION of BiochemicalReaction)"
"UNIPROT","Q6PI98","UNIPROT","P54727","directed","Control(Out: ACTIVATION of BiochemicalReaction)"
"UNIPROT","Q6PI98","UNIPROT","P60709","undirected","Binding"
"UNIPROT","Q6PI98","UNIPROT","P61201","directed","Control(Out: ACTIVATION of BiochemicalReaction)"
"UNIPROT","Q6PI98","UNIPROT","P62877","directed","Control(Out: ACTIVATION of BiochemicalReaction)"
"UNIPROT","Q6PI98","UNIPROT","Q01831","directed","Control(Out: ACTIVATION of BiochemicalReaction)"
"UNIPROT","Q6PI98","UNIPROT","Q13098","directed","Control(Out: ACTIVATION of BiochemicalReaction)"
"UNIPROT","Q6PI98","UNIPROT","Q13619","directed","Control(Out: ACTIVATION of BiochemicalReaction)"
"UNIPROT","Q6PI98","UNIPROT","Q13620","directed","Control(Out: ACTIVATION of BiochemicalReaction)"
"UNIPROT","Q6PI98","UNIPROT","Q16531","directed","Control(Out: ACTIVATION of BiochemicalReaction)"
"UNIPROT","Q6PI98","UNIPROT","Q53TQ3","undirected","Binding"
"UNIPROT","Q6PI98","UNIPROT","Q7L5N1","directed","Control(Out: ACTIVATION of BiochemicalReaction)"
"UNIPROT","Q6PI98","UNIPROT","Q8NBZ0","undirected","Binding"
"UNIPROT","Q6PI98","UNIPROT","Q92466","directed","Control(Out: ACTIVATION of BiochemicalReaction)"
"UNIPROT","Q6PI98","UNIPROT","Q92905","directed","Control(Out: ACTIVATION of BiochemicalReaction)"
"UNIPROT","Q6PI98","UNIPROT","Q96EZ8","undirected","Binding"
"UNIPROT","Q6PI98","UNIPROT","Q99627","directed","Control(Out: ACTIVATION of BiochemicalReaction)"
"UNIPROT","Q6PI98","UNIPROT","Q9BT78","directed","Control(Out: ACTIVATION of BiochemicalReaction)"
"UNIPROT","Q6PI98","UNIPROT","Q9H9Q2","directed","Control(Out: ACTIVATION of BiochemicalReaction)"
"UNIPROT","Q6PI98","UNIPROT","Q9UBW8","directed","Control(Out: ACTIVATION of BiochemicalReaction)"
"UNIPROT","Q6PI98","UNIPROT","Q9UNS2","directed","Control(Out: ACTIVATION of BiochemicalReaction)"
"UNIPROT","Q6PI98","UNIPROT","Q9Y265","undirected","Binding"
"UNIPROT","Q8NBZ0","UNIPROT","P41208","directed","Control(Out: ACTIVATION of BiochemicalReaction)"
"UNIPROT","Q8NBZ0","UNIPROT","P54725","directed","Control(Out: ACTIVATION of BiochemicalReaction)"
"UNIPROT","Q8NBZ0","UNIPROT","P54727","directed","Control(Out: ACTIVATION of BiochemicalReaction)"
"UNIPROT","Q8NBZ0","UNIPROT","P60709","undirected","Binding"
"UNIPROT","Q8NBZ0","UNIPROT","P61201","directed","Control(Out: ACTIVATION of BiochemicalReaction)"
"UNIPROT","Q8NBZ0","UNIPROT","P62877","directed","Control(Out: ACTIVATION of BiochemicalReaction)"
"UNIPROT","Q8NBZ0","UNIPROT","Q01831","directed","Control(Out: ACTIVATION of BiochemicalReaction)"
"UNIPROT","Q8NBZ0","UNIPROT","Q13098","directed","Control(Out: ACTIVATION of BiochemicalReaction)"
"UNIPROT","Q8NBZ0","UNIPROT","Q13619","directed","Control(Out: ACTIVATION of BiochemicalReaction)"
"UNIPROT","Q8NBZ0","UNIPROT","Q13620","directed","Control(Out: ACTIVATION of BiochemicalReaction)"
"UNIPROT","Q8NBZ0","UNIPROT","Q16531","directed","Control(Out: ACTIVATION of BiochemicalReaction)"
"UNIPROT","Q8NBZ0","UNIPROT","Q7L5N1","directed","Control(Out: ACTIVATION of BiochemicalReaction)"
"UNIPROT","Q8NBZ0","UNIPROT","Q92466","directed","Control(Out: ACTIVATION of BiochemicalReaction)"
"UNIPROT","Q8NBZ0","UNIPROT","Q92905","directed","Control(Out: ACTIVATION of BiochemicalReaction)"
"UNIPROT","Q8NBZ0","UNIPROT","Q96EZ8","undirected","Binding"
"UNIPROT","Q8NBZ0","UNIPROT","Q99627","directed","Control(Out: ACTIVATION of BiochemicalReaction)"
"UNIPROT","Q8NBZ0","UNIPROT","Q9BT78","directed","Control(Out: ACTIVATION of BiochemicalReaction)"
"UNIPROT","Q8NBZ0","UNIPROT","Q9H9Q2","directed","Control(Out: ACTIVATION of BiochemicalReaction)"
"UNIPROT","Q8NBZ0","UNIPROT","Q9UBW8","directed","Control(Out: ACTIVATION of BiochemicalReaction)"
"UNIPROT","Q8NBZ0","UNIPROT","Q9UNS2","directed","Control(Out: ACTIVATION of BiochemicalReaction)"
"UNIPROT","Q8NBZ0","UNIPROT","Q9Y265","undirected","Binding"
"UNIPROT","Q92466","UNIPROT","P0CG47","directed","Control(Out: ACTIVATION of BiochemicalReaction)"
"UNIPROT","Q92466","UNIPROT","P0CG48","directed","Control(Out: ACTIVATION of BiochemicalReaction)"
"UNIPROT","Q92466","UNIPROT","P54725","undirected","Binding"
"UNIPROT","Q92466","UNIPROT","P62979","directed","Control(Out: ACTIVATION of BiochemicalReaction)"
"UNIPROT","Q92466","UNIPROT","P62987","directed","Control(Out: ACTIVATION of BiochemicalReaction)"
"UNIPROT","Q92466","UNIPROT","Q13619","undirected","Binding"
"UNIPROT","Q92466","UNIPROT","Q13620","undirected","Binding"
"UNIPROT","Q92466","UNIPROT","Q16531","undirected","Binding"
"UNIPROT","Q92466","UNIPROT","Q7L5N1","undirected","Binding"
"UNIPROT","Q92466","UNIPROT","Q92905","undirected","Binding"
"UNIPROT","Q92466","UNIPROT","Q99627","undirected","Binding"
"UNIPROT","Q92466","UNIPROT","Q9H9Q2","undirected","Binding"
"UNIPROT","Q92466","UNIPROT","Q9UBW8","undirected","Binding"
"UNIPROT","Q92466","UNIPROT","Q9UNS2","undirected","Binding"
"UNIPROT","Q92905","UNIPROT","Q7L5N1","undirected","Binding"
"UNIPROT","Q92905","UNIPROT","Q99627","undirected","Binding"
"UNIPROT","Q92905","UNIPROT","Q9H9Q2","undirected","Binding"
"UNIPROT","Q92905","UNIPROT","Q9UBW8","undirected","Binding"
"UNIPROT","Q92905","UNIPROT","Q9UNS2","undirected","Binding"
"UNIPROT","Q96EZ8","UNIPROT","P41208","directed","Control(Out: ACTIVATION of BiochemicalReaction)"
"UNIPROT","Q96EZ8","UNIPROT","P54725","directed","Control(Out: ACTIVATION of BiochemicalReaction)"
"UNIPROT","Q96EZ8","UNIPROT","P54727","directed","Control(Out: ACTIVATION of BiochemicalReaction)"
"UNIPROT","Q96EZ8","UNIPROT","P60709","undirected","Binding"
"UNIPROT","Q96EZ8","UNIPROT","P61201","directed","Control(Out: ACTIVATION of BiochemicalReaction)"
"UNIPROT","Q96EZ8","UNIPROT","P62877","directed","Control(Out: ACTIVATION of BiochemicalReaction)"
"UNIPROT","Q96EZ8","UNIPROT","Q01831","directed","Control(Out: ACTIVATION of BiochemicalReaction)"
"UNIPROT","Q96EZ8","UNIPROT","Q13098","directed","Control(Out: ACTIVATION of BiochemicalReaction)"
"UNIPROT","Q96EZ8","UNIPROT","Q13619","directed","Control(Out: ACTIVATION of BiochemicalReaction)"
"UNIPROT","Q96EZ8","UNIPROT","Q13620","directed","Control(Out: ACTIVATION of BiochemicalReaction)"
"UNIPROT","Q96EZ8","UNIPROT","Q16531","directed","Control(Out: ACTIVATION of BiochemicalReaction)"
"UNIPROT","Q96EZ8","UNIPROT","Q7L5N1","directed","Control(Out: ACTIVATION of BiochemicalReaction)"
"UNIPROT","Q96EZ8","UNIPROT","Q92466","directed","Control(Out: ACTIVATION of BiochemicalReaction)"
"UNIPROT","Q96EZ8","UNIPROT","Q92905","directed","Control(Out: ACTIVATION of BiochemicalReaction)"
"UNIPROT","Q96EZ8","UNIPROT","Q99627","directed","Control(Out: ACTIVATION of BiochemicalReaction)"
"UNIPROT","Q96EZ8","UNIPROT","Q9BT78","directed","Control(Out: ACTIVATION of BiochemicalReaction)"
"UNIPROT","Q96EZ8","UNIPROT","Q9H9Q2","directed","Control(Out: ACTIVATION of BiochemicalReaction)"
"UNIPROT","Q96EZ8","UNIPROT","Q9UBW8","directed","Control(Out: ACTIVATION of BiochemicalReaction)"
"UNIPROT","Q96EZ8","UNIPROT","Q9UNS2","directed","Control(Out: ACTIVATION of BiochemicalReaction)"
"UNIPROT","Q96EZ8","UNIPROT","Q9Y265","undirected","Binding"
"UNIPROT","Q99627","UNIPROT","Q7L5N1","undirected","Binding"
"UNIPROT","Q99627","UNIPROT","Q9H9Q2","undirected","Binding"
"UNIPROT","Q99627","UNIPROT","Q9UBW8","undirected","Binding"
"UNIPROT","Q99627","UNIPROT","Q9UNS2","undirected","Binding"
"UNIPROT","Q9BT78","UNIPROT","P62877","undirected","Binding"
"UNIPROT","Q9BT78","UNIPROT","Q13098","undirected","Binding"
"UNIPROT","Q9BT78","UNIPROT","Q13619","undirected","Binding"
"UNIPROT","Q9BT78","UNIPROT","Q13620","undirected","Binding"
"UNIPROT","Q9BT78","UNIPROT","Q16531","undirected","Binding"
"UNIPROT","Q9BT78","UNIPROT","Q7L5N1","undirected","Binding"
"UNIPROT","Q9BT78","UNIPROT","Q92466","undirected","Binding"
"UNIPROT","Q9BT78","UNIPROT","Q92905","undirected","Binding"
"UNIPROT","Q9BT78","UNIPROT","Q99627","undirected","Binding"
"UNIPROT","Q9BT78","UNIPROT","Q9H9Q2","undirected","Binding"
"UNIPROT","Q9BT78","UNIPROT","Q9UBW8","undirected","Binding"
"UNIPROT","Q9BT78","UNIPROT","Q9UNS2","undirected","Binding"
"UNIPROT","Q9C086","UNIPROT","P41208","directed","Control(Out: ACTIVATION of BiochemicalReaction)"
"UNIPROT","Q9C086","UNIPROT","P54725","directed","Control(Out: ACTIVATION of BiochemicalReaction)"
"UNIPROT","Q9C086","UNIPROT","P54727","directed","Control(Out: ACTIVATION of BiochemicalReaction)"
"UNIPROT","Q9C086","UNIPROT","P60709","undirected","Binding"
"UNIPROT","Q9C086","UNIPROT","P61201","directed","Control(Out: ACTIVATION of BiochemicalReaction)"
"UNIPROT","Q9C086","UNIPROT","P62877","directed","Control(Out: ACTIVATION of BiochemicalReaction)"
"UNIPROT","Q9C086","UNIPROT","Q01831","directed","Control(Out: ACTIVATION of BiochemicalReaction)"
"UNIPROT","Q9C086","UNIPROT","Q13098","directed","Control(Out: ACTIVATION of BiochemicalReaction)"
"UNIPROT","Q9C086","UNIPROT","Q13619","directed","Control(Out: ACTIVATION of BiochemicalReaction)"
"UNIPROT","Q9C086","UNIPROT","Q13620","directed","Control(Out: ACTIVATION of BiochemicalReaction)"
"UNIPROT","Q9C086","UNIPROT","Q16531","directed","Control(Out: ACTIVATION of BiochemicalReaction)"
"UNIPROT","Q9C086","UNIPROT","Q53TQ3","undirected","Binding"
"UNIPROT","Q9C086","UNIPROT","Q6PI98","undirected","Binding"
"UNIPROT","Q9C086","UNIPROT","Q7L5N1","directed","Control(Out: ACTIVATION of BiochemicalReaction)"
"UNIPROT","Q9C086","UNIPROT","Q8NBZ0","undirected","Binding"
"UNIPROT","Q9C086","UNIPROT","Q92466","directed","Control(Out: ACTIVATION of BiochemicalReaction)"
"UNIPROT","Q9C086","UNIPROT","Q92905","directed","Control(Out: ACTIVATION of BiochemicalReaction)"
"UNIPROT","Q9C086","UNIPROT","Q96EZ8","undirected","Binding"
"UNIPROT","Q9C086","UNIPROT","Q99627","directed","Control(Out: ACTIVATION of BiochemicalReaction)"
"UNIPROT","Q9C086","UNIPROT","Q9BT78","directed","Control(Out: ACTIVATION of BiochemicalReaction)"
"UNIPROT","Q9C086","UNIPROT","Q9H9Q2","directed","Control(Out: ACTIVATION of BiochemicalReaction)"
"UNIPROT","Q9C086","UNIPROT","Q9UBW8","directed","Control(Out: ACTIVATION of BiochemicalReaction)"
"UNIPROT","Q9C086","UNIPROT","Q9UNS2","directed","Control(Out: ACTIVATION of BiochemicalReaction)"
"UNIPROT","Q9C086","UNIPROT","Q9Y265","undirected","Binding"
"UNIPROT","Q9H981","UNIPROT","P41208","directed","Control(Out: ACTIVATION of BiochemicalReaction)"
"UNIPROT","Q9H981","UNIPROT","P54725","directed","Control(Out: ACTIVATION of BiochemicalReaction)"
"UNIPROT","Q9H981","UNIPROT","P54727","directed","Control(Out: ACTIVATION of BiochemicalReaction)"
"UNIPROT","Q9H981","UNIPROT","P60709","undirected","Binding"
"UNIPROT","Q9H981","UNIPROT","P61201","directed","Control(Out: ACTIVATION of BiochemicalReaction)"
"UNIPROT","Q9H981","UNIPROT","P62877","directed","Control(Out: ACTIVATION of BiochemicalReaction)"
"UNIPROT","Q9H981","UNIPROT","Q01831","directed","Control(Out: ACTIVATION of BiochemicalReaction)"
"UNIPROT","Q9H981","UNIPROT","Q13098","directed","Control(Out: ACTIVATION of BiochemicalReaction)"
"UNIPROT","Q9H981","UNIPROT","Q13619","directed","Control(Out: ACTIVATION of BiochemicalReaction)"
"UNIPROT","Q9H981","UNIPROT","Q13620","directed","Control(Out: ACTIVATION of BiochemicalReaction)"
"UNIPROT","Q9H981","UNIPROT","Q16531","directed","Control(Out: ACTIVATION of BiochemicalReaction)"
"UNIPROT","Q9H981","UNIPROT","Q53TQ3","undirected","Binding"
"UNIPROT","Q9H981","UNIPROT","Q6P4R8","undirected","Binding"
"UNIPROT","Q9H981","UNIPROT","Q6PI98","undirected","Binding"
"UNIPROT","Q9H981","UNIPROT","Q7L5N1","directed","Control(Out: ACTIVATION of BiochemicalReaction)"
"UNIPROT","Q9H981","UNIPROT","Q8NBZ0","undirected","Binding"
"UNIPROT","Q9H981","UNIPROT","Q92466","directed","Control(Out: ACTIVATION of BiochemicalReaction)"
"UNIPROT","Q9H981","UNIPROT","Q92905","directed","Control(Out: ACTIVATION of BiochemicalReaction)"
"UNIPROT","Q9H981","UNIPROT","Q96EZ8","undirected","Binding"
"UNIPROT","Q9H981","UNIPROT","Q99627","directed","Control(Out: ACTIVATION of BiochemicalReaction)"
"UNIPROT","Q9H981","UNIPROT","Q9BT78","directed","Control(Out: ACTIVATION of BiochemicalReaction)"
"UNIPROT","Q9H981","UNIPROT","Q9C086","undirected","Binding"
"UNIPROT","Q9H981","UNIPROT","Q9H9Q2","directed","Control(Out: ACTIVATION of BiochemicalReaction)"
"UNIPROT","Q9H981","UNIPROT","Q9UBW8","directed","Control(Out: ACTIVATION of BiochemicalReaction)"
"UNIPROT","Q9H981","UNIPROT","Q9UNS2","directed","Control(Out: ACTIVATION of BiochemicalReaction)"
"UNIPROT","Q9H981","UNIPROT","Q9Y265","undirected","Binding"
"UNIPROT","Q9H9F9","UNIPROT","P0C1Z6","undirected","Binding"
"UNIPROT","Q9H9F9","UNIPROT","P41208","directed","Control(Out: ACTIVATION of BiochemicalReaction)"
"UNIPROT","Q9H9F9","UNIPROT","P54725","directed","Control(Out: ACTIVATION of BiochemicalReaction)"
"UNIPROT","Q9H9F9","UNIPROT","P54727","directed","Control(Out: ACTIVATION of BiochemicalReaction)"
"UNIPROT","Q9H9F9","UNIPROT","P60709","undirected","Binding"
"UNIPROT","Q9H9F9","UNIPROT","P61201","directed","Control(Out: ACTIVATION of BiochemicalReaction)"
"UNIPROT","Q9H9F9","UNIPROT","P62877","directed","Control(Out: ACTIVATION of BiochemicalReaction)"
"UNIPROT","Q9H9F9","UNIPROT","Q01831","directed","Control(Out: ACTIVATION of BiochemicalReaction)"
"UNIPROT","Q9H9F9","UNIPROT","Q13098","directed","Control(Out: ACTIVATION of BiochemicalReaction)"
"UNIPROT","Q9H9F9","UNIPROT","Q13619","directed","Control(Out: ACTIVATION of BiochemicalReaction)"
"UNIPROT","Q9H9F9","UNIPROT","Q13620","directed","Control(Out: ACTIVATION of BiochemicalReaction)"
"UNIPROT","Q9H9F9","UNIPROT","Q16531","directed","Control(Out: ACTIVATION of BiochemicalReaction)"
"UNIPROT","Q9H9F9","UNIPROT","Q53TQ3","undirected","Binding"
"UNIPROT","Q9H9F9","UNIPROT","Q6P4R8","undirected","Binding"
"UNIPROT","Q9H9F9","UNIPROT","Q6PI98","undirected","Binding"
"UNIPROT","Q9H9F9","UNIPROT","Q7L5N1","directed","Control(Out: ACTIVATION of BiochemicalReaction)"
"UNIPROT","Q9H9F9","UNIPROT","Q8NBZ0","undirected","Binding"
"UNIPROT","Q9H9F9","UNIPROT","Q92466","directed","Control(Out: ACTIVATION of BiochemicalReaction)"
"UNIPROT","Q9H9F9","UNIPROT","Q92905","directed","Control(Out: ACTIVATION of BiochemicalReaction)"
"UNIPROT","Q9H9F9","UNIPROT","Q96EZ8","undirected","Binding"
"UNIPROT","Q9H9F9","UNIPROT","Q99627","directed","Control(Out: ACTIVATION of BiochemicalReaction)"
"UNIPROT","Q9H9F9","UNIPROT","Q9BT78","directed","Control(Out: ACTIVATION of BiochemicalReaction)"
"UNIPROT","Q9H9F9","UNIPROT","Q9C086","undirected","Binding"
"UNIPROT","Q9H9F9","UNIPROT","Q9H981","undirected","Binding"
"UNIPROT","Q9H9F9","UNIPROT","Q9H9Q2","directed","Control(Out: ACTIVATION of BiochemicalReaction)"
"UNIPROT","Q9H9F9","UNIPROT","Q9UBW8","directed","Control(Out: ACTIVATION of BiochemicalReaction)"
"UNIPROT","Q9H9F9","UNIPROT","Q9ULG1","undirected","Binding"
"UNIPROT","Q9H9F9","UNIPROT","Q9UNS2","directed","Control(Out: ACTIVATION of BiochemicalReaction)"
"UNIPROT","Q9H9F9","UNIPROT","Q9Y265","undirected","Binding"
"UNIPROT","Q9H9Q2","UNIPROT","Q7L5N1","undirected","Binding"
"UNIPROT","Q9UBW8","UNIPROT","Q7L5N1","undirected","Binding"
"UNIPROT","Q9UGN5","UNIPROT","P0CG47","undirected","Binding"
"UNIPROT","Q9UGN5","UNIPROT","P0CG48","undirected","Binding"
"UNIPROT","Q9UGN5","UNIPROT","P41208","undirected","Binding"
"UNIPROT","Q9UGN5","UNIPROT","P54725","undirected","Binding"
"UNIPROT","Q9UGN5","UNIPROT","P54727","undirected","Binding"
"UNIPROT","Q9UGN5","UNIPROT","P62877","undirected","Binding"
"UNIPROT","Q9UGN5","UNIPROT","P62979","undirected","Binding"
"UNIPROT","Q9UGN5","UNIPROT","P62987","undirected","Binding"
"UNIPROT","Q9UGN5","UNIPROT","Q01831","undirected","Binding"
"UNIPROT","Q9UGN5","UNIPROT","Q13619","undirected","Binding"
"UNIPROT","Q9UGN5","UNIPROT","Q13620","undirected","Binding"
"UNIPROT","Q9UGN5","UNIPROT","Q16531","undirected","Binding"
"UNIPROT","Q9UGN5","UNIPROT","Q92466","undirected","Binding"
"UNIPROT","Q9ULG1","UNIPROT","P41208","directed","Control(Out: ACTIVATION of BiochemicalReaction)"
"UNIPROT","Q9ULG1","UNIPROT","P54725","directed","Control(Out: ACTIVATION of BiochemicalReaction)"
"UNIPROT","Q9ULG1","UNIPROT","P54727","directed","Control(Out: ACTIVATION of BiochemicalReaction)"
"UNIPROT","Q9ULG1","UNIPROT","P60709","undirected","Binding"
"UNIPROT","Q9ULG1","UNIPROT","P61201","directed","Control(Out: ACTIVATION of BiochemicalReaction)"
"UNIPROT","Q9ULG1","UNIPROT","P62877","directed","Control(Out: ACTIVATION of BiochemicalReaction)"
"UNIPROT","Q9ULG1","UNIPROT","Q01831","directed","Control(Out: ACTIVATION of BiochemicalReaction)"
"UNIPROT","Q9ULG1","UNIPROT","Q13098","directed","Control(Out: ACTIVATION of BiochemicalReaction)"
"UNIPROT","Q9ULG1","UNIPROT","Q13619","directed","Control(Out: ACTIVATION of BiochemicalReaction)"
"UNIPROT","Q9ULG1","UNIPROT","Q13620","directed","Control(Out: ACTIVATION of BiochemicalReaction)"
"UNIPROT","Q9ULG1","UNIPROT","Q16531","directed","Control(Out: ACTIVATION of BiochemicalReaction)"
"UNIPROT","Q9ULG1","UNIPROT","Q53TQ3","undirected","Binding"
"UNIPROT","Q9ULG1","UNIPROT","Q6P4R8","undirected","Binding"
"UNIPROT","Q9ULG1","UNIPROT","Q6PI98","undirected","Binding"
"UNIPROT","Q9ULG1","UNIPROT","Q7L5N1","directed","Control(Out: ACTIVATION of BiochemicalReaction)"
"UNIPROT","Q9ULG1","UNIPROT","Q8NBZ0","undirected","Binding"
"UNIPROT","Q9ULG1","UNIPROT","Q92466","directed","Control(Out: ACTIVATION of BiochemicalReaction)"
"UNIPROT","Q9ULG1","UNIPROT","Q92905","directed","Control(Out: ACTIVATION of BiochemicalReaction)"
"UNIPROT","Q9ULG1","UNIPROT","Q96EZ8","undirected","Binding"
"UNIPROT","Q9ULG1","UNIPROT","Q99627","directed","Control(Out: ACTIVATION of BiochemicalReaction)"
"UNIPROT","Q9ULG1","UNIPROT","Q9BT78","directed","Control(Out: ACTIVATION of BiochemicalReaction)"
"UNIPROT","Q9ULG1","UNIPROT","Q9C086","undirected","Binding"
"UNIPROT","Q9ULG1","UNIPROT","Q9H981","undirected","Binding"
"UNIPROT","Q9ULG1","UNIPROT","Q9H9Q2","directed","Control(Out: ACTIVATION of BiochemicalReaction)"
"UNIPROT","Q9ULG1","UNIPROT","Q9UBW8","directed","Control(Out: ACTIVATION of BiochemicalReaction)"
"UNIPROT","Q9ULG1","UNIPROT","Q9UNS2","directed","Control(Out: ACTIVATION of BiochemicalReaction)"
"UNIPROT","Q9ULG1","UNIPROT","Q9Y265","undirected","Binding"
"UNIPROT","Q9UNS2","UNIPROT","Q7L5N1","undirected","Binding"
"UNIPROT","Q9UNS2","UNIPROT","Q9H9Q2","undirected","Binding"
"UNIPROT","Q9UNS2","UNIPROT","Q9UBW8","undirected","Binding"
"UNIPROT","Q9Y265","UNIPROT","P41208","directed","Control(Out: ACTIVATION of BiochemicalReaction)"
"UNIPROT","Q9Y265","UNIPROT","P54725","directed","Control(Out: ACTIVATION of BiochemicalReaction)"
"UNIPROT","Q9Y265","UNIPROT","P54727","directed","Control(Out: ACTIVATION of BiochemicalReaction)"
"UNIPROT","Q9Y265","UNIPROT","P60709","undirected","Binding"
"UNIPROT","Q9Y265","UNIPROT","P61201","directed","Control(Out: ACTIVATION of BiochemicalReaction)"
"UNIPROT","Q9Y265","UNIPROT","P62877","directed","Control(Out: ACTIVATION of BiochemicalReaction)"
"UNIPROT","Q9Y265","UNIPROT","Q01831","directed","Control(Out: ACTIVATION of BiochemicalReaction)"
"UNIPROT","Q9Y265","UNIPROT","Q13098","directed","Control(Out: ACTIVATION of BiochemicalReaction)"
"UNIPROT","Q9Y265","UNIPROT","Q13619","directed","Control(Out: ACTIVATION of BiochemicalReaction)"
"UNIPROT","Q9Y265","UNIPROT","Q13620","directed","Control(Out: ACTIVATION of BiochemicalReaction)"
"UNIPROT","Q9Y265","UNIPROT","Q16531","directed","Control(Out: ACTIVATION of BiochemicalReaction)"
"UNIPROT","Q9Y265","UNIPROT","Q7L5N1","directed","Control(Out: ACTIVATION of BiochemicalReaction)"
"UNIPROT","Q9Y265","UNIPROT","Q92466","directed","Control(Out: ACTIVATION of BiochemicalReaction)"
"UNIPROT","Q9Y265","UNIPROT","Q92905","directed","Control(Out: ACTIVATION of BiochemicalReaction)"
"UNIPROT","Q9Y265","UNIPROT","Q99627","directed","Control(Out: ACTIVATION of BiochemicalReaction)"
"UNIPROT","Q9Y265","UNIPROT","Q9BT78","directed","Control(Out: ACTIVATION of BiochemicalReaction)"
"UNIPROT","Q9Y265","UNIPROT","Q9H9Q2","directed","Control(Out: ACTIVATION of BiochemicalReaction)"
"UNIPROT","Q9Y265","UNIPROT","Q9UBW8","directed","Control(Out: ACTIVATION of BiochemicalReaction)"
"UNIPROT","Q9Y265","UNIPROT","Q9UNS2","directed","Control(Out: ACTIVATION of BiochemicalReaction)"
