"src_type","src","dest_type","dest","direction","type"
"UNIPROT","P0CG47","UNIPROT","P12004","undirected","Binding"
"UNIPROT","P0CG47","UNIPROT","P15927","undirected","Binding"
"UNIPROT","P0CG47","UNIPROT","P27694","undirected","Binding"
"UNIPROT","P0CG47","UNIPROT","P35244","undirected","Binding"
"UNIPROT","P0CG47","UNIPROT","P35249","undirected","Binding"
"UNIPROT","P0CG47","UNIPROT","P35250","undirected","Binding"
"UNIPROT","P0CG47","UNIPROT","P35251","undirected","Binding"
"UNIPROT","P0CG47","UNIPROT","P40937","undirected","Binding"
"UNIPROT","P0CG47","UNIPROT","P40938","undirected","Binding"
"UNIPROT","P0CG48","UNIPROT","P12004","undirected","Binding"
"UNIPROT","P0CG48","UNIPROT","P15927","undirected","Binding"
"UNIPROT","P0CG48","UNIPROT","P27694","undirected","Binding"
"UNIPROT","P0CG48","UNIPROT","P35244","undirected","Binding"
"UNIPROT","P0CG48","UNIPROT","P35249","undirected","Binding"
"UNIPROT","P0CG48","UNIPROT","P35250","undirected","Binding"
"UNIPROT","P0CG48","UNIPROT","P35251","undirected","Binding"
"UNIPROT","P0CG48","UNIPROT","P40937","undirected","Binding"
"UNIPROT","P0CG48","UNIPROT","P40938","undirected","Binding"
"UNIPROT","P12004","UNIPROT","P28340","undirected","Binding"
"UNIPROT","P12004","UNIPROT","P49005","undirected","Binding"
"UNIPROT","P12004","UNIPROT","Q15054","undirected","Binding"
"UNIPROT","P12004","UNIPROT","Q9HCU8","undirected","Binding"
"UNIPROT","P15927","UNIPROT","P12004","undirected","Binding"
"UNIPROT","P15927","UNIPROT","P27694","undirected","Binding"
"UNIPROT","P15927","UNIPROT","P28340","undirected","Binding"
"UNIPROT","P15927","UNIPROT","P35244","undirected","Binding"
"UNIPROT","P15927","UNIPROT","P35249","undirected","Binding"
"UNIPROT","P15927","UNIPROT","P35250","undirected","Binding"
"UNIPROT","P15927","UNIPROT","P35251","undirected","Binding"
"UNIPROT","P15927","UNIPROT","P40937","undirected","Binding"
"UNIPROT","P15927","UNIPROT","P40938","undirected","Binding"
"UNIPROT","P15927","UNIPROT","P49005","undirected","Binding"
"UNIPROT","P15927","UNIPROT","P56282","undirected","Binding"
"UNIPROT","P15927","UNIPROT","Q07864","undirected","Binding"
"UNIPROT","P15927","UNIPROT","Q15054","undirected","Binding"
"UNIPROT","P15927","UNIPROT","Q9HCU8","undirected","Binding"
"UNIPROT","P15927","UNIPROT","Q9NR33","undirected","Binding"
"UNIPROT","P15927","UNIPROT","Q9NRF9","undirected","Binding"
"UNIPROT","P18858","UNIPROT","P0CG47","directed","Control(Out: ACTIVATION of BiochemicalReaction)"
"UNIPROT","P18858","UNIPROT","P0CG48","directed","Control(Out: ACTIVATION of BiochemicalReaction)"
"UNIPROT","P18858","UNIPROT","P12004","directed","Control(Out: ACTIVATION of BiochemicalReaction)"
"UNIPROT","P18858","UNIPROT","P15927","directed","Control(Out: ACTIVATION of BiochemicalReaction)"
"UNIPROT","P18858","UNIPROT","P27694","directed","Control(Out: ACTIVATION of BiochemicalReaction)"
"UNIPROT","P18858","UNIPROT","P28340","directed","Control(Out: ACTIVATION of BiochemicalReaction)"
"UNIPROT","P18858","UNIPROT","P35244","directed","Control(Out: ACTIVATION of BiochemicalReaction)"
"UNIPROT","P18858","UNIPROT","P35249","directed","Control(Out: ACTIVATION of BiochemicalReaction)"
"UNIPROT","P18858","UNIPROT","P35250","directed","Control(Out: ACTIVATION of BiochemicalReaction)"
"UNIPROT","P18858","UNIPROT","P35251","directed","Control(Out: ACTIVATION of BiochemicalReaction)"
"UNIPROT","P18858","UNIPROT","P40937","directed","Control(Out: ACTIVATION of BiochemicalReaction)"
"UNIPROT","P18858","UNIPROT","P40938","directed","Control(Out: ACTIVATION of BiochemicalReaction)"
"UNIPROT","P18858","UNIPROT","P49005","directed","Control(Out: ACTIVATION of BiochemicalReaction)"
"UNIPROT","P18858","UNIPROT","P56282","directed","Control(Out: ACTIVATION of BiochemicalReaction)"
"UNIPROT","P18858","UNIPROT","P62979","directed","Control(Out: ACTIVATION of BiochemicalReaction)"
"UNIPROT","P18858","UNIPROT","P62987","directed","Control(Out: ACTIVATION of BiochemicalReaction)"
"UNIPROT","P18858","UNIPROT","Q07864","directed","Control(Out: ACTIVATION of BiochemicalReaction)"
"UNIPROT","P18858","UNIPROT","Q15054","directed","Control(Out: ACTIVATION of BiochemicalReaction)"
"UNIPROT","P18858","UNIPROT","Q9HCU8","directed","Control(Out: ACTIVATION of BiochemicalReaction)"
"UNIPROT","P18858","UNIPROT","Q9NR33","directed","Control(Out: ACTIVATION of BiochemicalReaction)"
"UNIPROT","P18858","UNIPROT","Q9NRF9","directed","Control(Out: ACTIVATION of BiochemicalReaction)"
"UNIPROT","P18858","UNIPROT","Q9UBT6","directed","Control(Out: ACTIVATION of BiochemicalReaction)"
"UNIPROT","P18887","UNIPROT","P0CG47","directed","Control(Out: ACTIVATION of BiochemicalReaction)"
"UNIPROT","P18887","UNIPROT","P0CG48","directed","Control(Out: ACTIVATION of BiochemicalReaction)"
"UNIPROT","P18887","UNIPROT","P12004","directed","Control(Out: ACTIVATION of BiochemicalReaction)"
"UNIPROT","P18887","UNIPROT","P15927","directed","Control(Out: ACTIVATION of BiochemicalReaction)"
"UNIPROT","P18887","UNIPROT","P27694","directed","Control(Out: ACTIVATION of BiochemicalReaction)"
"UNIPROT","P18887","UNIPROT","P28340","directed","Control(Out: ACTIVATION of BiochemicalReaction)"
"UNIPROT","P18887","UNIPROT","P35244","directed","Control(Out: ACTIVATION of BiochemicalReaction)"
"UNIPROT","P18887","UNIPROT","P35249","directed","Control(Out: ACTIVATION of BiochemicalReaction)"
"UNIPROT","P18887","UNIPROT","P35250","directed","Control(Out: ACTIVATION of BiochemicalReaction)"
"UNIPROT","P18887","UNIPROT","P35251","directed","Control(Out: ACTIVATION of BiochemicalReaction)"
"UNIPROT","P18887","UNIPROT","P40937","directed","Control(Out: ACTIVATION of BiochemicalReaction)"
"UNIPROT","P18887","UNIPROT","P40938","directed","Control(Out: ACTIVATION of BiochemicalReaction)"
"UNIPROT","P18887","UNIPROT","P49005","directed","Control(Out: ACTIVATION of BiochemicalReaction)"
"UNIPROT","P18887","UNIPROT","P56282","directed","Control(Out: ACTIVATION of BiochemicalReaction)"
"UNIPROT","P18887","UNIPROT","P62979","directed","Control(Out: ACTIVATION of BiochemicalReaction)"
"UNIPROT","P18887","UNIPROT","P62987","directed","Control(Out: ACTIVATION of BiochemicalReaction)"
"UNIPROT","P18887","UNIPROT","Q07864","directed","Control(Out: ACTIVATION of BiochemicalReaction)"
"UNIPROT","P18887","UNIPROT","Q15054","directed","Control(Out: ACTIVATION of BiochemicalReaction)"
"UNIPROT","P18887","UNIPROT","Q9HCU8","directed","Control(Out: ACTIVATION of BiochemicalReaction)"
"UNIPROT","P18887","UNIPROT","Q9NR33","directed","Control(Out: ACTIVATION of BiochemicalReaction)"
"UNIPROT","P18887","UNIPROT","Q9NRF9","directed","Control(Out: ACTIVATION of BiochemicalReaction)"
"UNIPROT","P18887","UNIPROT","Q9UBT6","directed","Control(Out: ACTIVATION of BiochemicalReaction)"
"UNIPROT","P27694","UNIPROT","P12004","undirected","Binding"
"UNIPROT","P27694","UNIPROT","P28340","undirected","Binding"
"UNIPROT","P27694","UNIPROT","P35244","undirected","Binding"
"UNIPROT","P27694","UNIPROT","P35249","undirected","Binding"
"UNIPROT","P27694","UNIPROT","P35250","undirected","Binding"
"UNIPROT","P27694","UNIPROT","P35251","undirected","Binding"
"UNIPROT","P27694","UNIPROT","P40937","undirected","Binding"
"UNIPROT","P27694","UNIPROT","P40938","undirected","Binding"
"UNIPROT","P27694","UNIPROT","P49005","undirected","Binding"
"UNIPROT","P27694","UNIPROT","P56282","undirected","Binding"
"UNIPROT","P27694","UNIPROT","Q07864","undirected","Binding"
"UNIPROT","P27694","UNIPROT","Q15054","undirected","Binding"
"UNIPROT","P27694","UNIPROT","Q9HCU8","undirected","Binding"
"UNIPROT","P27694","UNIPROT","Q9NR33","undirected","Binding"
"UNIPROT","P27694","UNIPROT","Q9NRF9","undirected","Binding"
"UNIPROT","P28340","UNIPROT","P49005","undirected","Binding"
"UNIPROT","P28340","UNIPROT","Q9HCU8","undirected","Binding"
"UNIPROT","P35244","UNIPROT","P12004","undirected","Binding"
"UNIPROT","P35244","UNIPROT","P28340","undirected","Binding"
"UNIPROT","P35244","UNIPROT","P35249","undirected","Binding"
"UNIPROT","P35244","UNIPROT","P35250","undirected","Binding"
"UNIPROT","P35244","UNIPROT","P35251","undirected","Binding"
"UNIPROT","P35244","UNIPROT","P40937","undirected","Binding"
"UNIPROT","P35244","UNIPROT","P40938","undirected","Binding"
"UNIPROT","P35244","UNIPROT","P49005","undirected","Binding"
"UNIPROT","P35244","UNIPROT","P56282","undirected","Binding"
"UNIPROT","P35244","UNIPROT","Q07864","undirected","Binding"
"UNIPROT","P35244","UNIPROT","Q15054","undirected","Binding"
"UNIPROT","P35244","UNIPROT","Q9HCU8","undirected","Binding"
"UNIPROT","P35244","UNIPROT","Q9NR33","undirected","Binding"
"UNIPROT","P35244","UNIPROT","Q9NRF9","undirected","Binding"
"UNIPROT","P35249","UNIPROT","P12004","undirected","Binding"
"UNIPROT","P35249","UNIPROT","P28340","undirected","Binding"
"UNIPROT","P35249","UNIPROT","P35251","undirected","Binding"
"UNIPROT","P35249","UNIPROT","P49005","undirected","Binding"
"UNIPROT","P35249","UNIPROT","Q15054","undirected","Binding"
"UNIPROT","P35249","UNIPROT","Q9HCU8","undirected","Binding"
"UNIPROT","P35250","UNIPROT","P12004","undirected","Binding"
"UNIPROT","P35250","UNIPROT","P28340","undirected","Binding"
"UNIPROT","P35250","UNIPROT","P35249","undirected","Binding"
"UNIPROT","P35250","UNIPROT","P35251","undirected","Binding"
"UNIPROT","P35250","UNIPROT","P49005","undirected","Binding"
"UNIPROT","P35250","UNIPROT","Q15054","undirected","Binding"
"UNIPROT","P35250","UNIPROT","Q9HCU8","undirected","Binding"
"UNIPROT","P35251","UNIPROT","P12004","undirected","Binding"
"UNIPROT","P35251","UNIPROT","P28340","undirected","Binding"
"UNIPROT","P35251","UNIPROT","P49005","undirected","Binding"
"UNIPROT","P35251","UNIPROT","Q15054","undirected","Binding"
"UNIPROT","P35251","UNIPROT","Q9HCU8","undirected","Binding"
"UNIPROT","P40937","UNIPROT","P12004","undirected","Binding"
"UNIPROT","P40937","UNIPROT","P28340","undirected","Binding"
"UNIPROT","P40937","UNIPROT","P35249","undirected","Binding"
"UNIPROT","P40937","UNIPROT","P35250","undirected","Binding"
"UNIPROT","P40937","UNIPROT","P35251","undirected","Binding"
"UNIPROT","P40937","UNIPROT","P40938","undirected","Binding"
"UNIPROT","P40937","UNIPROT","P49005","undirected","Binding"
"UNIPROT","P40937","UNIPROT","Q15054","undirected","Binding"
"UNIPROT","P40937","UNIPROT","Q9HCU8","undirected","Binding"
"UNIPROT","P40938","UNIPROT","P12004","undirected","Binding"
"UNIPROT","P40938","UNIPROT","P28340","undirected","Binding"
"UNIPROT","P40938","UNIPROT","P35249","undirected","Binding"
"UNIPROT","P40938","UNIPROT","P35250","undirected","Binding"
"UNIPROT","P40938","UNIPROT","P35251","undirected","Binding"
"UNIPROT","P40938","UNIPROT","P49005","undirected","Binding"
"UNIPROT","P40938","UNIPROT","Q15054","undirected","Binding"
"UNIPROT","P40938","UNIPROT","Q9HCU8","undirected","Binding"
"UNIPROT","P49005","UNIPROT","Q9HCU8","undirected","Binding"
"UNIPROT","P49916","UNIPROT","P0CG47","directed","Control(Out: ACTIVATION of BiochemicalReaction)"
"UNIPROT","P49916","UNIPROT","P0CG48","directed","Control(Out: ACTIVATION of BiochemicalReaction)"
"UNIPROT","P49916","UNIPROT","P12004","directed","Control(Out: ACTIVATION of BiochemicalReaction)"
"UNIPROT","P49916","UNIPROT","P15927","directed","Control(Out: ACTIVATION of BiochemicalReaction)"
"UNIPROT","P49916","UNIPROT","P18887","undirected","Binding"
"UNIPROT","P49916","UNIPROT","P27694","directed","Control(Out: ACTIVATION of BiochemicalReaction)"
"UNIPROT","P49916","UNIPROT","P28340","directed","Control(Out: ACTIVATION of BiochemicalReaction)"
"UNIPROT","P49916","UNIPROT","P35244","directed","Control(Out: ACTIVATION of BiochemicalReaction)"
"UNIPROT","P49916","UNIPROT","P35249","directed","Control(Out: ACTIVATION of BiochemicalReaction)"
"UNIPROT","P49916","UNIPROT","P35250","directed","Control(Out: ACTIVATION of BiochemicalReaction)"
"UNIPROT","P49916","UNIPROT","P35251","directed","Control(Out: ACTIVATION of BiochemicalReaction)"
"UNIPROT","P49916","UNIPROT","P40937","directed","Control(Out: ACTIVATION of BiochemicalReaction)"
"UNIPROT","P49916","UNIPROT","P40938","directed","Control(Out: ACTIVATION of BiochemicalReaction)"
"UNIPROT","P49916","UNIPROT","P49005","directed","Control(Out: ACTIVATION of BiochemicalReaction)"
"UNIPROT","P49916","UNIPROT","P56282","directed","Control(Out: ACTIVATION of BiochemicalReaction)"
"UNIPROT","P49916","UNIPROT","P62979","directed","Control(Out: ACTIVATION of BiochemicalReaction)"
"UNIPROT","P49916","UNIPROT","P62987","directed","Control(Out: ACTIVATION of BiochemicalReaction)"
"UNIPROT","P49916","UNIPROT","Q07864","directed","Control(Out: ACTIVATION of BiochemicalReaction)"
"UNIPROT","P49916","UNIPROT","Q15054","directed","Control(Out: ACTIVATION of BiochemicalReaction)"
"UNIPROT","P49916","UNIPROT","Q9HCU8","directed","Control(Out: ACTIVATION of BiochemicalReaction)"
"UNIPROT","P49916","UNIPROT","Q9NR33","directed","Control(Out: ACTIVATION of BiochemicalReaction)"
"UNIPROT","P49916","UNIPROT","Q9NRF9","directed","Control(Out: ACTIVATION of BiochemicalReaction)"
"UNIPROT","P49916","UNIPROT","Q9UBT6","directed","Control(Out: ACTIVATION of BiochemicalReaction)"
"UNIPROT","P56282","UNIPROT","P12004","undirected","Binding"
"UNIPROT","P56282","UNIPROT","P35249","undirected","Binding"
"UNIPROT","P56282","UNIPROT","P35250","undirected","Binding"
"UNIPROT","P56282","UNIPROT","P35251","undirected","Binding"
"UNIPROT","P56282","UNIPROT","P40937","undirected","Binding"
"UNIPROT","P56282","UNIPROT","P40938","undirected","Binding"
"UNIPROT","P56282","UNIPROT","Q9NRF9","undirected","Binding"
"UNIPROT","P62979","UNIPROT","P12004","undirected","Binding"
"UNIPROT","P62979","UNIPROT","P15927","undirected","Binding"
"UNIPROT","P62979","UNIPROT","P27694","undirected","Binding"
"UNIPROT","P62979","UNIPROT","P35244","undirected","Binding"
"UNIPROT","P62979","UNIPROT","P35249","undirected","Binding"
"UNIPROT","P62979","UNIPROT","P35250","undirected","Binding"
"UNIPROT","P62979","UNIPROT","P35251","undirected","Binding"
"UNIPROT","P62979","UNIPROT","P40937","undirected","Binding"
"UNIPROT","P62979","UNIPROT","P40938","undirected","Binding"
"UNIPROT","P62987","UNIPROT","P12004","undirected","Binding"
"UNIPROT","P62987","UNIPROT","P15927","undirected","Binding"
"UNIPROT","P62987","UNIPROT","P27694","undirected","Binding"
"UNIPROT","P62987","UNIPROT","P35244","undirected","Binding"
"UNIPROT","P62987","UNIPROT","P35249","undirected","Binding"
"UNIPROT","P62987","UNIPROT","P35250","undirected","Binding"
"UNIPROT","P62987","UNIPROT","P35251","undirected","Binding"
"UNIPROT","P62987","UNIPROT","P40937","undirected","Binding"
"UNIPROT","P62987","UNIPROT","P40938","undirected","Binding"
"UNIPROT","Q07864","UNIPROT","P12004","undirected","Binding"
"UNIPROT","Q07864","UNIPROT","P35249","undirected","Binding"
"UNIPROT","Q07864","UNIPROT","P35250","undirected","Binding"
"UNIPROT","Q07864","UNIPROT","P35251","undirected","Binding"
"UNIPROT","Q07864","UNIPROT","P40937","undirected","Binding"
"UNIPROT","Q07864","UNIPROT","P40938","undirected","Binding"
"UNIPROT","Q07864","UNIPROT","P56282","undirected","Binding"
"UNIPROT","Q07864","UNIPROT","Q9NRF9","undirected","Binding"
"UNIPROT","Q15054","UNIPROT","P28340","undirected","Binding"
"UNIPROT","Q15054","UNIPROT","P49005","undirected","Binding"
"UNIPROT","Q15054","UNIPROT","Q9HCU8","undirected","Binding"
"UNIPROT","Q9NR33","UNIPROT","P12004","undirected","Binding"
"UNIPROT","Q9NR33","UNIPROT","P35249","undirected","Binding"
"UNIPROT","Q9NR33","UNIPROT","P35250","undirected","Binding"
"UNIPROT","Q9NR33","UNIPROT","P35251","undirected","Binding"
"UNIPROT","Q9NR33","UNIPROT","P40937","undirected","Binding"
"UNIPROT","Q9NR33","UNIPROT","P40938","undirected","Binding"
"UNIPROT","Q9NR33","UNIPROT","P56282","undirected","Binding"
"UNIPROT","Q9NR33","UNIPROT","Q07864","undirected","Binding"
"UNIPROT","Q9NR33","UNIPROT","Q9NRF9","undirected","Binding"
"UNIPROT","Q9NRF9","UNIPROT","P12004","undirected","Binding"
"UNIPROT","Q9NRF9","UNIPROT","P35249","undirected","Binding"
"UNIPROT","Q9NRF9","UNIPROT","P35250","undirected","Binding"
"UNIPROT","Q9NRF9","UNIPROT","P35251","undirected","Binding"
"UNIPROT","Q9NRF9","UNIPROT","P40937","undirected","Binding"
"UNIPROT","Q9NRF9","UNIPROT","P40938","undirected","Binding"
"UNIPROT","Q9UBT6","UNIPROT","P0CG47","undirected","Binding"
"UNIPROT","Q9UBT6","UNIPROT","P0CG48","undirected","Binding"
"UNIPROT","Q9UBT6","UNIPROT","P12004","undirected","Binding"
"UNIPROT","Q9UBT6","UNIPROT","P15927","undirected","Binding"
"UNIPROT","Q9UBT6","UNIPROT","P27694","undirected","Binding"
"UNIPROT","Q9UBT6","UNIPROT","P35244","undirected","Binding"
"UNIPROT","Q9UBT6","UNIPROT","P35249","undirected","Binding"
"UNIPROT","Q9UBT6","UNIPROT","P35250","undirected","Binding"
"UNIPROT","Q9UBT6","UNIPROT","P35251","undirected","Binding"
"UNIPROT","Q9UBT6","UNIPROT","P40937","undirected","Binding"
"UNIPROT","Q9UBT6","UNIPROT","P40938","undirected","Binding"
"UNIPROT","Q9UBT6","UNIPROT","P62979","undirected","Binding"
"UNIPROT","Q9UBT6","UNIPROT","P62987","undirected","Binding"
