"src_type","src","dest_type","dest","direction","type"
"UNIPROT","O15553","UNIPROT","O43586","undirected","Binding"
"UNIPROT","P05067","UNIPROT","P08238","undirected","Binding"
"UNIPROT","P05067","UNIPROT","Q96P20","undirected","Binding"
"UNIPROT","P05067","UNIPROT","Q9Y2Z0","undirected","Binding"
"UNIPROT","P06179","UNIPROT","P29466","undirected","Binding"
"UNIPROT","P08238","UNIPROT","Q96P20","undirected","Binding"
"UNIPROT","P08238","UNIPROT","Q9Y2Z0","undirected","Binding"
"UNIPROT","P09601","UNIPROT","Q96P20","directed","Control(Out: INHIBITION of BiochemicalReaction)"
"UNIPROT","P09601","UNIPROT","Q9H3M7","directed","Control(Out: INHIBITION of BiochemicalReaction)"
"UNIPROT","P09616","UNIPROT","P08238","undirected","Binding"
"UNIPROT","P09616","UNIPROT","Q96P20","undirected","Binding"
"UNIPROT","P09616","UNIPROT","Q9Y2Z0","undirected","Binding"
"UNIPROT","P10599","UNIPROT","Q9H3M7","undirected","Binding"
"UNIPROT","P19838","UNIPROT","Q96P20","directed","Control(Out: ACTIVATION of BiochemicalReaction)"
"UNIPROT","P41785","UNIPROT","P29466","undirected","Binding"
"UNIPROT","P52616","UNIPROT","P29466","undirected","Binding"
"UNIPROT","Q00653","UNIPROT","Q96P20","directed","Control(Out: ACTIVATION of BiochemicalReaction)"
"UNIPROT","Q04206","UNIPROT","P19838","undirected","Binding"
"UNIPROT","Q04206","UNIPROT","Q00653","undirected","Binding"
"UNIPROT","Q04206","UNIPROT","Q96P20","directed","Control(Out: ACTIVATION of BiochemicalReaction)"
"UNIPROT","Q96P20","UNIPROT","Q9H3M7","undirected","Binding"
"UNIPROT","Q99572","UNIPROT","Q96RD7","undirected","Binding"
"UNIPROT","Q9C000","UNIPROT","P10415","undirected","Binding"
"UNIPROT","Q9C000","UNIPROT","Q07817","undirected","Binding"
"UNIPROT","Q9NPP4","UNIPROT","P06179","undirected","Binding"
"UNIPROT","Q9NPP4","UNIPROT","P29466","undirected","Binding"
"UNIPROT","Q9NPP4","UNIPROT","P41785","undirected","Binding"
"UNIPROT","Q9NPP4","UNIPROT","P52616","undirected","Binding"
"UNIPROT","Q9ULZ3","UNIPROT","O15553","undirected","Binding"
"UNIPROT","Q9ULZ3","UNIPROT","P29466","undirected","Binding"
"UNIPROT","Q9Y2Z0","UNIPROT","Q96P20","undirected","Binding"
