"src_type","src","dest_type","dest","direction","type"
"UNIPROT","P17787","UNIPROT","P43681","undirected","Binding"
"UNIPROT","P30926","UNIPROT","P07510","undirected","Binding"
"UNIPROT","P30926","UNIPROT","Q04844","undirected","Binding"
"UNIPROT","P30926","UNIPROT","Q07001","undirected","Binding"
"UNIPROT","P32297","UNIPROT","P07510","undirected","Binding"
"UNIPROT","P32297","UNIPROT","P30926","undirected","Binding"
"UNIPROT","P32297","UNIPROT","Q04844","undirected","Binding"
"UNIPROT","P32297","UNIPROT","Q07001","undirected","Binding"
