"src_type","src","dest_type","dest","direction","type"
"UNIPROT","P17787","UNIPROT","P30532","undirected","Binding"
"UNIPROT","P17787","UNIPROT","P32297","undirected","Binding"
"UNIPROT","P17787","UNIPROT","P43681","undirected","Binding"
"UNIPROT","P30532","UNIPROT","P30926","undirected","Binding"
"UNIPROT","P30532","UNIPROT","P32297","undirected","Binding"
"UNIPROT","P30926","UNIPROT","Q05901","undirected","Binding"
"UNIPROT","P30926","UNIPROT","Q15825","undirected","Binding"
"UNIPROT","P32297","UNIPROT","P30926","undirected","Binding"
"UNIPROT","P43681","UNIPROT","Q05901","undirected","Binding"
"UNIPROT","P43681","UNIPROT","Q15825","undirected","Binding"
"UNIPROT","Q05901","UNIPROT","Q15822","undirected","Binding"
"UNIPROT","Q05901","UNIPROT","Q15825","undirected","Binding"
