"src_type","src","dest_type","dest","direction","type"
"UNIPROT","O15514","UNIPROT","O60306","undirected","Binding"
"UNIPROT","O15514","UNIPROT","P0CG47","directed","Control(Out: ACTIVATION of BiochemicalReaction)"
"UNIPROT","O15514","UNIPROT","P0CG47","undirected","Binding"
"UNIPROT","O15514","UNIPROT","P0CG48","directed","Control(Out: ACTIVATION of BiochemicalReaction)"
"UNIPROT","O15514","UNIPROT","P0CG48","undirected","Binding"
"UNIPROT","O15514","UNIPROT","P18074","undirected","Binding"
"UNIPROT","O15514","UNIPROT","P19387","undirected","Binding"
"UNIPROT","O15514","UNIPROT","P19388","undirected","Binding"
"UNIPROT","O15514","UNIPROT","P19447","undirected","Binding"
"UNIPROT","O15514","UNIPROT","P23193","undirected","Binding"
"UNIPROT","O15514","UNIPROT","P24928","undirected","Binding"
"UNIPROT","O15514","UNIPROT","P32780","undirected","Binding"
"UNIPROT","O15514","UNIPROT","P50613","undirected","Binding"
"UNIPROT","O15514","UNIPROT","P51946","undirected","Binding"
"UNIPROT","O15514","UNIPROT","P51948","undirected","Binding"
"UNIPROT","O15514","UNIPROT","P52434","undirected","Binding"
"UNIPROT","O15514","UNIPROT","P52435","undirected","Binding"
"UNIPROT","O15514","UNIPROT","P61218","undirected","Binding"
"UNIPROT","O15514","UNIPROT","P62487","undirected","Binding"
"UNIPROT","O15514","UNIPROT","P62875","undirected","Binding"
"UNIPROT","O15514","UNIPROT","P62877","undirected","Binding"
"UNIPROT","O15514","UNIPROT","P62979","directed","Control(Out: ACTIVATION of BiochemicalReaction)"
"UNIPROT","O15514","UNIPROT","P62979","undirected","Binding"
"UNIPROT","O15514","UNIPROT","P62987","directed","Control(Out: ACTIVATION of BiochemicalReaction)"
"UNIPROT","O15514","UNIPROT","P62987","undirected","Binding"
"UNIPROT","O15514","UNIPROT","Q03468","undirected","Binding"
"UNIPROT","O15514","UNIPROT","Q09472","undirected","Binding"
"UNIPROT","O15514","UNIPROT","Q13216","undirected","Binding"
"UNIPROT","O15514","UNIPROT","Q13619","undirected","Binding"
"UNIPROT","O15514","UNIPROT","Q13620","undirected","Binding"
"UNIPROT","O15514","UNIPROT","Q13888","undirected","Binding"
"UNIPROT","O15514","UNIPROT","Q13889","undirected","Binding"
"UNIPROT","O15514","UNIPROT","Q16531","undirected","Binding"
"UNIPROT","O15514","UNIPROT","Q6ZYL4","undirected","Binding"
"UNIPROT","O15514","UNIPROT","Q92759","undirected","Binding"
"UNIPROT","O15514","UNIPROT","Q93009","undirected","Binding"
"UNIPROT","O15514","UNIPROT","Q9HCS7","undirected","Binding"
"UNIPROT","O15514","UNIPROT","Q9ULR0","undirected","Binding"
"UNIPROT","O15514","UNIPROT","Q9UMS4","undirected","Binding"
"UNIPROT","O15514","UNIPROT","Q9UNP9","undirected","Binding"
"UNIPROT","O60306","UNIPROT","Q03468","undirected","Binding"
"UNIPROT","O60306","UNIPROT","Q9HCS7","undirected","Binding"
"UNIPROT","O60306","UNIPROT","Q9ULR0","undirected","Binding"
"UNIPROT","P05114","UNIPROT","O15514","undirected","Binding"
"UNIPROT","P05114","UNIPROT","O60306","undirected","Binding"
"UNIPROT","P05114","UNIPROT","P0CG47","undirected","Binding"
"UNIPROT","P05114","UNIPROT","P0CG48","undirected","Binding"
"UNIPROT","P05114","UNIPROT","P18074","undirected","Binding"
"UNIPROT","P05114","UNIPROT","P19387","undirected","Binding"
"UNIPROT","P05114","UNIPROT","P19388","undirected","Binding"
"UNIPROT","P05114","UNIPROT","P19447","undirected","Binding"
"UNIPROT","P05114","UNIPROT","P23193","undirected","Binding"
"UNIPROT","P05114","UNIPROT","P24928","undirected","Binding"
"UNIPROT","P05114","UNIPROT","P30876","undirected","Binding"
"UNIPROT","P05114","UNIPROT","P32780","undirected","Binding"
"UNIPROT","P05114","UNIPROT","P36954","undirected","Binding"
"UNIPROT","P05114","UNIPROT","P50613","undirected","Binding"
"UNIPROT","P05114","UNIPROT","P51946","undirected","Binding"
"UNIPROT","P05114","UNIPROT","P51948","undirected","Binding"
"UNIPROT","P05114","UNIPROT","P52434","undirected","Binding"
"UNIPROT","P05114","UNIPROT","P52435","undirected","Binding"
"UNIPROT","P05114","UNIPROT","P53803","undirected","Binding"
"UNIPROT","P05114","UNIPROT","P61218","undirected","Binding"
"UNIPROT","P05114","UNIPROT","P62487","undirected","Binding"
"UNIPROT","P05114","UNIPROT","P62875","undirected","Binding"
"UNIPROT","P05114","UNIPROT","P62877","undirected","Binding"
"UNIPROT","P05114","UNIPROT","P62979","undirected","Binding"
"UNIPROT","P05114","UNIPROT","P62987","undirected","Binding"
"UNIPROT","P05114","UNIPROT","Q03468","undirected","Binding"
"UNIPROT","P05114","UNIPROT","Q09472","undirected","Binding"
"UNIPROT","P05114","UNIPROT","Q13216","undirected","Binding"
"UNIPROT","P05114","UNIPROT","Q13619","undirected","Binding"
"UNIPROT","P05114","UNIPROT","Q13620","undirected","Binding"
"UNIPROT","P05114","UNIPROT","Q13888","undirected","Binding"
"UNIPROT","P05114","UNIPROT","Q13889","undirected","Binding"
"UNIPROT","P05114","UNIPROT","Q16531","undirected","Binding"
"UNIPROT","P05114","UNIPROT","Q6ZYL4","undirected","Binding"
"UNIPROT","P05114","UNIPROT","Q92759","undirected","Binding"
"UNIPROT","P05114","UNIPROT","Q93009","undirected","Binding"
"UNIPROT","P05114","UNIPROT","Q9HCS7","undirected","Binding"
"UNIPROT","P05114","UNIPROT","Q9ULR0","undirected","Binding"
"UNIPROT","P05114","UNIPROT","Q9UMS4","undirected","Binding"
"UNIPROT","P05114","UNIPROT","Q9UNP9","undirected","Binding"
"UNIPROT","P0CG47","UNIPROT","O60306","undirected","Binding"
"UNIPROT","P0CG47","UNIPROT","P0CG48","undirected","Binding"
"UNIPROT","P0CG47","UNIPROT","P18074","undirected","Binding"
"UNIPROT","P0CG47","UNIPROT","P19447","undirected","Binding"
"UNIPROT","P0CG47","UNIPROT","P23193","undirected","Binding"
"UNIPROT","P0CG47","UNIPROT","P32780","undirected","Binding"
"UNIPROT","P0CG47","UNIPROT","P50613","undirected","Binding"
"UNIPROT","P0CG47","UNIPROT","P51946","undirected","Binding"
"UNIPROT","P0CG47","UNIPROT","P51948","undirected","Binding"
"UNIPROT","P0CG47","UNIPROT","P62877","undirected","Binding"
"UNIPROT","P0CG47","UNIPROT","Q03468","undirected","Binding"
"UNIPROT","P0CG47","UNIPROT","Q09472","undirected","Binding"
"UNIPROT","P0CG47","UNIPROT","Q13216","undirected","Binding"
"UNIPROT","P0CG47","UNIPROT","Q13619","undirected","Binding"
"UNIPROT","P0CG47","UNIPROT","Q13620","undirected","Binding"
"UNIPROT","P0CG47","UNIPROT","Q13888","undirected","Binding"
"UNIPROT","P0CG47","UNIPROT","Q13889","undirected","Binding"
"UNIPROT","P0CG47","UNIPROT","Q16531","undirected","Binding"
"UNIPROT","P0CG47","UNIPROT","Q6ZYL4","undirected","Binding"
"UNIPROT","P0CG47","UNIPROT","Q92759","undirected","Binding"
"UNIPROT","P0CG47","UNIPROT","Q93009","undirected","Binding"
"UNIPROT","P0CG47","UNIPROT","Q9HCS7","undirected","Binding"
"UNIPROT","P0CG47","UNIPROT","Q9ULR0","undirected","Binding"
"UNIPROT","P0CG47","UNIPROT","Q9UMS4","undirected","Binding"
"UNIPROT","P0CG47","UNIPROT","Q9UNP9","undirected","Binding"
"UNIPROT","P0CG48","UNIPROT","O60306","undirected","Binding"
"UNIPROT","P0CG48","UNIPROT","P18074","undirected","Binding"
"UNIPROT","P0CG48","UNIPROT","P19447","undirected","Binding"
"UNIPROT","P0CG48","UNIPROT","P23193","undirected","Binding"
"UNIPROT","P0CG48","UNIPROT","P32780","undirected","Binding"
"UNIPROT","P0CG48","UNIPROT","P50613","undirected","Binding"
"UNIPROT","P0CG48","UNIPROT","P51946","undirected","Binding"
"UNIPROT","P0CG48","UNIPROT","P51948","undirected","Binding"
"UNIPROT","P0CG48","UNIPROT","P62877","undirected","Binding"
"UNIPROT","P0CG48","UNIPROT","Q03468","undirected","Binding"
"UNIPROT","P0CG48","UNIPROT","Q09472","undirected","Binding"
"UNIPROT","P0CG48","UNIPROT","Q13216","undirected","Binding"
"UNIPROT","P0CG48","UNIPROT","Q13619","undirected","Binding"
"UNIPROT","P0CG48","UNIPROT","Q13620","undirected","Binding"
"UNIPROT","P0CG48","UNIPROT","Q13888","undirected","Binding"
"UNIPROT","P0CG48","UNIPROT","Q13889","undirected","Binding"
"UNIPROT","P0CG48","UNIPROT","Q16531","undirected","Binding"
"UNIPROT","P0CG48","UNIPROT","Q6ZYL4","undirected","Binding"
"UNIPROT","P0CG48","UNIPROT","Q92759","undirected","Binding"
"UNIPROT","P0CG48","UNIPROT","Q93009","undirected","Binding"
"UNIPROT","P0CG48","UNIPROT","Q9HCS7","undirected","Binding"
"UNIPROT","P0CG48","UNIPROT","Q9ULR0","undirected","Binding"
"UNIPROT","P0CG48","UNIPROT","Q9UMS4","undirected","Binding"
"UNIPROT","P0CG48","UNIPROT","Q9UNP9","undirected","Binding"
"UNIPROT","P18074","UNIPROT","O60306","undirected","Binding"
"UNIPROT","P18074","UNIPROT","P0CG47","directed","Control(Out: ACTIVATION of BiochemicalReaction)"
"UNIPROT","P18074","UNIPROT","P0CG48","directed","Control(Out: ACTIVATION of BiochemicalReaction)"
"UNIPROT","P18074","UNIPROT","P23193","undirected","Binding"
"UNIPROT","P18074","UNIPROT","P32780","undirected","Binding"
"UNIPROT","P18074","UNIPROT","P62979","directed","Control(Out: ACTIVATION of BiochemicalReaction)"
"UNIPROT","P18074","UNIPROT","P62987","directed","Control(Out: ACTIVATION of BiochemicalReaction)"
"UNIPROT","P18074","UNIPROT","Q03468","undirected","Binding"
"UNIPROT","P18074","UNIPROT","Q09472","undirected","Binding"
"UNIPROT","P18074","UNIPROT","Q13216","undirected","Binding"
"UNIPROT","P18074","UNIPROT","Q13619","undirected","Binding"
"UNIPROT","P18074","UNIPROT","Q13620","undirected","Binding"
"UNIPROT","P18074","UNIPROT","Q13888","undirected","Binding"
"UNIPROT","P18074","UNIPROT","Q16531","undirected","Binding"
"UNIPROT","P18074","UNIPROT","Q9HCS7","undirected","Binding"
"UNIPROT","P18074","UNIPROT","Q9ULR0","undirected","Binding"
"UNIPROT","P18074","UNIPROT","Q9UMS4","undirected","Binding"
"UNIPROT","P18074","UNIPROT","Q9UNP9","undirected","Binding"
"UNIPROT","P19387","UNIPROT","O60306","undirected","Binding"
"UNIPROT","P19387","UNIPROT","P0CG47","directed","Control(Out: ACTIVATION of BiochemicalReaction)"
"UNIPROT","P19387","UNIPROT","P0CG47","undirected","Binding"
"UNIPROT","P19387","UNIPROT","P0CG48","directed","Control(Out: ACTIVATION of BiochemicalReaction)"
"UNIPROT","P19387","UNIPROT","P0CG48","undirected","Binding"
"UNIPROT","P19387","UNIPROT","P18074","undirected","Binding"
"UNIPROT","P19387","UNIPROT","P19388","undirected","Binding"
"UNIPROT","P19387","UNIPROT","P19447","undirected","Binding"
"UNIPROT","P19387","UNIPROT","P23193","undirected","Binding"
"UNIPROT","P19387","UNIPROT","P24928","undirected","Binding"
"UNIPROT","P19387","UNIPROT","P32780","undirected","Binding"
"UNIPROT","P19387","UNIPROT","P50613","undirected","Binding"
"UNIPROT","P19387","UNIPROT","P51946","undirected","Binding"
"UNIPROT","P19387","UNIPROT","P51948","undirected","Binding"
"UNIPROT","P19387","UNIPROT","P52435","undirected","Binding"
"UNIPROT","P19387","UNIPROT","P61218","undirected","Binding"
"UNIPROT","P19387","UNIPROT","P62487","undirected","Binding"
"UNIPROT","P19387","UNIPROT","P62875","undirected","Binding"
"UNIPROT","P19387","UNIPROT","P62877","undirected","Binding"
"UNIPROT","P19387","UNIPROT","P62979","directed","Control(Out: ACTIVATION of BiochemicalReaction)"
"UNIPROT","P19387","UNIPROT","P62979","undirected","Binding"
"UNIPROT","P19387","UNIPROT","P62987","directed","Control(Out: ACTIVATION of BiochemicalReaction)"
"UNIPROT","P19387","UNIPROT","P62987","undirected","Binding"
"UNIPROT","P19387","UNIPROT","Q03468","undirected","Binding"
"UNIPROT","P19387","UNIPROT","Q09472","undirected","Binding"
"UNIPROT","P19387","UNIPROT","Q13216","undirected","Binding"
"UNIPROT","P19387","UNIPROT","Q13619","undirected","Binding"
"UNIPROT","P19387","UNIPROT","Q13620","undirected","Binding"
"UNIPROT","P19387","UNIPROT","Q13888","undirected","Binding"
"UNIPROT","P19387","UNIPROT","Q13889","undirected","Binding"
"UNIPROT","P19387","UNIPROT","Q16531","undirected","Binding"
"UNIPROT","P19387","UNIPROT","Q6ZYL4","undirected","Binding"
"UNIPROT","P19387","UNIPROT","Q92759","undirected","Binding"
"UNIPROT","P19387","UNIPROT","Q93009","undirected","Binding"
"UNIPROT","P19387","UNIPROT","Q9HCS7","undirected","Binding"
"UNIPROT","P19387","UNIPROT","Q9ULR0","undirected","Binding"
"UNIPROT","P19387","UNIPROT","Q9UMS4","undirected","Binding"
"UNIPROT","P19387","UNIPROT","Q9UNP9","undirected","Binding"
"UNIPROT","P19388","UNIPROT","O60306","undirected","Binding"
"UNIPROT","P19388","UNIPROT","P0CG47","directed","Control(Out: ACTIVATION of BiochemicalReaction)"
"UNIPROT","P19388","UNIPROT","P0CG47","undirected","Binding"
"UNIPROT","P19388","UNIPROT","P0CG48","directed","Control(Out: ACTIVATION of BiochemicalReaction)"
"UNIPROT","P19388","UNIPROT","P0CG48","undirected","Binding"
"UNIPROT","P19388","UNIPROT","P18074","undirected","Binding"
"UNIPROT","P19388","UNIPROT","P19447","undirected","Binding"
"UNIPROT","P19388","UNIPROT","P23193","undirected","Binding"
"UNIPROT","P19388","UNIPROT","P32780","undirected","Binding"
"UNIPROT","P19388","UNIPROT","P50613","undirected","Binding"
"UNIPROT","P19388","UNIPROT","P51946","undirected","Binding"
"UNIPROT","P19388","UNIPROT","P51948","undirected","Binding"
"UNIPROT","P19388","UNIPROT","P52435","undirected","Binding"
"UNIPROT","P19388","UNIPROT","P62877","undirected","Binding"
"UNIPROT","P19388","UNIPROT","P62979","directed","Control(Out: ACTIVATION of BiochemicalReaction)"
"UNIPROT","P19388","UNIPROT","P62979","undirected","Binding"
"UNIPROT","P19388","UNIPROT","P62987","directed","Control(Out: ACTIVATION of BiochemicalReaction)"
"UNIPROT","P19388","UNIPROT","P62987","undirected","Binding"
"UNIPROT","P19388","UNIPROT","Q03468","undirected","Binding"
"UNIPROT","P19388","UNIPROT","Q09472","undirected","Binding"
"UNIPROT","P19388","UNIPROT","Q13216","undirected","Binding"
"UNIPROT","P19388","UNIPROT","Q13619","undirected","Binding"
"UNIPROT","P19388","UNIPROT","Q13620","undirected","Binding"
"UNIPROT","P19388","UNIPROT","Q13888","undirected","Binding"
"UNIPROT","P19388","UNIPROT","Q13889","undirected","Binding"
"UNIPROT","P19388","UNIPROT","Q16531","undirected","Binding"
"UNIPROT","P19388","UNIPROT","Q6ZYL4","undirected","Binding"
"UNIPROT","P19388","UNIPROT","Q92759","undirected","Binding"
"UNIPROT","P19388","UNIPROT","Q93009","undirected","Binding"
"UNIPROT","P19388","UNIPROT","Q9HCS7","undirected","Binding"
"UNIPROT","P19388","UNIPROT","Q9ULR0","undirected","Binding"
"UNIPROT","P19388","UNIPROT","Q9UMS4","undirected","Binding"
"UNIPROT","P19388","UNIPROT","Q9UNP9","undirected","Binding"
"UNIPROT","P19447","UNIPROT","O60306","undirected","Binding"
"UNIPROT","P19447","UNIPROT","P0CG47","directed","Control(Out: ACTIVATION of BiochemicalReaction)"
"UNIPROT","P19447","UNIPROT","P0CG48","directed","Control(Out: ACTIVATION of BiochemicalReaction)"
"UNIPROT","P19447","UNIPROT","P18074","undirected","Binding"
"UNIPROT","P19447","UNIPROT","P23193","undirected","Binding"
"UNIPROT","P19447","UNIPROT","P32780","undirected","Binding"
"UNIPROT","P19447","UNIPROT","P50613","undirected","Binding"
"UNIPROT","P19447","UNIPROT","P51946","undirected","Binding"
"UNIPROT","P19447","UNIPROT","P51948","undirected","Binding"
"UNIPROT","P19447","UNIPROT","P62979","directed","Control(Out: ACTIVATION of BiochemicalReaction)"
"UNIPROT","P19447","UNIPROT","P62987","directed","Control(Out: ACTIVATION of BiochemicalReaction)"
"UNIPROT","P19447","UNIPROT","Q03468","undirected","Binding"
"UNIPROT","P19447","UNIPROT","Q09472","undirected","Binding"
"UNIPROT","P19447","UNIPROT","Q13216","undirected","Binding"
"UNIPROT","P19447","UNIPROT","Q13619","undirected","Binding"
"UNIPROT","P19447","UNIPROT","Q13620","undirected","Binding"
"UNIPROT","P19447","UNIPROT","Q13888","undirected","Binding"
"UNIPROT","P19447","UNIPROT","Q16531","undirected","Binding"
"UNIPROT","P19447","UNIPROT","Q9HCS7","undirected","Binding"
"UNIPROT","P19447","UNIPROT","Q9ULR0","undirected","Binding"
"UNIPROT","P19447","UNIPROT","Q9UMS4","undirected","Binding"
"UNIPROT","P19447","UNIPROT","Q9UNP9","undirected","Binding"
"UNIPROT","P23025","UNIPROT","O15514","undirected","Binding"
"UNIPROT","P23025","UNIPROT","O60306","undirected","Binding"
"UNIPROT","P23025","UNIPROT","P05114","undirected","Binding"
"UNIPROT","P23025","UNIPROT","P0CG47","undirected","Binding"
"UNIPROT","P23025","UNIPROT","P0CG48","undirected","Binding"
"UNIPROT","P23025","UNIPROT","P18074","undirected","Binding"
"UNIPROT","P23025","UNIPROT","P19387","undirected","Binding"
"UNIPROT","P23025","UNIPROT","P19388","undirected","Binding"
"UNIPROT","P23025","UNIPROT","P19447","undirected","Binding"
"UNIPROT","P23025","UNIPROT","P23193","undirected","Binding"
"UNIPROT","P23025","UNIPROT","P24928","undirected","Binding"
"UNIPROT","P23025","UNIPROT","P30876","undirected","Binding"
"UNIPROT","P23025","UNIPROT","P32780","undirected","Binding"
"UNIPROT","P23025","UNIPROT","P36954","undirected","Binding"
"UNIPROT","P23025","UNIPROT","P50613","undirected","Binding"
"UNIPROT","P23025","UNIPROT","P51946","undirected","Binding"
"UNIPROT","P23025","UNIPROT","P51948","undirected","Binding"
"UNIPROT","P23025","UNIPROT","P52434","undirected","Binding"
"UNIPROT","P23025","UNIPROT","P52435","undirected","Binding"
"UNIPROT","P23025","UNIPROT","P53803","undirected","Binding"
"UNIPROT","P23025","UNIPROT","P61218","undirected","Binding"
"UNIPROT","P23025","UNIPROT","P62487","undirected","Binding"
"UNIPROT","P23025","UNIPROT","P62875","undirected","Binding"
"UNIPROT","P23025","UNIPROT","P62877","undirected","Binding"
"UNIPROT","P23025","UNIPROT","P62979","undirected","Binding"
"UNIPROT","P23025","UNIPROT","P62987","undirected","Binding"
"UNIPROT","P23025","UNIPROT","Q03468","undirected","Binding"
"UNIPROT","P23025","UNIPROT","Q09472","undirected","Binding"
"UNIPROT","P23025","UNIPROT","Q13216","undirected","Binding"
"UNIPROT","P23025","UNIPROT","Q13619","undirected","Binding"
"UNIPROT","P23025","UNIPROT","Q13620","undirected","Binding"
"UNIPROT","P23025","UNIPROT","Q13888","undirected","Binding"
"UNIPROT","P23025","UNIPROT","Q13889","undirected","Binding"
"UNIPROT","P23025","UNIPROT","Q16531","undirected","Binding"
"UNIPROT","P23025","UNIPROT","Q2YD98","undirected","Binding"
"UNIPROT","P23025","UNIPROT","Q6ZYL4","undirected","Binding"
"UNIPROT","P23025","UNIPROT","Q92759","undirected","Binding"
"UNIPROT","P23025","UNIPROT","Q93009","undirected","Binding"
"UNIPROT","P23025","UNIPROT","Q96NB3","undirected","Binding"
"UNIPROT","P23025","UNIPROT","Q9HCS7","undirected","Binding"
"UNIPROT","P23025","UNIPROT","Q9ULR0","undirected","Binding"
"UNIPROT","P23025","UNIPROT","Q9UMS4","undirected","Binding"
"UNIPROT","P23025","UNIPROT","Q9UNP9","undirected","Binding"
"UNIPROT","P23193","UNIPROT","O60306","undirected","Binding"
"UNIPROT","P23193","UNIPROT","Q03468","undirected","Binding"
"UNIPROT","P23193","UNIPROT","Q09472","undirected","Binding"
"UNIPROT","P23193","UNIPROT","Q13216","undirected","Binding"
"UNIPROT","P23193","UNIPROT","Q13619","undirected","Binding"
"UNIPROT","P23193","UNIPROT","Q13620","undirected","Binding"
"UNIPROT","P23193","UNIPROT","Q16531","undirected","Binding"
"UNIPROT","P23193","UNIPROT","Q9HCS7","undirected","Binding"
"UNIPROT","P23193","UNIPROT","Q9ULR0","undirected","Binding"
"UNIPROT","P23193","UNIPROT","Q9UMS4","undirected","Binding"
"UNIPROT","P23193","UNIPROT","Q9UNP9","undirected","Binding"
"UNIPROT","P24928","UNIPROT","O60306","undirected","Binding"
"UNIPROT","P24928","UNIPROT","P0CG47","directed","Control(Out: ACTIVATION of BiochemicalReaction)"
"UNIPROT","P24928","UNIPROT","P0CG47","undirected","Binding"
"UNIPROT","P24928","UNIPROT","P0CG48","directed","Control(Out: ACTIVATION of BiochemicalReaction)"
"UNIPROT","P24928","UNIPROT","P0CG48","undirected","Binding"
"UNIPROT","P24928","UNIPROT","P18074","undirected","Binding"
"UNIPROT","P24928","UNIPROT","P19388","undirected","Binding"
"UNIPROT","P24928","UNIPROT","P19447","undirected","Binding"
"UNIPROT","P24928","UNIPROT","P23193","undirected","Binding"
"UNIPROT","P24928","UNIPROT","P32780","undirected","Binding"
"UNIPROT","P24928","UNIPROT","P50613","undirected","Binding"
"UNIPROT","P24928","UNIPROT","P51946","undirected","Binding"
"UNIPROT","P24928","UNIPROT","P51948","undirected","Binding"
"UNIPROT","P24928","UNIPROT","P52435","undirected","Binding"
"UNIPROT","P24928","UNIPROT","P62487","undirected","Binding"
"UNIPROT","P24928","UNIPROT","P62877","undirected","Binding"
"UNIPROT","P24928","UNIPROT","P62979","directed","Control(Out: ACTIVATION of BiochemicalReaction)"
"UNIPROT","P24928","UNIPROT","P62979","undirected","Binding"
"UNIPROT","P24928","UNIPROT","P62987","directed","Control(Out: ACTIVATION of BiochemicalReaction)"
"UNIPROT","P24928","UNIPROT","P62987","undirected","Binding"
"UNIPROT","P24928","UNIPROT","Q03468","undirected","Binding"
"UNIPROT","P24928","UNIPROT","Q09472","undirected","Binding"
"UNIPROT","P24928","UNIPROT","Q13216","undirected","Binding"
"UNIPROT","P24928","UNIPROT","Q13619","undirected","Binding"
"UNIPROT","P24928","UNIPROT","Q13620","undirected","Binding"
"UNIPROT","P24928","UNIPROT","Q13888","undirected","Binding"
"UNIPROT","P24928","UNIPROT","Q13889","undirected","Binding"
"UNIPROT","P24928","UNIPROT","Q16531","undirected","Binding"
"UNIPROT","P24928","UNIPROT","Q6ZYL4","undirected","Binding"
"UNIPROT","P24928","UNIPROT","Q92759","undirected","Binding"
"UNIPROT","P24928","UNIPROT","Q93009","undirected","Binding"
"UNIPROT","P24928","UNIPROT","Q9HCS7","undirected","Binding"
"UNIPROT","P24928","UNIPROT","Q9ULR0","undirected","Binding"
"UNIPROT","P24928","UNIPROT","Q9UMS4","undirected","Binding"
"UNIPROT","P24928","UNIPROT","Q9UNP9","undirected","Binding"
"UNIPROT","P30876","UNIPROT","O15514","undirected","Binding"
"UNIPROT","P30876","UNIPROT","O60306","undirected","Binding"
"UNIPROT","P30876","UNIPROT","P0CG47","directed","Control(Out: ACTIVATION of BiochemicalReaction)"
"UNIPROT","P30876","UNIPROT","P0CG47","undirected","Binding"
"UNIPROT","P30876","UNIPROT","P0CG48","directed","Control(Out: ACTIVATION of BiochemicalReaction)"
"UNIPROT","P30876","UNIPROT","P0CG48","undirected","Binding"
"UNIPROT","P30876","UNIPROT","P18074","undirected","Binding"
"UNIPROT","P30876","UNIPROT","P19387","undirected","Binding"
"UNIPROT","P30876","UNIPROT","P19388","undirected","Binding"
"UNIPROT","P30876","UNIPROT","P19447","undirected","Binding"
"UNIPROT","P30876","UNIPROT","P23193","undirected","Binding"
"UNIPROT","P30876","UNIPROT","P24928","undirected","Binding"
"UNIPROT","P30876","UNIPROT","P32780","undirected","Binding"
"UNIPROT","P30876","UNIPROT","P50613","undirected","Binding"
"UNIPROT","P30876","UNIPROT","P51946","undirected","Binding"
"UNIPROT","P30876","UNIPROT","P51948","undirected","Binding"
"UNIPROT","P30876","UNIPROT","P52434","undirected","Binding"
"UNIPROT","P30876","UNIPROT","P52435","undirected","Binding"
"UNIPROT","P30876","UNIPROT","P53803","undirected","Binding"
"UNIPROT","P30876","UNIPROT","P61218","undirected","Binding"
"UNIPROT","P30876","UNIPROT","P62487","undirected","Binding"
"UNIPROT","P30876","UNIPROT","P62875","undirected","Binding"
"UNIPROT","P30876","UNIPROT","P62877","undirected","Binding"
"UNIPROT","P30876","UNIPROT","P62979","directed","Control(Out: ACTIVATION of BiochemicalReaction)"
"UNIPROT","P30876","UNIPROT","P62979","undirected","Binding"
"UNIPROT","P30876","UNIPROT","P62987","directed","Control(Out: ACTIVATION of BiochemicalReaction)"
"UNIPROT","P30876","UNIPROT","P62987","undirected","Binding"
"UNIPROT","P30876","UNIPROT","Q03468","undirected","Binding"
"UNIPROT","P30876","UNIPROT","Q09472","undirected","Binding"
"UNIPROT","P30876","UNIPROT","Q13216","undirected","Binding"
"UNIPROT","P30876","UNIPROT","Q13619","undirected","Binding"
"UNIPROT","P30876","UNIPROT","Q13620","undirected","Binding"
"UNIPROT","P30876","UNIPROT","Q13888","undirected","Binding"
"UNIPROT","P30876","UNIPROT","Q13889","undirected","Binding"
"UNIPROT","P30876","UNIPROT","Q16531","undirected","Binding"
"UNIPROT","P30876","UNIPROT","Q6ZYL4","undirected","Binding"
"UNIPROT","P30876","UNIPROT","Q92759","undirected","Binding"
"UNIPROT","P30876","UNIPROT","Q93009","undirected","Binding"
"UNIPROT","P30876","UNIPROT","Q9HCS7","undirected","Binding"
"UNIPROT","P30876","UNIPROT","Q9ULR0","undirected","Binding"
"UNIPROT","P30876","UNIPROT","Q9UMS4","undirected","Binding"
"UNIPROT","P30876","UNIPROT","Q9UNP9","undirected","Binding"
"UNIPROT","P32780","UNIPROT","O60306","undirected","Binding"
"UNIPROT","P32780","UNIPROT","P0CG47","directed","Control(Out: ACTIVATION of BiochemicalReaction)"
"UNIPROT","P32780","UNIPROT","P0CG48","directed","Control(Out: ACTIVATION of BiochemicalReaction)"
"UNIPROT","P32780","UNIPROT","P23193","undirected","Binding"
"UNIPROT","P32780","UNIPROT","P62979","directed","Control(Out: ACTIVATION of BiochemicalReaction)"
"UNIPROT","P32780","UNIPROT","P62987","directed","Control(Out: ACTIVATION of BiochemicalReaction)"
"UNIPROT","P32780","UNIPROT","Q03468","undirected","Binding"
"UNIPROT","P32780","UNIPROT","Q09472","undirected","Binding"
"UNIPROT","P32780","UNIPROT","Q13216","undirected","Binding"
"UNIPROT","P32780","UNIPROT","Q13619","undirected","Binding"
"UNIPROT","P32780","UNIPROT","Q13620","undirected","Binding"
"UNIPROT","P32780","UNIPROT","Q16531","undirected","Binding"
"UNIPROT","P32780","UNIPROT","Q9HCS7","undirected","Binding"
"UNIPROT","P32780","UNIPROT","Q9ULR0","undirected","Binding"
"UNIPROT","P32780","UNIPROT","Q9UMS4","undirected","Binding"
"UNIPROT","P32780","UNIPROT","Q9UNP9","undirected","Binding"
"UNIPROT","P36954","UNIPROT","O15514","undirected","Binding"
"UNIPROT","P36954","UNIPROT","O60306","undirected","Binding"
"UNIPROT","P36954","UNIPROT","P0CG47","directed","Control(Out: ACTIVATION of BiochemicalReaction)"
"UNIPROT","P36954","UNIPROT","P0CG47","undirected","Binding"
"UNIPROT","P36954","UNIPROT","P0CG48","directed","Control(Out: ACTIVATION of BiochemicalReaction)"
"UNIPROT","P36954","UNIPROT","P0CG48","undirected","Binding"
"UNIPROT","P36954","UNIPROT","P18074","undirected","Binding"
"UNIPROT","P36954","UNIPROT","P19387","undirected","Binding"
"UNIPROT","P36954","UNIPROT","P19388","undirected","Binding"
"UNIPROT","P36954","UNIPROT","P19447","undirected","Binding"
"UNIPROT","P36954","UNIPROT","P23193","undirected","Binding"
"UNIPROT","P36954","UNIPROT","P24928","undirected","Binding"
"UNIPROT","P36954","UNIPROT","P30876","undirected","Binding"
"UNIPROT","P36954","UNIPROT","P32780","undirected","Binding"
"UNIPROT","P36954","UNIPROT","P50613","undirected","Binding"
"UNIPROT","P36954","UNIPROT","P51946","undirected","Binding"
"UNIPROT","P36954","UNIPROT","P51948","undirected","Binding"
"UNIPROT","P36954","UNIPROT","P52434","undirected","Binding"
"UNIPROT","P36954","UNIPROT","P52435","undirected","Binding"
"UNIPROT","P36954","UNIPROT","P53803","undirected","Binding"
"UNIPROT","P36954","UNIPROT","P61218","undirected","Binding"
"UNIPROT","P36954","UNIPROT","P62487","undirected","Binding"
"UNIPROT","P36954","UNIPROT","P62875","undirected","Binding"
"UNIPROT","P36954","UNIPROT","P62877","undirected","Binding"
"UNIPROT","P36954","UNIPROT","P62979","directed","Control(Out: ACTIVATION of BiochemicalReaction)"
"UNIPROT","P36954","UNIPROT","P62979","undirected","Binding"
"UNIPROT","P36954","UNIPROT","P62987","directed","Control(Out: ACTIVATION of BiochemicalReaction)"
"UNIPROT","P36954","UNIPROT","P62987","undirected","Binding"
"UNIPROT","P36954","UNIPROT","Q03468","undirected","Binding"
"UNIPROT","P36954","UNIPROT","Q09472","undirected","Binding"
"UNIPROT","P36954","UNIPROT","Q13216","undirected","Binding"
"UNIPROT","P36954","UNIPROT","Q13619","undirected","Binding"
"UNIPROT","P36954","UNIPROT","Q13620","undirected","Binding"
"UNIPROT","P36954","UNIPROT","Q13888","undirected","Binding"
"UNIPROT","P36954","UNIPROT","Q13889","undirected","Binding"
"UNIPROT","P36954","UNIPROT","Q16531","undirected","Binding"
"UNIPROT","P36954","UNIPROT","Q6ZYL4","undirected","Binding"
"UNIPROT","P36954","UNIPROT","Q92759","undirected","Binding"
"UNIPROT","P36954","UNIPROT","Q93009","undirected","Binding"
"UNIPROT","P36954","UNIPROT","Q9HCS7","undirected","Binding"
"UNIPROT","P36954","UNIPROT","Q9ULR0","undirected","Binding"
"UNIPROT","P36954","UNIPROT","Q9UMS4","undirected","Binding"
"UNIPROT","P36954","UNIPROT","Q9UNP9","undirected","Binding"
"UNIPROT","P50613","UNIPROT","O60306","undirected","Binding"
"UNIPROT","P50613","UNIPROT","P0CG47","directed","Control(Out: ACTIVATION of BiochemicalReaction)"
"UNIPROT","P50613","UNIPROT","P0CG48","directed","Control(Out: ACTIVATION of BiochemicalReaction)"
"UNIPROT","P50613","UNIPROT","P18074","undirected","Binding"
"UNIPROT","P50613","UNIPROT","P23193","undirected","Binding"
"UNIPROT","P50613","UNIPROT","P32780","undirected","Binding"
"UNIPROT","P50613","UNIPROT","P51948","undirected","Binding"
"UNIPROT","P50613","UNIPROT","P62979","directed","Control(Out: ACTIVATION of BiochemicalReaction)"
"UNIPROT","P50613","UNIPROT","P62987","directed","Control(Out: ACTIVATION of BiochemicalReaction)"
"UNIPROT","P50613","UNIPROT","Q03468","undirected","Binding"
"UNIPROT","P50613","UNIPROT","Q09472","undirected","Binding"
"UNIPROT","P50613","UNIPROT","Q13216","undirected","Binding"
"UNIPROT","P50613","UNIPROT","Q13619","undirected","Binding"
"UNIPROT","P50613","UNIPROT","Q13620","undirected","Binding"
"UNIPROT","P50613","UNIPROT","Q13888","undirected","Binding"
"UNIPROT","P50613","UNIPROT","Q16531","undirected","Binding"
"UNIPROT","P50613","UNIPROT","Q9HCS7","undirected","Binding"
"UNIPROT","P50613","UNIPROT","Q9ULR0","undirected","Binding"
"UNIPROT","P50613","UNIPROT","Q9UMS4","undirected","Binding"
"UNIPROT","P50613","UNIPROT","Q9UNP9","undirected","Binding"
"UNIPROT","P51946","UNIPROT","O60306","undirected","Binding"
"UNIPROT","P51946","UNIPROT","P0CG47","directed","Control(Out: ACTIVATION of BiochemicalReaction)"
"UNIPROT","P51946","UNIPROT","P0CG48","directed","Control(Out: ACTIVATION of BiochemicalReaction)"
"UNIPROT","P51946","UNIPROT","P18074","undirected","Binding"
"UNIPROT","P51946","UNIPROT","P23193","undirected","Binding"
"UNIPROT","P51946","UNIPROT","P32780","undirected","Binding"
"UNIPROT","P51946","UNIPROT","P50613","undirected","Binding"
"UNIPROT","P51946","UNIPROT","P51948","undirected","Binding"
"UNIPROT","P51946","UNIPROT","P62979","directed","Control(Out: ACTIVATION of BiochemicalReaction)"
"UNIPROT","P51946","UNIPROT","P62987","directed","Control(Out: ACTIVATION of BiochemicalReaction)"
"UNIPROT","P51946","UNIPROT","Q03468","undirected","Binding"
"UNIPROT","P51946","UNIPROT","Q09472","undirected","Binding"
"UNIPROT","P51946","UNIPROT","Q13216","undirected","Binding"
"UNIPROT","P51946","UNIPROT","Q13619","undirected","Binding"
"UNIPROT","P51946","UNIPROT","Q13620","undirected","Binding"
"UNIPROT","P51946","UNIPROT","Q13888","undirected","Binding"
"UNIPROT","P51946","UNIPROT","Q16531","undirected","Binding"
"UNIPROT","P51946","UNIPROT","Q9HCS7","undirected","Binding"
"UNIPROT","P51946","UNIPROT","Q9ULR0","undirected","Binding"
"UNIPROT","P51946","UNIPROT","Q9UMS4","undirected","Binding"
"UNIPROT","P51946","UNIPROT","Q9UNP9","undirected","Binding"
"UNIPROT","P51948","UNIPROT","O60306","undirected","Binding"
"UNIPROT","P51948","UNIPROT","P0CG47","directed","Control(Out: ACTIVATION of BiochemicalReaction)"
"UNIPROT","P51948","UNIPROT","P0CG48","directed","Control(Out: ACTIVATION of BiochemicalReaction)"
"UNIPROT","P51948","UNIPROT","P18074","undirected","Binding"
"UNIPROT","P51948","UNIPROT","P23193","undirected","Binding"
"UNIPROT","P51948","UNIPROT","P32780","undirected","Binding"
"UNIPROT","P51948","UNIPROT","P62979","directed","Control(Out: ACTIVATION of BiochemicalReaction)"
"UNIPROT","P51948","UNIPROT","P62987","directed","Control(Out: ACTIVATION of BiochemicalReaction)"
"UNIPROT","P51948","UNIPROT","Q03468","undirected","Binding"
"UNIPROT","P51948","UNIPROT","Q09472","undirected","Binding"
"UNIPROT","P51948","UNIPROT","Q13216","undirected","Binding"
"UNIPROT","P51948","UNIPROT","Q13619","undirected","Binding"
"UNIPROT","P51948","UNIPROT","Q13620","undirected","Binding"
"UNIPROT","P51948","UNIPROT","Q13888","undirected","Binding"
"UNIPROT","P51948","UNIPROT","Q16531","undirected","Binding"
"UNIPROT","P51948","UNIPROT","Q9HCS7","undirected","Binding"
"UNIPROT","P51948","UNIPROT","Q9ULR0","undirected","Binding"
"UNIPROT","P51948","UNIPROT","Q9UMS4","undirected","Binding"
"UNIPROT","P51948","UNIPROT","Q9UNP9","undirected","Binding"
"UNIPROT","P52434","UNIPROT","O60306","undirected","Binding"
"UNIPROT","P52434","UNIPROT","P0CG47","directed","Control(Out: ACTIVATION of BiochemicalReaction)"
"UNIPROT","P52434","UNIPROT","P0CG47","undirected","Binding"
"UNIPROT","P52434","UNIPROT","P0CG48","directed","Control(Out: ACTIVATION of BiochemicalReaction)"
"UNIPROT","P52434","UNIPROT","P0CG48","undirected","Binding"
"UNIPROT","P52434","UNIPROT","P18074","undirected","Binding"
"UNIPROT","P52434","UNIPROT","P19387","undirected","Binding"
"UNIPROT","P52434","UNIPROT","P19388","undirected","Binding"
"UNIPROT","P52434","UNIPROT","P19447","undirected","Binding"
"UNIPROT","P52434","UNIPROT","P23193","undirected","Binding"
"UNIPROT","P52434","UNIPROT","P24928","undirected","Binding"
"UNIPROT","P52434","UNIPROT","P32780","undirected","Binding"
"UNIPROT","P52434","UNIPROT","P50613","undirected","Binding"
"UNIPROT","P52434","UNIPROT","P51946","undirected","Binding"
"UNIPROT","P52434","UNIPROT","P51948","undirected","Binding"
"UNIPROT","P52434","UNIPROT","P52435","undirected","Binding"
"UNIPROT","P52434","UNIPROT","P61218","undirected","Binding"
"UNIPROT","P52434","UNIPROT","P62487","undirected","Binding"
"UNIPROT","P52434","UNIPROT","P62875","undirected","Binding"
"UNIPROT","P52434","UNIPROT","P62877","undirected","Binding"
"UNIPROT","P52434","UNIPROT","P62979","directed","Control(Out: ACTIVATION of BiochemicalReaction)"
"UNIPROT","P52434","UNIPROT","P62979","undirected","Binding"
"UNIPROT","P52434","UNIPROT","P62987","directed","Control(Out: ACTIVATION of BiochemicalReaction)"
"UNIPROT","P52434","UNIPROT","P62987","undirected","Binding"
"UNIPROT","P52434","UNIPROT","Q03468","undirected","Binding"
"UNIPROT","P52434","UNIPROT","Q09472","undirected","Binding"
"UNIPROT","P52434","UNIPROT","Q13216","undirected","Binding"
"UNIPROT","P52434","UNIPROT","Q13619","undirected","Binding"
"UNIPROT","P52434","UNIPROT","Q13620","undirected","Binding"
"UNIPROT","P52434","UNIPROT","Q13888","undirected","Binding"
"UNIPROT","P52434","UNIPROT","Q13889","undirected","Binding"
"UNIPROT","P52434","UNIPROT","Q16531","undirected","Binding"
"UNIPROT","P52434","UNIPROT","Q6ZYL4","undirected","Binding"
"UNIPROT","P52434","UNIPROT","Q92759","undirected","Binding"
"UNIPROT","P52434","UNIPROT","Q93009","undirected","Binding"
"UNIPROT","P52434","UNIPROT","Q9HCS7","undirected","Binding"
"UNIPROT","P52434","UNIPROT","Q9ULR0","undirected","Binding"
"UNIPROT","P52434","UNIPROT","Q9UMS4","undirected","Binding"
"UNIPROT","P52434","UNIPROT","Q9UNP9","undirected","Binding"
"UNIPROT","P52435","UNIPROT","O60306","undirected","Binding"
"UNIPROT","P52435","UNIPROT","P0CG47","directed","Control(Out: ACTIVATION of BiochemicalReaction)"
"UNIPROT","P52435","UNIPROT","P0CG47","undirected","Binding"
"UNIPROT","P52435","UNIPROT","P0CG48","directed","Control(Out: ACTIVATION of BiochemicalReaction)"
"UNIPROT","P52435","UNIPROT","P0CG48","undirected","Binding"
"UNIPROT","P52435","UNIPROT","P18074","undirected","Binding"
"UNIPROT","P52435","UNIPROT","P19447","undirected","Binding"
"UNIPROT","P52435","UNIPROT","P23193","undirected","Binding"
"UNIPROT","P52435","UNIPROT","P32780","undirected","Binding"
"UNIPROT","P52435","UNIPROT","P50613","undirected","Binding"
"UNIPROT","P52435","UNIPROT","P51946","undirected","Binding"
"UNIPROT","P52435","UNIPROT","P51948","undirected","Binding"
"UNIPROT","P52435","UNIPROT","P62877","undirected","Binding"
"UNIPROT","P52435","UNIPROT","P62979","directed","Control(Out: ACTIVATION of BiochemicalReaction)"
"UNIPROT","P52435","UNIPROT","P62979","undirected","Binding"
"UNIPROT","P52435","UNIPROT","P62987","directed","Control(Out: ACTIVATION of BiochemicalReaction)"
"UNIPROT","P52435","UNIPROT","P62987","undirected","Binding"
"UNIPROT","P52435","UNIPROT","Q03468","undirected","Binding"
"UNIPROT","P52435","UNIPROT","Q09472","undirected","Binding"
"UNIPROT","P52435","UNIPROT","Q13216","undirected","Binding"
"UNIPROT","P52435","UNIPROT","Q13619","undirected","Binding"
"UNIPROT","P52435","UNIPROT","Q13620","undirected","Binding"
"UNIPROT","P52435","UNIPROT","Q13888","undirected","Binding"
"UNIPROT","P52435","UNIPROT","Q13889","undirected","Binding"
"UNIPROT","P52435","UNIPROT","Q16531","undirected","Binding"
"UNIPROT","P52435","UNIPROT","Q6ZYL4","undirected","Binding"
"UNIPROT","P52435","UNIPROT","Q92759","undirected","Binding"
"UNIPROT","P52435","UNIPROT","Q93009","undirected","Binding"
"UNIPROT","P52435","UNIPROT","Q9HCS7","undirected","Binding"
"UNIPROT","P52435","UNIPROT","Q9ULR0","undirected","Binding"
"UNIPROT","P52435","UNIPROT","Q9UMS4","undirected","Binding"
"UNIPROT","P52435","UNIPROT","Q9UNP9","undirected","Binding"
"UNIPROT","P53803","UNIPROT","O15514","undirected","Binding"
"UNIPROT","P53803","UNIPROT","O60306","undirected","Binding"
"UNIPROT","P53803","UNIPROT","P0CG47","directed","Control(Out: ACTIVATION of BiochemicalReaction)"
"UNIPROT","P53803","UNIPROT","P0CG47","undirected","Binding"
"UNIPROT","P53803","UNIPROT","P0CG48","directed","Control(Out: ACTIVATION of BiochemicalReaction)"
"UNIPROT","P53803","UNIPROT","P0CG48","undirected","Binding"
"UNIPROT","P53803","UNIPROT","P18074","undirected","Binding"
"UNIPROT","P53803","UNIPROT","P19387","undirected","Binding"
"UNIPROT","P53803","UNIPROT","P19388","undirected","Binding"
"UNIPROT","P53803","UNIPROT","P19447","undirected","Binding"
"UNIPROT","P53803","UNIPROT","P23193","undirected","Binding"
"UNIPROT","P53803","UNIPROT","P24928","undirected","Binding"
"UNIPROT","P53803","UNIPROT","P32780","undirected","Binding"
"UNIPROT","P53803","UNIPROT","P50613","undirected","Binding"
"UNIPROT","P53803","UNIPROT","P51946","undirected","Binding"
"UNIPROT","P53803","UNIPROT","P51948","undirected","Binding"
"UNIPROT","P53803","UNIPROT","P52434","undirected","Binding"
"UNIPROT","P53803","UNIPROT","P52435","undirected","Binding"
"UNIPROT","P53803","UNIPROT","P61218","undirected","Binding"
"UNIPROT","P53803","UNIPROT","P62487","undirected","Binding"
"UNIPROT","P53803","UNIPROT","P62875","undirected","Binding"
"UNIPROT","P53803","UNIPROT","P62877","undirected","Binding"
"UNIPROT","P53803","UNIPROT","P62979","directed","Control(Out: ACTIVATION of BiochemicalReaction)"
"UNIPROT","P53803","UNIPROT","P62979","undirected","Binding"
"UNIPROT","P53803","UNIPROT","P62987","directed","Control(Out: ACTIVATION of BiochemicalReaction)"
"UNIPROT","P53803","UNIPROT","P62987","undirected","Binding"
"UNIPROT","P53803","UNIPROT","Q03468","undirected","Binding"
"UNIPROT","P53803","UNIPROT","Q09472","undirected","Binding"
"UNIPROT","P53803","UNIPROT","Q13216","undirected","Binding"
"UNIPROT","P53803","UNIPROT","Q13619","undirected","Binding"
"UNIPROT","P53803","UNIPROT","Q13620","undirected","Binding"
"UNIPROT","P53803","UNIPROT","Q13888","undirected","Binding"
"UNIPROT","P53803","UNIPROT","Q13889","undirected","Binding"
"UNIPROT","P53803","UNIPROT","Q16531","undirected","Binding"
"UNIPROT","P53803","UNIPROT","Q6ZYL4","undirected","Binding"
"UNIPROT","P53803","UNIPROT","Q92759","undirected","Binding"
"UNIPROT","P53803","UNIPROT","Q93009","undirected","Binding"
"UNIPROT","P53803","UNIPROT","Q9HCS7","undirected","Binding"
"UNIPROT","P53803","UNIPROT","Q9ULR0","undirected","Binding"
"UNIPROT","P53803","UNIPROT","Q9UMS4","undirected","Binding"
"UNIPROT","P53803","UNIPROT","Q9UNP9","undirected","Binding"
"UNIPROT","P61201","UNIPROT","P62877","undirected","Binding"
"UNIPROT","P61201","UNIPROT","Q13098","undirected","Binding"
"UNIPROT","P61201","UNIPROT","Q13216","undirected","Binding"
"UNIPROT","P61201","UNIPROT","Q13619","undirected","Binding"
"UNIPROT","P61201","UNIPROT","Q13620","undirected","Binding"
"UNIPROT","P61201","UNIPROT","Q16531","undirected","Binding"
"UNIPROT","P61201","UNIPROT","Q7L5N1","undirected","Binding"
"UNIPROT","P61201","UNIPROT","Q92905","undirected","Binding"
"UNIPROT","P61201","UNIPROT","Q99627","undirected","Binding"
"UNIPROT","P61201","UNIPROT","Q9BT78","undirected","Binding"
"UNIPROT","P61201","UNIPROT","Q9H9Q2","undirected","Binding"
"UNIPROT","P61201","UNIPROT","Q9UBW8","undirected","Binding"
"UNIPROT","P61201","UNIPROT","Q9UNS2","undirected","Binding"
"UNIPROT","P61218","UNIPROT","O60306","undirected","Binding"
"UNIPROT","P61218","UNIPROT","P0CG47","directed","Control(Out: ACTIVATION of BiochemicalReaction)"
"UNIPROT","P61218","UNIPROT","P0CG47","undirected","Binding"
"UNIPROT","P61218","UNIPROT","P0CG48","directed","Control(Out: ACTIVATION of BiochemicalReaction)"
"UNIPROT","P61218","UNIPROT","P0CG48","undirected","Binding"
"UNIPROT","P61218","UNIPROT","P18074","undirected","Binding"
"UNIPROT","P61218","UNIPROT","P19388","undirected","Binding"
"UNIPROT","P61218","UNIPROT","P19447","undirected","Binding"
"UNIPROT","P61218","UNIPROT","P23193","undirected","Binding"
"UNIPROT","P61218","UNIPROT","P24928","undirected","Binding"
"UNIPROT","P61218","UNIPROT","P32780","undirected","Binding"
"UNIPROT","P61218","UNIPROT","P50613","undirected","Binding"
"UNIPROT","P61218","UNIPROT","P51946","undirected","Binding"
"UNIPROT","P61218","UNIPROT","P51948","undirected","Binding"
"UNIPROT","P61218","UNIPROT","P52435","undirected","Binding"
"UNIPROT","P61218","UNIPROT","P62487","undirected","Binding"
"UNIPROT","P61218","UNIPROT","P62877","undirected","Binding"
"UNIPROT","P61218","UNIPROT","P62979","directed","Control(Out: ACTIVATION of BiochemicalReaction)"
"UNIPROT","P61218","UNIPROT","P62979","undirected","Binding"
"UNIPROT","P61218","UNIPROT","P62987","directed","Control(Out: ACTIVATION of BiochemicalReaction)"
"UNIPROT","P61218","UNIPROT","P62987","undirected","Binding"
"UNIPROT","P61218","UNIPROT","Q03468","undirected","Binding"
"UNIPROT","P61218","UNIPROT","Q09472","undirected","Binding"
"UNIPROT","P61218","UNIPROT","Q13216","undirected","Binding"
"UNIPROT","P61218","UNIPROT","Q13619","undirected","Binding"
"UNIPROT","P61218","UNIPROT","Q13620","undirected","Binding"
"UNIPROT","P61218","UNIPROT","Q13888","undirected","Binding"
"UNIPROT","P61218","UNIPROT","Q13889","undirected","Binding"
"UNIPROT","P61218","UNIPROT","Q16531","undirected","Binding"
"UNIPROT","P61218","UNIPROT","Q6ZYL4","undirected","Binding"
"UNIPROT","P61218","UNIPROT","Q92759","undirected","Binding"
"UNIPROT","P61218","UNIPROT","Q93009","undirected","Binding"
"UNIPROT","P61218","UNIPROT","Q9HCS7","undirected","Binding"
"UNIPROT","P61218","UNIPROT","Q9ULR0","undirected","Binding"
"UNIPROT","P61218","UNIPROT","Q9UMS4","undirected","Binding"
"UNIPROT","P61218","UNIPROT","Q9UNP9","undirected","Binding"
"UNIPROT","P62487","UNIPROT","O60306","undirected","Binding"
"UNIPROT","P62487","UNIPROT","P0CG47","directed","Control(Out: ACTIVATION of BiochemicalReaction)"
"UNIPROT","P62487","UNIPROT","P0CG47","undirected","Binding"
"UNIPROT","P62487","UNIPROT","P0CG48","directed","Control(Out: ACTIVATION of BiochemicalReaction)"
"UNIPROT","P62487","UNIPROT","P0CG48","undirected","Binding"
"UNIPROT","P62487","UNIPROT","P18074","undirected","Binding"
"UNIPROT","P62487","UNIPROT","P19388","undirected","Binding"
"UNIPROT","P62487","UNIPROT","P19447","undirected","Binding"
"UNIPROT","P62487","UNIPROT","P23193","undirected","Binding"
"UNIPROT","P62487","UNIPROT","P32780","undirected","Binding"
"UNIPROT","P62487","UNIPROT","P50613","undirected","Binding"
"UNIPROT","P62487","UNIPROT","P51946","undirected","Binding"
"UNIPROT","P62487","UNIPROT","P51948","undirected","Binding"
"UNIPROT","P62487","UNIPROT","P52435","undirected","Binding"
"UNIPROT","P62487","UNIPROT","P62877","undirected","Binding"
"UNIPROT","P62487","UNIPROT","P62979","directed","Control(Out: ACTIVATION of BiochemicalReaction)"
"UNIPROT","P62487","UNIPROT","P62979","undirected","Binding"
"UNIPROT","P62487","UNIPROT","P62987","directed","Control(Out: ACTIVATION of BiochemicalReaction)"
"UNIPROT","P62487","UNIPROT","P62987","undirected","Binding"
"UNIPROT","P62487","UNIPROT","Q03468","undirected","Binding"
"UNIPROT","P62487","UNIPROT","Q09472","undirected","Binding"
"UNIPROT","P62487","UNIPROT","Q13216","undirected","Binding"
"UNIPROT","P62487","UNIPROT","Q13619","undirected","Binding"
"UNIPROT","P62487","UNIPROT","Q13620","undirected","Binding"
"UNIPROT","P62487","UNIPROT","Q13888","undirected","Binding"
"UNIPROT","P62487","UNIPROT","Q13889","undirected","Binding"
"UNIPROT","P62487","UNIPROT","Q16531","undirected","Binding"
"UNIPROT","P62487","UNIPROT","Q6ZYL4","undirected","Binding"
"UNIPROT","P62487","UNIPROT","Q92759","undirected","Binding"
"UNIPROT","P62487","UNIPROT","Q93009","undirected","Binding"
"UNIPROT","P62487","UNIPROT","Q9HCS7","undirected","Binding"
"UNIPROT","P62487","UNIPROT","Q9ULR0","undirected","Binding"
"UNIPROT","P62487","UNIPROT","Q9UMS4","undirected","Binding"
"UNIPROT","P62487","UNIPROT","Q9UNP9","undirected","Binding"
"UNIPROT","P62875","UNIPROT","O60306","undirected","Binding"
"UNIPROT","P62875","UNIPROT","P0CG47","directed","Control(Out: ACTIVATION of BiochemicalReaction)"
"UNIPROT","P62875","UNIPROT","P0CG47","undirected","Binding"
"UNIPROT","P62875","UNIPROT","P0CG48","directed","Control(Out: ACTIVATION of BiochemicalReaction)"
"UNIPROT","P62875","UNIPROT","P0CG48","undirected","Binding"
"UNIPROT","P62875","UNIPROT","P18074","undirected","Binding"
"UNIPROT","P62875","UNIPROT","P19388","undirected","Binding"
"UNIPROT","P62875","UNIPROT","P19447","undirected","Binding"
"UNIPROT","P62875","UNIPROT","P23193","undirected","Binding"
"UNIPROT","P62875","UNIPROT","P24928","undirected","Binding"
"UNIPROT","P62875","UNIPROT","P32780","undirected","Binding"
"UNIPROT","P62875","UNIPROT","P50613","undirected","Binding"
"UNIPROT","P62875","UNIPROT","P51946","undirected","Binding"
"UNIPROT","P62875","UNIPROT","P51948","undirected","Binding"
"UNIPROT","P62875","UNIPROT","P52435","undirected","Binding"
"UNIPROT","P62875","UNIPROT","P61218","undirected","Binding"
"UNIPROT","P62875","UNIPROT","P62487","undirected","Binding"
"UNIPROT","P62875","UNIPROT","P62877","undirected","Binding"
"UNIPROT","P62875","UNIPROT","P62979","directed","Control(Out: ACTIVATION of BiochemicalReaction)"
"UNIPROT","P62875","UNIPROT","P62979","undirected","Binding"
"UNIPROT","P62875","UNIPROT","P62987","directed","Control(Out: ACTIVATION of BiochemicalReaction)"
"UNIPROT","P62875","UNIPROT","P62987","undirected","Binding"
"UNIPROT","P62875","UNIPROT","Q03468","undirected","Binding"
"UNIPROT","P62875","UNIPROT","Q09472","undirected","Binding"
"UNIPROT","P62875","UNIPROT","Q13216","undirected","Binding"
"UNIPROT","P62875","UNIPROT","Q13619","undirected","Binding"
"UNIPROT","P62875","UNIPROT","Q13620","undirected","Binding"
"UNIPROT","P62875","UNIPROT","Q13888","undirected","Binding"
"UNIPROT","P62875","UNIPROT","Q13889","undirected","Binding"
"UNIPROT","P62875","UNIPROT","Q16531","undirected","Binding"
"UNIPROT","P62875","UNIPROT","Q6ZYL4","undirected","Binding"
"UNIPROT","P62875","UNIPROT","Q92759","undirected","Binding"
"UNIPROT","P62875","UNIPROT","Q93009","undirected","Binding"
"UNIPROT","P62875","UNIPROT","Q9HCS7","undirected","Binding"
"UNIPROT","P62875","UNIPROT","Q9ULR0","undirected","Binding"
"UNIPROT","P62875","UNIPROT","Q9UMS4","undirected","Binding"
"UNIPROT","P62875","UNIPROT","Q9UNP9","undirected","Binding"
"UNIPROT","P62877","UNIPROT","O60306","undirected","Binding"
"UNIPROT","P62877","UNIPROT","P0CG47","directed","Control(Out: ACTIVATION of BiochemicalReaction)"
"UNIPROT","P62877","UNIPROT","P0CG48","directed","Control(Out: ACTIVATION of BiochemicalReaction)"
"UNIPROT","P62877","UNIPROT","P18074","undirected","Binding"
"UNIPROT","P62877","UNIPROT","P19447","undirected","Binding"
"UNIPROT","P62877","UNIPROT","P23193","undirected","Binding"
"UNIPROT","P62877","UNIPROT","P32780","undirected","Binding"
"UNIPROT","P62877","UNIPROT","P50613","undirected","Binding"
"UNIPROT","P62877","UNIPROT","P51946","undirected","Binding"
"UNIPROT","P62877","UNIPROT","P51948","undirected","Binding"
"UNIPROT","P62877","UNIPROT","P62979","directed","Control(Out: ACTIVATION of BiochemicalReaction)"
"UNIPROT","P62877","UNIPROT","P62987","directed","Control(Out: ACTIVATION of BiochemicalReaction)"
"UNIPROT","P62877","UNIPROT","Q03468","undirected","Binding"
"UNIPROT","P62877","UNIPROT","Q09472","undirected","Binding"
"UNIPROT","P62877","UNIPROT","Q13216","undirected","Binding"
"UNIPROT","P62877","UNIPROT","Q13619","undirected","Binding"
"UNIPROT","P62877","UNIPROT","Q13620","undirected","Binding"
"UNIPROT","P62877","UNIPROT","Q13888","undirected","Binding"
"UNIPROT","P62877","UNIPROT","Q13889","undirected","Binding"
"UNIPROT","P62877","UNIPROT","Q16531","undirected","Binding"
"UNIPROT","P62877","UNIPROT","Q6ZYL4","undirected","Binding"
"UNIPROT","P62877","UNIPROT","Q7L5N1","undirected","Binding"
"UNIPROT","P62877","UNIPROT","Q92759","undirected","Binding"
"UNIPROT","P62877","UNIPROT","Q92905","undirected","Binding"
"UNIPROT","P62877","UNIPROT","Q99627","undirected","Binding"
"UNIPROT","P62877","UNIPROT","Q9H9Q2","undirected","Binding"
"UNIPROT","P62877","UNIPROT","Q9HCS7","undirected","Binding"
"UNIPROT","P62877","UNIPROT","Q9UBW8","undirected","Binding"
"UNIPROT","P62877","UNIPROT","Q9ULR0","undirected","Binding"
"UNIPROT","P62877","UNIPROT","Q9UMS4","undirected","Binding"
"UNIPROT","P62877","UNIPROT","Q9UNP9","undirected","Binding"
"UNIPROT","P62877","UNIPROT","Q9UNS2","undirected","Binding"
"UNIPROT","P62979","UNIPROT","O60306","undirected","Binding"
"UNIPROT","P62979","UNIPROT","P0CG47","undirected","Binding"
"UNIPROT","P62979","UNIPROT","P0CG48","undirected","Binding"
"UNIPROT","P62979","UNIPROT","P18074","undirected","Binding"
"UNIPROT","P62979","UNIPROT","P19447","undirected","Binding"
"UNIPROT","P62979","UNIPROT","P23193","undirected","Binding"
"UNIPROT","P62979","UNIPROT","P32780","undirected","Binding"
"UNIPROT","P62979","UNIPROT","P50613","undirected","Binding"
"UNIPROT","P62979","UNIPROT","P51946","undirected","Binding"
"UNIPROT","P62979","UNIPROT","P51948","undirected","Binding"
"UNIPROT","P62979","UNIPROT","P62877","undirected","Binding"
"UNIPROT","P62979","UNIPROT","P62987","undirected","Binding"
"UNIPROT","P62979","UNIPROT","Q03468","undirected","Binding"
"UNIPROT","P62979","UNIPROT","Q09472","undirected","Binding"
"UNIPROT","P62979","UNIPROT","Q13216","undirected","Binding"
"UNIPROT","P62979","UNIPROT","Q13619","undirected","Binding"
"UNIPROT","P62979","UNIPROT","Q13620","undirected","Binding"
"UNIPROT","P62979","UNIPROT","Q13888","undirected","Binding"
"UNIPROT","P62979","UNIPROT","Q13889","undirected","Binding"
"UNIPROT","P62979","UNIPROT","Q16531","undirected","Binding"
"UNIPROT","P62979","UNIPROT","Q6ZYL4","undirected","Binding"
"UNIPROT","P62979","UNIPROT","Q92759","undirected","Binding"
"UNIPROT","P62979","UNIPROT","Q93009","undirected","Binding"
"UNIPROT","P62979","UNIPROT","Q9HCS7","undirected","Binding"
"UNIPROT","P62979","UNIPROT","Q9ULR0","undirected","Binding"
"UNIPROT","P62979","UNIPROT","Q9UMS4","undirected","Binding"
"UNIPROT","P62979","UNIPROT","Q9UNP9","undirected","Binding"
"UNIPROT","P62987","UNIPROT","O60306","undirected","Binding"
"UNIPROT","P62987","UNIPROT","P0CG47","undirected","Binding"
"UNIPROT","P62987","UNIPROT","P0CG48","undirected","Binding"
"UNIPROT","P62987","UNIPROT","P18074","undirected","Binding"
"UNIPROT","P62987","UNIPROT","P19447","undirected","Binding"
"UNIPROT","P62987","UNIPROT","P23193","undirected","Binding"
"UNIPROT","P62987","UNIPROT","P32780","undirected","Binding"
"UNIPROT","P62987","UNIPROT","P50613","undirected","Binding"
"UNIPROT","P62987","UNIPROT","P51946","undirected","Binding"
"UNIPROT","P62987","UNIPROT","P51948","undirected","Binding"
"UNIPROT","P62987","UNIPROT","P62877","undirected","Binding"
"UNIPROT","P62987","UNIPROT","Q03468","undirected","Binding"
"UNIPROT","P62987","UNIPROT","Q09472","undirected","Binding"
"UNIPROT","P62987","UNIPROT","Q13216","undirected","Binding"
"UNIPROT","P62987","UNIPROT","Q13619","undirected","Binding"
"UNIPROT","P62987","UNIPROT","Q13620","undirected","Binding"
"UNIPROT","P62987","UNIPROT","Q13888","undirected","Binding"
"UNIPROT","P62987","UNIPROT","Q13889","undirected","Binding"
"UNIPROT","P62987","UNIPROT","Q16531","undirected","Binding"
"UNIPROT","P62987","UNIPROT","Q6ZYL4","undirected","Binding"
"UNIPROT","P62987","UNIPROT","Q92759","undirected","Binding"
"UNIPROT","P62987","UNIPROT","Q93009","undirected","Binding"
"UNIPROT","P62987","UNIPROT","Q9HCS7","undirected","Binding"
"UNIPROT","P62987","UNIPROT","Q9ULR0","undirected","Binding"
"UNIPROT","P62987","UNIPROT","Q9UMS4","undirected","Binding"
"UNIPROT","P62987","UNIPROT","Q9UNP9","undirected","Binding"
"UNIPROT","Q03468","UNIPROT","P0CG47","directed","Control(Out: ACTIVATION of BiochemicalReaction)"
"UNIPROT","Q03468","UNIPROT","P0CG48","directed","Control(Out: ACTIVATION of BiochemicalReaction)"
"UNIPROT","Q03468","UNIPROT","P62979","directed","Control(Out: ACTIVATION of BiochemicalReaction)"
"UNIPROT","Q03468","UNIPROT","P62987","directed","Control(Out: ACTIVATION of BiochemicalReaction)"
"UNIPROT","Q09472","UNIPROT","O60306","undirected","Binding"
"UNIPROT","Q09472","UNIPROT","Q03468","undirected","Binding"
"UNIPROT","Q09472","UNIPROT","Q9HCS7","undirected","Binding"
"UNIPROT","Q09472","UNIPROT","Q9ULR0","undirected","Binding"
"UNIPROT","Q09472","UNIPROT","Q9UMS4","undirected","Binding"
"UNIPROT","Q09472","UNIPROT","Q9UNP9","undirected","Binding"
"UNIPROT","Q13098","UNIPROT","P62877","undirected","Binding"
"UNIPROT","Q13098","UNIPROT","Q13216","undirected","Binding"
"UNIPROT","Q13098","UNIPROT","Q13619","undirected","Binding"
"UNIPROT","Q13098","UNIPROT","Q13620","undirected","Binding"
"UNIPROT","Q13098","UNIPROT","Q16531","undirected","Binding"
"UNIPROT","Q13098","UNIPROT","Q7L5N1","undirected","Binding"
"UNIPROT","Q13098","UNIPROT","Q92905","undirected","Binding"
"UNIPROT","Q13098","UNIPROT","Q99627","undirected","Binding"
"UNIPROT","Q13098","UNIPROT","Q9H9Q2","undirected","Binding"
"UNIPROT","Q13098","UNIPROT","Q9UBW8","undirected","Binding"
"UNIPROT","Q13098","UNIPROT","Q9UNS2","undirected","Binding"
"UNIPROT","Q13216","UNIPROT","O60306","undirected","Binding"
"UNIPROT","Q13216","UNIPROT","P0CG47","directed","Control(Out: ACTIVATION of BiochemicalReaction)"
"UNIPROT","Q13216","UNIPROT","P0CG48","directed","Control(Out: ACTIVATION of BiochemicalReaction)"
"UNIPROT","Q13216","UNIPROT","P62979","directed","Control(Out: ACTIVATION of BiochemicalReaction)"
"UNIPROT","Q13216","UNIPROT","P62987","directed","Control(Out: ACTIVATION of BiochemicalReaction)"
"UNIPROT","Q13216","UNIPROT","Q03468","undirected","Binding"
"UNIPROT","Q13216","UNIPROT","Q09472","undirected","Binding"
"UNIPROT","Q13216","UNIPROT","Q16531","undirected","Binding"
"UNIPROT","Q13216","UNIPROT","Q7L5N1","undirected","Binding"
"UNIPROT","Q13216","UNIPROT","Q92905","undirected","Binding"
"UNIPROT","Q13216","UNIPROT","Q99627","undirected","Binding"
"UNIPROT","Q13216","UNIPROT","Q9H9Q2","undirected","Binding"
"UNIPROT","Q13216","UNIPROT","Q9HCS7","undirected","Binding"
"UNIPROT","Q13216","UNIPROT","Q9UBW8","undirected","Binding"
"UNIPROT","Q13216","UNIPROT","Q9ULR0","undirected","Binding"
"UNIPROT","Q13216","UNIPROT","Q9UMS4","undirected","Binding"
"UNIPROT","Q13216","UNIPROT","Q9UNP9","undirected","Binding"
"UNIPROT","Q13216","UNIPROT","Q9UNS2","undirected","Binding"
"UNIPROT","Q13619","UNIPROT","O60306","undirected","Binding"
"UNIPROT","Q13619","UNIPROT","P0CG47","directed","Control(Out: ACTIVATION of BiochemicalReaction)"
"UNIPROT","Q13619","UNIPROT","P0CG48","directed","Control(Out: ACTIVATION of BiochemicalReaction)"
"UNIPROT","Q13619","UNIPROT","P62979","directed","Control(Out: ACTIVATION of BiochemicalReaction)"
"UNIPROT","Q13619","UNIPROT","P62987","directed","Control(Out: ACTIVATION of BiochemicalReaction)"
"UNIPROT","Q13619","UNIPROT","Q03468","undirected","Binding"
"UNIPROT","Q13619","UNIPROT","Q09472","undirected","Binding"
"UNIPROT","Q13619","UNIPROT","Q13216","undirected","Binding"
"UNIPROT","Q13619","UNIPROT","Q16531","undirected","Binding"
"UNIPROT","Q13619","UNIPROT","Q7L5N1","undirected","Binding"
"UNIPROT","Q13619","UNIPROT","Q92905","undirected","Binding"
"UNIPROT","Q13619","UNIPROT","Q99627","undirected","Binding"
"UNIPROT","Q13619","UNIPROT","Q9H9Q2","undirected","Binding"
"UNIPROT","Q13619","UNIPROT","Q9HCS7","undirected","Binding"
"UNIPROT","Q13619","UNIPROT","Q9UBW8","undirected","Binding"
"UNIPROT","Q13619","UNIPROT","Q9ULR0","undirected","Binding"
"UNIPROT","Q13619","UNIPROT","Q9UMS4","undirected","Binding"
"UNIPROT","Q13619","UNIPROT","Q9UNP9","undirected","Binding"
"UNIPROT","Q13619","UNIPROT","Q9UNS2","undirected","Binding"
"UNIPROT","Q13620","UNIPROT","O60306","undirected","Binding"
"UNIPROT","Q13620","UNIPROT","P0CG47","directed","Control(Out: ACTIVATION of BiochemicalReaction)"
"UNIPROT","Q13620","UNIPROT","P0CG48","directed","Control(Out: ACTIVATION of BiochemicalReaction)"
"UNIPROT","Q13620","UNIPROT","P62979","directed","Control(Out: ACTIVATION of BiochemicalReaction)"
"UNIPROT","Q13620","UNIPROT","P62987","directed","Control(Out: ACTIVATION of BiochemicalReaction)"
"UNIPROT","Q13620","UNIPROT","Q03468","undirected","Binding"
"UNIPROT","Q13620","UNIPROT","Q09472","undirected","Binding"
"UNIPROT","Q13620","UNIPROT","Q13216","undirected","Binding"
"UNIPROT","Q13620","UNIPROT","Q16531","undirected","Binding"
"UNIPROT","Q13620","UNIPROT","Q7L5N1","undirected","Binding"
"UNIPROT","Q13620","UNIPROT","Q92905","undirected","Binding"
"UNIPROT","Q13620","UNIPROT","Q99627","undirected","Binding"
"UNIPROT","Q13620","UNIPROT","Q9H9Q2","undirected","Binding"
"UNIPROT","Q13620","UNIPROT","Q9HCS7","undirected","Binding"
"UNIPROT","Q13620","UNIPROT","Q9UBW8","undirected","Binding"
"UNIPROT","Q13620","UNIPROT","Q9ULR0","undirected","Binding"
"UNIPROT","Q13620","UNIPROT","Q9UMS4","undirected","Binding"
"UNIPROT","Q13620","UNIPROT","Q9UNP9","undirected","Binding"
"UNIPROT","Q13620","UNIPROT","Q9UNS2","undirected","Binding"
"UNIPROT","Q13888","UNIPROT","O60306","undirected","Binding"
"UNIPROT","Q13888","UNIPROT","P0CG47","directed","Control(Out: ACTIVATION of BiochemicalReaction)"
"UNIPROT","Q13888","UNIPROT","P0CG48","directed","Control(Out: ACTIVATION of BiochemicalReaction)"
"UNIPROT","Q13888","UNIPROT","P23193","undirected","Binding"
"UNIPROT","Q13888","UNIPROT","P32780","undirected","Binding"
"UNIPROT","Q13888","UNIPROT","P62979","directed","Control(Out: ACTIVATION of BiochemicalReaction)"
"UNIPROT","Q13888","UNIPROT","P62987","directed","Control(Out: ACTIVATION of BiochemicalReaction)"
"UNIPROT","Q13888","UNIPROT","Q03468","undirected","Binding"
"UNIPROT","Q13888","UNIPROT","Q09472","undirected","Binding"
"UNIPROT","Q13888","UNIPROT","Q13216","undirected","Binding"
"UNIPROT","Q13888","UNIPROT","Q13619","undirected","Binding"
"UNIPROT","Q13888","UNIPROT","Q13620","undirected","Binding"
"UNIPROT","Q13888","UNIPROT","Q16531","undirected","Binding"
"UNIPROT","Q13888","UNIPROT","Q9HCS7","undirected","Binding"
"UNIPROT","Q13888","UNIPROT","Q9ULR0","undirected","Binding"
"UNIPROT","Q13888","UNIPROT","Q9UMS4","undirected","Binding"
"UNIPROT","Q13888","UNIPROT","Q9UNP9","undirected","Binding"
"UNIPROT","Q13889","UNIPROT","O60306","undirected","Binding"
"UNIPROT","Q13889","UNIPROT","P0CG47","directed","Control(Out: ACTIVATION of BiochemicalReaction)"
"UNIPROT","Q13889","UNIPROT","P0CG48","directed","Control(Out: ACTIVATION of BiochemicalReaction)"
"UNIPROT","Q13889","UNIPROT","P18074","undirected","Binding"
"UNIPROT","Q13889","UNIPROT","P19447","undirected","Binding"
"UNIPROT","Q13889","UNIPROT","P23193","undirected","Binding"
"UNIPROT","Q13889","UNIPROT","P32780","undirected","Binding"
"UNIPROT","Q13889","UNIPROT","P50613","undirected","Binding"
"UNIPROT","Q13889","UNIPROT","P51946","undirected","Binding"
"UNIPROT","Q13889","UNIPROT","P51948","undirected","Binding"
"UNIPROT","Q13889","UNIPROT","P62979","directed","Control(Out: ACTIVATION of BiochemicalReaction)"
"UNIPROT","Q13889","UNIPROT","P62987","directed","Control(Out: ACTIVATION of BiochemicalReaction)"
"UNIPROT","Q13889","UNIPROT","Q03468","undirected","Binding"
"UNIPROT","Q13889","UNIPROT","Q09472","undirected","Binding"
"UNIPROT","Q13889","UNIPROT","Q13216","undirected","Binding"
"UNIPROT","Q13889","UNIPROT","Q13619","undirected","Binding"
"UNIPROT","Q13889","UNIPROT","Q13620","undirected","Binding"
"UNIPROT","Q13889","UNIPROT","Q13888","undirected","Binding"
"UNIPROT","Q13889","UNIPROT","Q16531","undirected","Binding"
"UNIPROT","Q13889","UNIPROT","Q9HCS7","undirected","Binding"
"UNIPROT","Q13889","UNIPROT","Q9ULR0","undirected","Binding"
"UNIPROT","Q13889","UNIPROT","Q9UMS4","undirected","Binding"
"UNIPROT","Q13889","UNIPROT","Q9UNP9","undirected","Binding"
"UNIPROT","Q16531","UNIPROT","O60306","undirected","Binding"
"UNIPROT","Q16531","UNIPROT","P0CG47","directed","Control(Out: ACTIVATION of BiochemicalReaction)"
"UNIPROT","Q16531","UNIPROT","P0CG48","directed","Control(Out: ACTIVATION of BiochemicalReaction)"
"UNIPROT","Q16531","UNIPROT","P62979","directed","Control(Out: ACTIVATION of BiochemicalReaction)"
"UNIPROT","Q16531","UNIPROT","P62987","directed","Control(Out: ACTIVATION of BiochemicalReaction)"
"UNIPROT","Q16531","UNIPROT","Q03468","undirected","Binding"
"UNIPROT","Q16531","UNIPROT","Q09472","undirected","Binding"
"UNIPROT","Q16531","UNIPROT","Q7L5N1","undirected","Binding"
"UNIPROT","Q16531","UNIPROT","Q92905","undirected","Binding"
"UNIPROT","Q16531","UNIPROT","Q99627","undirected","Binding"
"UNIPROT","Q16531","UNIPROT","Q9H9Q2","undirected","Binding"
"UNIPROT","Q16531","UNIPROT","Q9HCS7","undirected","Binding"
"UNIPROT","Q16531","UNIPROT","Q9UBW8","undirected","Binding"
"UNIPROT","Q16531","UNIPROT","Q9ULR0","undirected","Binding"
"UNIPROT","Q16531","UNIPROT","Q9UMS4","undirected","Binding"
"UNIPROT","Q16531","UNIPROT","Q9UNP9","undirected","Binding"
"UNIPROT","Q16531","UNIPROT","Q9UNS2","undirected","Binding"
"UNIPROT","Q2YD98","UNIPROT","O15514","undirected","Binding"
"UNIPROT","Q2YD98","UNIPROT","O60306","undirected","Binding"
"UNIPROT","Q2YD98","UNIPROT","P05114","undirected","Binding"
"UNIPROT","Q2YD98","UNIPROT","P0CG47","undirected","Binding"
"UNIPROT","Q2YD98","UNIPROT","P0CG48","undirected","Binding"
"UNIPROT","Q2YD98","UNIPROT","P18074","undirected","Binding"
"UNIPROT","Q2YD98","UNIPROT","P19387","undirected","Binding"
"UNIPROT","Q2YD98","UNIPROT","P19388","undirected","Binding"
"UNIPROT","Q2YD98","UNIPROT","P19447","undirected","Binding"
"UNIPROT","Q2YD98","UNIPROT","P23193","undirected","Binding"
"UNIPROT","Q2YD98","UNIPROT","P24928","undirected","Binding"
"UNIPROT","Q2YD98","UNIPROT","P30876","undirected","Binding"
"UNIPROT","Q2YD98","UNIPROT","P32780","undirected","Binding"
"UNIPROT","Q2YD98","UNIPROT","P36954","undirected","Binding"
"UNIPROT","Q2YD98","UNIPROT","P50613","undirected","Binding"
"UNIPROT","Q2YD98","UNIPROT","P51946","undirected","Binding"
"UNIPROT","Q2YD98","UNIPROT","P51948","undirected","Binding"
"UNIPROT","Q2YD98","UNIPROT","P52434","undirected","Binding"
"UNIPROT","Q2YD98","UNIPROT","P52435","undirected","Binding"
"UNIPROT","Q2YD98","UNIPROT","P53803","undirected","Binding"
"UNIPROT","Q2YD98","UNIPROT","P61218","undirected","Binding"
"UNIPROT","Q2YD98","UNIPROT","P62487","undirected","Binding"
"UNIPROT","Q2YD98","UNIPROT","P62875","undirected","Binding"
"UNIPROT","Q2YD98","UNIPROT","P62877","undirected","Binding"
"UNIPROT","Q2YD98","UNIPROT","P62979","undirected","Binding"
"UNIPROT","Q2YD98","UNIPROT","P62987","undirected","Binding"
"UNIPROT","Q2YD98","UNIPROT","Q03468","undirected","Binding"
"UNIPROT","Q2YD98","UNIPROT","Q09472","undirected","Binding"
"UNIPROT","Q2YD98","UNIPROT","Q13216","undirected","Binding"
"UNIPROT","Q2YD98","UNIPROT","Q13619","undirected","Binding"
"UNIPROT","Q2YD98","UNIPROT","Q13620","undirected","Binding"
"UNIPROT","Q2YD98","UNIPROT","Q13888","undirected","Binding"
"UNIPROT","Q2YD98","UNIPROT","Q13889","undirected","Binding"
"UNIPROT","Q2YD98","UNIPROT","Q16531","undirected","Binding"
"UNIPROT","Q2YD98","UNIPROT","Q6ZYL4","undirected","Binding"
"UNIPROT","Q2YD98","UNIPROT","Q92759","undirected","Binding"
"UNIPROT","Q2YD98","UNIPROT","Q93009","undirected","Binding"
"UNIPROT","Q2YD98","UNIPROT","Q96NB3","undirected","Binding"
"UNIPROT","Q2YD98","UNIPROT","Q9HCS7","undirected","Binding"
"UNIPROT","Q2YD98","UNIPROT","Q9ULR0","undirected","Binding"
"UNIPROT","Q2YD98","UNIPROT","Q9UMS4","undirected","Binding"
"UNIPROT","Q2YD98","UNIPROT","Q9UNP9","undirected","Binding"
"UNIPROT","Q6ZYL4","UNIPROT","O60306","undirected","Binding"
"UNIPROT","Q6ZYL4","UNIPROT","P0CG47","directed","Control(Out: ACTIVATION of BiochemicalReaction)"
"UNIPROT","Q6ZYL4","UNIPROT","P0CG48","directed","Control(Out: ACTIVATION of BiochemicalReaction)"
"UNIPROT","Q6ZYL4","UNIPROT","P18074","undirected","Binding"
"UNIPROT","Q6ZYL4","UNIPROT","P19447","undirected","Binding"
"UNIPROT","Q6ZYL4","UNIPROT","P23193","undirected","Binding"
"UNIPROT","Q6ZYL4","UNIPROT","P32780","undirected","Binding"
"UNIPROT","Q6ZYL4","UNIPROT","P50613","undirected","Binding"
"UNIPROT","Q6ZYL4","UNIPROT","P51946","undirected","Binding"
"UNIPROT","Q6ZYL4","UNIPROT","P51948","undirected","Binding"
"UNIPROT","Q6ZYL4","UNIPROT","P62979","directed","Control(Out: ACTIVATION of BiochemicalReaction)"
"UNIPROT","Q6ZYL4","UNIPROT","P62987","directed","Control(Out: ACTIVATION of BiochemicalReaction)"
"UNIPROT","Q6ZYL4","UNIPROT","Q03468","undirected","Binding"
"UNIPROT","Q6ZYL4","UNIPROT","Q09472","undirected","Binding"
"UNIPROT","Q6ZYL4","UNIPROT","Q13216","undirected","Binding"
"UNIPROT","Q6ZYL4","UNIPROT","Q13619","undirected","Binding"
"UNIPROT","Q6ZYL4","UNIPROT","Q13620","undirected","Binding"
"UNIPROT","Q6ZYL4","UNIPROT","Q13888","undirected","Binding"
"UNIPROT","Q6ZYL4","UNIPROT","Q13889","undirected","Binding"
"UNIPROT","Q6ZYL4","UNIPROT","Q16531","undirected","Binding"
"UNIPROT","Q6ZYL4","UNIPROT","Q92759","undirected","Binding"
"UNIPROT","Q6ZYL4","UNIPROT","Q9HCS7","undirected","Binding"
"UNIPROT","Q6ZYL4","UNIPROT","Q9ULR0","undirected","Binding"
"UNIPROT","Q6ZYL4","UNIPROT","Q9UMS4","undirected","Binding"
"UNIPROT","Q6ZYL4","UNIPROT","Q9UNP9","undirected","Binding"
"UNIPROT","Q92759","UNIPROT","O60306","undirected","Binding"
"UNIPROT","Q92759","UNIPROT","P0CG47","directed","Control(Out: ACTIVATION of BiochemicalReaction)"
"UNIPROT","Q92759","UNIPROT","P0CG48","directed","Control(Out: ACTIVATION of BiochemicalReaction)"
"UNIPROT","Q92759","UNIPROT","P18074","undirected","Binding"
"UNIPROT","Q92759","UNIPROT","P19447","undirected","Binding"
"UNIPROT","Q92759","UNIPROT","P23193","undirected","Binding"
"UNIPROT","Q92759","UNIPROT","P32780","undirected","Binding"
"UNIPROT","Q92759","UNIPROT","P50613","undirected","Binding"
"UNIPROT","Q92759","UNIPROT","P51946","undirected","Binding"
"UNIPROT","Q92759","UNIPROT","P51948","undirected","Binding"
"UNIPROT","Q92759","UNIPROT","P62979","directed","Control(Out: ACTIVATION of BiochemicalReaction)"
"UNIPROT","Q92759","UNIPROT","P62987","directed","Control(Out: ACTIVATION of BiochemicalReaction)"
"UNIPROT","Q92759","UNIPROT","Q03468","undirected","Binding"
"UNIPROT","Q92759","UNIPROT","Q09472","undirected","Binding"
"UNIPROT","Q92759","UNIPROT","Q13216","undirected","Binding"
"UNIPROT","Q92759","UNIPROT","Q13619","undirected","Binding"
"UNIPROT","Q92759","UNIPROT","Q13620","undirected","Binding"
"UNIPROT","Q92759","UNIPROT","Q13888","undirected","Binding"
"UNIPROT","Q92759","UNIPROT","Q13889","undirected","Binding"
"UNIPROT","Q92759","UNIPROT","Q16531","undirected","Binding"
"UNIPROT","Q92759","UNIPROT","Q9HCS7","undirected","Binding"
"UNIPROT","Q92759","UNIPROT","Q9ULR0","undirected","Binding"
"UNIPROT","Q92759","UNIPROT","Q9UMS4","undirected","Binding"
"UNIPROT","Q92759","UNIPROT","Q9UNP9","undirected","Binding"
"UNIPROT","Q92905","UNIPROT","Q7L5N1","undirected","Binding"
"UNIPROT","Q92905","UNIPROT","Q99627","undirected","Binding"
"UNIPROT","Q92905","UNIPROT","Q9H9Q2","undirected","Binding"
"UNIPROT","Q92905","UNIPROT","Q9UBW8","undirected","Binding"
"UNIPROT","Q92905","UNIPROT","Q9UNS2","undirected","Binding"
"UNIPROT","Q93009","UNIPROT","O60306","undirected","Binding"
"UNIPROT","Q93009","UNIPROT","P18074","undirected","Binding"
"UNIPROT","Q93009","UNIPROT","P19447","undirected","Binding"
"UNIPROT","Q93009","UNIPROT","P23193","undirected","Binding"
"UNIPROT","Q93009","UNIPROT","P32780","undirected","Binding"
"UNIPROT","Q93009","UNIPROT","P50613","undirected","Binding"
"UNIPROT","Q93009","UNIPROT","P51946","undirected","Binding"
"UNIPROT","Q93009","UNIPROT","P51948","undirected","Binding"
"UNIPROT","Q93009","UNIPROT","P62877","undirected","Binding"
"UNIPROT","Q93009","UNIPROT","Q03468","undirected","Binding"
"UNIPROT","Q93009","UNIPROT","Q09472","undirected","Binding"
"UNIPROT","Q93009","UNIPROT","Q13216","undirected","Binding"
"UNIPROT","Q93009","UNIPROT","Q13619","undirected","Binding"
"UNIPROT","Q93009","UNIPROT","Q13620","undirected","Binding"
"UNIPROT","Q93009","UNIPROT","Q13888","undirected","Binding"
"UNIPROT","Q93009","UNIPROT","Q13889","undirected","Binding"
"UNIPROT","Q93009","UNIPROT","Q16531","undirected","Binding"
"UNIPROT","Q93009","UNIPROT","Q6ZYL4","undirected","Binding"
"UNIPROT","Q93009","UNIPROT","Q92759","undirected","Binding"
"UNIPROT","Q93009","UNIPROT","Q9HCS7","undirected","Binding"
"UNIPROT","Q93009","UNIPROT","Q9ULR0","undirected","Binding"
"UNIPROT","Q93009","UNIPROT","Q9UMS4","undirected","Binding"
"UNIPROT","Q93009","UNIPROT","Q9UNP9","undirected","Binding"
"UNIPROT","Q96NB3","UNIPROT","O15514","undirected","Binding"
"UNIPROT","Q96NB3","UNIPROT","O60306","undirected","Binding"
"UNIPROT","Q96NB3","UNIPROT","P05114","undirected","Binding"
"UNIPROT","Q96NB3","UNIPROT","P0CG47","undirected","Binding"
"UNIPROT","Q96NB3","UNIPROT","P0CG48","undirected","Binding"
"UNIPROT","Q96NB3","UNIPROT","P18074","undirected","Binding"
"UNIPROT","Q96NB3","UNIPROT","P19387","undirected","Binding"
"UNIPROT","Q96NB3","UNIPROT","P19388","undirected","Binding"
"UNIPROT","Q96NB3","UNIPROT","P19447","undirected","Binding"
"UNIPROT","Q96NB3","UNIPROT","P23193","undirected","Binding"
"UNIPROT","Q96NB3","UNIPROT","P24928","undirected","Binding"
"UNIPROT","Q96NB3","UNIPROT","P30876","undirected","Binding"
"UNIPROT","Q96NB3","UNIPROT","P32780","undirected","Binding"
"UNIPROT","Q96NB3","UNIPROT","P36954","undirected","Binding"
"UNIPROT","Q96NB3","UNIPROT","P50613","undirected","Binding"
"UNIPROT","Q96NB3","UNIPROT","P51946","undirected","Binding"
"UNIPROT","Q96NB3","UNIPROT","P51948","undirected","Binding"
"UNIPROT","Q96NB3","UNIPROT","P52434","undirected","Binding"
"UNIPROT","Q96NB3","UNIPROT","P52435","undirected","Binding"
"UNIPROT","Q96NB3","UNIPROT","P53803","undirected","Binding"
"UNIPROT","Q96NB3","UNIPROT","P61218","undirected","Binding"
"UNIPROT","Q96NB3","UNIPROT","P62487","undirected","Binding"
"UNIPROT","Q96NB3","UNIPROT","P62875","undirected","Binding"
"UNIPROT","Q96NB3","UNIPROT","P62877","undirected","Binding"
"UNIPROT","Q96NB3","UNIPROT","P62979","undirected","Binding"
"UNIPROT","Q96NB3","UNIPROT","P62987","undirected","Binding"
"UNIPROT","Q96NB3","UNIPROT","Q03468","undirected","Binding"
"UNIPROT","Q96NB3","UNIPROT","Q09472","undirected","Binding"
"UNIPROT","Q96NB3","UNIPROT","Q13216","undirected","Binding"
"UNIPROT","Q96NB3","UNIPROT","Q13619","undirected","Binding"
"UNIPROT","Q96NB3","UNIPROT","Q13620","undirected","Binding"
"UNIPROT","Q96NB3","UNIPROT","Q13888","undirected","Binding"
"UNIPROT","Q96NB3","UNIPROT","Q13889","undirected","Binding"
"UNIPROT","Q96NB3","UNIPROT","Q16531","undirected","Binding"
"UNIPROT","Q96NB3","UNIPROT","Q6ZYL4","undirected","Binding"
"UNIPROT","Q96NB3","UNIPROT","Q92759","undirected","Binding"
"UNIPROT","Q96NB3","UNIPROT","Q93009","undirected","Binding"
"UNIPROT","Q96NB3","UNIPROT","Q9HCS7","undirected","Binding"
"UNIPROT","Q96NB3","UNIPROT","Q9ULR0","undirected","Binding"
"UNIPROT","Q96NB3","UNIPROT","Q9UMS4","undirected","Binding"
"UNIPROT","Q96NB3","UNIPROT","Q9UNP9","undirected","Binding"
"UNIPROT","Q99627","UNIPROT","Q7L5N1","undirected","Binding"
"UNIPROT","Q99627","UNIPROT","Q9H9Q2","undirected","Binding"
"UNIPROT","Q99627","UNIPROT","Q9UBW8","undirected","Binding"
"UNIPROT","Q99627","UNIPROT","Q9UNS2","undirected","Binding"
"UNIPROT","Q9BT78","UNIPROT","P62877","undirected","Binding"
"UNIPROT","Q9BT78","UNIPROT","Q13098","undirected","Binding"
"UNIPROT","Q9BT78","UNIPROT","Q13216","undirected","Binding"
"UNIPROT","Q9BT78","UNIPROT","Q13619","undirected","Binding"
"UNIPROT","Q9BT78","UNIPROT","Q13620","undirected","Binding"
"UNIPROT","Q9BT78","UNIPROT","Q16531","undirected","Binding"
"UNIPROT","Q9BT78","UNIPROT","Q7L5N1","undirected","Binding"
"UNIPROT","Q9BT78","UNIPROT","Q92905","undirected","Binding"
"UNIPROT","Q9BT78","UNIPROT","Q99627","undirected","Binding"
"UNIPROT","Q9BT78","UNIPROT","Q9H9Q2","undirected","Binding"
"UNIPROT","Q9BT78","UNIPROT","Q9UBW8","undirected","Binding"
"UNIPROT","Q9BT78","UNIPROT","Q9UNS2","undirected","Binding"
"UNIPROT","Q9H9Q2","UNIPROT","Q7L5N1","undirected","Binding"
"UNIPROT","Q9HCS7","UNIPROT","Q03468","undirected","Binding"
"UNIPROT","Q9HCS7","UNIPROT","Q9ULR0","undirected","Binding"
"UNIPROT","Q9UBW8","UNIPROT","Q7L5N1","undirected","Binding"
"UNIPROT","Q9ULR0","UNIPROT","Q03468","undirected","Binding"
"UNIPROT","Q9UMS4","UNIPROT","O60306","undirected","Binding"
"UNIPROT","Q9UMS4","UNIPROT","Q03468","undirected","Binding"
"UNIPROT","Q9UMS4","UNIPROT","Q9HCS7","undirected","Binding"
"UNIPROT","Q9UMS4","UNIPROT","Q9ULR0","undirected","Binding"
"UNIPROT","Q9UMS4","UNIPROT","Q9UNP9","undirected","Binding"
"UNIPROT","Q9UNP9","UNIPROT","O60306","undirected","Binding"
"UNIPROT","Q9UNP9","UNIPROT","Q03468","undirected","Binding"
"UNIPROT","Q9UNP9","UNIPROT","Q9HCS7","undirected","Binding"
"UNIPROT","Q9UNP9","UNIPROT","Q9ULR0","undirected","Binding"
"UNIPROT","Q9UNS2","UNIPROT","Q7L5N1","undirected","Binding"
"UNIPROT","Q9UNS2","UNIPROT","Q9H9Q2","undirected","Binding"
"UNIPROT","Q9UNS2","UNIPROT","Q9UBW8","undirected","Binding"
