"src_type","src","dest_type","dest","direction","type"
"UNIPROT","P07814","UNIPROT","Q9NX74","undirected","Binding"
"UNIPROT","P57081","UNIPROT","Q9UBP6","undirected","Binding"
"UNIPROT","Q14657","UNIPROT","Q9NPF4","undirected","Binding"
"UNIPROT","Q14657","UNIPROT","Q9Y3C4","undirected","Binding"
"UNIPROT","Q2VPK5","UNIPROT","Q7Z7A3","undirected","Binding"
"UNIPROT","Q2VPK5","UNIPROT","Q9BTM9","undirected","Binding"
"UNIPROT","Q96EY9","UNIPROT","Q7Z6V5","undirected","Binding"
"UNIPROT","Q96S44","UNIPROT","Q14657","undirected","Binding"
"UNIPROT","Q96S44","UNIPROT","Q9NPF4","undirected","Binding"
"UNIPROT","Q96S44","UNIPROT","Q9Y3C4","undirected","Binding"
"UNIPROT","Q9BTM9","UNIPROT","Q7Z7A3","undirected","Binding"
"UNIPROT","Q9H974","UNIPROT","Q9BXR0","undirected","Binding"
"UNIPROT","Q9UI30","UNIPROT","Q7Z4G4","undirected","Binding"
"UNIPROT","Q9UJA5","UNIPROT","Q96FX7","undirected","Binding"
"UNIPROT","Q9Y3C4","UNIPROT","Q9NPF4","undirected","Binding"
