"src_type","src","dest_type","dest","direction","type"
"UNIPROT","O14543","UNIPROT","O60674","directed","Control(Out: INHIBITION of BiochemicalReaction)"
"UNIPROT","O14543","UNIPROT","P05231","directed","Control(Out: INHIBITION of BiochemicalReaction)"
"UNIPROT","O14543","UNIPROT","P05231","undirected","Binding"
"UNIPROT","O14543","UNIPROT","P08887","directed","Control(Out: INHIBITION of BiochemicalReaction)"
"UNIPROT","O14543","UNIPROT","P08887","undirected","Binding"
"UNIPROT","O14543","UNIPROT","P23458","directed","Control(Out: INHIBITION of BiochemicalReaction)"
"UNIPROT","O14543","UNIPROT","P23458","undirected","Binding"
"UNIPROT","O14543","UNIPROT","P29597","directed","Control(Out: INHIBITION of BiochemicalReaction)"
"UNIPROT","O14543","UNIPROT","P29597","undirected","Binding"
"UNIPROT","O14543","UNIPROT","P40189","directed","Control(Out: INHIBITION of BiochemicalReaction)"
"UNIPROT","O14543","UNIPROT","P40763","directed","Control(Out: INHIBITION of BiochemicalReaction)"
"UNIPROT","O14543","UNIPROT","P42224","directed","Control(Out: INHIBITION of BiochemicalReaction)"
"UNIPROT","O60674","UNIPROT","O14543","undirected","Binding"
"UNIPROT","O60674","UNIPROT","P05231","undirected","Binding"
"UNIPROT","O60674","UNIPROT","P08887","undirected","Binding"
"UNIPROT","O60674","UNIPROT","P23458","undirected","Binding"
"UNIPROT","O60674","UNIPROT","P29597","undirected","Binding"
"UNIPROT","O60674","UNIPROT","P40763","directed","Control(Out: INHIBITION of BiochemicalReaction)"
"UNIPROT","O60674","UNIPROT","P42224","directed","Control(Out: INHIBITION of BiochemicalReaction)"
"UNIPROT","O75462","UNIPROT","O60674","undirected","Binding"
"UNIPROT","O75462","UNIPROT","P23458","undirected","Binding"
"UNIPROT","O75462","UNIPROT","P29597","undirected","Binding"
"UNIPROT","P05231","UNIPROT","O60674","directed","Control(Out: INHIBITION of BiochemicalReaction)"
"UNIPROT","P05231","UNIPROT","P08887","directed","Control(In: INHIBITION of BiochemicalReaction)"
"UNIPROT","P05231","UNIPROT","P23458","directed","Control(Out: INHIBITION of BiochemicalReaction)"
"UNIPROT","P05231","UNIPROT","P29597","directed","Control(Out: INHIBITION of BiochemicalReaction)"
"UNIPROT","P05231","UNIPROT","P29597","undirected","Binding"
"UNIPROT","P05231","UNIPROT","P40189","directed","Control(In: INHIBITION of BiochemicalReaction)"
"UNIPROT","P05231","UNIPROT","P40763","directed","Control(Out: INHIBITION of BiochemicalReaction)"
"UNIPROT","P05231","UNIPROT","P42224","directed","Control(Out: INHIBITION of BiochemicalReaction)"
"UNIPROT","P08887","UNIPROT","O60674","directed","Control(Out: INHIBITION of BiochemicalReaction)"
"UNIPROT","P08887","UNIPROT","P05231","directed","Control(Out: INHIBITION of BiochemicalReaction)"
"UNIPROT","P08887","UNIPROT","P05231","undirected","Binding"
"UNIPROT","P08887","UNIPROT","P23458","directed","Control(Out: INHIBITION of BiochemicalReaction)"
"UNIPROT","P08887","UNIPROT","P29597","directed","Control(Out: INHIBITION of BiochemicalReaction)"
"UNIPROT","P08887","UNIPROT","P29597","undirected","Binding"
"UNIPROT","P08887","UNIPROT","P40189","directed","Control(In: INHIBITION of BiochemicalReaction)"
"UNIPROT","P08887","UNIPROT","P40763","directed","Control(Out: INHIBITION of BiochemicalReaction)"
"UNIPROT","P08887","UNIPROT","P42224","directed","Control(Out: INHIBITION of BiochemicalReaction)"
"UNIPROT","P13725","UNIPROT","O60674","undirected","Binding"
"UNIPROT","P13725","UNIPROT","P23458","undirected","Binding"
"UNIPROT","P13725","UNIPROT","P29597","undirected","Binding"
"UNIPROT","P13725","UNIPROT","P40189","undirected","Binding"
"UNIPROT","P13725","UNIPROT","Q99650","undirected","Binding"
"UNIPROT","P15018","UNIPROT","O60674","undirected","Binding"
"UNIPROT","P15018","UNIPROT","P23458","undirected","Binding"
"UNIPROT","P15018","UNIPROT","P29597","undirected","Binding"
"UNIPROT","P15018","UNIPROT","P40189","undirected","Binding"
"UNIPROT","P20809","UNIPROT","O60674","undirected","Binding"
"UNIPROT","P20809","UNIPROT","P23458","undirected","Binding"
"UNIPROT","P20809","UNIPROT","P29597","undirected","Binding"
"UNIPROT","P22681","UNIPROT","O60674","undirected","Binding"
"UNIPROT","P22681","UNIPROT","P05231","undirected","Binding"
"UNIPROT","P22681","UNIPROT","P08887","undirected","Binding"
"UNIPROT","P22681","UNIPROT","P23458","undirected","Binding"
"UNIPROT","P22681","UNIPROT","P29597","undirected","Binding"
"UNIPROT","P22681","UNIPROT","P40189","undirected","Binding"
"UNIPROT","P23458","UNIPROT","P05231","undirected","Binding"
"UNIPROT","P23458","UNIPROT","P08887","undirected","Binding"
"UNIPROT","P23458","UNIPROT","P29597","undirected","Binding"
"UNIPROT","P23458","UNIPROT","P40763","directed","Control(Out: INHIBITION of BiochemicalReaction)"
"UNIPROT","P23458","UNIPROT","P42224","directed","Control(Out: INHIBITION of BiochemicalReaction)"
"UNIPROT","P26441","UNIPROT","O60674","undirected","Binding"
"UNIPROT","P26441","UNIPROT","P23458","undirected","Binding"
"UNIPROT","P26441","UNIPROT","P29597","undirected","Binding"
"UNIPROT","P26992","UNIPROT","O60674","undirected","Binding"
"UNIPROT","P26992","UNIPROT","O75462","undirected","Binding"
"UNIPROT","P26992","UNIPROT","P23458","undirected","Binding"
"UNIPROT","P26992","UNIPROT","P26441","undirected","Binding"
"UNIPROT","P26992","UNIPROT","P29597","undirected","Binding"
"UNIPROT","P26992","UNIPROT","Q9UBD9","undirected","Binding"
"UNIPROT","P29597","UNIPROT","P40763","directed","Control(Out: INHIBITION of BiochemicalReaction)"
"UNIPROT","P29597","UNIPROT","P42224","directed","Control(Out: INHIBITION of BiochemicalReaction)"
"UNIPROT","P40189","UNIPROT","O14543","undirected","Binding"
"UNIPROT","P40189","UNIPROT","O60674","directed","Control(Out: INHIBITION of BiochemicalReaction)"
"UNIPROT","P40189","UNIPROT","O60674","undirected","Binding"
"UNIPROT","P40189","UNIPROT","O75462","undirected","Binding"
"UNIPROT","P40189","UNIPROT","P05231","undirected","Binding"
"UNIPROT","P40189","UNIPROT","P08887","undirected","Binding"
"UNIPROT","P40189","UNIPROT","P20809","undirected","Binding"
"UNIPROT","P40189","UNIPROT","P23458","directed","Control(Out: INHIBITION of BiochemicalReaction)"
"UNIPROT","P40189","UNIPROT","P23458","undirected","Binding"
"UNIPROT","P40189","UNIPROT","P26441","undirected","Binding"
"UNIPROT","P40189","UNIPROT","P26992","undirected","Binding"
"UNIPROT","P40189","UNIPROT","P29597","directed","Control(Out: INHIBITION of BiochemicalReaction)"
"UNIPROT","P40189","UNIPROT","P29597","undirected","Binding"
"UNIPROT","P40189","UNIPROT","P40763","directed","Control(Out: INHIBITION of BiochemicalReaction)"
"UNIPROT","P40189","UNIPROT","P40763","undirected","Binding"
"UNIPROT","P40189","UNIPROT","P42224","directed","Control(Out: INHIBITION of BiochemicalReaction)"
"UNIPROT","P40189","UNIPROT","P42224","undirected","Binding"
"UNIPROT","P40189","UNIPROT","Q14626","undirected","Binding"
"UNIPROT","P40189","UNIPROT","Q16619","undirected","Binding"
"UNIPROT","P40189","UNIPROT","Q99650","undirected","Binding"
"UNIPROT","P40189","UNIPROT","Q9UBD9","undirected","Binding"
"UNIPROT","P40763","UNIPROT","O60674","undirected","Binding"
"UNIPROT","P40763","UNIPROT","P05231","undirected","Binding"
"UNIPROT","P40763","UNIPROT","P08887","undirected","Binding"
"UNIPROT","P40763","UNIPROT","P23458","undirected","Binding"
"UNIPROT","P40763","UNIPROT","P29597","undirected","Binding"
"UNIPROT","P40763","UNIPROT","P42224","undirected","Binding"
"UNIPROT","P42224","UNIPROT","O60674","undirected","Binding"
"UNIPROT","P42224","UNIPROT","P05231","undirected","Binding"
"UNIPROT","P42224","UNIPROT","P08887","undirected","Binding"
"UNIPROT","P42224","UNIPROT","P23458","undirected","Binding"
"UNIPROT","P42224","UNIPROT","P29597","undirected","Binding"
"UNIPROT","P42702","UNIPROT","O60674","undirected","Binding"
"UNIPROT","P42702","UNIPROT","O75462","undirected","Binding"
"UNIPROT","P42702","UNIPROT","P13725","undirected","Binding"
"UNIPROT","P42702","UNIPROT","P15018","undirected","Binding"
"UNIPROT","P42702","UNIPROT","P23458","undirected","Binding"
"UNIPROT","P42702","UNIPROT","P26441","undirected","Binding"
"UNIPROT","P42702","UNIPROT","P26992","undirected","Binding"
"UNIPROT","P42702","UNIPROT","P29597","undirected","Binding"
"UNIPROT","P42702","UNIPROT","P40189","undirected","Binding"
"UNIPROT","P42702","UNIPROT","Q16619","undirected","Binding"
"UNIPROT","P42702","UNIPROT","Q9UBD9","undirected","Binding"
"UNIPROT","Q06124","UNIPROT","O60674","undirected","Binding"
"UNIPROT","Q06124","UNIPROT","P05231","undirected","Binding"
"UNIPROT","Q06124","UNIPROT","P08887","undirected","Binding"
"UNIPROT","Q06124","UNIPROT","P22681","undirected","Binding"
"UNIPROT","Q06124","UNIPROT","P23458","undirected","Binding"
"UNIPROT","Q06124","UNIPROT","P29597","undirected","Binding"
"UNIPROT","Q06124","UNIPROT","P40189","undirected","Binding"
"UNIPROT","Q14626","UNIPROT","O60674","undirected","Binding"
"UNIPROT","Q14626","UNIPROT","P20809","undirected","Binding"
"UNIPROT","Q14626","UNIPROT","P23458","undirected","Binding"
"UNIPROT","Q14626","UNIPROT","P29597","undirected","Binding"
"UNIPROT","Q16619","UNIPROT","O60674","undirected","Binding"
"UNIPROT","Q16619","UNIPROT","P23458","undirected","Binding"
"UNIPROT","Q16619","UNIPROT","P29597","undirected","Binding"
"UNIPROT","Q6EBC2","UNIPROT","P23458","undirected","Binding"
"UNIPROT","Q6EBC2","UNIPROT","Q8NI17","undirected","Binding"
"UNIPROT","Q8NI17","UNIPROT","P23458","undirected","Binding"
"UNIPROT","Q99650","UNIPROT","O60674","undirected","Binding"
"UNIPROT","Q99650","UNIPROT","P23458","undirected","Binding"
"UNIPROT","Q99650","UNIPROT","P29597","undirected","Binding"
"UNIPROT","Q99650","UNIPROT","Q6EBC2","undirected","Binding"
"UNIPROT","Q99650","UNIPROT","Q8NI17","undirected","Binding"
"UNIPROT","Q9UBD9","UNIPROT","O60674","undirected","Binding"
"UNIPROT","Q9UBD9","UNIPROT","O75462","undirected","Binding"
"UNIPROT","Q9UBD9","UNIPROT","P23458","undirected","Binding"
"UNIPROT","Q9UBD9","UNIPROT","P29597","undirected","Binding"
