"src_type","src","dest_type","dest","direction","type"
"UNIPROT","O00566","UNIPROT","Q13601","undirected","Binding"
"UNIPROT","O00566","UNIPROT","Q14692","undirected","Binding"
"UNIPROT","O00566","UNIPROT","Q15061","undirected","Binding"
"UNIPROT","O00566","UNIPROT","Q68CQ4","undirected","Binding"
"UNIPROT","O00566","UNIPROT","Q8IWA0","undirected","Binding"
"UNIPROT","O00566","UNIPROT","Q8TED0","undirected","Binding"
"UNIPROT","O00566","UNIPROT","Q92979","undirected","Binding"
"UNIPROT","O00566","UNIPROT","Q969X6","undirected","Binding"
"UNIPROT","O00566","UNIPROT","Q96EU6","undirected","Binding"
"UNIPROT","O00566","UNIPROT","Q96G21","undirected","Binding"
"UNIPROT","O00566","UNIPROT","Q9BVI4","undirected","Binding"
"UNIPROT","O00566","UNIPROT","Q9H0S4","undirected","Binding"
"UNIPROT","O00566","UNIPROT","Q9H583","undirected","Binding"
"UNIPROT","O00566","UNIPROT","Q9H6R4","undirected","Binding"
"UNIPROT","O00566","UNIPROT","Q9H8H0","undirected","Binding"
"UNIPROT","O00566","UNIPROT","Q9NV31","undirected","Binding"
"UNIPROT","O00566","UNIPROT","Q9Y2P8","undirected","Binding"
"UNIPROT","O00566","UNIPROT","Q9Y2R4","undirected","Binding"
"UNIPROT","O00566","UNIPROT","Q9Y324","undirected","Binding"
"UNIPROT","O00566","UNIPROT","Q9Y3A2","undirected","Binding"
"UNIPROT","O00566","UNIPROT","Q9Y3A4","undirected","Binding"
"UNIPROT","O00567","UNIPROT","O00566","undirected","Binding"
"UNIPROT","O00567","UNIPROT","O15213","undirected","Binding"
"UNIPROT","O00567","UNIPROT","O43818","undirected","Binding"
"UNIPROT","O00567","UNIPROT","O75691","undirected","Binding"
"UNIPROT","O00567","UNIPROT","P22087","undirected","Binding"
"UNIPROT","O00567","UNIPROT","P46087","directed","Control(indirect)"
"UNIPROT","O00567","UNIPROT","P55769","undirected","Binding"
"UNIPROT","O00567","UNIPROT","P78316","undirected","Binding"
"UNIPROT","O00567","UNIPROT","Q12788","undirected","Binding"
"UNIPROT","O00567","UNIPROT","Q13601","undirected","Binding"
"UNIPROT","O00567","UNIPROT","Q14690","undirected","Binding"
"UNIPROT","O00567","UNIPROT","Q14692","undirected","Binding"
"UNIPROT","O00567","UNIPROT","Q15061","undirected","Binding"
"UNIPROT","O00567","UNIPROT","Q15269","undirected","Binding"
"UNIPROT","O00567","UNIPROT","Q5TAP6","undirected","Binding"
"UNIPROT","O00567","UNIPROT","Q68CQ4","undirected","Binding"
"UNIPROT","O00567","UNIPROT","Q8IWA0","undirected","Binding"
"UNIPROT","O00567","UNIPROT","Q8IY37","undirected","Binding"
"UNIPROT","O00567","UNIPROT","Q8NI36","undirected","Binding"
"UNIPROT","O00567","UNIPROT","Q8TED0","undirected","Binding"
"UNIPROT","O00567","UNIPROT","Q92979","undirected","Binding"
"UNIPROT","O00567","UNIPROT","Q969X6","undirected","Binding"
"UNIPROT","O00567","UNIPROT","Q96EU6","undirected","Binding"
"UNIPROT","O00567","UNIPROT","Q96G21","undirected","Binding"
"UNIPROT","O00567","UNIPROT","Q9BVI4","undirected","Binding"
"UNIPROT","O00567","UNIPROT","Q9BVJ6","undirected","Binding"
"UNIPROT","O00567","UNIPROT","Q9H0A0","directed","Control(indirect)"
"UNIPROT","O00567","UNIPROT","Q9H0S4","undirected","Binding"
"UNIPROT","O00567","UNIPROT","Q9H583","undirected","Binding"
"UNIPROT","O00567","UNIPROT","Q9H6R4","undirected","Binding"
"UNIPROT","O00567","UNIPROT","Q9H8H0","undirected","Binding"
"UNIPROT","O00567","UNIPROT","Q9NQZ2","undirected","Binding"
"UNIPROT","O00567","UNIPROT","Q9NV06","undirected","Binding"
"UNIPROT","O00567","UNIPROT","Q9NV31","undirected","Binding"
"UNIPROT","O00567","UNIPROT","Q9NXG2","directed","Control(indirect)"
"UNIPROT","O00567","UNIPROT","Q9NYH9","undirected","Binding"
"UNIPROT","O00567","UNIPROT","Q9UNX4","undirected","Binding"
"UNIPROT","O00567","UNIPROT","Q9Y2P8","undirected","Binding"
"UNIPROT","O00567","UNIPROT","Q9Y2R4","undirected","Binding"
"UNIPROT","O00567","UNIPROT","Q9Y2X3","undirected","Binding"
"UNIPROT","O00567","UNIPROT","Q9Y324","undirected","Binding"
"UNIPROT","O00567","UNIPROT","Q9Y3A2","undirected","Binding"
"UNIPROT","O00567","UNIPROT","Q9Y3A4","undirected","Binding"
"UNIPROT","O00567","UNIPROT","Q9Y5J1","undirected","Binding"
"UNIPROT","O00567","UNIPROT","Q9Y6V7","undirected","Binding"
"UNIPROT","O15213","UNIPROT","O00566","undirected","Binding"
"UNIPROT","O15213","UNIPROT","O43818","undirected","Binding"
"UNIPROT","O15213","UNIPROT","O75691","undirected","Binding"
"UNIPROT","O15213","UNIPROT","P22087","undirected","Binding"
"UNIPROT","O15213","UNIPROT","P78316","undirected","Binding"
"UNIPROT","O15213","UNIPROT","Q12788","undirected","Binding"
"UNIPROT","O15213","UNIPROT","Q13601","undirected","Binding"
"UNIPROT","O15213","UNIPROT","Q14692","undirected","Binding"
"UNIPROT","O15213","UNIPROT","Q15061","undirected","Binding"
"UNIPROT","O15213","UNIPROT","Q15269","undirected","Binding"
"UNIPROT","O15213","UNIPROT","Q5TAP6","undirected","Binding"
"UNIPROT","O15213","UNIPROT","Q68CQ4","undirected","Binding"
"UNIPROT","O15213","UNIPROT","Q8IWA0","undirected","Binding"
"UNIPROT","O15213","UNIPROT","Q8IY37","undirected","Binding"
"UNIPROT","O15213","UNIPROT","Q8NI36","undirected","Binding"
"UNIPROT","O15213","UNIPROT","Q8TED0","undirected","Binding"
"UNIPROT","O15213","UNIPROT","Q92979","undirected","Binding"
"UNIPROT","O15213","UNIPROT","Q969X6","undirected","Binding"
"UNIPROT","O15213","UNIPROT","Q96EU6","undirected","Binding"
"UNIPROT","O15213","UNIPROT","Q96G21","undirected","Binding"
"UNIPROT","O15213","UNIPROT","Q9BVI4","undirected","Binding"
"UNIPROT","O15213","UNIPROT","Q9BVJ6","undirected","Binding"
"UNIPROT","O15213","UNIPROT","Q9H0S4","undirected","Binding"
"UNIPROT","O15213","UNIPROT","Q9H583","undirected","Binding"
"UNIPROT","O15213","UNIPROT","Q9H6R4","undirected","Binding"
"UNIPROT","O15213","UNIPROT","Q9H8H0","undirected","Binding"
"UNIPROT","O15213","UNIPROT","Q9NQZ2","undirected","Binding"
"UNIPROT","O15213","UNIPROT","Q9NV31","undirected","Binding"
"UNIPROT","O15213","UNIPROT","Q9NYH9","undirected","Binding"
"UNIPROT","O15213","UNIPROT","Q9UNX4","undirected","Binding"
"UNIPROT","O15213","UNIPROT","Q9Y2P8","undirected","Binding"
"UNIPROT","O15213","UNIPROT","Q9Y2R4","undirected","Binding"
"UNIPROT","O15213","UNIPROT","Q9Y324","undirected","Binding"
"UNIPROT","O15213","UNIPROT","Q9Y3A2","undirected","Binding"
"UNIPROT","O15213","UNIPROT","Q9Y3A4","undirected","Binding"
"UNIPROT","O15213","UNIPROT","Q9Y5J1","undirected","Binding"
"UNIPROT","O15213","UNIPROT","Q9Y6V7","undirected","Binding"
"UNIPROT","O43818","UNIPROT","O00566","undirected","Binding"
"UNIPROT","O43818","UNIPROT","P78316","undirected","Binding"
"UNIPROT","O43818","UNIPROT","Q13601","undirected","Binding"
"UNIPROT","O43818","UNIPROT","Q14692","undirected","Binding"
"UNIPROT","O43818","UNIPROT","Q15061","undirected","Binding"
"UNIPROT","O43818","UNIPROT","Q5TAP6","undirected","Binding"
"UNIPROT","O43818","UNIPROT","Q68CQ4","undirected","Binding"
"UNIPROT","O43818","UNIPROT","Q8IWA0","undirected","Binding"
"UNIPROT","O43818","UNIPROT","Q8TED0","undirected","Binding"
"UNIPROT","O43818","UNIPROT","Q92979","undirected","Binding"
"UNIPROT","O43818","UNIPROT","Q969X6","undirected","Binding"
"UNIPROT","O43818","UNIPROT","Q96EU6","undirected","Binding"
"UNIPROT","O43818","UNIPROT","Q96G21","undirected","Binding"
"UNIPROT","O43818","UNIPROT","Q9BVI4","undirected","Binding"
"UNIPROT","O43818","UNIPROT","Q9BVJ6","undirected","Binding"
"UNIPROT","O43818","UNIPROT","Q9H0S4","undirected","Binding"
"UNIPROT","O43818","UNIPROT","Q9H583","undirected","Binding"
"UNIPROT","O43818","UNIPROT","Q9H6R4","undirected","Binding"
"UNIPROT","O43818","UNIPROT","Q9H8H0","undirected","Binding"
"UNIPROT","O43818","UNIPROT","Q9NV31","undirected","Binding"
"UNIPROT","O43818","UNIPROT","Q9Y2P8","undirected","Binding"
"UNIPROT","O43818","UNIPROT","Q9Y2R4","undirected","Binding"
"UNIPROT","O43818","UNIPROT","Q9Y324","undirected","Binding"
"UNIPROT","O43818","UNIPROT","Q9Y3A2","undirected","Binding"
"UNIPROT","O43818","UNIPROT","Q9Y3A4","undirected","Binding"
"UNIPROT","O43818","UNIPROT","Q9Y6V7","undirected","Binding"
"UNIPROT","O60832","UNIPROT","O00566","directed","Control(indirect)"
"UNIPROT","O60832","UNIPROT","O00567","directed","Control(indirect)"
"UNIPROT","O60832","UNIPROT","O15213","directed","Control(indirect)"
"UNIPROT","O60832","UNIPROT","O43818","directed","Control(indirect)"
"UNIPROT","O60832","UNIPROT","O75691","directed","Control(indirect)"
"UNIPROT","O60832","UNIPROT","P15880","directed","Control(indirect)"
"UNIPROT","O60832","UNIPROT","P22087","directed","Control(indirect)"
"UNIPROT","O60832","UNIPROT","P46087","directed","Control(indirect)"
"UNIPROT","O60832","UNIPROT","P46781","directed","Control(indirect)"
"UNIPROT","O60832","UNIPROT","P55769","directed","Control(indirect)"
"UNIPROT","O60832","UNIPROT","P62081","directed","Control(indirect)"
"UNIPROT","O60832","UNIPROT","P62263","directed","Control(indirect)"
"UNIPROT","O60832","UNIPROT","P62753","directed","Control(indirect)"
"UNIPROT","O60832","UNIPROT","P78316","directed","Control(indirect)"
"UNIPROT","O60832","UNIPROT","Q12788","directed","Control(indirect)"
"UNIPROT","O60832","UNIPROT","Q13601","directed","Control(indirect)"
"UNIPROT","O60832","UNIPROT","Q14690","directed","Control(indirect)"
"UNIPROT","O60832","UNIPROT","Q14692","directed","Control(indirect)"
"UNIPROT","O60832","UNIPROT","Q15061","directed","Control(indirect)"
"UNIPROT","O60832","UNIPROT","Q15269","directed","Control(indirect)"
"UNIPROT","O60832","UNIPROT","Q5TAP6","directed","Control(indirect)"
"UNIPROT","O60832","UNIPROT","Q68CQ4","directed","Control(indirect)"
"UNIPROT","O60832","UNIPROT","Q8IWA0","directed","Control(indirect)"
"UNIPROT","O60832","UNIPROT","Q8IY37","directed","Control(indirect)"
"UNIPROT","O60832","UNIPROT","Q8NI36","directed","Control(indirect)"
"UNIPROT","O60832","UNIPROT","Q8TED0","directed","Control(indirect)"
"UNIPROT","O60832","UNIPROT","Q92979","directed","Control(indirect)"
"UNIPROT","O60832","UNIPROT","Q969X6","directed","Control(indirect)"
"UNIPROT","O60832","UNIPROT","Q96EU6","directed","Control(indirect)"
"UNIPROT","O60832","UNIPROT","Q96G21","directed","Control(indirect)"
"UNIPROT","O60832","UNIPROT","Q9BVI4","directed","Control(indirect)"
"UNIPROT","O60832","UNIPROT","Q9BVJ6","directed","Control(indirect)"
"UNIPROT","O60832","UNIPROT","Q9H0A0","directed","Control(indirect)"
"UNIPROT","O60832","UNIPROT","Q9H0S4","directed","Control(indirect)"
"UNIPROT","O60832","UNIPROT","Q9H583","directed","Control(indirect)"
"UNIPROT","O60832","UNIPROT","Q9H6R4","directed","Control(indirect)"
"UNIPROT","O60832","UNIPROT","Q9H8H0","directed","Control(indirect)"
"UNIPROT","O60832","UNIPROT","Q9NPE3","undirected","Binding"
"UNIPROT","O60832","UNIPROT","Q9NQZ2","directed","Control(indirect)"
"UNIPROT","O60832","UNIPROT","Q9NV06","directed","Control(indirect)"
"UNIPROT","O60832","UNIPROT","Q9NV31","directed","Control(indirect)"
"UNIPROT","O60832","UNIPROT","Q9NX24","undirected","Binding"
"UNIPROT","O60832","UNIPROT","Q9NXG2","directed","Control(indirect)"
"UNIPROT","O60832","UNIPROT","Q9NYH9","directed","Control(indirect)"
"UNIPROT","O60832","UNIPROT","Q9UNX4","directed","Control(indirect)"
"UNIPROT","O60832","UNIPROT","Q9Y2P8","directed","Control(indirect)"
"UNIPROT","O60832","UNIPROT","Q9Y2R4","directed","Control(indirect)"
"UNIPROT","O60832","UNIPROT","Q9Y2X3","directed","Control(indirect)"
"UNIPROT","O60832","UNIPROT","Q9Y324","directed","Control(indirect)"
"UNIPROT","O60832","UNIPROT","Q9Y3A2","directed","Control(indirect)"
"UNIPROT","O60832","UNIPROT","Q9Y3A4","directed","Control(indirect)"
"UNIPROT","O60832","UNIPROT","Q9Y5J1","directed","Control(indirect)"
"UNIPROT","O60832","UNIPROT","Q9Y6V7","directed","Control(indirect)"
"UNIPROT","O75691","UNIPROT","O00566","undirected","Binding"
"UNIPROT","O75691","UNIPROT","O43818","undirected","Binding"
"UNIPROT","O75691","UNIPROT","P22087","undirected","Binding"
"UNIPROT","O75691","UNIPROT","P78316","undirected","Binding"
"UNIPROT","O75691","UNIPROT","Q13601","undirected","Binding"
"UNIPROT","O75691","UNIPROT","Q14692","undirected","Binding"
"UNIPROT","O75691","UNIPROT","Q15061","undirected","Binding"
"UNIPROT","O75691","UNIPROT","Q5TAP6","undirected","Binding"
"UNIPROT","O75691","UNIPROT","Q68CQ4","undirected","Binding"
"UNIPROT","O75691","UNIPROT","Q8IWA0","undirected","Binding"
"UNIPROT","O75691","UNIPROT","Q8TED0","undirected","Binding"
"UNIPROT","O75691","UNIPROT","Q92979","undirected","Binding"
"UNIPROT","O75691","UNIPROT","Q969X6","undirected","Binding"
"UNIPROT","O75691","UNIPROT","Q96EU6","undirected","Binding"
"UNIPROT","O75691","UNIPROT","Q96G21","undirected","Binding"
"UNIPROT","O75691","UNIPROT","Q9BVI4","undirected","Binding"
"UNIPROT","O75691","UNIPROT","Q9BVJ6","undirected","Binding"
"UNIPROT","O75691","UNIPROT","Q9H0S4","undirected","Binding"
"UNIPROT","O75691","UNIPROT","Q9H583","undirected","Binding"
"UNIPROT","O75691","UNIPROT","Q9H6R4","undirected","Binding"
"UNIPROT","O75691","UNIPROT","Q9H8H0","undirected","Binding"
"UNIPROT","O75691","UNIPROT","Q9NQZ2","undirected","Binding"
"UNIPROT","O75691","UNIPROT","Q9NV31","undirected","Binding"
"UNIPROT","O75691","UNIPROT","Q9Y2P8","undirected","Binding"
"UNIPROT","O75691","UNIPROT","Q9Y2R4","undirected","Binding"
"UNIPROT","O75691","UNIPROT","Q9Y324","undirected","Binding"
"UNIPROT","O75691","UNIPROT","Q9Y3A2","undirected","Binding"
"UNIPROT","O75691","UNIPROT","Q9Y3A4","undirected","Binding"
"UNIPROT","O75691","UNIPROT","Q9Y6V7","undirected","Binding"
"UNIPROT","P15880","UNIPROT","O00566","undirected","Binding"
"UNIPROT","P15880","UNIPROT","O00567","undirected","Binding"
"UNIPROT","P15880","UNIPROT","O15213","undirected","Binding"
"UNIPROT","P15880","UNIPROT","O43818","undirected","Binding"
"UNIPROT","P15880","UNIPROT","O75691","undirected","Binding"
"UNIPROT","P15880","UNIPROT","P22087","undirected","Binding"
"UNIPROT","P15880","UNIPROT","P46781","undirected","Binding"
"UNIPROT","P15880","UNIPROT","P55769","undirected","Binding"
"UNIPROT","P15880","UNIPROT","P62081","undirected","Binding"
"UNIPROT","P15880","UNIPROT","P62263","undirected","Binding"
"UNIPROT","P15880","UNIPROT","P62753","undirected","Binding"
"UNIPROT","P15880","UNIPROT","P78316","undirected","Binding"
"UNIPROT","P15880","UNIPROT","Q12788","undirected","Binding"
"UNIPROT","P15880","UNIPROT","Q13601","undirected","Binding"
"UNIPROT","P15880","UNIPROT","Q14690","undirected","Binding"
"UNIPROT","P15880","UNIPROT","Q14692","undirected","Binding"
"UNIPROT","P15880","UNIPROT","Q15061","undirected","Binding"
"UNIPROT","P15880","UNIPROT","Q15269","undirected","Binding"
"UNIPROT","P15880","UNIPROT","Q5TAP6","undirected","Binding"
"UNIPROT","P15880","UNIPROT","Q68CQ4","undirected","Binding"
"UNIPROT","P15880","UNIPROT","Q8IWA0","undirected","Binding"
"UNIPROT","P15880","UNIPROT","Q8IY37","undirected","Binding"
"UNIPROT","P15880","UNIPROT","Q8NI36","undirected","Binding"
"UNIPROT","P15880","UNIPROT","Q8TED0","undirected","Binding"
"UNIPROT","P15880","UNIPROT","Q92979","undirected","Binding"
"UNIPROT","P15880","UNIPROT","Q969X6","undirected","Binding"
"UNIPROT","P15880","UNIPROT","Q96EU6","undirected","Binding"
"UNIPROT","P15880","UNIPROT","Q96G21","undirected","Binding"
"UNIPROT","P15880","UNIPROT","Q9BVI4","undirected","Binding"
"UNIPROT","P15880","UNIPROT","Q9BVJ6","undirected","Binding"
"UNIPROT","P15880","UNIPROT","Q9H0S4","undirected","Binding"
"UNIPROT","P15880","UNIPROT","Q9H583","undirected","Binding"
"UNIPROT","P15880","UNIPROT","Q9H6R4","undirected","Binding"
"UNIPROT","P15880","UNIPROT","Q9H8H0","undirected","Binding"
"UNIPROT","P15880","UNIPROT","Q9NQZ2","undirected","Binding"
"UNIPROT","P15880","UNIPROT","Q9NV06","undirected","Binding"
"UNIPROT","P15880","UNIPROT","Q9NV31","undirected","Binding"
"UNIPROT","P15880","UNIPROT","Q9NYH9","undirected","Binding"
"UNIPROT","P15880","UNIPROT","Q9UNX4","undirected","Binding"
"UNIPROT","P15880","UNIPROT","Q9Y2P8","undirected","Binding"
"UNIPROT","P15880","UNIPROT","Q9Y2R4","undirected","Binding"
"UNIPROT","P15880","UNIPROT","Q9Y2X3","undirected","Binding"
"UNIPROT","P15880","UNIPROT","Q9Y324","undirected","Binding"
"UNIPROT","P15880","UNIPROT","Q9Y3A2","undirected","Binding"
"UNIPROT","P15880","UNIPROT","Q9Y3A4","undirected","Binding"
"UNIPROT","P15880","UNIPROT","Q9Y5J1","undirected","Binding"
"UNIPROT","P15880","UNIPROT","Q9Y6V7","undirected","Binding"
"UNIPROT","P22087","UNIPROT","O00566","undirected","Binding"
"UNIPROT","P22087","UNIPROT","O43818","undirected","Binding"
"UNIPROT","P22087","UNIPROT","P46087","directed","Control(indirect)"
"UNIPROT","P22087","UNIPROT","P78316","undirected","Binding"
"UNIPROT","P22087","UNIPROT","Q13601","undirected","Binding"
"UNIPROT","P22087","UNIPROT","Q14692","undirected","Binding"
"UNIPROT","P22087","UNIPROT","Q15061","undirected","Binding"
"UNIPROT","P22087","UNIPROT","Q5TAP6","undirected","Binding"
"UNIPROT","P22087","UNIPROT","Q68CQ4","undirected","Binding"
"UNIPROT","P22087","UNIPROT","Q8IWA0","undirected","Binding"
"UNIPROT","P22087","UNIPROT","Q8TED0","undirected","Binding"
"UNIPROT","P22087","UNIPROT","Q92979","undirected","Binding"
"UNIPROT","P22087","UNIPROT","Q969X6","undirected","Binding"
"UNIPROT","P22087","UNIPROT","Q96EU6","undirected","Binding"
"UNIPROT","P22087","UNIPROT","Q96G21","undirected","Binding"
"UNIPROT","P22087","UNIPROT","Q9BVI4","undirected","Binding"
"UNIPROT","P22087","UNIPROT","Q9BVJ6","undirected","Binding"
"UNIPROT","P22087","UNIPROT","Q9H0A0","directed","Control(indirect)"
"UNIPROT","P22087","UNIPROT","Q9H0S4","undirected","Binding"
"UNIPROT","P22087","UNIPROT","Q9H583","undirected","Binding"
"UNIPROT","P22087","UNIPROT","Q9H6R4","undirected","Binding"
"UNIPROT","P22087","UNIPROT","Q9H8H0","undirected","Binding"
"UNIPROT","P22087","UNIPROT","Q9NV31","undirected","Binding"
"UNIPROT","P22087","UNIPROT","Q9NXG2","directed","Control(indirect)"
"UNIPROT","P22087","UNIPROT","Q9Y2P8","undirected","Binding"
"UNIPROT","P22087","UNIPROT","Q9Y2R4","undirected","Binding"
"UNIPROT","P22087","UNIPROT","Q9Y324","undirected","Binding"
"UNIPROT","P22087","UNIPROT","Q9Y3A2","undirected","Binding"
"UNIPROT","P22087","UNIPROT","Q9Y3A4","undirected","Binding"
"UNIPROT","P22087","UNIPROT","Q9Y6V7","undirected","Binding"
"UNIPROT","P46781","UNIPROT","O00566","undirected","Binding"
"UNIPROT","P46781","UNIPROT","O00567","undirected","Binding"
"UNIPROT","P46781","UNIPROT","O15213","undirected","Binding"
"UNIPROT","P46781","UNIPROT","O43818","undirected","Binding"
"UNIPROT","P46781","UNIPROT","O75691","undirected","Binding"
"UNIPROT","P46781","UNIPROT","P22087","undirected","Binding"
"UNIPROT","P46781","UNIPROT","P55769","undirected","Binding"
"UNIPROT","P46781","UNIPROT","P78316","undirected","Binding"
"UNIPROT","P46781","UNIPROT","Q12788","undirected","Binding"
"UNIPROT","P46781","UNIPROT","Q13601","undirected","Binding"
"UNIPROT","P46781","UNIPROT","Q14690","undirected","Binding"
"UNIPROT","P46781","UNIPROT","Q14692","undirected","Binding"
"UNIPROT","P46781","UNIPROT","Q15061","undirected","Binding"
"UNIPROT","P46781","UNIPROT","Q15269","undirected","Binding"
"UNIPROT","P46781","UNIPROT","Q5TAP6","undirected","Binding"
"UNIPROT","P46781","UNIPROT","Q68CQ4","undirected","Binding"
"UNIPROT","P46781","UNIPROT","Q8IWA0","undirected","Binding"
"UNIPROT","P46781","UNIPROT","Q8IY37","undirected","Binding"
"UNIPROT","P46781","UNIPROT","Q8NI36","undirected","Binding"
"UNIPROT","P46781","UNIPROT","Q8TED0","undirected","Binding"
"UNIPROT","P46781","UNIPROT","Q92979","undirected","Binding"
"UNIPROT","P46781","UNIPROT","Q969X6","undirected","Binding"
"UNIPROT","P46781","UNIPROT","Q96EU6","undirected","Binding"
"UNIPROT","P46781","UNIPROT","Q96G21","undirected","Binding"
"UNIPROT","P46781","UNIPROT","Q9BVI4","undirected","Binding"
"UNIPROT","P46781","UNIPROT","Q9BVJ6","undirected","Binding"
"UNIPROT","P46781","UNIPROT","Q9H0S4","undirected","Binding"
"UNIPROT","P46781","UNIPROT","Q9H583","undirected","Binding"
"UNIPROT","P46781","UNIPROT","Q9H6R4","undirected","Binding"
"UNIPROT","P46781","UNIPROT","Q9H8H0","undirected","Binding"
"UNIPROT","P46781","UNIPROT","Q9NQZ2","undirected","Binding"
"UNIPROT","P46781","UNIPROT","Q9NV06","undirected","Binding"
"UNIPROT","P46781","UNIPROT","Q9NV31","undirected","Binding"
"UNIPROT","P46781","UNIPROT","Q9NYH9","undirected","Binding"
"UNIPROT","P46781","UNIPROT","Q9UNX4","undirected","Binding"
"UNIPROT","P46781","UNIPROT","Q9Y2P8","undirected","Binding"
"UNIPROT","P46781","UNIPROT","Q9Y2R4","undirected","Binding"
"UNIPROT","P46781","UNIPROT","Q9Y2X3","undirected","Binding"
"UNIPROT","P46781","UNIPROT","Q9Y324","undirected","Binding"
"UNIPROT","P46781","UNIPROT","Q9Y3A2","undirected","Binding"
"UNIPROT","P46781","UNIPROT","Q9Y3A4","undirected","Binding"
"UNIPROT","P46781","UNIPROT","Q9Y5J1","undirected","Binding"
"UNIPROT","P46781","UNIPROT","Q9Y6V7","undirected","Binding"
"UNIPROT","P55769","UNIPROT","O00566","undirected","Binding"
"UNIPROT","P55769","UNIPROT","O15213","undirected","Binding"
"UNIPROT","P55769","UNIPROT","O43818","undirected","Binding"
"UNIPROT","P55769","UNIPROT","O75691","undirected","Binding"
"UNIPROT","P55769","UNIPROT","P22087","undirected","Binding"
"UNIPROT","P55769","UNIPROT","P46087","directed","Control(indirect)"
"UNIPROT","P55769","UNIPROT","P78316","undirected","Binding"
"UNIPROT","P55769","UNIPROT","Q12788","undirected","Binding"
"UNIPROT","P55769","UNIPROT","Q13601","undirected","Binding"
"UNIPROT","P55769","UNIPROT","Q14690","undirected","Binding"
"UNIPROT","P55769","UNIPROT","Q14692","undirected","Binding"
"UNIPROT","P55769","UNIPROT","Q15061","undirected","Binding"
"UNIPROT","P55769","UNIPROT","Q15269","undirected","Binding"
"UNIPROT","P55769","UNIPROT","Q5TAP6","undirected","Binding"
"UNIPROT","P55769","UNIPROT","Q68CQ4","undirected","Binding"
"UNIPROT","P55769","UNIPROT","Q8IWA0","undirected","Binding"
"UNIPROT","P55769","UNIPROT","Q8IY37","undirected","Binding"
"UNIPROT","P55769","UNIPROT","Q8NI36","undirected","Binding"
"UNIPROT","P55769","UNIPROT","Q8TED0","undirected","Binding"
"UNIPROT","P55769","UNIPROT","Q92979","undirected","Binding"
"UNIPROT","P55769","UNIPROT","Q969X6","undirected","Binding"
"UNIPROT","P55769","UNIPROT","Q96EU6","undirected","Binding"
"UNIPROT","P55769","UNIPROT","Q96G21","undirected","Binding"
"UNIPROT","P55769","UNIPROT","Q9BVI4","undirected","Binding"
"UNIPROT","P55769","UNIPROT","Q9BVJ6","undirected","Binding"
"UNIPROT","P55769","UNIPROT","Q9H0A0","directed","Control(indirect)"
"UNIPROT","P55769","UNIPROT","Q9H0S4","undirected","Binding"
"UNIPROT","P55769","UNIPROT","Q9H583","undirected","Binding"
"UNIPROT","P55769","UNIPROT","Q9H6R4","undirected","Binding"
"UNIPROT","P55769","UNIPROT","Q9H8H0","undirected","Binding"
"UNIPROT","P55769","UNIPROT","Q9NQZ2","undirected","Binding"
"UNIPROT","P55769","UNIPROT","Q9NV31","undirected","Binding"
"UNIPROT","P55769","UNIPROT","Q9NXG2","directed","Control(indirect)"
"UNIPROT","P55769","UNIPROT","Q9NYH9","undirected","Binding"
"UNIPROT","P55769","UNIPROT","Q9UNX4","undirected","Binding"
"UNIPROT","P55769","UNIPROT","Q9Y2P8","undirected","Binding"
"UNIPROT","P55769","UNIPROT","Q9Y2R4","undirected","Binding"
"UNIPROT","P55769","UNIPROT","Q9Y324","undirected","Binding"
"UNIPROT","P55769","UNIPROT","Q9Y3A2","undirected","Binding"
"UNIPROT","P55769","UNIPROT","Q9Y3A4","undirected","Binding"
"UNIPROT","P55769","UNIPROT","Q9Y5J1","undirected","Binding"
"UNIPROT","P55769","UNIPROT","Q9Y6V7","undirected","Binding"
"UNIPROT","P62081","UNIPROT","O00566","undirected","Binding"
"UNIPROT","P62081","UNIPROT","O00567","undirected","Binding"
"UNIPROT","P62081","UNIPROT","O15213","undirected","Binding"
"UNIPROT","P62081","UNIPROT","O43818","undirected","Binding"
"UNIPROT","P62081","UNIPROT","O75691","undirected","Binding"
"UNIPROT","P62081","UNIPROT","P22087","undirected","Binding"
"UNIPROT","P62081","UNIPROT","P46781","undirected","Binding"
"UNIPROT","P62081","UNIPROT","P55769","undirected","Binding"
"UNIPROT","P62081","UNIPROT","P62263","undirected","Binding"
"UNIPROT","P62081","UNIPROT","P78316","undirected","Binding"
"UNIPROT","P62081","UNIPROT","Q12788","undirected","Binding"
"UNIPROT","P62081","UNIPROT","Q13601","undirected","Binding"
"UNIPROT","P62081","UNIPROT","Q14690","undirected","Binding"
"UNIPROT","P62081","UNIPROT","Q14692","undirected","Binding"
"UNIPROT","P62081","UNIPROT","Q15061","undirected","Binding"
"UNIPROT","P62081","UNIPROT","Q15269","undirected","Binding"
"UNIPROT","P62081","UNIPROT","Q5TAP6","undirected","Binding"
"UNIPROT","P62081","UNIPROT","Q68CQ4","undirected","Binding"
"UNIPROT","P62081","UNIPROT","Q8IWA0","undirected","Binding"
"UNIPROT","P62081","UNIPROT","Q8IY37","undirected","Binding"
"UNIPROT","P62081","UNIPROT","Q8NI36","undirected","Binding"
"UNIPROT","P62081","UNIPROT","Q8TED0","undirected","Binding"
"UNIPROT","P62081","UNIPROT","Q92979","undirected","Binding"
"UNIPROT","P62081","UNIPROT","Q969X6","undirected","Binding"
"UNIPROT","P62081","UNIPROT","Q96EU6","undirected","Binding"
"UNIPROT","P62081","UNIPROT","Q96G21","undirected","Binding"
"UNIPROT","P62081","UNIPROT","Q9BVI4","undirected","Binding"
"UNIPROT","P62081","UNIPROT","Q9BVJ6","undirected","Binding"
"UNIPROT","P62081","UNIPROT","Q9H0S4","undirected","Binding"
"UNIPROT","P62081","UNIPROT","Q9H583","undirected","Binding"
"UNIPROT","P62081","UNIPROT","Q9H6R4","undirected","Binding"
"UNIPROT","P62081","UNIPROT","Q9H8H0","undirected","Binding"
"UNIPROT","P62081","UNIPROT","Q9NQZ2","undirected","Binding"
"UNIPROT","P62081","UNIPROT","Q9NV06","undirected","Binding"
"UNIPROT","P62081","UNIPROT","Q9NV31","undirected","Binding"
"UNIPROT","P62081","UNIPROT","Q9NYH9","undirected","Binding"
"UNIPROT","P62081","UNIPROT","Q9UNX4","undirected","Binding"
"UNIPROT","P62081","UNIPROT","Q9Y2P8","undirected","Binding"
"UNIPROT","P62081","UNIPROT","Q9Y2R4","undirected","Binding"
"UNIPROT","P62081","UNIPROT","Q9Y2X3","undirected","Binding"
"UNIPROT","P62081","UNIPROT","Q9Y324","undirected","Binding"
"UNIPROT","P62081","UNIPROT","Q9Y3A2","undirected","Binding"
"UNIPROT","P62081","UNIPROT","Q9Y3A4","undirected","Binding"
"UNIPROT","P62081","UNIPROT","Q9Y5J1","undirected","Binding"
"UNIPROT","P62081","UNIPROT","Q9Y6V7","undirected","Binding"
"UNIPROT","P62263","UNIPROT","O00566","undirected","Binding"
"UNIPROT","P62263","UNIPROT","O00567","undirected","Binding"
"UNIPROT","P62263","UNIPROT","O15213","undirected","Binding"
"UNIPROT","P62263","UNIPROT","O43818","undirected","Binding"
"UNIPROT","P62263","UNIPROT","O75691","undirected","Binding"
"UNIPROT","P62263","UNIPROT","P22087","undirected","Binding"
"UNIPROT","P62263","UNIPROT","P46781","undirected","Binding"
"UNIPROT","P62263","UNIPROT","P55769","undirected","Binding"
"UNIPROT","P62263","UNIPROT","P78316","undirected","Binding"
"UNIPROT","P62263","UNIPROT","Q12788","undirected","Binding"
"UNIPROT","P62263","UNIPROT","Q13601","undirected","Binding"
"UNIPROT","P62263","UNIPROT","Q14690","undirected","Binding"
"UNIPROT","P62263","UNIPROT","Q14692","undirected","Binding"
"UNIPROT","P62263","UNIPROT","Q15061","undirected","Binding"
"UNIPROT","P62263","UNIPROT","Q15269","undirected","Binding"
"UNIPROT","P62263","UNIPROT","Q5TAP6","undirected","Binding"
"UNIPROT","P62263","UNIPROT","Q68CQ4","undirected","Binding"
"UNIPROT","P62263","UNIPROT","Q8IWA0","undirected","Binding"
"UNIPROT","P62263","UNIPROT","Q8IY37","undirected","Binding"
"UNIPROT","P62263","UNIPROT","Q8NI36","undirected","Binding"
"UNIPROT","P62263","UNIPROT","Q8TED0","undirected","Binding"
"UNIPROT","P62263","UNIPROT","Q92979","undirected","Binding"
"UNIPROT","P62263","UNIPROT","Q969X6","undirected","Binding"
"UNIPROT","P62263","UNIPROT","Q96EU6","undirected","Binding"
"UNIPROT","P62263","UNIPROT","Q96G21","undirected","Binding"
"UNIPROT","P62263","UNIPROT","Q9BVI4","undirected","Binding"
"UNIPROT","P62263","UNIPROT","Q9BVJ6","undirected","Binding"
"UNIPROT","P62263","UNIPROT","Q9H0S4","undirected","Binding"
"UNIPROT","P62263","UNIPROT","Q9H583","undirected","Binding"
"UNIPROT","P62263","UNIPROT","Q9H6R4","undirected","Binding"
"UNIPROT","P62263","UNIPROT","Q9H8H0","undirected","Binding"
"UNIPROT","P62263","UNIPROT","Q9NQZ2","undirected","Binding"
"UNIPROT","P62263","UNIPROT","Q9NV06","undirected","Binding"
"UNIPROT","P62263","UNIPROT","Q9NV31","undirected","Binding"
"UNIPROT","P62263","UNIPROT","Q9NYH9","undirected","Binding"
"UNIPROT","P62263","UNIPROT","Q9UNX4","undirected","Binding"
"UNIPROT","P62263","UNIPROT","Q9Y2P8","undirected","Binding"
"UNIPROT","P62263","UNIPROT","Q9Y2R4","undirected","Binding"
"UNIPROT","P62263","UNIPROT","Q9Y2X3","undirected","Binding"
"UNIPROT","P62263","UNIPROT","Q9Y324","undirected","Binding"
"UNIPROT","P62263","UNIPROT","Q9Y3A2","undirected","Binding"
"UNIPROT","P62263","UNIPROT","Q9Y3A4","undirected","Binding"
"UNIPROT","P62263","UNIPROT","Q9Y5J1","undirected","Binding"
"UNIPROT","P62263","UNIPROT","Q9Y6V7","undirected","Binding"
"UNIPROT","P62753","UNIPROT","O00566","undirected","Binding"
"UNIPROT","P62753","UNIPROT","O00567","undirected","Binding"
"UNIPROT","P62753","UNIPROT","O15213","undirected","Binding"
"UNIPROT","P62753","UNIPROT","O43818","undirected","Binding"
"UNIPROT","P62753","UNIPROT","O75691","undirected","Binding"
"UNIPROT","P62753","UNIPROT","P22087","undirected","Binding"
"UNIPROT","P62753","UNIPROT","P46781","undirected","Binding"
"UNIPROT","P62753","UNIPROT","P55769","undirected","Binding"
"UNIPROT","P62753","UNIPROT","P62081","undirected","Binding"
"UNIPROT","P62753","UNIPROT","P62263","undirected","Binding"
"UNIPROT","P62753","UNIPROT","P78316","undirected","Binding"
"UNIPROT","P62753","UNIPROT","Q12788","undirected","Binding"
"UNIPROT","P62753","UNIPROT","Q13601","undirected","Binding"
"UNIPROT","P62753","UNIPROT","Q14690","undirected","Binding"
"UNIPROT","P62753","UNIPROT","Q14692","undirected","Binding"
"UNIPROT","P62753","UNIPROT","Q15061","undirected","Binding"
"UNIPROT","P62753","UNIPROT","Q15269","undirected","Binding"
"UNIPROT","P62753","UNIPROT","Q5TAP6","undirected","Binding"
"UNIPROT","P62753","UNIPROT","Q68CQ4","undirected","Binding"
"UNIPROT","P62753","UNIPROT","Q8IWA0","undirected","Binding"
"UNIPROT","P62753","UNIPROT","Q8IY37","undirected","Binding"
"UNIPROT","P62753","UNIPROT","Q8NI36","undirected","Binding"
"UNIPROT","P62753","UNIPROT","Q8TED0","undirected","Binding"
"UNIPROT","P62753","UNIPROT","Q92979","undirected","Binding"
"UNIPROT","P62753","UNIPROT","Q969X6","undirected","Binding"
"UNIPROT","P62753","UNIPROT","Q96EU6","undirected","Binding"
"UNIPROT","P62753","UNIPROT","Q96G21","undirected","Binding"
"UNIPROT","P62753","UNIPROT","Q9BVI4","undirected","Binding"
"UNIPROT","P62753","UNIPROT","Q9BVJ6","undirected","Binding"
"UNIPROT","P62753","UNIPROT","Q9H0S4","undirected","Binding"
"UNIPROT","P62753","UNIPROT","Q9H583","undirected","Binding"
"UNIPROT","P62753","UNIPROT","Q9H6R4","undirected","Binding"
"UNIPROT","P62753","UNIPROT","Q9H8H0","undirected","Binding"
"UNIPROT","P62753","UNIPROT","Q9NQZ2","undirected","Binding"
"UNIPROT","P62753","UNIPROT","Q9NV06","undirected","Binding"
"UNIPROT","P62753","UNIPROT","Q9NV31","undirected","Binding"
"UNIPROT","P62753","UNIPROT","Q9NYH9","undirected","Binding"
"UNIPROT","P62753","UNIPROT","Q9UNX4","undirected","Binding"
"UNIPROT","P62753","UNIPROT","Q9Y2P8","undirected","Binding"
"UNIPROT","P62753","UNIPROT","Q9Y2R4","undirected","Binding"
"UNIPROT","P62753","UNIPROT","Q9Y2X3","undirected","Binding"
"UNIPROT","P62753","UNIPROT","Q9Y324","undirected","Binding"
"UNIPROT","P62753","UNIPROT","Q9Y3A2","undirected","Binding"
"UNIPROT","P62753","UNIPROT","Q9Y3A4","undirected","Binding"
"UNIPROT","P62753","UNIPROT","Q9Y5J1","undirected","Binding"
"UNIPROT","P62753","UNIPROT","Q9Y6V7","undirected","Binding"
"UNIPROT","P78316","UNIPROT","O00566","undirected","Binding"
"UNIPROT","P78316","UNIPROT","Q13601","undirected","Binding"
"UNIPROT","P78316","UNIPROT","Q14692","undirected","Binding"
"UNIPROT","P78316","UNIPROT","Q15061","undirected","Binding"
"UNIPROT","P78316","UNIPROT","Q68CQ4","undirected","Binding"
"UNIPROT","P78316","UNIPROT","Q8IWA0","undirected","Binding"
"UNIPROT","P78316","UNIPROT","Q8TED0","undirected","Binding"
"UNIPROT","P78316","UNIPROT","Q92979","undirected","Binding"
"UNIPROT","P78316","UNIPROT","Q969X6","undirected","Binding"
"UNIPROT","P78316","UNIPROT","Q96EU6","undirected","Binding"
"UNIPROT","P78316","UNIPROT","Q96G21","undirected","Binding"
"UNIPROT","P78316","UNIPROT","Q9BVI4","undirected","Binding"
"UNIPROT","P78316","UNIPROT","Q9H0S4","undirected","Binding"
"UNIPROT","P78316","UNIPROT","Q9H583","undirected","Binding"
"UNIPROT","P78316","UNIPROT","Q9H6R4","undirected","Binding"
"UNIPROT","P78316","UNIPROT","Q9H8H0","undirected","Binding"
"UNIPROT","P78316","UNIPROT","Q9NV31","undirected","Binding"
"UNIPROT","P78316","UNIPROT","Q9Y2P8","undirected","Binding"
"UNIPROT","P78316","UNIPROT","Q9Y2R4","undirected","Binding"
"UNIPROT","P78316","UNIPROT","Q9Y324","undirected","Binding"
"UNIPROT","P78316","UNIPROT","Q9Y3A2","undirected","Binding"
"UNIPROT","P78316","UNIPROT","Q9Y3A4","undirected","Binding"
"UNIPROT","P78316","UNIPROT","Q9Y6V7","undirected","Binding"
"UNIPROT","Q12788","UNIPROT","O00566","undirected","Binding"
"UNIPROT","Q12788","UNIPROT","O43818","undirected","Binding"
"UNIPROT","Q12788","UNIPROT","O75691","undirected","Binding"
"UNIPROT","Q12788","UNIPROT","P22087","undirected","Binding"
"UNIPROT","Q12788","UNIPROT","P78316","undirected","Binding"
"UNIPROT","Q12788","UNIPROT","Q13601","undirected","Binding"
"UNIPROT","Q12788","UNIPROT","Q14692","undirected","Binding"
"UNIPROT","Q12788","UNIPROT","Q15061","undirected","Binding"
"UNIPROT","Q12788","UNIPROT","Q5TAP6","undirected","Binding"
"UNIPROT","Q12788","UNIPROT","Q68CQ4","undirected","Binding"
"UNIPROT","Q12788","UNIPROT","Q8IWA0","undirected","Binding"
"UNIPROT","Q12788","UNIPROT","Q8NI36","undirected","Binding"
"UNIPROT","Q12788","UNIPROT","Q8TED0","undirected","Binding"
"UNIPROT","Q12788","UNIPROT","Q92979","undirected","Binding"
"UNIPROT","Q12788","UNIPROT","Q969X6","undirected","Binding"
"UNIPROT","Q12788","UNIPROT","Q96EU6","undirected","Binding"
"UNIPROT","Q12788","UNIPROT","Q96G21","undirected","Binding"
"UNIPROT","Q12788","UNIPROT","Q9BVI4","undirected","Binding"
"UNIPROT","Q12788","UNIPROT","Q9BVJ6","undirected","Binding"
"UNIPROT","Q12788","UNIPROT","Q9H0S4","undirected","Binding"
"UNIPROT","Q12788","UNIPROT","Q9H583","undirected","Binding"
"UNIPROT","Q12788","UNIPROT","Q9H6R4","undirected","Binding"
"UNIPROT","Q12788","UNIPROT","Q9H8H0","undirected","Binding"
"UNIPROT","Q12788","UNIPROT","Q9NQZ2","undirected","Binding"
"UNIPROT","Q12788","UNIPROT","Q9NV31","undirected","Binding"
"UNIPROT","Q12788","UNIPROT","Q9NYH9","undirected","Binding"
"UNIPROT","Q12788","UNIPROT","Q9Y2P8","undirected","Binding"
"UNIPROT","Q12788","UNIPROT","Q9Y2R4","undirected","Binding"
"UNIPROT","Q12788","UNIPROT","Q9Y324","undirected","Binding"
"UNIPROT","Q12788","UNIPROT","Q9Y3A2","undirected","Binding"
"UNIPROT","Q12788","UNIPROT","Q9Y3A4","undirected","Binding"
"UNIPROT","Q12788","UNIPROT","Q9Y5J1","undirected","Binding"
"UNIPROT","Q12788","UNIPROT","Q9Y6V7","undirected","Binding"
"UNIPROT","Q13601","UNIPROT","Q14692","undirected","Binding"
"UNIPROT","Q13601","UNIPROT","Q15061","undirected","Binding"
"UNIPROT","Q13601","UNIPROT","Q8IWA0","undirected","Binding"
"UNIPROT","Q13601","UNIPROT","Q8TED0","undirected","Binding"
"UNIPROT","Q13601","UNIPROT","Q92979","undirected","Binding"
"UNIPROT","Q13601","UNIPROT","Q969X6","undirected","Binding"
"UNIPROT","Q13601","UNIPROT","Q9H0S4","undirected","Binding"
"UNIPROT","Q13601","UNIPROT","Q9H583","undirected","Binding"
"UNIPROT","Q13601","UNIPROT","Q9H8H0","undirected","Binding"
"UNIPROT","Q13601","UNIPROT","Q9Y2P8","undirected","Binding"
"UNIPROT","Q13601","UNIPROT","Q9Y2R4","undirected","Binding"
"UNIPROT","Q13601","UNIPROT","Q9Y324","undirected","Binding"
"UNIPROT","Q13601","UNIPROT","Q9Y3A2","undirected","Binding"
"UNIPROT","Q14690","UNIPROT","O00566","undirected","Binding"
"UNIPROT","Q14690","UNIPROT","O15213","undirected","Binding"
"UNIPROT","Q14690","UNIPROT","O43818","undirected","Binding"
"UNIPROT","Q14690","UNIPROT","O75691","undirected","Binding"
"UNIPROT","Q14690","UNIPROT","P22087","undirected","Binding"
"UNIPROT","Q14690","UNIPROT","P78316","undirected","Binding"
"UNIPROT","Q14690","UNIPROT","Q12788","undirected","Binding"
"UNIPROT","Q14690","UNIPROT","Q13601","undirected","Binding"
"UNIPROT","Q14690","UNIPROT","Q14692","undirected","Binding"
"UNIPROT","Q14690","UNIPROT","Q15061","undirected","Binding"
"UNIPROT","Q14690","UNIPROT","Q15269","undirected","Binding"
"UNIPROT","Q14690","UNIPROT","Q5TAP6","undirected","Binding"
"UNIPROT","Q14690","UNIPROT","Q68CQ4","undirected","Binding"
"UNIPROT","Q14690","UNIPROT","Q8IWA0","undirected","Binding"
"UNIPROT","Q14690","UNIPROT","Q8IY37","undirected","Binding"
"UNIPROT","Q14690","UNIPROT","Q8NI36","undirected","Binding"
"UNIPROT","Q14690","UNIPROT","Q8TED0","undirected","Binding"
"UNIPROT","Q14690","UNIPROT","Q92979","undirected","Binding"
"UNIPROT","Q14690","UNIPROT","Q969X6","undirected","Binding"
"UNIPROT","Q14690","UNIPROT","Q96EU6","undirected","Binding"
"UNIPROT","Q14690","UNIPROT","Q96G21","undirected","Binding"
"UNIPROT","Q14690","UNIPROT","Q9BVI4","undirected","Binding"
"UNIPROT","Q14690","UNIPROT","Q9BVJ6","undirected","Binding"
"UNIPROT","Q14690","UNIPROT","Q9H0S4","undirected","Binding"
"UNIPROT","Q14690","UNIPROT","Q9H583","undirected","Binding"
"UNIPROT","Q14690","UNIPROT","Q9H6R4","undirected","Binding"
"UNIPROT","Q14690","UNIPROT","Q9H8H0","undirected","Binding"
"UNIPROT","Q14690","UNIPROT","Q9NQZ2","undirected","Binding"
"UNIPROT","Q14690","UNIPROT","Q9NV31","undirected","Binding"
"UNIPROT","Q14690","UNIPROT","Q9NYH9","undirected","Binding"
"UNIPROT","Q14690","UNIPROT","Q9UNX4","undirected","Binding"
"UNIPROT","Q14690","UNIPROT","Q9Y2P8","undirected","Binding"
"UNIPROT","Q14690","UNIPROT","Q9Y2R4","undirected","Binding"
"UNIPROT","Q14690","UNIPROT","Q9Y324","undirected","Binding"
"UNIPROT","Q14690","UNIPROT","Q9Y3A2","undirected","Binding"
"UNIPROT","Q14690","UNIPROT","Q9Y3A4","undirected","Binding"
"UNIPROT","Q14690","UNIPROT","Q9Y5J1","undirected","Binding"
"UNIPROT","Q14690","UNIPROT","Q9Y6V7","undirected","Binding"
"UNIPROT","Q14692","UNIPROT","Q9H8H0","undirected","Binding"
"UNIPROT","Q15061","UNIPROT","Q14692","undirected","Binding"
"UNIPROT","Q15061","UNIPROT","Q8IWA0","undirected","Binding"
"UNIPROT","Q15061","UNIPROT","Q8TED0","undirected","Binding"
"UNIPROT","Q15061","UNIPROT","Q969X6","undirected","Binding"
"UNIPROT","Q15061","UNIPROT","Q9H583","undirected","Binding"
"UNIPROT","Q15061","UNIPROT","Q9H8H0","undirected","Binding"
"UNIPROT","Q15061","UNIPROT","Q9Y2P8","undirected","Binding"
"UNIPROT","Q15061","UNIPROT","Q9Y2R4","undirected","Binding"
"UNIPROT","Q15061","UNIPROT","Q9Y324","undirected","Binding"
"UNIPROT","Q15061","UNIPROT","Q9Y3A2","undirected","Binding"
"UNIPROT","Q15269","UNIPROT","O00566","undirected","Binding"
"UNIPROT","Q15269","UNIPROT","O43818","undirected","Binding"
"UNIPROT","Q15269","UNIPROT","O75691","undirected","Binding"
"UNIPROT","Q15269","UNIPROT","P22087","undirected","Binding"
"UNIPROT","Q15269","UNIPROT","P78316","undirected","Binding"
"UNIPROT","Q15269","UNIPROT","Q12788","undirected","Binding"
"UNIPROT","Q15269","UNIPROT","Q13601","undirected","Binding"
"UNIPROT","Q15269","UNIPROT","Q14692","undirected","Binding"
"UNIPROT","Q15269","UNIPROT","Q15061","undirected","Binding"
"UNIPROT","Q15269","UNIPROT","Q5TAP6","undirected","Binding"
"UNIPROT","Q15269","UNIPROT","Q68CQ4","undirected","Binding"
"UNIPROT","Q15269","UNIPROT","Q8IWA0","undirected","Binding"
"UNIPROT","Q15269","UNIPROT","Q8NI36","undirected","Binding"
"UNIPROT","Q15269","UNIPROT","Q8TED0","undirected","Binding"
"UNIPROT","Q15269","UNIPROT","Q92979","undirected","Binding"
"UNIPROT","Q15269","UNIPROT","Q969X6","undirected","Binding"
"UNIPROT","Q15269","UNIPROT","Q96EU6","undirected","Binding"
"UNIPROT","Q15269","UNIPROT","Q96G21","undirected","Binding"
"UNIPROT","Q15269","UNIPROT","Q9BVI4","undirected","Binding"
"UNIPROT","Q15269","UNIPROT","Q9BVJ6","undirected","Binding"
"UNIPROT","Q15269","UNIPROT","Q9H0S4","undirected","Binding"
"UNIPROT","Q15269","UNIPROT","Q9H583","undirected","Binding"
"UNIPROT","Q15269","UNIPROT","Q9H6R4","undirected","Binding"
"UNIPROT","Q15269","UNIPROT","Q9H8H0","undirected","Binding"
"UNIPROT","Q15269","UNIPROT","Q9NQZ2","undirected","Binding"
"UNIPROT","Q15269","UNIPROT","Q9NV31","undirected","Binding"
"UNIPROT","Q15269","UNIPROT","Q9NYH9","undirected","Binding"
"UNIPROT","Q15269","UNIPROT","Q9Y2P8","undirected","Binding"
"UNIPROT","Q15269","UNIPROT","Q9Y2R4","undirected","Binding"
"UNIPROT","Q15269","UNIPROT","Q9Y324","undirected","Binding"
"UNIPROT","Q15269","UNIPROT","Q9Y3A2","undirected","Binding"
"UNIPROT","Q15269","UNIPROT","Q9Y3A4","undirected","Binding"
"UNIPROT","Q15269","UNIPROT","Q9Y5J1","undirected","Binding"
"UNIPROT","Q15269","UNIPROT","Q9Y6V7","undirected","Binding"
"UNIPROT","Q5TAP6","UNIPROT","O00566","undirected","Binding"
"UNIPROT","Q5TAP6","UNIPROT","P78316","undirected","Binding"
"UNIPROT","Q5TAP6","UNIPROT","Q13601","undirected","Binding"
"UNIPROT","Q5TAP6","UNIPROT","Q14692","undirected","Binding"
"UNIPROT","Q5TAP6","UNIPROT","Q15061","undirected","Binding"
"UNIPROT","Q5TAP6","UNIPROT","Q68CQ4","undirected","Binding"
"UNIPROT","Q5TAP6","UNIPROT","Q8IWA0","undirected","Binding"
"UNIPROT","Q5TAP6","UNIPROT","Q8TED0","undirected","Binding"
"UNIPROT","Q5TAP6","UNIPROT","Q92979","undirected","Binding"
"UNIPROT","Q5TAP6","UNIPROT","Q969X6","undirected","Binding"
"UNIPROT","Q5TAP6","UNIPROT","Q96EU6","undirected","Binding"
"UNIPROT","Q5TAP6","UNIPROT","Q96G21","undirected","Binding"
"UNIPROT","Q5TAP6","UNIPROT","Q9BVI4","undirected","Binding"
"UNIPROT","Q5TAP6","UNIPROT","Q9H0S4","undirected","Binding"
"UNIPROT","Q5TAP6","UNIPROT","Q9H583","undirected","Binding"
"UNIPROT","Q5TAP6","UNIPROT","Q9H6R4","undirected","Binding"
"UNIPROT","Q5TAP6","UNIPROT","Q9H8H0","undirected","Binding"
"UNIPROT","Q5TAP6","UNIPROT","Q9NV31","undirected","Binding"
"UNIPROT","Q5TAP6","UNIPROT","Q9Y2P8","undirected","Binding"
"UNIPROT","Q5TAP6","UNIPROT","Q9Y2R4","undirected","Binding"
"UNIPROT","Q5TAP6","UNIPROT","Q9Y324","undirected","Binding"
"UNIPROT","Q5TAP6","UNIPROT","Q9Y3A2","undirected","Binding"
"UNIPROT","Q5TAP6","UNIPROT","Q9Y3A4","undirected","Binding"
"UNIPROT","Q5TAP6","UNIPROT","Q9Y6V7","undirected","Binding"
"UNIPROT","Q68CQ4","UNIPROT","Q13601","undirected","Binding"
"UNIPROT","Q68CQ4","UNIPROT","Q14692","undirected","Binding"
"UNIPROT","Q68CQ4","UNIPROT","Q15061","undirected","Binding"
"UNIPROT","Q68CQ4","UNIPROT","Q8IWA0","undirected","Binding"
"UNIPROT","Q68CQ4","UNIPROT","Q8TED0","undirected","Binding"
"UNIPROT","Q68CQ4","UNIPROT","Q92979","undirected","Binding"
"UNIPROT","Q68CQ4","UNIPROT","Q969X6","undirected","Binding"
"UNIPROT","Q68CQ4","UNIPROT","Q96EU6","undirected","Binding"
"UNIPROT","Q68CQ4","UNIPROT","Q9BVI4","undirected","Binding"
"UNIPROT","Q68CQ4","UNIPROT","Q9H0S4","undirected","Binding"
"UNIPROT","Q68CQ4","UNIPROT","Q9H583","undirected","Binding"
"UNIPROT","Q68CQ4","UNIPROT","Q9H6R4","undirected","Binding"
"UNIPROT","Q68CQ4","UNIPROT","Q9H8H0","undirected","Binding"
"UNIPROT","Q68CQ4","UNIPROT","Q9Y2P8","undirected","Binding"
"UNIPROT","Q68CQ4","UNIPROT","Q9Y2R4","undirected","Binding"
"UNIPROT","Q68CQ4","UNIPROT","Q9Y324","undirected","Binding"
"UNIPROT","Q68CQ4","UNIPROT","Q9Y3A2","undirected","Binding"
"UNIPROT","Q68CQ4","UNIPROT","Q9Y3A4","undirected","Binding"
"UNIPROT","Q8IWA0","UNIPROT","Q14692","undirected","Binding"
"UNIPROT","Q8IWA0","UNIPROT","Q8TED0","undirected","Binding"
"UNIPROT","Q8IWA0","UNIPROT","Q969X6","undirected","Binding"
"UNIPROT","Q8IWA0","UNIPROT","Q9H8H0","undirected","Binding"
"UNIPROT","Q8IWA0","UNIPROT","Q9Y2P8","undirected","Binding"
"UNIPROT","Q8IWA0","UNIPROT","Q9Y2R4","undirected","Binding"
"UNIPROT","Q8IWA0","UNIPROT","Q9Y324","undirected","Binding"
"UNIPROT","Q8IWA0","UNIPROT","Q9Y3A2","undirected","Binding"
"UNIPROT","Q8IY37","UNIPROT","O00566","undirected","Binding"
"UNIPROT","Q8IY37","UNIPROT","O43818","undirected","Binding"
"UNIPROT","Q8IY37","UNIPROT","O75691","undirected","Binding"
"UNIPROT","Q8IY37","UNIPROT","P22087","undirected","Binding"
"UNIPROT","Q8IY37","UNIPROT","P78316","undirected","Binding"
"UNIPROT","Q8IY37","UNIPROT","Q12788","undirected","Binding"
"UNIPROT","Q8IY37","UNIPROT","Q13601","undirected","Binding"
"UNIPROT","Q8IY37","UNIPROT","Q14692","undirected","Binding"
"UNIPROT","Q8IY37","UNIPROT","Q15061","undirected","Binding"
"UNIPROT","Q8IY37","UNIPROT","Q15269","undirected","Binding"
"UNIPROT","Q8IY37","UNIPROT","Q5TAP6","undirected","Binding"
"UNIPROT","Q8IY37","UNIPROT","Q68CQ4","undirected","Binding"
"UNIPROT","Q8IY37","UNIPROT","Q8IWA0","undirected","Binding"
"UNIPROT","Q8IY37","UNIPROT","Q8NI36","undirected","Binding"
"UNIPROT","Q8IY37","UNIPROT","Q8TED0","undirected","Binding"
"UNIPROT","Q8IY37","UNIPROT","Q92979","undirected","Binding"
"UNIPROT","Q8IY37","UNIPROT","Q969X6","undirected","Binding"
"UNIPROT","Q8IY37","UNIPROT","Q96EU6","undirected","Binding"
"UNIPROT","Q8IY37","UNIPROT","Q96G21","undirected","Binding"
"UNIPROT","Q8IY37","UNIPROT","Q9BVI4","undirected","Binding"
"UNIPROT","Q8IY37","UNIPROT","Q9BVJ6","undirected","Binding"
"UNIPROT","Q8IY37","UNIPROT","Q9H0S4","undirected","Binding"
"UNIPROT","Q8IY37","UNIPROT","Q9H583","undirected","Binding"
"UNIPROT","Q8IY37","UNIPROT","Q9H6R4","undirected","Binding"
"UNIPROT","Q8IY37","UNIPROT","Q9H8H0","undirected","Binding"
"UNIPROT","Q8IY37","UNIPROT","Q9NQZ2","undirected","Binding"
"UNIPROT","Q8IY37","UNIPROT","Q9NV31","undirected","Binding"
"UNIPROT","Q8IY37","UNIPROT","Q9NYH9","undirected","Binding"
"UNIPROT","Q8IY37","UNIPROT","Q9UNX4","undirected","Binding"
"UNIPROT","Q8IY37","UNIPROT","Q9Y2P8","undirected","Binding"
"UNIPROT","Q8IY37","UNIPROT","Q9Y2R4","undirected","Binding"
"UNIPROT","Q8IY37","UNIPROT","Q9Y324","undirected","Binding"
"UNIPROT","Q8IY37","UNIPROT","Q9Y3A2","undirected","Binding"
"UNIPROT","Q8IY37","UNIPROT","Q9Y3A4","undirected","Binding"
"UNIPROT","Q8IY37","UNIPROT","Q9Y5J1","undirected","Binding"
"UNIPROT","Q8IY37","UNIPROT","Q9Y6V7","undirected","Binding"
"UNIPROT","Q8NI36","UNIPROT","O00566","undirected","Binding"
"UNIPROT","Q8NI36","UNIPROT","O43818","undirected","Binding"
"UNIPROT","Q8NI36","UNIPROT","O75691","undirected","Binding"
"UNIPROT","Q8NI36","UNIPROT","P22087","undirected","Binding"
"UNIPROT","Q8NI36","UNIPROT","P78316","undirected","Binding"
"UNIPROT","Q8NI36","UNIPROT","Q13601","undirected","Binding"
"UNIPROT","Q8NI36","UNIPROT","Q14692","undirected","Binding"
"UNIPROT","Q8NI36","UNIPROT","Q15061","undirected","Binding"
"UNIPROT","Q8NI36","UNIPROT","Q5TAP6","undirected","Binding"
"UNIPROT","Q8NI36","UNIPROT","Q68CQ4","undirected","Binding"
"UNIPROT","Q8NI36","UNIPROT","Q8IWA0","undirected","Binding"
"UNIPROT","Q8NI36","UNIPROT","Q8TED0","undirected","Binding"
"UNIPROT","Q8NI36","UNIPROT","Q92979","undirected","Binding"
"UNIPROT","Q8NI36","UNIPROT","Q969X6","undirected","Binding"
"UNIPROT","Q8NI36","UNIPROT","Q96EU6","undirected","Binding"
"UNIPROT","Q8NI36","UNIPROT","Q96G21","undirected","Binding"
"UNIPROT","Q8NI36","UNIPROT","Q9BVI4","undirected","Binding"
"UNIPROT","Q8NI36","UNIPROT","Q9BVJ6","undirected","Binding"
"UNIPROT","Q8NI36","UNIPROT","Q9H0S4","undirected","Binding"
"UNIPROT","Q8NI36","UNIPROT","Q9H583","undirected","Binding"
"UNIPROT","Q8NI36","UNIPROT","Q9H6R4","undirected","Binding"
"UNIPROT","Q8NI36","UNIPROT","Q9H8H0","undirected","Binding"
"UNIPROT","Q8NI36","UNIPROT","Q9NQZ2","undirected","Binding"
"UNIPROT","Q8NI36","UNIPROT","Q9NV31","undirected","Binding"
"UNIPROT","Q8NI36","UNIPROT","Q9NYH9","undirected","Binding"
"UNIPROT","Q8NI36","UNIPROT","Q9Y2P8","undirected","Binding"
"UNIPROT","Q8NI36","UNIPROT","Q9Y2R4","undirected","Binding"
"UNIPROT","Q8NI36","UNIPROT","Q9Y324","undirected","Binding"
"UNIPROT","Q8NI36","UNIPROT","Q9Y3A2","undirected","Binding"
"UNIPROT","Q8NI36","UNIPROT","Q9Y3A4","undirected","Binding"
"UNIPROT","Q8NI36","UNIPROT","Q9Y5J1","undirected","Binding"
"UNIPROT","Q8NI36","UNIPROT","Q9Y6V7","undirected","Binding"
"UNIPROT","Q8TED0","UNIPROT","Q14692","undirected","Binding"
"UNIPROT","Q8TED0","UNIPROT","Q9H8H0","undirected","Binding"
"UNIPROT","Q8TED0","UNIPROT","Q9Y2P8","undirected","Binding"
"UNIPROT","Q8TED0","UNIPROT","Q9Y2R4","undirected","Binding"
"UNIPROT","Q8TED0","UNIPROT","Q9Y324","undirected","Binding"
"UNIPROT","Q8TED0","UNIPROT","Q9Y3A2","undirected","Binding"
"UNIPROT","Q92979","UNIPROT","Q14692","undirected","Binding"
"UNIPROT","Q92979","UNIPROT","Q15061","undirected","Binding"
"UNIPROT","Q92979","UNIPROT","Q8IWA0","undirected","Binding"
"UNIPROT","Q92979","UNIPROT","Q8TED0","undirected","Binding"
"UNIPROT","Q92979","UNIPROT","Q969X6","undirected","Binding"
"UNIPROT","Q92979","UNIPROT","Q9H0S4","undirected","Binding"
"UNIPROT","Q92979","UNIPROT","Q9H583","undirected","Binding"
"UNIPROT","Q92979","UNIPROT","Q9H8H0","undirected","Binding"
"UNIPROT","Q92979","UNIPROT","Q9Y2P8","undirected","Binding"
"UNIPROT","Q92979","UNIPROT","Q9Y2R4","undirected","Binding"
"UNIPROT","Q92979","UNIPROT","Q9Y324","undirected","Binding"
"UNIPROT","Q92979","UNIPROT","Q9Y3A2","undirected","Binding"
"UNIPROT","Q969X6","UNIPROT","Q14692","undirected","Binding"
"UNIPROT","Q969X6","UNIPROT","Q8TED0","undirected","Binding"
"UNIPROT","Q969X6","UNIPROT","Q9H8H0","undirected","Binding"
"UNIPROT","Q969X6","UNIPROT","Q9Y2P8","undirected","Binding"
"UNIPROT","Q969X6","UNIPROT","Q9Y2R4","undirected","Binding"
"UNIPROT","Q969X6","UNIPROT","Q9Y324","undirected","Binding"
"UNIPROT","Q969X6","UNIPROT","Q9Y3A2","undirected","Binding"
"UNIPROT","Q96EU6","UNIPROT","Q13601","undirected","Binding"
"UNIPROT","Q96EU6","UNIPROT","Q14692","undirected","Binding"
"UNIPROT","Q96EU6","UNIPROT","Q15061","undirected","Binding"
"UNIPROT","Q96EU6","UNIPROT","Q8IWA0","undirected","Binding"
"UNIPROT","Q96EU6","UNIPROT","Q8TED0","undirected","Binding"
"UNIPROT","Q96EU6","UNIPROT","Q92979","undirected","Binding"
"UNIPROT","Q96EU6","UNIPROT","Q969X6","undirected","Binding"
"UNIPROT","Q96EU6","UNIPROT","Q9BVI4","undirected","Binding"
"UNIPROT","Q96EU6","UNIPROT","Q9H0S4","undirected","Binding"
"UNIPROT","Q96EU6","UNIPROT","Q9H583","undirected","Binding"
"UNIPROT","Q96EU6","UNIPROT","Q9H8H0","undirected","Binding"
"UNIPROT","Q96EU6","UNIPROT","Q9Y2P8","undirected","Binding"
"UNIPROT","Q96EU6","UNIPROT","Q9Y2R4","undirected","Binding"
"UNIPROT","Q96EU6","UNIPROT","Q9Y324","undirected","Binding"
"UNIPROT","Q96EU6","UNIPROT","Q9Y3A2","undirected","Binding"
"UNIPROT","Q96EU6","UNIPROT","Q9Y3A4","undirected","Binding"
"UNIPROT","Q96G21","UNIPROT","Q13601","undirected","Binding"
"UNIPROT","Q96G21","UNIPROT","Q14692","undirected","Binding"
"UNIPROT","Q96G21","UNIPROT","Q15061","undirected","Binding"
"UNIPROT","Q96G21","UNIPROT","Q68CQ4","undirected","Binding"
"UNIPROT","Q96G21","UNIPROT","Q8IWA0","undirected","Binding"
"UNIPROT","Q96G21","UNIPROT","Q8TED0","undirected","Binding"
"UNIPROT","Q96G21","UNIPROT","Q92979","undirected","Binding"
"UNIPROT","Q96G21","UNIPROT","Q969X6","undirected","Binding"
"UNIPROT","Q96G21","UNIPROT","Q96EU6","undirected","Binding"
"UNIPROT","Q96G21","UNIPROT","Q9BVI4","undirected","Binding"
"UNIPROT","Q96G21","UNIPROT","Q9H0S4","undirected","Binding"
"UNIPROT","Q96G21","UNIPROT","Q9H583","undirected","Binding"
"UNIPROT","Q96G21","UNIPROT","Q9H6R4","undirected","Binding"
"UNIPROT","Q96G21","UNIPROT","Q9H8H0","undirected","Binding"
"UNIPROT","Q96G21","UNIPROT","Q9Y2P8","undirected","Binding"
"UNIPROT","Q96G21","UNIPROT","Q9Y2R4","undirected","Binding"
"UNIPROT","Q96G21","UNIPROT","Q9Y324","undirected","Binding"
"UNIPROT","Q96G21","UNIPROT","Q9Y3A2","undirected","Binding"
"UNIPROT","Q96G21","UNIPROT","Q9Y3A4","undirected","Binding"
"UNIPROT","Q9BVI4","UNIPROT","Q13601","undirected","Binding"
"UNIPROT","Q9BVI4","UNIPROT","Q14692","undirected","Binding"
"UNIPROT","Q9BVI4","UNIPROT","Q15061","undirected","Binding"
"UNIPROT","Q9BVI4","UNIPROT","Q8IWA0","undirected","Binding"
"UNIPROT","Q9BVI4","UNIPROT","Q8TED0","undirected","Binding"
"UNIPROT","Q9BVI4","UNIPROT","Q92979","undirected","Binding"
"UNIPROT","Q9BVI4","UNIPROT","Q969X6","undirected","Binding"
"UNIPROT","Q9BVI4","UNIPROT","Q9H0S4","undirected","Binding"
"UNIPROT","Q9BVI4","UNIPROT","Q9H583","undirected","Binding"
"UNIPROT","Q9BVI4","UNIPROT","Q9H8H0","undirected","Binding"
"UNIPROT","Q9BVI4","UNIPROT","Q9Y2P8","undirected","Binding"
"UNIPROT","Q9BVI4","UNIPROT","Q9Y2R4","undirected","Binding"
"UNIPROT","Q9BVI4","UNIPROT","Q9Y324","undirected","Binding"
"UNIPROT","Q9BVI4","UNIPROT","Q9Y3A2","undirected","Binding"
"UNIPROT","Q9BVJ6","UNIPROT","O00566","undirected","Binding"
"UNIPROT","Q9BVJ6","UNIPROT","P78316","undirected","Binding"
"UNIPROT","Q9BVJ6","UNIPROT","Q13601","undirected","Binding"
"UNIPROT","Q9BVJ6","UNIPROT","Q14692","undirected","Binding"
"UNIPROT","Q9BVJ6","UNIPROT","Q15061","undirected","Binding"
"UNIPROT","Q9BVJ6","UNIPROT","Q68CQ4","undirected","Binding"
"UNIPROT","Q9BVJ6","UNIPROT","Q8IWA0","undirected","Binding"
"UNIPROT","Q9BVJ6","UNIPROT","Q8TED0","undirected","Binding"
"UNIPROT","Q9BVJ6","UNIPROT","Q92979","undirected","Binding"
"UNIPROT","Q9BVJ6","UNIPROT","Q969X6","undirected","Binding"
"UNIPROT","Q9BVJ6","UNIPROT","Q96EU6","undirected","Binding"
"UNIPROT","Q9BVJ6","UNIPROT","Q96G21","undirected","Binding"
"UNIPROT","Q9BVJ6","UNIPROT","Q9BVI4","undirected","Binding"
"UNIPROT","Q9BVJ6","UNIPROT","Q9H0S4","undirected","Binding"
"UNIPROT","Q9BVJ6","UNIPROT","Q9H583","undirected","Binding"
"UNIPROT","Q9BVJ6","UNIPROT","Q9H6R4","undirected","Binding"
"UNIPROT","Q9BVJ6","UNIPROT","Q9H8H0","undirected","Binding"
"UNIPROT","Q9BVJ6","UNIPROT","Q9NV31","undirected","Binding"
"UNIPROT","Q9BVJ6","UNIPROT","Q9Y2P8","undirected","Binding"
"UNIPROT","Q9BVJ6","UNIPROT","Q9Y2R4","undirected","Binding"
"UNIPROT","Q9BVJ6","UNIPROT","Q9Y324","undirected","Binding"
"UNIPROT","Q9BVJ6","UNIPROT","Q9Y3A2","undirected","Binding"
"UNIPROT","Q9BVJ6","UNIPROT","Q9Y3A4","undirected","Binding"
"UNIPROT","Q9BVJ6","UNIPROT","Q9Y6V7","undirected","Binding"
"UNIPROT","Q9H0S4","UNIPROT","Q14692","undirected","Binding"
"UNIPROT","Q9H0S4","UNIPROT","Q15061","undirected","Binding"
"UNIPROT","Q9H0S4","UNIPROT","Q8IWA0","undirected","Binding"
"UNIPROT","Q9H0S4","UNIPROT","Q8TED0","undirected","Binding"
"UNIPROT","Q9H0S4","UNIPROT","Q969X6","undirected","Binding"
"UNIPROT","Q9H0S4","UNIPROT","Q9H583","undirected","Binding"
"UNIPROT","Q9H0S4","UNIPROT","Q9H8H0","undirected","Binding"
"UNIPROT","Q9H0S4","UNIPROT","Q9Y2P8","undirected","Binding"
"UNIPROT","Q9H0S4","UNIPROT","Q9Y2R4","undirected","Binding"
"UNIPROT","Q9H0S4","UNIPROT","Q9Y324","undirected","Binding"
"UNIPROT","Q9H0S4","UNIPROT","Q9Y3A2","undirected","Binding"
"UNIPROT","Q9H583","UNIPROT","Q14692","undirected","Binding"
"UNIPROT","Q9H583","UNIPROT","Q8IWA0","undirected","Binding"
"UNIPROT","Q9H583","UNIPROT","Q8TED0","undirected","Binding"
"UNIPROT","Q9H583","UNIPROT","Q969X6","undirected","Binding"
"UNIPROT","Q9H583","UNIPROT","Q9H8H0","undirected","Binding"
"UNIPROT","Q9H583","UNIPROT","Q9Y2P8","undirected","Binding"
"UNIPROT","Q9H583","UNIPROT","Q9Y2R4","undirected","Binding"
"UNIPROT","Q9H583","UNIPROT","Q9Y324","undirected","Binding"
"UNIPROT","Q9H583","UNIPROT","Q9Y3A2","undirected","Binding"
"UNIPROT","Q9H6R4","UNIPROT","Q13601","undirected","Binding"
"UNIPROT","Q9H6R4","UNIPROT","Q14692","undirected","Binding"
"UNIPROT","Q9H6R4","UNIPROT","Q15061","undirected","Binding"
"UNIPROT","Q9H6R4","UNIPROT","Q8IWA0","undirected","Binding"
"UNIPROT","Q9H6R4","UNIPROT","Q8TED0","undirected","Binding"
"UNIPROT","Q9H6R4","UNIPROT","Q92979","undirected","Binding"
"UNIPROT","Q9H6R4","UNIPROT","Q969X6","undirected","Binding"
"UNIPROT","Q9H6R4","UNIPROT","Q96EU6","undirected","Binding"
"UNIPROT","Q9H6R4","UNIPROT","Q9BVI4","undirected","Binding"
"UNIPROT","Q9H6R4","UNIPROT","Q9H0S4","undirected","Binding"
"UNIPROT","Q9H6R4","UNIPROT","Q9H583","undirected","Binding"
"UNIPROT","Q9H6R4","UNIPROT","Q9H8H0","undirected","Binding"
"UNIPROT","Q9H6R4","UNIPROT","Q9Y2P8","undirected","Binding"
"UNIPROT","Q9H6R4","UNIPROT","Q9Y2R4","undirected","Binding"
"UNIPROT","Q9H6R4","UNIPROT","Q9Y324","undirected","Binding"
"UNIPROT","Q9H6R4","UNIPROT","Q9Y3A2","undirected","Binding"
"UNIPROT","Q9H6R4","UNIPROT","Q9Y3A4","undirected","Binding"
"UNIPROT","Q9NPE3","UNIPROT","O00566","directed","Control(indirect)"
"UNIPROT","Q9NPE3","UNIPROT","O00567","directed","Control(indirect)"
"UNIPROT","Q9NPE3","UNIPROT","O15213","directed","Control(indirect)"
"UNIPROT","Q9NPE3","UNIPROT","O43818","directed","Control(indirect)"
"UNIPROT","Q9NPE3","UNIPROT","O75691","directed","Control(indirect)"
"UNIPROT","Q9NPE3","UNIPROT","P15880","directed","Control(indirect)"
"UNIPROT","Q9NPE3","UNIPROT","P22087","directed","Control(indirect)"
"UNIPROT","Q9NPE3","UNIPROT","P46087","directed","Control(indirect)"
"UNIPROT","Q9NPE3","UNIPROT","P46781","directed","Control(indirect)"
"UNIPROT","Q9NPE3","UNIPROT","P55769","directed","Control(indirect)"
"UNIPROT","Q9NPE3","UNIPROT","P62081","directed","Control(indirect)"
"UNIPROT","Q9NPE3","UNIPROT","P62263","directed","Control(indirect)"
"UNIPROT","Q9NPE3","UNIPROT","P62753","directed","Control(indirect)"
"UNIPROT","Q9NPE3","UNIPROT","P78316","directed","Control(indirect)"
"UNIPROT","Q9NPE3","UNIPROT","Q12788","directed","Control(indirect)"
"UNIPROT","Q9NPE3","UNIPROT","Q13601","directed","Control(indirect)"
"UNIPROT","Q9NPE3","UNIPROT","Q14690","directed","Control(indirect)"
"UNIPROT","Q9NPE3","UNIPROT","Q14692","directed","Control(indirect)"
"UNIPROT","Q9NPE3","UNIPROT","Q15061","directed","Control(indirect)"
"UNIPROT","Q9NPE3","UNIPROT","Q15269","directed","Control(indirect)"
"UNIPROT","Q9NPE3","UNIPROT","Q5TAP6","directed","Control(indirect)"
"UNIPROT","Q9NPE3","UNIPROT","Q68CQ4","directed","Control(indirect)"
"UNIPROT","Q9NPE3","UNIPROT","Q8IWA0","directed","Control(indirect)"
"UNIPROT","Q9NPE3","UNIPROT","Q8IY37","directed","Control(indirect)"
"UNIPROT","Q9NPE3","UNIPROT","Q8NI36","directed","Control(indirect)"
"UNIPROT","Q9NPE3","UNIPROT","Q8TED0","directed","Control(indirect)"
"UNIPROT","Q9NPE3","UNIPROT","Q92979","directed","Control(indirect)"
"UNIPROT","Q9NPE3","UNIPROT","Q969X6","directed","Control(indirect)"
"UNIPROT","Q9NPE3","UNIPROT","Q96EU6","directed","Control(indirect)"
"UNIPROT","Q9NPE3","UNIPROT","Q96G21","directed","Control(indirect)"
"UNIPROT","Q9NPE3","UNIPROT","Q9BVI4","directed","Control(indirect)"
"UNIPROT","Q9NPE3","UNIPROT","Q9BVJ6","directed","Control(indirect)"
"UNIPROT","Q9NPE3","UNIPROT","Q9H0A0","directed","Control(indirect)"
"UNIPROT","Q9NPE3","UNIPROT","Q9H0S4","directed","Control(indirect)"
"UNIPROT","Q9NPE3","UNIPROT","Q9H583","directed","Control(indirect)"
"UNIPROT","Q9NPE3","UNIPROT","Q9H6R4","directed","Control(indirect)"
"UNIPROT","Q9NPE3","UNIPROT","Q9H8H0","directed","Control(indirect)"
"UNIPROT","Q9NPE3","UNIPROT","Q9NQZ2","directed","Control(indirect)"
"UNIPROT","Q9NPE3","UNIPROT","Q9NV06","directed","Control(indirect)"
"UNIPROT","Q9NPE3","UNIPROT","Q9NV31","directed","Control(indirect)"
"UNIPROT","Q9NPE3","UNIPROT","Q9NX24","undirected","Binding"
"UNIPROT","Q9NPE3","UNIPROT","Q9NXG2","directed","Control(indirect)"
"UNIPROT","Q9NPE3","UNIPROT","Q9NYH9","directed","Control(indirect)"
"UNIPROT","Q9NPE3","UNIPROT","Q9UNX4","directed","Control(indirect)"
"UNIPROT","Q9NPE3","UNIPROT","Q9Y2P8","directed","Control(indirect)"
"UNIPROT","Q9NPE3","UNIPROT","Q9Y2R4","directed","Control(indirect)"
"UNIPROT","Q9NPE3","UNIPROT","Q9Y2X3","directed","Control(indirect)"
"UNIPROT","Q9NPE3","UNIPROT","Q9Y324","directed","Control(indirect)"
"UNIPROT","Q9NPE3","UNIPROT","Q9Y3A2","directed","Control(indirect)"
"UNIPROT","Q9NPE3","UNIPROT","Q9Y3A4","directed","Control(indirect)"
"UNIPROT","Q9NPE3","UNIPROT","Q9Y5J1","directed","Control(indirect)"
"UNIPROT","Q9NPE3","UNIPROT","Q9Y6V7","directed","Control(indirect)"
"UNIPROT","Q9NQZ2","UNIPROT","O00566","undirected","Binding"
"UNIPROT","Q9NQZ2","UNIPROT","O43818","undirected","Binding"
"UNIPROT","Q9NQZ2","UNIPROT","P22087","undirected","Binding"
"UNIPROT","Q9NQZ2","UNIPROT","P78316","undirected","Binding"
"UNIPROT","Q9NQZ2","UNIPROT","Q13601","undirected","Binding"
"UNIPROT","Q9NQZ2","UNIPROT","Q14692","undirected","Binding"
"UNIPROT","Q9NQZ2","UNIPROT","Q15061","undirected","Binding"
"UNIPROT","Q9NQZ2","UNIPROT","Q5TAP6","undirected","Binding"
"UNIPROT","Q9NQZ2","UNIPROT","Q68CQ4","undirected","Binding"
"UNIPROT","Q9NQZ2","UNIPROT","Q8IWA0","undirected","Binding"
"UNIPROT","Q9NQZ2","UNIPROT","Q8TED0","undirected","Binding"
"UNIPROT","Q9NQZ2","UNIPROT","Q92979","undirected","Binding"
"UNIPROT","Q9NQZ2","UNIPROT","Q969X6","undirected","Binding"
"UNIPROT","Q9NQZ2","UNIPROT","Q96EU6","undirected","Binding"
"UNIPROT","Q9NQZ2","UNIPROT","Q96G21","undirected","Binding"
"UNIPROT","Q9NQZ2","UNIPROT","Q9BVI4","undirected","Binding"
"UNIPROT","Q9NQZ2","UNIPROT","Q9BVJ6","undirected","Binding"
"UNIPROT","Q9NQZ2","UNIPROT","Q9H0S4","undirected","Binding"
"UNIPROT","Q9NQZ2","UNIPROT","Q9H583","undirected","Binding"
"UNIPROT","Q9NQZ2","UNIPROT","Q9H6R4","undirected","Binding"
"UNIPROT","Q9NQZ2","UNIPROT","Q9H8H0","undirected","Binding"
"UNIPROT","Q9NQZ2","UNIPROT","Q9NV31","undirected","Binding"
"UNIPROT","Q9NQZ2","UNIPROT","Q9Y2P8","undirected","Binding"
"UNIPROT","Q9NQZ2","UNIPROT","Q9Y2R4","undirected","Binding"
"UNIPROT","Q9NQZ2","UNIPROT","Q9Y324","undirected","Binding"
"UNIPROT","Q9NQZ2","UNIPROT","Q9Y3A2","undirected","Binding"
"UNIPROT","Q9NQZ2","UNIPROT","Q9Y3A4","undirected","Binding"
"UNIPROT","Q9NQZ2","UNIPROT","Q9Y6V7","undirected","Binding"
"UNIPROT","Q9NV06","UNIPROT","O00566","undirected","Binding"
"UNIPROT","Q9NV06","UNIPROT","O15213","undirected","Binding"
"UNIPROT","Q9NV06","UNIPROT","O43818","undirected","Binding"
"UNIPROT","Q9NV06","UNIPROT","O75691","undirected","Binding"
"UNIPROT","Q9NV06","UNIPROT","P22087","undirected","Binding"
"UNIPROT","Q9NV06","UNIPROT","P55769","undirected","Binding"
"UNIPROT","Q9NV06","UNIPROT","P78316","undirected","Binding"
"UNIPROT","Q9NV06","UNIPROT","Q12788","undirected","Binding"
"UNIPROT","Q9NV06","UNIPROT","Q13601","undirected","Binding"
"UNIPROT","Q9NV06","UNIPROT","Q14690","undirected","Binding"
"UNIPROT","Q9NV06","UNIPROT","Q14692","undirected","Binding"
"UNIPROT","Q9NV06","UNIPROT","Q15061","undirected","Binding"
"UNIPROT","Q9NV06","UNIPROT","Q15269","undirected","Binding"
"UNIPROT","Q9NV06","UNIPROT","Q5TAP6","undirected","Binding"
"UNIPROT","Q9NV06","UNIPROT","Q68CQ4","undirected","Binding"
"UNIPROT","Q9NV06","UNIPROT","Q8IWA0","undirected","Binding"
"UNIPROT","Q9NV06","UNIPROT","Q8IY37","undirected","Binding"
"UNIPROT","Q9NV06","UNIPROT","Q8NI36","undirected","Binding"
"UNIPROT","Q9NV06","UNIPROT","Q8TED0","undirected","Binding"
"UNIPROT","Q9NV06","UNIPROT","Q92979","undirected","Binding"
"UNIPROT","Q9NV06","UNIPROT","Q969X6","undirected","Binding"
"UNIPROT","Q9NV06","UNIPROT","Q96EU6","undirected","Binding"
"UNIPROT","Q9NV06","UNIPROT","Q96G21","undirected","Binding"
"UNIPROT","Q9NV06","UNIPROT","Q9BVI4","undirected","Binding"
"UNIPROT","Q9NV06","UNIPROT","Q9BVJ6","undirected","Binding"
"UNIPROT","Q9NV06","UNIPROT","Q9H0S4","undirected","Binding"
"UNIPROT","Q9NV06","UNIPROT","Q9H583","undirected","Binding"
"UNIPROT","Q9NV06","UNIPROT","Q9H6R4","undirected","Binding"
"UNIPROT","Q9NV06","UNIPROT","Q9H8H0","undirected","Binding"
"UNIPROT","Q9NV06","UNIPROT","Q9NQZ2","undirected","Binding"
"UNIPROT","Q9NV06","UNIPROT","Q9NV31","undirected","Binding"
"UNIPROT","Q9NV06","UNIPROT","Q9NYH9","undirected","Binding"
"UNIPROT","Q9NV06","UNIPROT","Q9UNX4","undirected","Binding"
"UNIPROT","Q9NV06","UNIPROT","Q9Y2P8","undirected","Binding"
"UNIPROT","Q9NV06","UNIPROT","Q9Y2R4","undirected","Binding"
"UNIPROT","Q9NV06","UNIPROT","Q9Y324","undirected","Binding"
"UNIPROT","Q9NV06","UNIPROT","Q9Y3A2","undirected","Binding"
"UNIPROT","Q9NV06","UNIPROT","Q9Y3A4","undirected","Binding"
"UNIPROT","Q9NV06","UNIPROT","Q9Y5J1","undirected","Binding"
"UNIPROT","Q9NV06","UNIPROT","Q9Y6V7","undirected","Binding"
"UNIPROT","Q9NV31","UNIPROT","Q13601","undirected","Binding"
"UNIPROT","Q9NV31","UNIPROT","Q14692","undirected","Binding"
"UNIPROT","Q9NV31","UNIPROT","Q15061","undirected","Binding"
"UNIPROT","Q9NV31","UNIPROT","Q68CQ4","undirected","Binding"
"UNIPROT","Q9NV31","UNIPROT","Q8IWA0","undirected","Binding"
"UNIPROT","Q9NV31","UNIPROT","Q8TED0","undirected","Binding"
"UNIPROT","Q9NV31","UNIPROT","Q92979","undirected","Binding"
"UNIPROT","Q9NV31","UNIPROT","Q969X6","undirected","Binding"
"UNIPROT","Q9NV31","UNIPROT","Q96EU6","undirected","Binding"
"UNIPROT","Q9NV31","UNIPROT","Q96G21","undirected","Binding"
"UNIPROT","Q9NV31","UNIPROT","Q9BVI4","undirected","Binding"
"UNIPROT","Q9NV31","UNIPROT","Q9H0S4","undirected","Binding"
"UNIPROT","Q9NV31","UNIPROT","Q9H583","undirected","Binding"
"UNIPROT","Q9NV31","UNIPROT","Q9H6R4","undirected","Binding"
"UNIPROT","Q9NV31","UNIPROT","Q9H8H0","undirected","Binding"
"UNIPROT","Q9NV31","UNIPROT","Q9Y2P8","undirected","Binding"
"UNIPROT","Q9NV31","UNIPROT","Q9Y2R4","undirected","Binding"
"UNIPROT","Q9NV31","UNIPROT","Q9Y324","undirected","Binding"
"UNIPROT","Q9NV31","UNIPROT","Q9Y3A2","undirected","Binding"
"UNIPROT","Q9NV31","UNIPROT","Q9Y3A4","undirected","Binding"
"UNIPROT","Q9NX24","UNIPROT","O00566","directed","Control(indirect)"
"UNIPROT","Q9NX24","UNIPROT","O00567","directed","Control(indirect)"
"UNIPROT","Q9NX24","UNIPROT","O15213","directed","Control(indirect)"
"UNIPROT","Q9NX24","UNIPROT","O43818","directed","Control(indirect)"
"UNIPROT","Q9NX24","UNIPROT","O75691","directed","Control(indirect)"
"UNIPROT","Q9NX24","UNIPROT","P15880","directed","Control(indirect)"
"UNIPROT","Q9NX24","UNIPROT","P22087","directed","Control(indirect)"
"UNIPROT","Q9NX24","UNIPROT","P46087","directed","Control(indirect)"
"UNIPROT","Q9NX24","UNIPROT","P46781","directed","Control(indirect)"
"UNIPROT","Q9NX24","UNIPROT","P55769","directed","Control(indirect)"
"UNIPROT","Q9NX24","UNIPROT","P62081","directed","Control(indirect)"
"UNIPROT","Q9NX24","UNIPROT","P62263","directed","Control(indirect)"
"UNIPROT","Q9NX24","UNIPROT","P62753","directed","Control(indirect)"
"UNIPROT","Q9NX24","UNIPROT","P78316","directed","Control(indirect)"
"UNIPROT","Q9NX24","UNIPROT","Q12788","directed","Control(indirect)"
"UNIPROT","Q9NX24","UNIPROT","Q13601","directed","Control(indirect)"
"UNIPROT","Q9NX24","UNIPROT","Q14690","directed","Control(indirect)"
"UNIPROT","Q9NX24","UNIPROT","Q14692","directed","Control(indirect)"
"UNIPROT","Q9NX24","UNIPROT","Q15061","directed","Control(indirect)"
"UNIPROT","Q9NX24","UNIPROT","Q15269","directed","Control(indirect)"
"UNIPROT","Q9NX24","UNIPROT","Q5TAP6","directed","Control(indirect)"
"UNIPROT","Q9NX24","UNIPROT","Q68CQ4","directed","Control(indirect)"
"UNIPROT","Q9NX24","UNIPROT","Q8IWA0","directed","Control(indirect)"
"UNIPROT","Q9NX24","UNIPROT","Q8IY37","directed","Control(indirect)"
"UNIPROT","Q9NX24","UNIPROT","Q8NI36","directed","Control(indirect)"
"UNIPROT","Q9NX24","UNIPROT","Q8TED0","directed","Control(indirect)"
"UNIPROT","Q9NX24","UNIPROT","Q92979","directed","Control(indirect)"
"UNIPROT","Q9NX24","UNIPROT","Q969X6","directed","Control(indirect)"
"UNIPROT","Q9NX24","UNIPROT","Q96EU6","directed","Control(indirect)"
"UNIPROT","Q9NX24","UNIPROT","Q96G21","directed","Control(indirect)"
"UNIPROT","Q9NX24","UNIPROT","Q9BVI4","directed","Control(indirect)"
"UNIPROT","Q9NX24","UNIPROT","Q9BVJ6","directed","Control(indirect)"
"UNIPROT","Q9NX24","UNIPROT","Q9H0A0","directed","Control(indirect)"
"UNIPROT","Q9NX24","UNIPROT","Q9H0S4","directed","Control(indirect)"
"UNIPROT","Q9NX24","UNIPROT","Q9H583","directed","Control(indirect)"
"UNIPROT","Q9NX24","UNIPROT","Q9H6R4","directed","Control(indirect)"
"UNIPROT","Q9NX24","UNIPROT","Q9H8H0","directed","Control(indirect)"
"UNIPROT","Q9NX24","UNIPROT","Q9NQZ2","directed","Control(indirect)"
"UNIPROT","Q9NX24","UNIPROT","Q9NV06","directed","Control(indirect)"
"UNIPROT","Q9NX24","UNIPROT","Q9NV31","directed","Control(indirect)"
"UNIPROT","Q9NX24","UNIPROT","Q9NXG2","directed","Control(indirect)"
"UNIPROT","Q9NX24","UNIPROT","Q9NYH9","directed","Control(indirect)"
"UNIPROT","Q9NX24","UNIPROT","Q9UNX4","directed","Control(indirect)"
"UNIPROT","Q9NX24","UNIPROT","Q9Y2P8","directed","Control(indirect)"
"UNIPROT","Q9NX24","UNIPROT","Q9Y2R4","directed","Control(indirect)"
"UNIPROT","Q9NX24","UNIPROT","Q9Y2X3","directed","Control(indirect)"
"UNIPROT","Q9NX24","UNIPROT","Q9Y324","directed","Control(indirect)"
"UNIPROT","Q9NX24","UNIPROT","Q9Y3A2","directed","Control(indirect)"
"UNIPROT","Q9NX24","UNIPROT","Q9Y3A4","directed","Control(indirect)"
"UNIPROT","Q9NX24","UNIPROT","Q9Y5J1","directed","Control(indirect)"
"UNIPROT","Q9NX24","UNIPROT","Q9Y6V7","directed","Control(indirect)"
"UNIPROT","Q9NXG2","UNIPROT","Q9H0A0","undirected","Binding"
"UNIPROT","Q9NY12","UNIPROT","O00566","directed","Control(indirect)"
"UNIPROT","Q9NY12","UNIPROT","O00567","directed","Control(indirect)"
"UNIPROT","Q9NY12","UNIPROT","O15213","directed","Control(indirect)"
"UNIPROT","Q9NY12","UNIPROT","O43818","directed","Control(indirect)"
"UNIPROT","Q9NY12","UNIPROT","O60832","undirected","Binding"
"UNIPROT","Q9NY12","UNIPROT","O75691","directed","Control(indirect)"
"UNIPROT","Q9NY12","UNIPROT","P15880","directed","Control(indirect)"
"UNIPROT","Q9NY12","UNIPROT","P22087","directed","Control(indirect)"
"UNIPROT","Q9NY12","UNIPROT","P46087","directed","Control(indirect)"
"UNIPROT","Q9NY12","UNIPROT","P46781","directed","Control(indirect)"
"UNIPROT","Q9NY12","UNIPROT","P55769","directed","Control(indirect)"
"UNIPROT","Q9NY12","UNIPROT","P62081","directed","Control(indirect)"
"UNIPROT","Q9NY12","UNIPROT","P62263","directed","Control(indirect)"
"UNIPROT","Q9NY12","UNIPROT","P62753","directed","Control(indirect)"
"UNIPROT","Q9NY12","UNIPROT","P78316","directed","Control(indirect)"
"UNIPROT","Q9NY12","UNIPROT","Q12788","directed","Control(indirect)"
"UNIPROT","Q9NY12","UNIPROT","Q13601","directed","Control(indirect)"
"UNIPROT","Q9NY12","UNIPROT","Q14690","directed","Control(indirect)"
"UNIPROT","Q9NY12","UNIPROT","Q14692","directed","Control(indirect)"
"UNIPROT","Q9NY12","UNIPROT","Q15061","directed","Control(indirect)"
"UNIPROT","Q9NY12","UNIPROT","Q15269","directed","Control(indirect)"
"UNIPROT","Q9NY12","UNIPROT","Q5TAP6","directed","Control(indirect)"
"UNIPROT","Q9NY12","UNIPROT","Q68CQ4","directed","Control(indirect)"
"UNIPROT","Q9NY12","UNIPROT","Q8IWA0","directed","Control(indirect)"
"UNIPROT","Q9NY12","UNIPROT","Q8IY37","directed","Control(indirect)"
"UNIPROT","Q9NY12","UNIPROT","Q8NI36","directed","Control(indirect)"
"UNIPROT","Q9NY12","UNIPROT","Q8TED0","directed","Control(indirect)"
"UNIPROT","Q9NY12","UNIPROT","Q92979","directed","Control(indirect)"
"UNIPROT","Q9NY12","UNIPROT","Q969X6","directed","Control(indirect)"
"UNIPROT","Q9NY12","UNIPROT","Q96EU6","directed","Control(indirect)"
"UNIPROT","Q9NY12","UNIPROT","Q96G21","directed","Control(indirect)"
"UNIPROT","Q9NY12","UNIPROT","Q9BVI4","directed","Control(indirect)"
"UNIPROT","Q9NY12","UNIPROT","Q9BVJ6","directed","Control(indirect)"
"UNIPROT","Q9NY12","UNIPROT","Q9H0A0","directed","Control(indirect)"
"UNIPROT","Q9NY12","UNIPROT","Q9H0S4","directed","Control(indirect)"
"UNIPROT","Q9NY12","UNIPROT","Q9H583","directed","Control(indirect)"
"UNIPROT","Q9NY12","UNIPROT","Q9H6R4","directed","Control(indirect)"
"UNIPROT","Q9NY12","UNIPROT","Q9H8H0","directed","Control(indirect)"
"UNIPROT","Q9NY12","UNIPROT","Q9NPE3","undirected","Binding"
"UNIPROT","Q9NY12","UNIPROT","Q9NQZ2","directed","Control(indirect)"
"UNIPROT","Q9NY12","UNIPROT","Q9NV06","directed","Control(indirect)"
"UNIPROT","Q9NY12","UNIPROT","Q9NV31","directed","Control(indirect)"
"UNIPROT","Q9NY12","UNIPROT","Q9NX24","undirected","Binding"
"UNIPROT","Q9NY12","UNIPROT","Q9NXG2","directed","Control(indirect)"
"UNIPROT","Q9NY12","UNIPROT","Q9NYH9","directed","Control(indirect)"
"UNIPROT","Q9NY12","UNIPROT","Q9UNX4","directed","Control(indirect)"
"UNIPROT","Q9NY12","UNIPROT","Q9Y2P8","directed","Control(indirect)"
"UNIPROT","Q9NY12","UNIPROT","Q9Y2R4","directed","Control(indirect)"
"UNIPROT","Q9NY12","UNIPROT","Q9Y2X3","directed","Control(indirect)"
"UNIPROT","Q9NY12","UNIPROT","Q9Y324","directed","Control(indirect)"
"UNIPROT","Q9NY12","UNIPROT","Q9Y3A2","directed","Control(indirect)"
"UNIPROT","Q9NY12","UNIPROT","Q9Y3A4","directed","Control(indirect)"
"UNIPROT","Q9NY12","UNIPROT","Q9Y5J1","directed","Control(indirect)"
"UNIPROT","Q9NY12","UNIPROT","Q9Y6V7","directed","Control(indirect)"
"UNIPROT","Q9NYH9","UNIPROT","O00566","undirected","Binding"
"UNIPROT","Q9NYH9","UNIPROT","O43818","undirected","Binding"
"UNIPROT","Q9NYH9","UNIPROT","O75691","undirected","Binding"
"UNIPROT","Q9NYH9","UNIPROT","P22087","undirected","Binding"
"UNIPROT","Q9NYH9","UNIPROT","P78316","undirected","Binding"
"UNIPROT","Q9NYH9","UNIPROT","Q13601","undirected","Binding"
"UNIPROT","Q9NYH9","UNIPROT","Q14692","undirected","Binding"
"UNIPROT","Q9NYH9","UNIPROT","Q15061","undirected","Binding"
"UNIPROT","Q9NYH9","UNIPROT","Q5TAP6","undirected","Binding"
"UNIPROT","Q9NYH9","UNIPROT","Q68CQ4","undirected","Binding"
"UNIPROT","Q9NYH9","UNIPROT","Q8IWA0","undirected","Binding"
"UNIPROT","Q9NYH9","UNIPROT","Q8TED0","undirected","Binding"
"UNIPROT","Q9NYH9","UNIPROT","Q92979","undirected","Binding"
"UNIPROT","Q9NYH9","UNIPROT","Q969X6","undirected","Binding"
"UNIPROT","Q9NYH9","UNIPROT","Q96EU6","undirected","Binding"
"UNIPROT","Q9NYH9","UNIPROT","Q96G21","undirected","Binding"
"UNIPROT","Q9NYH9","UNIPROT","Q9BVI4","undirected","Binding"
"UNIPROT","Q9NYH9","UNIPROT","Q9BVJ6","undirected","Binding"
"UNIPROT","Q9NYH9","UNIPROT","Q9H0S4","undirected","Binding"
"UNIPROT","Q9NYH9","UNIPROT","Q9H583","undirected","Binding"
"UNIPROT","Q9NYH9","UNIPROT","Q9H6R4","undirected","Binding"
"UNIPROT","Q9NYH9","UNIPROT","Q9H8H0","undirected","Binding"
"UNIPROT","Q9NYH9","UNIPROT","Q9NQZ2","undirected","Binding"
"UNIPROT","Q9NYH9","UNIPROT","Q9NV31","undirected","Binding"
"UNIPROT","Q9NYH9","UNIPROT","Q9Y2P8","undirected","Binding"
"UNIPROT","Q9NYH9","UNIPROT","Q9Y2R4","undirected","Binding"
"UNIPROT","Q9NYH9","UNIPROT","Q9Y324","undirected","Binding"
"UNIPROT","Q9NYH9","UNIPROT","Q9Y3A2","undirected","Binding"
"UNIPROT","Q9NYH9","UNIPROT","Q9Y3A4","undirected","Binding"
"UNIPROT","Q9NYH9","UNIPROT","Q9Y6V7","undirected","Binding"
"UNIPROT","Q9UI30","UNIPROT","O43709","undirected","Binding"
"UNIPROT","Q9UNX4","UNIPROT","O00566","undirected","Binding"
"UNIPROT","Q9UNX4","UNIPROT","O43818","undirected","Binding"
"UNIPROT","Q9UNX4","UNIPROT","O75691","undirected","Binding"
"UNIPROT","Q9UNX4","UNIPROT","P22087","undirected","Binding"
"UNIPROT","Q9UNX4","UNIPROT","P78316","undirected","Binding"
"UNIPROT","Q9UNX4","UNIPROT","Q12788","undirected","Binding"
"UNIPROT","Q9UNX4","UNIPROT","Q13601","undirected","Binding"
"UNIPROT","Q9UNX4","UNIPROT","Q14692","undirected","Binding"
"UNIPROT","Q9UNX4","UNIPROT","Q15061","undirected","Binding"
"UNIPROT","Q9UNX4","UNIPROT","Q15269","undirected","Binding"
"UNIPROT","Q9UNX4","UNIPROT","Q5TAP6","undirected","Binding"
"UNIPROT","Q9UNX4","UNIPROT","Q68CQ4","undirected","Binding"
"UNIPROT","Q9UNX4","UNIPROT","Q8IWA0","undirected","Binding"
"UNIPROT","Q9UNX4","UNIPROT","Q8NI36","undirected","Binding"
"UNIPROT","Q9UNX4","UNIPROT","Q8TED0","undirected","Binding"
"UNIPROT","Q9UNX4","UNIPROT","Q92979","undirected","Binding"
"UNIPROT","Q9UNX4","UNIPROT","Q969X6","undirected","Binding"
"UNIPROT","Q9UNX4","UNIPROT","Q96EU6","undirected","Binding"
"UNIPROT","Q9UNX4","UNIPROT","Q96G21","undirected","Binding"
"UNIPROT","Q9UNX4","UNIPROT","Q9BVI4","undirected","Binding"
"UNIPROT","Q9UNX4","UNIPROT","Q9BVJ6","undirected","Binding"
"UNIPROT","Q9UNX4","UNIPROT","Q9H0S4","undirected","Binding"
"UNIPROT","Q9UNX4","UNIPROT","Q9H583","undirected","Binding"
"UNIPROT","Q9UNX4","UNIPROT","Q9H6R4","undirected","Binding"
"UNIPROT","Q9UNX4","UNIPROT","Q9H8H0","undirected","Binding"
"UNIPROT","Q9UNX4","UNIPROT","Q9NQZ2","undirected","Binding"
"UNIPROT","Q9UNX4","UNIPROT","Q9NV31","undirected","Binding"
"UNIPROT","Q9UNX4","UNIPROT","Q9NYH9","undirected","Binding"
"UNIPROT","Q9UNX4","UNIPROT","Q9Y2P8","undirected","Binding"
"UNIPROT","Q9UNX4","UNIPROT","Q9Y2R4","undirected","Binding"
"UNIPROT","Q9UNX4","UNIPROT","Q9Y324","undirected","Binding"
"UNIPROT","Q9UNX4","UNIPROT","Q9Y3A2","undirected","Binding"
"UNIPROT","Q9UNX4","UNIPROT","Q9Y3A4","undirected","Binding"
"UNIPROT","Q9UNX4","UNIPROT","Q9Y5J1","undirected","Binding"
"UNIPROT","Q9UNX4","UNIPROT","Q9Y6V7","undirected","Binding"
"UNIPROT","Q9Y2P8","UNIPROT","Q14692","undirected","Binding"
"UNIPROT","Q9Y2P8","UNIPROT","Q9H8H0","undirected","Binding"
"UNIPROT","Q9Y2R4","UNIPROT","Q14692","undirected","Binding"
"UNIPROT","Q9Y2R4","UNIPROT","Q9H8H0","undirected","Binding"
"UNIPROT","Q9Y2R4","UNIPROT","Q9Y2P8","undirected","Binding"
"UNIPROT","Q9Y2R4","UNIPROT","Q9Y324","undirected","Binding"
"UNIPROT","Q9Y2R4","UNIPROT","Q9Y3A2","undirected","Binding"
"UNIPROT","Q9Y2X3","UNIPROT","O00566","undirected","Binding"
"UNIPROT","Q9Y2X3","UNIPROT","O15213","undirected","Binding"
"UNIPROT","Q9Y2X3","UNIPROT","O43818","undirected","Binding"
"UNIPROT","Q9Y2X3","UNIPROT","O75691","undirected","Binding"
"UNIPROT","Q9Y2X3","UNIPROT","P22087","undirected","Binding"
"UNIPROT","Q9Y2X3","UNIPROT","P46087","directed","Control(indirect)"
"UNIPROT","Q9Y2X3","UNIPROT","P55769","undirected","Binding"
"UNIPROT","Q9Y2X3","UNIPROT","P78316","undirected","Binding"
"UNIPROT","Q9Y2X3","UNIPROT","Q12788","undirected","Binding"
"UNIPROT","Q9Y2X3","UNIPROT","Q13601","undirected","Binding"
"UNIPROT","Q9Y2X3","UNIPROT","Q14690","undirected","Binding"
"UNIPROT","Q9Y2X3","UNIPROT","Q14692","undirected","Binding"
"UNIPROT","Q9Y2X3","UNIPROT","Q15061","undirected","Binding"
"UNIPROT","Q9Y2X3","UNIPROT","Q15269","undirected","Binding"
"UNIPROT","Q9Y2X3","UNIPROT","Q5TAP6","undirected","Binding"
"UNIPROT","Q9Y2X3","UNIPROT","Q68CQ4","undirected","Binding"
"UNIPROT","Q9Y2X3","UNIPROT","Q8IWA0","undirected","Binding"
"UNIPROT","Q9Y2X3","UNIPROT","Q8IY37","undirected","Binding"
"UNIPROT","Q9Y2X3","UNIPROT","Q8NI36","undirected","Binding"
"UNIPROT","Q9Y2X3","UNIPROT","Q8TED0","undirected","Binding"
"UNIPROT","Q9Y2X3","UNIPROT","Q92979","undirected","Binding"
"UNIPROT","Q9Y2X3","UNIPROT","Q969X6","undirected","Binding"
"UNIPROT","Q9Y2X3","UNIPROT","Q96EU6","undirected","Binding"
"UNIPROT","Q9Y2X3","UNIPROT","Q96G21","undirected","Binding"
"UNIPROT","Q9Y2X3","UNIPROT","Q9BVI4","undirected","Binding"
"UNIPROT","Q9Y2X3","UNIPROT","Q9BVJ6","undirected","Binding"
"UNIPROT","Q9Y2X3","UNIPROT","Q9H0A0","directed","Control(indirect)"
"UNIPROT","Q9Y2X3","UNIPROT","Q9H0S4","undirected","Binding"
"UNIPROT","Q9Y2X3","UNIPROT","Q9H583","undirected","Binding"
"UNIPROT","Q9Y2X3","UNIPROT","Q9H6R4","undirected","Binding"
"UNIPROT","Q9Y2X3","UNIPROT","Q9H8H0","undirected","Binding"
"UNIPROT","Q9Y2X3","UNIPROT","Q9NQZ2","undirected","Binding"
"UNIPROT","Q9Y2X3","UNIPROT","Q9NV06","undirected","Binding"
"UNIPROT","Q9Y2X3","UNIPROT","Q9NV31","undirected","Binding"
"UNIPROT","Q9Y2X3","UNIPROT","Q9NXG2","directed","Control(indirect)"
"UNIPROT","Q9Y2X3","UNIPROT","Q9NYH9","undirected","Binding"
"UNIPROT","Q9Y2X3","UNIPROT","Q9UNX4","undirected","Binding"
"UNIPROT","Q9Y2X3","UNIPROT","Q9Y2P8","undirected","Binding"
"UNIPROT","Q9Y2X3","UNIPROT","Q9Y2R4","undirected","Binding"
"UNIPROT","Q9Y2X3","UNIPROT","Q9Y324","undirected","Binding"
"UNIPROT","Q9Y2X3","UNIPROT","Q9Y3A2","undirected","Binding"
"UNIPROT","Q9Y2X3","UNIPROT","Q9Y3A4","undirected","Binding"
"UNIPROT","Q9Y2X3","UNIPROT","Q9Y5J1","undirected","Binding"
"UNIPROT","Q9Y2X3","UNIPROT","Q9Y6V7","undirected","Binding"
"UNIPROT","Q9Y324","UNIPROT","Q14692","undirected","Binding"
"UNIPROT","Q9Y324","UNIPROT","Q9H8H0","undirected","Binding"
"UNIPROT","Q9Y324","UNIPROT","Q9Y2P8","undirected","Binding"
"UNIPROT","Q9Y324","UNIPROT","Q9Y3A2","undirected","Binding"
"UNIPROT","Q9Y3A2","UNIPROT","Q14692","undirected","Binding"
"UNIPROT","Q9Y3A2","UNIPROT","Q9H8H0","undirected","Binding"
"UNIPROT","Q9Y3A2","UNIPROT","Q9Y2P8","undirected","Binding"
"UNIPROT","Q9Y3A4","UNIPROT","Q13601","undirected","Binding"
"UNIPROT","Q9Y3A4","UNIPROT","Q14692","undirected","Binding"
"UNIPROT","Q9Y3A4","UNIPROT","Q15061","undirected","Binding"
"UNIPROT","Q9Y3A4","UNIPROT","Q8IWA0","undirected","Binding"
"UNIPROT","Q9Y3A4","UNIPROT","Q8TED0","undirected","Binding"
"UNIPROT","Q9Y3A4","UNIPROT","Q92979","undirected","Binding"
"UNIPROT","Q9Y3A4","UNIPROT","Q969X6","undirected","Binding"
"UNIPROT","Q9Y3A4","UNIPROT","Q9BVI4","undirected","Binding"
"UNIPROT","Q9Y3A4","UNIPROT","Q9H0S4","undirected","Binding"
"UNIPROT","Q9Y3A4","UNIPROT","Q9H583","undirected","Binding"
"UNIPROT","Q9Y3A4","UNIPROT","Q9H8H0","undirected","Binding"
"UNIPROT","Q9Y3A4","UNIPROT","Q9Y2P8","undirected","Binding"
"UNIPROT","Q9Y3A4","UNIPROT","Q9Y2R4","undirected","Binding"
"UNIPROT","Q9Y3A4","UNIPROT","Q9Y324","undirected","Binding"
"UNIPROT","Q9Y3A4","UNIPROT","Q9Y3A2","undirected","Binding"
"UNIPROT","Q9Y5J1","UNIPROT","O00566","undirected","Binding"
"UNIPROT","Q9Y5J1","UNIPROT","O43818","undirected","Binding"
"UNIPROT","Q9Y5J1","UNIPROT","O75691","undirected","Binding"
"UNIPROT","Q9Y5J1","UNIPROT","P22087","undirected","Binding"
"UNIPROT","Q9Y5J1","UNIPROT","P78316","undirected","Binding"
"UNIPROT","Q9Y5J1","UNIPROT","Q13601","undirected","Binding"
"UNIPROT","Q9Y5J1","UNIPROT","Q14692","undirected","Binding"
"UNIPROT","Q9Y5J1","UNIPROT","Q15061","undirected","Binding"
"UNIPROT","Q9Y5J1","UNIPROT","Q5TAP6","undirected","Binding"
"UNIPROT","Q9Y5J1","UNIPROT","Q68CQ4","undirected","Binding"
"UNIPROT","Q9Y5J1","UNIPROT","Q8IWA0","undirected","Binding"
"UNIPROT","Q9Y5J1","UNIPROT","Q8TED0","undirected","Binding"
"UNIPROT","Q9Y5J1","UNIPROT","Q92979","undirected","Binding"
"UNIPROT","Q9Y5J1","UNIPROT","Q969X6","undirected","Binding"
"UNIPROT","Q9Y5J1","UNIPROT","Q96EU6","undirected","Binding"
"UNIPROT","Q9Y5J1","UNIPROT","Q96G21","undirected","Binding"
"UNIPROT","Q9Y5J1","UNIPROT","Q9BVI4","undirected","Binding"
"UNIPROT","Q9Y5J1","UNIPROT","Q9BVJ6","undirected","Binding"
"UNIPROT","Q9Y5J1","UNIPROT","Q9H0S4","undirected","Binding"
"UNIPROT","Q9Y5J1","UNIPROT","Q9H583","undirected","Binding"
"UNIPROT","Q9Y5J1","UNIPROT","Q9H6R4","undirected","Binding"
"UNIPROT","Q9Y5J1","UNIPROT","Q9H8H0","undirected","Binding"
"UNIPROT","Q9Y5J1","UNIPROT","Q9NQZ2","undirected","Binding"
"UNIPROT","Q9Y5J1","UNIPROT","Q9NV31","undirected","Binding"
"UNIPROT","Q9Y5J1","UNIPROT","Q9NYH9","undirected","Binding"
"UNIPROT","Q9Y5J1","UNIPROT","Q9Y2P8","undirected","Binding"
"UNIPROT","Q9Y5J1","UNIPROT","Q9Y2R4","undirected","Binding"
"UNIPROT","Q9Y5J1","UNIPROT","Q9Y324","undirected","Binding"
"UNIPROT","Q9Y5J1","UNIPROT","Q9Y3A2","undirected","Binding"
"UNIPROT","Q9Y5J1","UNIPROT","Q9Y3A4","undirected","Binding"
"UNIPROT","Q9Y5J1","UNIPROT","Q9Y6V7","undirected","Binding"
"UNIPROT","Q9Y6V7","UNIPROT","O00566","undirected","Binding"
"UNIPROT","Q9Y6V7","UNIPROT","Q13601","undirected","Binding"
"UNIPROT","Q9Y6V7","UNIPROT","Q14692","undirected","Binding"
"UNIPROT","Q9Y6V7","UNIPROT","Q15061","undirected","Binding"
"UNIPROT","Q9Y6V7","UNIPROT","Q68CQ4","undirected","Binding"
"UNIPROT","Q9Y6V7","UNIPROT","Q8IWA0","undirected","Binding"
"UNIPROT","Q9Y6V7","UNIPROT","Q8TED0","undirected","Binding"
"UNIPROT","Q9Y6V7","UNIPROT","Q92979","undirected","Binding"
"UNIPROT","Q9Y6V7","UNIPROT","Q969X6","undirected","Binding"
"UNIPROT","Q9Y6V7","UNIPROT","Q96EU6","undirected","Binding"
"UNIPROT","Q9Y6V7","UNIPROT","Q96G21","undirected","Binding"
"UNIPROT","Q9Y6V7","UNIPROT","Q9BVI4","undirected","Binding"
"UNIPROT","Q9Y6V7","UNIPROT","Q9H0S4","undirected","Binding"
"UNIPROT","Q9Y6V7","UNIPROT","Q9H583","undirected","Binding"
"UNIPROT","Q9Y6V7","UNIPROT","Q9H6R4","undirected","Binding"
"UNIPROT","Q9Y6V7","UNIPROT","Q9H8H0","undirected","Binding"
"UNIPROT","Q9Y6V7","UNIPROT","Q9NV31","undirected","Binding"
"UNIPROT","Q9Y6V7","UNIPROT","Q9Y2P8","undirected","Binding"
"UNIPROT","Q9Y6V7","UNIPROT","Q9Y2R4","undirected","Binding"
"UNIPROT","Q9Y6V7","UNIPROT","Q9Y324","undirected","Binding"
"UNIPROT","Q9Y6V7","UNIPROT","Q9Y3A2","undirected","Binding"
"UNIPROT","Q9Y6V7","UNIPROT","Q9Y3A4","undirected","Binding"
