"src_type","src","dest_type","dest","direction","type"
"UNIPROT","P01116","UNIPROT","P21359","undirected","Binding"
"UNIPROT","P01116","UNIPROT","Q2MJR0","undirected","Binding"
"UNIPROT","P21359","UNIPROT","P01111","undirected","Binding"
"UNIPROT","P21359","UNIPROT","P01112","undirected","Binding"
"UNIPROT","Q2MJR0","UNIPROT","P01111","undirected","Binding"
"UNIPROT","Q2MJR0","UNIPROT","P01112","undirected","Binding"
"UNIPROT","Q2MJR0","UNIPROT","P21359","undirected","Binding"
"UNIPROT","Q7Z698","UNIPROT","P01111","undirected","Binding"
"UNIPROT","Q7Z698","UNIPROT","P01112","undirected","Binding"
"UNIPROT","Q7Z698","UNIPROT","P01116","undirected","Binding"
"UNIPROT","Q7Z698","UNIPROT","P21359","undirected","Binding"
"UNIPROT","Q7Z699","UNIPROT","P01111","undirected","Binding"
"UNIPROT","Q7Z699","UNIPROT","P01112","undirected","Binding"
"UNIPROT","Q7Z699","UNIPROT","P01116","undirected","Binding"
"UNIPROT","Q7Z699","UNIPROT","P21359","undirected","Binding"
