"src_type","src","dest_type","dest","direction","type"
"UNIPROT","O60674","UNIPROT","P01111","directed","Control(Out: ACTIVATION of BiochemicalReaction)"
"UNIPROT","O60674","UNIPROT","P01112","directed","Control(Out: ACTIVATION of BiochemicalReaction)"
"UNIPROT","O60674","UNIPROT","P01116","directed","Control(Out: ACTIVATION of BiochemicalReaction)"
"UNIPROT","O60674","UNIPROT","P04049","directed","Control(Out: ACTIVATION of BiochemicalReaction)"
"UNIPROT","O60674","UNIPROT","P15056","directed","Control(Out: ACTIVATION of BiochemicalReaction)"
"UNIPROT","O60674","UNIPROT","P31946","directed","Control(Out: ACTIVATION of BiochemicalReaction)"
"UNIPROT","P01111","UNIPROT","P02671","directed","Control(Out: INHIBITION of BiochemicalReaction)"
"UNIPROT","P01111","UNIPROT","P02675","directed","Control(Out: INHIBITION of BiochemicalReaction)"
"UNIPROT","P01111","UNIPROT","P02679","directed","Control(Out: INHIBITION of BiochemicalReaction)"
"UNIPROT","P01111","UNIPROT","P02751","directed","Control(Out: INHIBITION of BiochemicalReaction)"
"UNIPROT","P01111","UNIPROT","P04275","directed","Control(Out: INHIBITION of BiochemicalReaction)"
"UNIPROT","P01111","UNIPROT","P05106","directed","Control(Out: INHIBITION of BiochemicalReaction)"
"UNIPROT","P01111","UNIPROT","P08514","directed","Control(Out: INHIBITION of BiochemicalReaction)"
"UNIPROT","P01111","UNIPROT","P12931","directed","Control(Out: INHIBITION of BiochemicalReaction)"
"UNIPROT","P01111","UNIPROT","P18206","directed","Control(Out: INHIBITION of BiochemicalReaction)"
"UNIPROT","P01111","UNIPROT","P27361","directed","Control(Out: INHIBITION of BiochemicalReaction)"
"UNIPROT","P01111","UNIPROT","P27448","directed","Control(Out: INHIBITION of BiochemicalReaction)"
"UNIPROT","P01111","UNIPROT","P28482","directed","Control(Out: INHIBITION of BiochemicalReaction)"
"UNIPROT","P01111","UNIPROT","P28482","undirected","Binding"
"UNIPROT","P01111","UNIPROT","P32121","directed","Control(Out: INHIBITION of BiochemicalReaction)"
"UNIPROT","P01111","UNIPROT","P36507","directed","Control(Out: INHIBITION of BiochemicalReaction)"
"UNIPROT","P01111","UNIPROT","P41240","directed","Control(Out: INHIBITION of BiochemicalReaction)"
"UNIPROT","P01111","UNIPROT","P46940","directed","Control(Out: INHIBITION of BiochemicalReaction)"
"UNIPROT","P01111","UNIPROT","P49407","directed","Control(Out: INHIBITION of BiochemicalReaction)"
"UNIPROT","P01111","UNIPROT","P61224","directed","Control(Out: INHIBITION of BiochemicalReaction)"
"UNIPROT","P01111","UNIPROT","P62834","directed","Control(Out: INHIBITION of BiochemicalReaction)"
"UNIPROT","P01111","UNIPROT","Q02750","directed","Control(Out: INHIBITION of BiochemicalReaction)"
"UNIPROT","P01111","UNIPROT","Q6VAB6","directed","Control(Out: INHIBITION of BiochemicalReaction)"
"UNIPROT","P01111","UNIPROT","Q7Z5R6","directed","Control(Out: INHIBITION of BiochemicalReaction)"
"UNIPROT","P01111","UNIPROT","Q8WXI2","directed","Control(Out: INHIBITION of BiochemicalReaction)"
"UNIPROT","P01111","UNIPROT","Q969H4","directed","Control(Out: INHIBITION of BiochemicalReaction)"
"UNIPROT","P01111","UNIPROT","Q9Y490","directed","Control(Out: INHIBITION of BiochemicalReaction)"
"UNIPROT","P01112","UNIPROT","P02671","directed","Control(Out: INHIBITION of BiochemicalReaction)"
"UNIPROT","P01112","UNIPROT","P02675","directed","Control(Out: INHIBITION of BiochemicalReaction)"
"UNIPROT","P01112","UNIPROT","P02679","directed","Control(Out: INHIBITION of BiochemicalReaction)"
"UNIPROT","P01112","UNIPROT","P02751","directed","Control(Out: INHIBITION of BiochemicalReaction)"
"UNIPROT","P01112","UNIPROT","P04275","directed","Control(Out: INHIBITION of BiochemicalReaction)"
"UNIPROT","P01112","UNIPROT","P05106","directed","Control(Out: INHIBITION of BiochemicalReaction)"
"UNIPROT","P01112","UNIPROT","P08514","directed","Control(Out: INHIBITION of BiochemicalReaction)"
"UNIPROT","P01112","UNIPROT","P12931","directed","Control(Out: INHIBITION of BiochemicalReaction)"
"UNIPROT","P01112","UNIPROT","P18206","directed","Control(Out: INHIBITION of BiochemicalReaction)"
"UNIPROT","P01112","UNIPROT","P27361","directed","Control(Out: INHIBITION of BiochemicalReaction)"
"UNIPROT","P01112","UNIPROT","P27448","directed","Control(Out: INHIBITION of BiochemicalReaction)"
"UNIPROT","P01112","UNIPROT","P28482","directed","Control(Out: INHIBITION of BiochemicalReaction)"
"UNIPROT","P01112","UNIPROT","P28482","undirected","Binding"
"UNIPROT","P01112","UNIPROT","P32121","directed","Control(Out: INHIBITION of BiochemicalReaction)"
"UNIPROT","P01112","UNIPROT","P36507","directed","Control(Out: INHIBITION of BiochemicalReaction)"
"UNIPROT","P01112","UNIPROT","P41240","directed","Control(Out: INHIBITION of BiochemicalReaction)"
"UNIPROT","P01112","UNIPROT","P46940","directed","Control(Out: INHIBITION of BiochemicalReaction)"
"UNIPROT","P01112","UNIPROT","P49407","directed","Control(Out: INHIBITION of BiochemicalReaction)"
"UNIPROT","P01112","UNIPROT","P61224","directed","Control(Out: INHIBITION of BiochemicalReaction)"
"UNIPROT","P01112","UNIPROT","P62834","directed","Control(Out: INHIBITION of BiochemicalReaction)"
"UNIPROT","P01112","UNIPROT","Q02750","directed","Control(Out: INHIBITION of BiochemicalReaction)"
"UNIPROT","P01112","UNIPROT","Q6VAB6","directed","Control(Out: INHIBITION of BiochemicalReaction)"
"UNIPROT","P01112","UNIPROT","Q7Z5R6","directed","Control(Out: INHIBITION of BiochemicalReaction)"
"UNIPROT","P01112","UNIPROT","Q8WXI2","directed","Control(Out: INHIBITION of BiochemicalReaction)"
"UNIPROT","P01112","UNIPROT","Q969H4","directed","Control(Out: INHIBITION of BiochemicalReaction)"
"UNIPROT","P01112","UNIPROT","Q9Y490","directed","Control(Out: INHIBITION of BiochemicalReaction)"
"UNIPROT","P01116","UNIPROT","P02671","directed","Control(Out: INHIBITION of BiochemicalReaction)"
"UNIPROT","P01116","UNIPROT","P02675","directed","Control(Out: INHIBITION of BiochemicalReaction)"
"UNIPROT","P01116","UNIPROT","P02679","directed","Control(Out: INHIBITION of BiochemicalReaction)"
"UNIPROT","P01116","UNIPROT","P02751","directed","Control(Out: INHIBITION of BiochemicalReaction)"
"UNIPROT","P01116","UNIPROT","P04049","undirected","Binding"
"UNIPROT","P01116","UNIPROT","P04275","directed","Control(Out: INHIBITION of BiochemicalReaction)"
"UNIPROT","P01116","UNIPROT","P05106","directed","Control(Out: INHIBITION of BiochemicalReaction)"
"UNIPROT","P01116","UNIPROT","P08514","directed","Control(Out: INHIBITION of BiochemicalReaction)"
"UNIPROT","P01116","UNIPROT","P10398","undirected","Binding"
"UNIPROT","P01116","UNIPROT","P12931","directed","Control(Out: INHIBITION of BiochemicalReaction)"
"UNIPROT","P01116","UNIPROT","P18206","directed","Control(Out: INHIBITION of BiochemicalReaction)"
"UNIPROT","P01116","UNIPROT","P18206","undirected","Binding"
"UNIPROT","P01116","UNIPROT","P27361","directed","Control(Out: INHIBITION of BiochemicalReaction)"
"UNIPROT","P01116","UNIPROT","P27361","undirected","Binding"
"UNIPROT","P01116","UNIPROT","P27448","directed","Control(Out: INHIBITION of BiochemicalReaction)"
"UNIPROT","P01116","UNIPROT","P27448","undirected","Binding"
"UNIPROT","P01116","UNIPROT","P28482","directed","Control(Out: INHIBITION of BiochemicalReaction)"
"UNIPROT","P01116","UNIPROT","P28482","undirected","Binding"
"UNIPROT","P01116","UNIPROT","P30086","undirected","Binding"
"UNIPROT","P01116","UNIPROT","P32121","directed","Control(Out: INHIBITION of BiochemicalReaction)"
"UNIPROT","P01116","UNIPROT","P36507","directed","Control(Out: INHIBITION of BiochemicalReaction)"
"UNIPROT","P01116","UNIPROT","P41240","directed","Control(Out: INHIBITION of BiochemicalReaction)"
"UNIPROT","P01116","UNIPROT","P46940","directed","Control(Out: INHIBITION of BiochemicalReaction)"
"UNIPROT","P01116","UNIPROT","P46940","undirected","Binding"
"UNIPROT","P01116","UNIPROT","P49407","directed","Control(Out: INHIBITION of BiochemicalReaction)"
"UNIPROT","P01116","UNIPROT","P61224","directed","Control(Out: INHIBITION of BiochemicalReaction)"
"UNIPROT","P01116","UNIPROT","P62834","directed","Control(Out: INHIBITION of BiochemicalReaction)"
"UNIPROT","P01116","UNIPROT","Q02750","directed","Control(Out: INHIBITION of BiochemicalReaction)"
"UNIPROT","P01116","UNIPROT","Q6VAB6","directed","Control(Out: INHIBITION of BiochemicalReaction)"
"UNIPROT","P01116","UNIPROT","Q6VAB6","undirected","Binding"
"UNIPROT","P01116","UNIPROT","Q7Z5R6","directed","Control(Out: INHIBITION of BiochemicalReaction)"
"UNIPROT","P01116","UNIPROT","Q8IVT5","undirected","Binding"
"UNIPROT","P01116","UNIPROT","Q8WXI2","directed","Control(Out: INHIBITION of BiochemicalReaction)"
"UNIPROT","P01116","UNIPROT","Q8WXI2","undirected","Binding"
"UNIPROT","P01116","UNIPROT","Q969H4","directed","Control(Out: INHIBITION of BiochemicalReaction)"
"UNIPROT","P01116","UNIPROT","Q969H4","undirected","Binding"
"UNIPROT","P01116","UNIPROT","Q9Y490","directed","Control(Out: INHIBITION of BiochemicalReaction)"
"UNIPROT","P02671","UNIPROT","P01111","directed","Control(In: INHIBITION of BiochemicalReaction)"
"UNIPROT","P02671","UNIPROT","P01111","undirected","Binding"
"UNIPROT","P02671","UNIPROT","P01112","directed","Control(In: INHIBITION of BiochemicalReaction)"
"UNIPROT","P02671","UNIPROT","P01112","undirected","Binding"
"UNIPROT","P02671","UNIPROT","P01116","directed","Control(In: INHIBITION of BiochemicalReaction)"
"UNIPROT","P02671","UNIPROT","P01116","undirected","Binding"
"UNIPROT","P02671","UNIPROT","P04049","directed","Control(In: INHIBITION of BiochemicalReaction)"
"UNIPROT","P02671","UNIPROT","P04049","undirected","Binding"
"UNIPROT","P02671","UNIPROT","P10398","directed","Control(In: INHIBITION of BiochemicalReaction)"
"UNIPROT","P02671","UNIPROT","P15056","directed","Control(In: INHIBITION of BiochemicalReaction)"
"UNIPROT","P02671","UNIPROT","P18206","undirected","Binding"
"UNIPROT","P02671","UNIPROT","P27361","undirected","Binding"
"UNIPROT","P02671","UNIPROT","P28482","undirected","Binding"
"UNIPROT","P02671","UNIPROT","P30086","directed","Control(In: INHIBITION of BiochemicalReaction)"
"UNIPROT","P02671","UNIPROT","P31946","directed","Control(In: INHIBITION of BiochemicalReaction)"
"UNIPROT","P02671","UNIPROT","Q8IVT5","directed","Control(In: INHIBITION of BiochemicalReaction)"
"UNIPROT","P02675","UNIPROT","P01111","directed","Control(In: INHIBITION of BiochemicalReaction)"
"UNIPROT","P02675","UNIPROT","P01111","undirected","Binding"
"UNIPROT","P02675","UNIPROT","P01112","directed","Control(In: INHIBITION of BiochemicalReaction)"
"UNIPROT","P02675","UNIPROT","P01112","undirected","Binding"
"UNIPROT","P02675","UNIPROT","P01116","directed","Control(In: INHIBITION of BiochemicalReaction)"
"UNIPROT","P02675","UNIPROT","P01116","undirected","Binding"
"UNIPROT","P02675","UNIPROT","P02671","undirected","Binding"
"UNIPROT","P02675","UNIPROT","P04049","directed","Control(In: INHIBITION of BiochemicalReaction)"
"UNIPROT","P02675","UNIPROT","P04049","undirected","Binding"
"UNIPROT","P02675","UNIPROT","P10398","directed","Control(In: INHIBITION of BiochemicalReaction)"
"UNIPROT","P02675","UNIPROT","P15056","directed","Control(In: INHIBITION of BiochemicalReaction)"
"UNIPROT","P02675","UNIPROT","P18206","undirected","Binding"
"UNIPROT","P02675","UNIPROT","P27361","undirected","Binding"
"UNIPROT","P02675","UNIPROT","P28482","undirected","Binding"
"UNIPROT","P02675","UNIPROT","P30086","directed","Control(In: INHIBITION of BiochemicalReaction)"
"UNIPROT","P02675","UNIPROT","P31946","directed","Control(In: INHIBITION of BiochemicalReaction)"
"UNIPROT","P02675","UNIPROT","Q8IVT5","directed","Control(In: INHIBITION of BiochemicalReaction)"
"UNIPROT","P02679","UNIPROT","P01111","directed","Control(In: INHIBITION of BiochemicalReaction)"
"UNIPROT","P02679","UNIPROT","P01111","undirected","Binding"
"UNIPROT","P02679","UNIPROT","P01112","directed","Control(In: INHIBITION of BiochemicalReaction)"
"UNIPROT","P02679","UNIPROT","P01112","undirected","Binding"
"UNIPROT","P02679","UNIPROT","P01116","directed","Control(In: INHIBITION of BiochemicalReaction)"
"UNIPROT","P02679","UNIPROT","P01116","undirected","Binding"
"UNIPROT","P02679","UNIPROT","P02671","undirected","Binding"
"UNIPROT","P02679","UNIPROT","P02675","undirected","Binding"
"UNIPROT","P02679","UNIPROT","P04049","directed","Control(In: INHIBITION of BiochemicalReaction)"
"UNIPROT","P02679","UNIPROT","P04049","undirected","Binding"
"UNIPROT","P02679","UNIPROT","P10398","directed","Control(In: INHIBITION of BiochemicalReaction)"
"UNIPROT","P02679","UNIPROT","P15056","directed","Control(In: INHIBITION of BiochemicalReaction)"
"UNIPROT","P02679","UNIPROT","P18206","undirected","Binding"
"UNIPROT","P02679","UNIPROT","P27361","undirected","Binding"
"UNIPROT","P02679","UNIPROT","P28482","undirected","Binding"
"UNIPROT","P02679","UNIPROT","P30086","directed","Control(In: INHIBITION of BiochemicalReaction)"
"UNIPROT","P02679","UNIPROT","P31946","directed","Control(In: INHIBITION of BiochemicalReaction)"
"UNIPROT","P02679","UNIPROT","Q8IVT5","directed","Control(In: INHIBITION of BiochemicalReaction)"
"UNIPROT","P02751","UNIPROT","P01111","directed","Control(In: INHIBITION of BiochemicalReaction)"
"UNIPROT","P02751","UNIPROT","P01111","undirected","Binding"
"UNIPROT","P02751","UNIPROT","P01112","directed","Control(In: INHIBITION of BiochemicalReaction)"
"UNIPROT","P02751","UNIPROT","P01112","undirected","Binding"
"UNIPROT","P02751","UNIPROT","P01116","directed","Control(In: INHIBITION of BiochemicalReaction)"
"UNIPROT","P02751","UNIPROT","P01116","undirected","Binding"
"UNIPROT","P02751","UNIPROT","P04049","directed","Control(In: INHIBITION of BiochemicalReaction)"
"UNIPROT","P02751","UNIPROT","P04049","undirected","Binding"
"UNIPROT","P02751","UNIPROT","P10398","directed","Control(In: INHIBITION of BiochemicalReaction)"
"UNIPROT","P02751","UNIPROT","P15056","directed","Control(In: INHIBITION of BiochemicalReaction)"
"UNIPROT","P02751","UNIPROT","P18206","undirected","Binding"
"UNIPROT","P02751","UNIPROT","P27361","undirected","Binding"
"UNIPROT","P02751","UNIPROT","P28482","undirected","Binding"
"UNIPROT","P02751","UNIPROT","P30086","directed","Control(In: INHIBITION of BiochemicalReaction)"
"UNIPROT","P02751","UNIPROT","P31946","directed","Control(In: INHIBITION of BiochemicalReaction)"
"UNIPROT","P02751","UNIPROT","Q8IVT5","directed","Control(In: INHIBITION of BiochemicalReaction)"
"UNIPROT","P04049","UNIPROT","P01111","directed","Control(Out: ACTIVATION of BiochemicalReaction)"
"UNIPROT","P04049","UNIPROT","P01111","undirected","Binding"
"UNIPROT","P04049","UNIPROT","P01112","directed","Control(Out: ACTIVATION of BiochemicalReaction)"
"UNIPROT","P04049","UNIPROT","P01112","undirected","Binding"
"UNIPROT","P04049","UNIPROT","P01116","directed","Control(Out: ACTIVATION of BiochemicalReaction)"
"UNIPROT","P04049","UNIPROT","P02671","directed","Control(Out: INHIBITION of BiochemicalReaction)"
"UNIPROT","P04049","UNIPROT","P02675","directed","Control(Out: INHIBITION of BiochemicalReaction)"
"UNIPROT","P04049","UNIPROT","P02679","directed","Control(Out: INHIBITION of BiochemicalReaction)"
"UNIPROT","P04049","UNIPROT","P02751","directed","Control(Out: INHIBITION of BiochemicalReaction)"
"UNIPROT","P04049","UNIPROT","P04275","directed","Control(Out: INHIBITION of BiochemicalReaction)"
"UNIPROT","P04049","UNIPROT","P05106","directed","Control(Out: INHIBITION of BiochemicalReaction)"
"UNIPROT","P04049","UNIPROT","P08514","directed","Control(Out: INHIBITION of BiochemicalReaction)"
"UNIPROT","P04049","UNIPROT","P10398","undirected","Binding"
"UNIPROT","P04049","UNIPROT","P12931","directed","Control(Out: INHIBITION of BiochemicalReaction)"
"UNIPROT","P04049","UNIPROT","P18206","directed","Control(Out: INHIBITION of BiochemicalReaction)"
"UNIPROT","P04049","UNIPROT","P18206","undirected","Binding"
"UNIPROT","P04049","UNIPROT","P27361","directed","Control(Out: INHIBITION of BiochemicalReaction)"
"UNIPROT","P04049","UNIPROT","P27361","undirected","Binding"
"UNIPROT","P04049","UNIPROT","P27448","directed","Control(Out: INHIBITION of BiochemicalReaction)"
"UNIPROT","P04049","UNIPROT","P27448","directed","Control(In: INHIBITION of BiochemicalReaction)"
"UNIPROT","P04049","UNIPROT","P27448","undirected","Binding"
"UNIPROT","P04049","UNIPROT","P28482","directed","Control(Out: INHIBITION of BiochemicalReaction)"
"UNIPROT","P04049","UNIPROT","P28482","undirected","Binding"
"UNIPROT","P04049","UNIPROT","P30086","undirected","Binding"
"UNIPROT","P04049","UNIPROT","P31946","directed","Control(Out: ACTIVATION of BiochemicalReaction)"
"UNIPROT","P04049","UNIPROT","P32121","directed","Control(Out: INHIBITION of BiochemicalReaction)"
"UNIPROT","P04049","UNIPROT","P36507","directed","Control(Out: INHIBITION of BiochemicalReaction)"
"UNIPROT","P04049","UNIPROT","P41240","directed","Control(Out: INHIBITION of BiochemicalReaction)"
"UNIPROT","P04049","UNIPROT","P46940","directed","Control(Out: INHIBITION of BiochemicalReaction)"
"UNIPROT","P04049","UNIPROT","P46940","undirected","Binding"
"UNIPROT","P04049","UNIPROT","P49407","directed","Control(Out: INHIBITION of BiochemicalReaction)"
"UNIPROT","P04049","UNIPROT","P61224","directed","Control(Out: INHIBITION of BiochemicalReaction)"
"UNIPROT","P04049","UNIPROT","P62834","directed","Control(Out: INHIBITION of BiochemicalReaction)"
"UNIPROT","P04049","UNIPROT","Q02750","directed","Control(Out: INHIBITION of BiochemicalReaction)"
"UNIPROT","P04049","UNIPROT","Q16584","directed","Control(In: ACTIVATION of BiochemicalReaction)"
"UNIPROT","P04049","UNIPROT","Q6VAB6","directed","Control(Out: INHIBITION of BiochemicalReaction)"
"UNIPROT","P04049","UNIPROT","Q6VAB6","undirected","Binding"
"UNIPROT","P04049","UNIPROT","Q7Z569","directed","Control(In: INHIBITION of BiochemicalReaction)"
"UNIPROT","P04049","UNIPROT","Q7Z5R6","directed","Control(Out: INHIBITION of BiochemicalReaction)"
"UNIPROT","P04049","UNIPROT","Q8IVT5","directed","Control(In: INHIBITION of BiochemicalReaction)"
"UNIPROT","P04049","UNIPROT","Q8IVT5","undirected","Binding"
"UNIPROT","P04049","UNIPROT","Q8WXI2","directed","Control(Out: INHIBITION of BiochemicalReaction)"
"UNIPROT","P04049","UNIPROT","Q8WXI2","undirected","Binding"
"UNIPROT","P04049","UNIPROT","Q969H4","directed","Control(Out: INHIBITION of BiochemicalReaction)"
"UNIPROT","P04049","UNIPROT","Q969H4","undirected","Binding"
"UNIPROT","P04049","UNIPROT","Q9Y490","directed","Control(Out: INHIBITION of BiochemicalReaction)"
"UNIPROT","P04275","UNIPROT","P01111","directed","Control(In: INHIBITION of BiochemicalReaction)"
"UNIPROT","P04275","UNIPROT","P01111","undirected","Binding"
"UNIPROT","P04275","UNIPROT","P01112","directed","Control(In: INHIBITION of BiochemicalReaction)"
"UNIPROT","P04275","UNIPROT","P01112","undirected","Binding"
"UNIPROT","P04275","UNIPROT","P01116","directed","Control(In: INHIBITION of BiochemicalReaction)"
"UNIPROT","P04275","UNIPROT","P01116","undirected","Binding"
"UNIPROT","P04275","UNIPROT","P04049","directed","Control(In: INHIBITION of BiochemicalReaction)"
"UNIPROT","P04275","UNIPROT","P04049","undirected","Binding"
"UNIPROT","P04275","UNIPROT","P10398","directed","Control(In: INHIBITION of BiochemicalReaction)"
"UNIPROT","P04275","UNIPROT","P15056","directed","Control(In: INHIBITION of BiochemicalReaction)"
"UNIPROT","P04275","UNIPROT","P18206","undirected","Binding"
"UNIPROT","P04275","UNIPROT","P27361","undirected","Binding"
"UNIPROT","P04275","UNIPROT","P28482","undirected","Binding"
"UNIPROT","P04275","UNIPROT","P30086","directed","Control(In: INHIBITION of BiochemicalReaction)"
"UNIPROT","P04275","UNIPROT","P31946","directed","Control(In: INHIBITION of BiochemicalReaction)"
"UNIPROT","P04275","UNIPROT","Q8IVT5","directed","Control(In: INHIBITION of BiochemicalReaction)"
"UNIPROT","P05106","UNIPROT","P01111","directed","Control(In: INHIBITION of BiochemicalReaction)"
"UNIPROT","P05106","UNIPROT","P01111","undirected","Binding"
"UNIPROT","P05106","UNIPROT","P01112","directed","Control(In: INHIBITION of BiochemicalReaction)"
"UNIPROT","P05106","UNIPROT","P01112","undirected","Binding"
"UNIPROT","P05106","UNIPROT","P01116","directed","Control(In: INHIBITION of BiochemicalReaction)"
"UNIPROT","P05106","UNIPROT","P01116","undirected","Binding"
"UNIPROT","P05106","UNIPROT","P02671","undirected","Binding"
"UNIPROT","P05106","UNIPROT","P02675","undirected","Binding"
"UNIPROT","P05106","UNIPROT","P02679","undirected","Binding"
"UNIPROT","P05106","UNIPROT","P02751","undirected","Binding"
"UNIPROT","P05106","UNIPROT","P04049","directed","Control(In: INHIBITION of BiochemicalReaction)"
"UNIPROT","P05106","UNIPROT","P04049","undirected","Binding"
"UNIPROT","P05106","UNIPROT","P04275","undirected","Binding"
"UNIPROT","P05106","UNIPROT","P08514","undirected","Binding"
"UNIPROT","P05106","UNIPROT","P10398","directed","Control(In: INHIBITION of BiochemicalReaction)"
"UNIPROT","P05106","UNIPROT","P15056","directed","Control(In: INHIBITION of BiochemicalReaction)"
"UNIPROT","P05106","UNIPROT","P18206","undirected","Binding"
"UNIPROT","P05106","UNIPROT","P27361","undirected","Binding"
"UNIPROT","P05106","UNIPROT","P28482","undirected","Binding"
"UNIPROT","P05106","UNIPROT","P30086","directed","Control(In: INHIBITION of BiochemicalReaction)"
"UNIPROT","P05106","UNIPROT","P31946","directed","Control(In: INHIBITION of BiochemicalReaction)"
"UNIPROT","P05106","UNIPROT","P61224","undirected","Binding"
"UNIPROT","P05106","UNIPROT","Q7Z5R6","undirected","Binding"
"UNIPROT","P05106","UNIPROT","Q8IVT5","directed","Control(In: INHIBITION of BiochemicalReaction)"
"UNIPROT","P05106","UNIPROT","Q9Y490","undirected","Binding"
"UNIPROT","P08514","UNIPROT","P01111","directed","Control(In: INHIBITION of BiochemicalReaction)"
"UNIPROT","P08514","UNIPROT","P01111","undirected","Binding"
"UNIPROT","P08514","UNIPROT","P01112","directed","Control(In: INHIBITION of BiochemicalReaction)"
"UNIPROT","P08514","UNIPROT","P01112","undirected","Binding"
"UNIPROT","P08514","UNIPROT","P01116","directed","Control(In: INHIBITION of BiochemicalReaction)"
"UNIPROT","P08514","UNIPROT","P01116","undirected","Binding"
"UNIPROT","P08514","UNIPROT","P02671","undirected","Binding"
"UNIPROT","P08514","UNIPROT","P02675","undirected","Binding"
"UNIPROT","P08514","UNIPROT","P02679","undirected","Binding"
"UNIPROT","P08514","UNIPROT","P02751","undirected","Binding"
"UNIPROT","P08514","UNIPROT","P04049","directed","Control(In: INHIBITION of BiochemicalReaction)"
"UNIPROT","P08514","UNIPROT","P04049","undirected","Binding"
"UNIPROT","P08514","UNIPROT","P04275","undirected","Binding"
"UNIPROT","P08514","UNIPROT","P10398","directed","Control(In: INHIBITION of BiochemicalReaction)"
"UNIPROT","P08514","UNIPROT","P15056","directed","Control(In: INHIBITION of BiochemicalReaction)"
"UNIPROT","P08514","UNIPROT","P18206","undirected","Binding"
"UNIPROT","P08514","UNIPROT","P27361","undirected","Binding"
"UNIPROT","P08514","UNIPROT","P28482","undirected","Binding"
"UNIPROT","P08514","UNIPROT","P30086","directed","Control(In: INHIBITION of BiochemicalReaction)"
"UNIPROT","P08514","UNIPROT","P31946","directed","Control(In: INHIBITION of BiochemicalReaction)"
"UNIPROT","P08514","UNIPROT","Q8IVT5","directed","Control(In: INHIBITION of BiochemicalReaction)"
"UNIPROT","P0DP23","UNIPROT","P01111","directed","Control(Out: ACTIVATION of BiochemicalReaction)"
"UNIPROT","P0DP23","UNIPROT","P01112","directed","Control(Out: ACTIVATION of BiochemicalReaction)"
"UNIPROT","P0DP23","UNIPROT","P01116","directed","Control(Out: ACTIVATION of BiochemicalReaction)"
"UNIPROT","P0DP23","UNIPROT","P04049","directed","Control(Out: ACTIVATION of BiochemicalReaction)"
"UNIPROT","P0DP23","UNIPROT","P15056","directed","Control(Out: ACTIVATION of BiochemicalReaction)"
"UNIPROT","P0DP23","UNIPROT","P31946","directed","Control(Out: ACTIVATION of BiochemicalReaction)"
"UNIPROT","P0DP23","UNIPROT","Q13554","undirected","Binding"
"UNIPROT","P0DP23","UNIPROT","Q13555","undirected","Binding"
"UNIPROT","P0DP23","UNIPROT","Q13557","undirected","Binding"
"UNIPROT","P0DP23","UNIPROT","Q9UQM7","undirected","Binding"
"UNIPROT","P10398","UNIPROT","P01111","directed","Control(Out: INHIBITION of BiochemicalReaction)"
"UNIPROT","P10398","UNIPROT","P01111","directed","Control(Out: ACTIVATION of BiochemicalReaction)"
"UNIPROT","P10398","UNIPROT","P01111","undirected","Binding"
"UNIPROT","P10398","UNIPROT","P01112","directed","Control(Out: INHIBITION of BiochemicalReaction)"
"UNIPROT","P10398","UNIPROT","P01112","directed","Control(Out: ACTIVATION of BiochemicalReaction)"
"UNIPROT","P10398","UNIPROT","P01112","undirected","Binding"
"UNIPROT","P10398","UNIPROT","P01116","directed","Control(Out: INHIBITION of BiochemicalReaction)"
"UNIPROT","P10398","UNIPROT","P01116","directed","Control(Out: ACTIVATION of BiochemicalReaction)"
"UNIPROT","P10398","UNIPROT","P02671","directed","Control(Out: INHIBITION of BiochemicalReaction)"
"UNIPROT","P10398","UNIPROT","P02675","directed","Control(Out: INHIBITION of BiochemicalReaction)"
"UNIPROT","P10398","UNIPROT","P02679","directed","Control(Out: INHIBITION of BiochemicalReaction)"
"UNIPROT","P10398","UNIPROT","P02751","directed","Control(Out: INHIBITION of BiochemicalReaction)"
"UNIPROT","P10398","UNIPROT","P04049","directed","Control(Out: INHIBITION of BiochemicalReaction)"
"UNIPROT","P10398","UNIPROT","P04049","directed","Control(Out: ACTIVATION of BiochemicalReaction)"
"UNIPROT","P10398","UNIPROT","P04275","directed","Control(Out: INHIBITION of BiochemicalReaction)"
"UNIPROT","P10398","UNIPROT","P05106","directed","Control(Out: INHIBITION of BiochemicalReaction)"
"UNIPROT","P10398","UNIPROT","P08514","directed","Control(Out: INHIBITION of BiochemicalReaction)"
"UNIPROT","P10398","UNIPROT","P12931","directed","Control(Out: INHIBITION of BiochemicalReaction)"
"UNIPROT","P10398","UNIPROT","P15056","directed","Control(Out: INHIBITION of BiochemicalReaction)"
"UNIPROT","P10398","UNIPROT","P15056","directed","Control(Out: ACTIVATION of BiochemicalReaction)"
"UNIPROT","P10398","UNIPROT","P18206","directed","Control(Out: INHIBITION of BiochemicalReaction)"
"UNIPROT","P10398","UNIPROT","P27361","directed","Control(Out: INHIBITION of BiochemicalReaction)"
"UNIPROT","P10398","UNIPROT","P27448","directed","Control(Out: INHIBITION of BiochemicalReaction)"
"UNIPROT","P10398","UNIPROT","P28482","directed","Control(Out: INHIBITION of BiochemicalReaction)"
"UNIPROT","P10398","UNIPROT","P30086","undirected","Binding"
"UNIPROT","P10398","UNIPROT","P31946","directed","Control(Out: INHIBITION of BiochemicalReaction)"
"UNIPROT","P10398","UNIPROT","P31946","directed","Control(Out: ACTIVATION of BiochemicalReaction)"
"UNIPROT","P10398","UNIPROT","P32121","directed","Control(Out: INHIBITION of BiochemicalReaction)"
"UNIPROT","P10398","UNIPROT","P36507","directed","Control(Out: INHIBITION of BiochemicalReaction)"
"UNIPROT","P10398","UNIPROT","P41240","directed","Control(Out: INHIBITION of BiochemicalReaction)"
"UNIPROT","P10398","UNIPROT","P46940","directed","Control(Out: INHIBITION of BiochemicalReaction)"
"UNIPROT","P10398","UNIPROT","P49407","directed","Control(Out: INHIBITION of BiochemicalReaction)"
"UNIPROT","P10398","UNIPROT","P61224","directed","Control(Out: INHIBITION of BiochemicalReaction)"
"UNIPROT","P10398","UNIPROT","P62834","directed","Control(Out: INHIBITION of BiochemicalReaction)"
"UNIPROT","P10398","UNIPROT","Q02750","directed","Control(Out: INHIBITION of BiochemicalReaction)"
"UNIPROT","P10398","UNIPROT","Q6VAB6","directed","Control(Out: INHIBITION of BiochemicalReaction)"
"UNIPROT","P10398","UNIPROT","Q7Z5R6","directed","Control(Out: INHIBITION of BiochemicalReaction)"
"UNIPROT","P10398","UNIPROT","Q8IVT5","directed","Control(Out: INHIBITION of BiochemicalReaction)"
"UNIPROT","P10398","UNIPROT","Q8WXI2","directed","Control(Out: INHIBITION of BiochemicalReaction)"
"UNIPROT","P10398","UNIPROT","Q969H4","directed","Control(Out: INHIBITION of BiochemicalReaction)"
"UNIPROT","P10398","UNIPROT","Q9Y490","directed","Control(Out: INHIBITION of BiochemicalReaction)"
"UNIPROT","P12931","UNIPROT","P01111","directed","Control(In: INHIBITION of BiochemicalReaction)"
"UNIPROT","P12931","UNIPROT","P01111","directed","Control(Out: ACTIVATION of BiochemicalReaction)"
"UNIPROT","P12931","UNIPROT","P01111","undirected","Binding"
"UNIPROT","P12931","UNIPROT","P01112","directed","Control(In: INHIBITION of BiochemicalReaction)"
"UNIPROT","P12931","UNIPROT","P01112","directed","Control(Out: ACTIVATION of BiochemicalReaction)"
"UNIPROT","P12931","UNIPROT","P01112","undirected","Binding"
"UNIPROT","P12931","UNIPROT","P01116","directed","Control(In: INHIBITION of BiochemicalReaction)"
"UNIPROT","P12931","UNIPROT","P01116","directed","Control(Out: ACTIVATION of BiochemicalReaction)"
"UNIPROT","P12931","UNIPROT","P01116","undirected","Binding"
"UNIPROT","P12931","UNIPROT","P02671","undirected","Binding"
"UNIPROT","P12931","UNIPROT","P02675","undirected","Binding"
"UNIPROT","P12931","UNIPROT","P02679","undirected","Binding"
"UNIPROT","P12931","UNIPROT","P02751","undirected","Binding"
"UNIPROT","P12931","UNIPROT","P04049","directed","Control(In: INHIBITION of BiochemicalReaction)"
"UNIPROT","P12931","UNIPROT","P04049","directed","Control(Out: ACTIVATION of BiochemicalReaction)"
"UNIPROT","P12931","UNIPROT","P04049","undirected","Binding"
"UNIPROT","P12931","UNIPROT","P04275","undirected","Binding"
"UNIPROT","P12931","UNIPROT","P05106","undirected","Binding"
"UNIPROT","P12931","UNIPROT","P08514","undirected","Binding"
"UNIPROT","P12931","UNIPROT","P10398","directed","Control(In: INHIBITION of BiochemicalReaction)"
"UNIPROT","P12931","UNIPROT","P15056","directed","Control(In: INHIBITION of BiochemicalReaction)"
"UNIPROT","P12931","UNIPROT","P15056","directed","Control(Out: ACTIVATION of BiochemicalReaction)"
"UNIPROT","P12931","UNIPROT","P15056","undirected","Binding"
"UNIPROT","P12931","UNIPROT","P18206","undirected","Binding"
"UNIPROT","P12931","UNIPROT","P27361","undirected","Binding"
"UNIPROT","P12931","UNIPROT","P28482","undirected","Binding"
"UNIPROT","P12931","UNIPROT","P30086","directed","Control(In: INHIBITION of BiochemicalReaction)"
"UNIPROT","P12931","UNIPROT","P31946","directed","Control(In: INHIBITION of BiochemicalReaction)"
"UNIPROT","P12931","UNIPROT","P31946","directed","Control(Out: ACTIVATION of BiochemicalReaction)"
"UNIPROT","P12931","UNIPROT","P31946","undirected","Binding"
"UNIPROT","P12931","UNIPROT","P36507","undirected","Binding"
"UNIPROT","P12931","UNIPROT","P41240","undirected","Binding"
"UNIPROT","P12931","UNIPROT","P61224","undirected","Binding"
"UNIPROT","P12931","UNIPROT","P62834","undirected","Binding"
"UNIPROT","P12931","UNIPROT","Q02750","undirected","Binding"
"UNIPROT","P12931","UNIPROT","Q7Z5R6","undirected","Binding"
"UNIPROT","P12931","UNIPROT","Q8IVT5","directed","Control(In: INHIBITION of BiochemicalReaction)"
"UNIPROT","P12931","UNIPROT","Q9Y490","undirected","Binding"
"UNIPROT","P15056","UNIPROT","P01111","directed","Control(Out: ACTIVATION of BiochemicalReaction)"
"UNIPROT","P15056","UNIPROT","P01111","undirected","Binding"
"UNIPROT","P15056","UNIPROT","P01112","directed","Control(Out: ACTIVATION of BiochemicalReaction)"
"UNIPROT","P15056","UNIPROT","P01112","undirected","Binding"
"UNIPROT","P15056","UNIPROT","P01116","directed","Control(Out: ACTIVATION of BiochemicalReaction)"
"UNIPROT","P15056","UNIPROT","P01116","undirected","Binding"
"UNIPROT","P15056","UNIPROT","P02671","directed","Control(Out: INHIBITION of BiochemicalReaction)"
"UNIPROT","P15056","UNIPROT","P02671","undirected","Binding"
"UNIPROT","P15056","UNIPROT","P02675","directed","Control(Out: INHIBITION of BiochemicalReaction)"
"UNIPROT","P15056","UNIPROT","P02675","undirected","Binding"
"UNIPROT","P15056","UNIPROT","P02679","directed","Control(Out: INHIBITION of BiochemicalReaction)"
"UNIPROT","P15056","UNIPROT","P02679","undirected","Binding"
"UNIPROT","P15056","UNIPROT","P02751","directed","Control(Out: INHIBITION of BiochemicalReaction)"
"UNIPROT","P15056","UNIPROT","P02751","undirected","Binding"
"UNIPROT","P15056","UNIPROT","P04049","undirected","Binding"
"UNIPROT","P15056","UNIPROT","P04275","directed","Control(Out: INHIBITION of BiochemicalReaction)"
"UNIPROT","P15056","UNIPROT","P04275","undirected","Binding"
"UNIPROT","P15056","UNIPROT","P05106","directed","Control(Out: INHIBITION of BiochemicalReaction)"
"UNIPROT","P15056","UNIPROT","P05106","undirected","Binding"
"UNIPROT","P15056","UNIPROT","P08514","directed","Control(Out: INHIBITION of BiochemicalReaction)"
"UNIPROT","P15056","UNIPROT","P08514","undirected","Binding"
"UNIPROT","P15056","UNIPROT","P12931","directed","Control(Out: INHIBITION of BiochemicalReaction)"
"UNIPROT","P15056","UNIPROT","P18206","directed","Control(Out: INHIBITION of BiochemicalReaction)"
"UNIPROT","P15056","UNIPROT","P18206","undirected","Binding"
"UNIPROT","P15056","UNIPROT","P27361","directed","Control(Out: INHIBITION of BiochemicalReaction)"
"UNIPROT","P15056","UNIPROT","P27361","undirected","Binding"
"UNIPROT","P15056","UNIPROT","P27448","directed","Control(Out: INHIBITION of BiochemicalReaction)"
"UNIPROT","P15056","UNIPROT","P27448","undirected","Binding"
"UNIPROT","P15056","UNIPROT","P28482","directed","Control(Out: INHIBITION of BiochemicalReaction)"
"UNIPROT","P15056","UNIPROT","P28482","undirected","Binding"
"UNIPROT","P15056","UNIPROT","P30086","undirected","Binding"
"UNIPROT","P15056","UNIPROT","P31946","directed","Control(Out: ACTIVATION of BiochemicalReaction)"
"UNIPROT","P15056","UNIPROT","P31946","undirected","Binding"
"UNIPROT","P15056","UNIPROT","P32121","directed","Control(Out: INHIBITION of BiochemicalReaction)"
"UNIPROT","P15056","UNIPROT","P32121","undirected","Binding"
"UNIPROT","P15056","UNIPROT","P35232","directed","Control(In: ACTIVATION of BiochemicalReaction)"
"UNIPROT","P15056","UNIPROT","P36507","directed","Control(Out: INHIBITION of BiochemicalReaction)"
"UNIPROT","P15056","UNIPROT","P36507","undirected","Binding"
"UNIPROT","P15056","UNIPROT","P41240","directed","Control(Out: INHIBITION of BiochemicalReaction)"
"UNIPROT","P15056","UNIPROT","P46940","directed","Control(Out: INHIBITION of BiochemicalReaction)"
"UNIPROT","P15056","UNIPROT","P46940","undirected","Binding"
"UNIPROT","P15056","UNIPROT","P49407","directed","Control(Out: INHIBITION of BiochemicalReaction)"
"UNIPROT","P15056","UNIPROT","P49407","undirected","Binding"
"UNIPROT","P15056","UNIPROT","P61224","directed","Control(Out: INHIBITION of BiochemicalReaction)"
"UNIPROT","P15056","UNIPROT","P61224","undirected","Binding"
"UNIPROT","P15056","UNIPROT","P62834","directed","Control(Out: INHIBITION of BiochemicalReaction)"
"UNIPROT","P15056","UNIPROT","P62834","undirected","Binding"
"UNIPROT","P15056","UNIPROT","Q02750","directed","Control(Out: INHIBITION of BiochemicalReaction)"
"UNIPROT","P15056","UNIPROT","Q02750","undirected","Binding"
"UNIPROT","P15056","UNIPROT","Q6VAB6","directed","Control(Out: INHIBITION of BiochemicalReaction)"
"UNIPROT","P15056","UNIPROT","Q6VAB6","undirected","Binding"
"UNIPROT","P15056","UNIPROT","Q7Z5R6","directed","Control(Out: INHIBITION of BiochemicalReaction)"
"UNIPROT","P15056","UNIPROT","Q7Z5R6","undirected","Binding"
"UNIPROT","P15056","UNIPROT","Q8IVT5","undirected","Binding"
"UNIPROT","P15056","UNIPROT","Q8WXI2","directed","Control(Out: INHIBITION of BiochemicalReaction)"
"UNIPROT","P15056","UNIPROT","Q8WXI2","undirected","Binding"
"UNIPROT","P15056","UNIPROT","Q969H4","directed","Control(Out: INHIBITION of BiochemicalReaction)"
"UNIPROT","P15056","UNIPROT","Q969H4","undirected","Binding"
"UNIPROT","P15056","UNIPROT","Q9Y490","directed","Control(Out: INHIBITION of BiochemicalReaction)"
"UNIPROT","P15056","UNIPROT","Q9Y490","undirected","Binding"
"UNIPROT","P18206","UNIPROT","P01111","directed","Control(In: INHIBITION of BiochemicalReaction)"
"UNIPROT","P18206","UNIPROT","P01111","undirected","Binding"
"UNIPROT","P18206","UNIPROT","P01112","directed","Control(In: INHIBITION of BiochemicalReaction)"
"UNIPROT","P18206","UNIPROT","P01112","undirected","Binding"
"UNIPROT","P18206","UNIPROT","P01116","directed","Control(In: INHIBITION of BiochemicalReaction)"
"UNIPROT","P18206","UNIPROT","P04049","directed","Control(In: INHIBITION of BiochemicalReaction)"
"UNIPROT","P18206","UNIPROT","P10398","directed","Control(In: INHIBITION of BiochemicalReaction)"
"UNIPROT","P18206","UNIPROT","P15056","directed","Control(In: INHIBITION of BiochemicalReaction)"
"UNIPROT","P18206","UNIPROT","P27361","undirected","Binding"
"UNIPROT","P18206","UNIPROT","P28482","undirected","Binding"
"UNIPROT","P18206","UNIPROT","P30086","directed","Control(In: INHIBITION of BiochemicalReaction)"
"UNIPROT","P18206","UNIPROT","P31946","directed","Control(In: INHIBITION of BiochemicalReaction)"
"UNIPROT","P18206","UNIPROT","Q8IVT5","directed","Control(In: INHIBITION of BiochemicalReaction)"
"UNIPROT","P27361","UNIPROT","P01111","directed","Control(In: INHIBITION of BiochemicalReaction)"
"UNIPROT","P27361","UNIPROT","P01111","undirected","Binding"
"UNIPROT","P27361","UNIPROT","P01112","directed","Control(In: INHIBITION of BiochemicalReaction)"
"UNIPROT","P27361","UNIPROT","P01112","undirected","Binding"
"UNIPROT","P27361","UNIPROT","P01116","directed","Control(In: INHIBITION of BiochemicalReaction)"
"UNIPROT","P27361","UNIPROT","P04049","directed","Control(In: INHIBITION of BiochemicalReaction)"
"UNIPROT","P27361","UNIPROT","P10398","directed","Control(In: INHIBITION of BiochemicalReaction)"
"UNIPROT","P27361","UNIPROT","P15056","directed","Control(In: INHIBITION of BiochemicalReaction)"
"UNIPROT","P27361","UNIPROT","P30086","directed","Control(In: INHIBITION of BiochemicalReaction)"
"UNIPROT","P27361","UNIPROT","P31946","directed","Control(In: INHIBITION of BiochemicalReaction)"
"UNIPROT","P27361","UNIPROT","Q8IVT5","directed","Control(In: INHIBITION of BiochemicalReaction)"
"UNIPROT","P27448","UNIPROT","P01111","directed","Control(Out: INHIBITION of BiochemicalReaction)"
"UNIPROT","P27448","UNIPROT","P01111","directed","Control(In: INHIBITION of BiochemicalReaction)"
"UNIPROT","P27448","UNIPROT","P01111","undirected","Binding"
"UNIPROT","P27448","UNIPROT","P01112","directed","Control(Out: INHIBITION of BiochemicalReaction)"
"UNIPROT","P27448","UNIPROT","P01112","directed","Control(In: INHIBITION of BiochemicalReaction)"
"UNIPROT","P27448","UNIPROT","P01112","undirected","Binding"
"UNIPROT","P27448","UNIPROT","P01116","directed","Control(Out: INHIBITION of BiochemicalReaction)"
"UNIPROT","P27448","UNIPROT","P01116","directed","Control(In: INHIBITION of BiochemicalReaction)"
"UNIPROT","P27448","UNIPROT","P04049","directed","Control(Out: INHIBITION of BiochemicalReaction)"
"UNIPROT","P27448","UNIPROT","P04049","directed","Control(In: INHIBITION of BiochemicalReaction)"
"UNIPROT","P27448","UNIPROT","P10398","directed","Control(In: INHIBITION of BiochemicalReaction)"
"UNIPROT","P27448","UNIPROT","P15056","directed","Control(Out: INHIBITION of BiochemicalReaction)"
"UNIPROT","P27448","UNIPROT","P15056","directed","Control(In: INHIBITION of BiochemicalReaction)"
"UNIPROT","P27448","UNIPROT","P27361","undirected","Binding"
"UNIPROT","P27448","UNIPROT","P28482","undirected","Binding"
"UNIPROT","P27448","UNIPROT","P30086","directed","Control(In: INHIBITION of BiochemicalReaction)"
"UNIPROT","P27448","UNIPROT","P31946","directed","Control(Out: INHIBITION of BiochemicalReaction)"
"UNIPROT","P27448","UNIPROT","P31946","directed","Control(In: INHIBITION of BiochemicalReaction)"
"UNIPROT","P27448","UNIPROT","Q7Z569","undirected","Binding"
"UNIPROT","P27448","UNIPROT","Q8IVT5","directed","Control(In: INHIBITION of BiochemicalReaction)"
"UNIPROT","P28482","UNIPROT","P01111","directed","Control(In: INHIBITION of BiochemicalReaction)"
"UNIPROT","P28482","UNIPROT","P01112","directed","Control(In: INHIBITION of BiochemicalReaction)"
"UNIPROT","P28482","UNIPROT","P01116","directed","Control(In: INHIBITION of BiochemicalReaction)"
"UNIPROT","P28482","UNIPROT","P04049","directed","Control(In: INHIBITION of BiochemicalReaction)"
"UNIPROT","P28482","UNIPROT","P10398","directed","Control(In: INHIBITION of BiochemicalReaction)"
"UNIPROT","P28482","UNIPROT","P15056","directed","Control(In: INHIBITION of BiochemicalReaction)"
"UNIPROT","P28482","UNIPROT","P30086","directed","Control(In: INHIBITION of BiochemicalReaction)"
"UNIPROT","P28482","UNIPROT","P31946","directed","Control(In: INHIBITION of BiochemicalReaction)"
"UNIPROT","P28482","UNIPROT","Q8IVT5","directed","Control(In: INHIBITION of BiochemicalReaction)"
"UNIPROT","P30086","UNIPROT","P01111","directed","Control(Out: INHIBITION of BiochemicalReaction)"
"UNIPROT","P30086","UNIPROT","P01111","undirected","Binding"
"UNIPROT","P30086","UNIPROT","P01112","directed","Control(Out: INHIBITION of BiochemicalReaction)"
"UNIPROT","P30086","UNIPROT","P01112","undirected","Binding"
"UNIPROT","P30086","UNIPROT","P01116","directed","Control(Out: INHIBITION of BiochemicalReaction)"
"UNIPROT","P30086","UNIPROT","P02671","directed","Control(Out: INHIBITION of BiochemicalReaction)"
"UNIPROT","P30086","UNIPROT","P02675","directed","Control(Out: INHIBITION of BiochemicalReaction)"
"UNIPROT","P30086","UNIPROT","P02679","directed","Control(Out: INHIBITION of BiochemicalReaction)"
"UNIPROT","P30086","UNIPROT","P02751","directed","Control(Out: INHIBITION of BiochemicalReaction)"
"UNIPROT","P30086","UNIPROT","P04049","directed","Control(Out: INHIBITION of BiochemicalReaction)"
"UNIPROT","P30086","UNIPROT","P04275","directed","Control(Out: INHIBITION of BiochemicalReaction)"
"UNIPROT","P30086","UNIPROT","P05106","directed","Control(Out: INHIBITION of BiochemicalReaction)"
"UNIPROT","P30086","UNIPROT","P08514","directed","Control(Out: INHIBITION of BiochemicalReaction)"
"UNIPROT","P30086","UNIPROT","P12931","directed","Control(Out: INHIBITION of BiochemicalReaction)"
"UNIPROT","P30086","UNIPROT","P15056","directed","Control(Out: INHIBITION of BiochemicalReaction)"
"UNIPROT","P30086","UNIPROT","P18206","directed","Control(Out: INHIBITION of BiochemicalReaction)"
"UNIPROT","P30086","UNIPROT","P27361","directed","Control(Out: INHIBITION of BiochemicalReaction)"
"UNIPROT","P30086","UNIPROT","P27448","directed","Control(Out: INHIBITION of BiochemicalReaction)"
"UNIPROT","P30086","UNIPROT","P28482","directed","Control(Out: INHIBITION of BiochemicalReaction)"
"UNIPROT","P30086","UNIPROT","P31946","directed","Control(Out: INHIBITION of BiochemicalReaction)"
"UNIPROT","P30086","UNIPROT","P32121","directed","Control(Out: INHIBITION of BiochemicalReaction)"
"UNIPROT","P30086","UNIPROT","P36507","directed","Control(Out: INHIBITION of BiochemicalReaction)"
"UNIPROT","P30086","UNIPROT","P41240","directed","Control(Out: INHIBITION of BiochemicalReaction)"
"UNIPROT","P30086","UNIPROT","P46940","directed","Control(Out: INHIBITION of BiochemicalReaction)"
"UNIPROT","P30086","UNIPROT","P49407","directed","Control(Out: INHIBITION of BiochemicalReaction)"
"UNIPROT","P30086","UNIPROT","P61224","directed","Control(Out: INHIBITION of BiochemicalReaction)"
"UNIPROT","P30086","UNIPROT","P62834","directed","Control(Out: INHIBITION of BiochemicalReaction)"
"UNIPROT","P30086","UNIPROT","Q02750","directed","Control(Out: INHIBITION of BiochemicalReaction)"
"UNIPROT","P30086","UNIPROT","Q6VAB6","directed","Control(Out: INHIBITION of BiochemicalReaction)"
"UNIPROT","P30086","UNIPROT","Q7Z5R6","directed","Control(Out: INHIBITION of BiochemicalReaction)"
"UNIPROT","P30086","UNIPROT","Q8IVT5","directed","Control(Out: INHIBITION of BiochemicalReaction)"
"UNIPROT","P30086","UNIPROT","Q8WXI2","directed","Control(Out: INHIBITION of BiochemicalReaction)"
"UNIPROT","P30086","UNIPROT","Q969H4","directed","Control(Out: INHIBITION of BiochemicalReaction)"
"UNIPROT","P30086","UNIPROT","Q9Y490","directed","Control(Out: INHIBITION of BiochemicalReaction)"
"UNIPROT","P31946","UNIPROT","P01111","undirected","Binding"
"UNIPROT","P31946","UNIPROT","P01112","undirected","Binding"
"UNIPROT","P31946","UNIPROT","P01116","undirected","Binding"
"UNIPROT","P31946","UNIPROT","P02671","directed","Control(Out: INHIBITION of BiochemicalReaction)"
"UNIPROT","P31946","UNIPROT","P02671","undirected","Binding"
"UNIPROT","P31946","UNIPROT","P02675","directed","Control(Out: INHIBITION of BiochemicalReaction)"
"UNIPROT","P31946","UNIPROT","P02675","undirected","Binding"
"UNIPROT","P31946","UNIPROT","P02679","directed","Control(Out: INHIBITION of BiochemicalReaction)"
"UNIPROT","P31946","UNIPROT","P02679","undirected","Binding"
"UNIPROT","P31946","UNIPROT","P02751","directed","Control(Out: INHIBITION of BiochemicalReaction)"
"UNIPROT","P31946","UNIPROT","P02751","undirected","Binding"
"UNIPROT","P31946","UNIPROT","P04049","undirected","Binding"
"UNIPROT","P31946","UNIPROT","P04275","directed","Control(Out: INHIBITION of BiochemicalReaction)"
"UNIPROT","P31946","UNIPROT","P04275","undirected","Binding"
"UNIPROT","P31946","UNIPROT","P05106","directed","Control(Out: INHIBITION of BiochemicalReaction)"
"UNIPROT","P31946","UNIPROT","P05106","undirected","Binding"
"UNIPROT","P31946","UNIPROT","P08514","directed","Control(Out: INHIBITION of BiochemicalReaction)"
"UNIPROT","P31946","UNIPROT","P08514","undirected","Binding"
"UNIPROT","P31946","UNIPROT","P10398","undirected","Binding"
"UNIPROT","P31946","UNIPROT","P12931","directed","Control(Out: INHIBITION of BiochemicalReaction)"
"UNIPROT","P31946","UNIPROT","P18206","directed","Control(Out: INHIBITION of BiochemicalReaction)"
"UNIPROT","P31946","UNIPROT","P18206","undirected","Binding"
"UNIPROT","P31946","UNIPROT","P27361","directed","Control(Out: INHIBITION of BiochemicalReaction)"
"UNIPROT","P31946","UNIPROT","P27361","undirected","Binding"
"UNIPROT","P31946","UNIPROT","P27448","directed","Control(Out: INHIBITION of BiochemicalReaction)"
"UNIPROT","P31946","UNIPROT","P27448","directed","Control(In: INHIBITION of BiochemicalReaction)"
"UNIPROT","P31946","UNIPROT","P27448","undirected","Binding"
"UNIPROT","P31946","UNIPROT","P28482","directed","Control(Out: INHIBITION of BiochemicalReaction)"
"UNIPROT","P31946","UNIPROT","P28482","undirected","Binding"
"UNIPROT","P31946","UNIPROT","P30086","undirected","Binding"
"UNIPROT","P31946","UNIPROT","P32121","directed","Control(Out: INHIBITION of BiochemicalReaction)"
"UNIPROT","P31946","UNIPROT","P32121","undirected","Binding"
"UNIPROT","P31946","UNIPROT","P36507","directed","Control(Out: INHIBITION of BiochemicalReaction)"
"UNIPROT","P31946","UNIPROT","P36507","undirected","Binding"
"UNIPROT","P31946","UNIPROT","P41240","directed","Control(Out: INHIBITION of BiochemicalReaction)"
"UNIPROT","P31946","UNIPROT","P46940","directed","Control(Out: INHIBITION of BiochemicalReaction)"
"UNIPROT","P31946","UNIPROT","P46940","undirected","Binding"
"UNIPROT","P31946","UNIPROT","P49407","directed","Control(Out: INHIBITION of BiochemicalReaction)"
"UNIPROT","P31946","UNIPROT","P49407","undirected","Binding"
"UNIPROT","P31946","UNIPROT","P61224","directed","Control(Out: INHIBITION of BiochemicalReaction)"
"UNIPROT","P31946","UNIPROT","P61224","undirected","Binding"
"UNIPROT","P31946","UNIPROT","P62834","directed","Control(Out: INHIBITION of BiochemicalReaction)"
"UNIPROT","P31946","UNIPROT","Q02750","directed","Control(Out: INHIBITION of BiochemicalReaction)"
"UNIPROT","P31946","UNIPROT","Q02750","undirected","Binding"
"UNIPROT","P31946","UNIPROT","Q16584","directed","Control(In: ACTIVATION of BiochemicalReaction)"
"UNIPROT","P31946","UNIPROT","Q6VAB6","directed","Control(Out: INHIBITION of BiochemicalReaction)"
"UNIPROT","P31946","UNIPROT","Q6VAB6","undirected","Binding"
"UNIPROT","P31946","UNIPROT","Q7Z569","directed","Control(In: INHIBITION of BiochemicalReaction)"
"UNIPROT","P31946","UNIPROT","Q7Z5R6","directed","Control(Out: INHIBITION of BiochemicalReaction)"
"UNIPROT","P31946","UNIPROT","Q7Z5R6","undirected","Binding"
"UNIPROT","P31946","UNIPROT","Q8IVT5","directed","Control(In: INHIBITION of BiochemicalReaction)"
"UNIPROT","P31946","UNIPROT","Q8IVT5","undirected","Binding"
"UNIPROT","P31946","UNIPROT","Q8WXI2","directed","Control(Out: INHIBITION of BiochemicalReaction)"
"UNIPROT","P31946","UNIPROT","Q8WXI2","undirected","Binding"
"UNIPROT","P31946","UNIPROT","Q969H4","directed","Control(Out: INHIBITION of BiochemicalReaction)"
"UNIPROT","P31946","UNIPROT","Q969H4","undirected","Binding"
"UNIPROT","P31946","UNIPROT","Q9Y490","directed","Control(Out: INHIBITION of BiochemicalReaction)"
"UNIPROT","P31946","UNIPROT","Q9Y490","undirected","Binding"
"UNIPROT","P32121","UNIPROT","P01111","directed","Control(In: INHIBITION of BiochemicalReaction)"
"UNIPROT","P32121","UNIPROT","P01111","undirected","Binding"
"UNIPROT","P32121","UNIPROT","P01112","directed","Control(In: INHIBITION of BiochemicalReaction)"
"UNIPROT","P32121","UNIPROT","P01112","undirected","Binding"
"UNIPROT","P32121","UNIPROT","P01116","directed","Control(In: INHIBITION of BiochemicalReaction)"
"UNIPROT","P32121","UNIPROT","P01116","undirected","Binding"
"UNIPROT","P32121","UNIPROT","P04049","directed","Control(In: INHIBITION of BiochemicalReaction)"
"UNIPROT","P32121","UNIPROT","P04049","undirected","Binding"
"UNIPROT","P32121","UNIPROT","P10398","directed","Control(In: INHIBITION of BiochemicalReaction)"
"UNIPROT","P32121","UNIPROT","P15056","directed","Control(In: INHIBITION of BiochemicalReaction)"
"UNIPROT","P32121","UNIPROT","P27361","undirected","Binding"
"UNIPROT","P32121","UNIPROT","P28482","undirected","Binding"
"UNIPROT","P32121","UNIPROT","P30086","directed","Control(In: INHIBITION of BiochemicalReaction)"
"UNIPROT","P32121","UNIPROT","P31946","directed","Control(In: INHIBITION of BiochemicalReaction)"
"UNIPROT","P32121","UNIPROT","Q8IVT5","directed","Control(In: INHIBITION of BiochemicalReaction)"
"UNIPROT","P35232","UNIPROT","P01111","directed","Control(Out: ACTIVATION of BiochemicalReaction)"
"UNIPROT","P35232","UNIPROT","P01112","directed","Control(Out: ACTIVATION of BiochemicalReaction)"
"UNIPROT","P35232","UNIPROT","P01116","directed","Control(Out: ACTIVATION of BiochemicalReaction)"
"UNIPROT","P35232","UNIPROT","P15056","directed","Control(Out: ACTIVATION of BiochemicalReaction)"
"UNIPROT","P36507","UNIPROT","P01111","directed","Control(In: INHIBITION of BiochemicalReaction)"
"UNIPROT","P36507","UNIPROT","P01111","directed","Control(Out: ACTIVATION of BiochemicalReaction)"
"UNIPROT","P36507","UNIPROT","P01111","undirected","Binding"
"UNIPROT","P36507","UNIPROT","P01112","directed","Control(In: INHIBITION of BiochemicalReaction)"
"UNIPROT","P36507","UNIPROT","P01112","directed","Control(Out: ACTIVATION of BiochemicalReaction)"
"UNIPROT","P36507","UNIPROT","P01112","undirected","Binding"
"UNIPROT","P36507","UNIPROT","P01116","directed","Control(In: INHIBITION of BiochemicalReaction)"
"UNIPROT","P36507","UNIPROT","P01116","directed","Control(Out: ACTIVATION of BiochemicalReaction)"
"UNIPROT","P36507","UNIPROT","P01116","undirected","Binding"
"UNIPROT","P36507","UNIPROT","P02671","undirected","Binding"
"UNIPROT","P36507","UNIPROT","P02675","undirected","Binding"
"UNIPROT","P36507","UNIPROT","P02679","undirected","Binding"
"UNIPROT","P36507","UNIPROT","P02751","undirected","Binding"
"UNIPROT","P36507","UNIPROT","P04049","directed","Control(In: INHIBITION of BiochemicalReaction)"
"UNIPROT","P36507","UNIPROT","P04049","directed","Control(Out: ACTIVATION of BiochemicalReaction)"
"UNIPROT","P36507","UNIPROT","P04049","undirected","Binding"
"UNIPROT","P36507","UNIPROT","P04275","undirected","Binding"
"UNIPROT","P36507","UNIPROT","P05106","undirected","Binding"
"UNIPROT","P36507","UNIPROT","P08514","undirected","Binding"
"UNIPROT","P36507","UNIPROT","P10398","directed","Control(In: INHIBITION of BiochemicalReaction)"
"UNIPROT","P36507","UNIPROT","P15056","directed","Control(In: INHIBITION of BiochemicalReaction)"
"UNIPROT","P36507","UNIPROT","P15056","directed","Control(Out: ACTIVATION of BiochemicalReaction)"
"UNIPROT","P36507","UNIPROT","P18206","undirected","Binding"
"UNIPROT","P36507","UNIPROT","P27361","undirected","Binding"
"UNIPROT","P36507","UNIPROT","P27448","undirected","Binding"
"UNIPROT","P36507","UNIPROT","P28482","undirected","Binding"
"UNIPROT","P36507","UNIPROT","P30086","directed","Control(In: INHIBITION of BiochemicalReaction)"
"UNIPROT","P36507","UNIPROT","P31946","directed","Control(In: INHIBITION of BiochemicalReaction)"
"UNIPROT","P36507","UNIPROT","P31946","directed","Control(Out: ACTIVATION of BiochemicalReaction)"
"UNIPROT","P36507","UNIPROT","P32121","undirected","Binding"
"UNIPROT","P36507","UNIPROT","P46940","undirected","Binding"
"UNIPROT","P36507","UNIPROT","P49407","undirected","Binding"
"UNIPROT","P36507","UNIPROT","P61224","undirected","Binding"
"UNIPROT","P36507","UNIPROT","Q6VAB6","undirected","Binding"
"UNIPROT","P36507","UNIPROT","Q7Z5R6","undirected","Binding"
"UNIPROT","P36507","UNIPROT","Q8IVT5","directed","Control(In: INHIBITION of BiochemicalReaction)"
"UNIPROT","P36507","UNIPROT","Q8IVT5","undirected","Binding"
"UNIPROT","P36507","UNIPROT","Q8WXI2","undirected","Binding"
"UNIPROT","P36507","UNIPROT","Q969H4","undirected","Binding"
"UNIPROT","P36507","UNIPROT","Q9Y490","undirected","Binding"
"UNIPROT","P41240","UNIPROT","P01111","directed","Control(In: INHIBITION of BiochemicalReaction)"
"UNIPROT","P41240","UNIPROT","P01111","undirected","Binding"
"UNIPROT","P41240","UNIPROT","P01112","directed","Control(In: INHIBITION of BiochemicalReaction)"
"UNIPROT","P41240","UNIPROT","P01112","undirected","Binding"
"UNIPROT","P41240","UNIPROT","P01116","directed","Control(In: INHIBITION of BiochemicalReaction)"
"UNIPROT","P41240","UNIPROT","P01116","undirected","Binding"
"UNIPROT","P41240","UNIPROT","P02671","undirected","Binding"
"UNIPROT","P41240","UNIPROT","P02675","undirected","Binding"
"UNIPROT","P41240","UNIPROT","P02679","undirected","Binding"
"UNIPROT","P41240","UNIPROT","P02751","undirected","Binding"
"UNIPROT","P41240","UNIPROT","P04049","directed","Control(In: INHIBITION of BiochemicalReaction)"
"UNIPROT","P41240","UNIPROT","P04049","undirected","Binding"
"UNIPROT","P41240","UNIPROT","P04275","undirected","Binding"
"UNIPROT","P41240","UNIPROT","P05106","undirected","Binding"
"UNIPROT","P41240","UNIPROT","P08514","undirected","Binding"
"UNIPROT","P41240","UNIPROT","P10398","directed","Control(In: INHIBITION of BiochemicalReaction)"
"UNIPROT","P41240","UNIPROT","P15056","directed","Control(In: INHIBITION of BiochemicalReaction)"
"UNIPROT","P41240","UNIPROT","P15056","undirected","Binding"
"UNIPROT","P41240","UNIPROT","P18206","undirected","Binding"
"UNIPROT","P41240","UNIPROT","P27361","undirected","Binding"
"UNIPROT","P41240","UNIPROT","P28482","undirected","Binding"
"UNIPROT","P41240","UNIPROT","P30086","directed","Control(In: INHIBITION of BiochemicalReaction)"
"UNIPROT","P41240","UNIPROT","P31946","directed","Control(In: INHIBITION of BiochemicalReaction)"
"UNIPROT","P41240","UNIPROT","P31946","undirected","Binding"
"UNIPROT","P41240","UNIPROT","P36507","undirected","Binding"
"UNIPROT","P41240","UNIPROT","P61224","undirected","Binding"
"UNIPROT","P41240","UNIPROT","P62834","undirected","Binding"
"UNIPROT","P41240","UNIPROT","Q02750","undirected","Binding"
"UNIPROT","P41240","UNIPROT","Q7Z5R6","undirected","Binding"
"UNIPROT","P41240","UNIPROT","Q8IVT5","directed","Control(In: INHIBITION of BiochemicalReaction)"
"UNIPROT","P41240","UNIPROT","Q9Y490","undirected","Binding"
"UNIPROT","P46940","UNIPROT","P01111","directed","Control(In: INHIBITION of BiochemicalReaction)"
"UNIPROT","P46940","UNIPROT","P01111","undirected","Binding"
"UNIPROT","P46940","UNIPROT","P01112","directed","Control(In: INHIBITION of BiochemicalReaction)"
"UNIPROT","P46940","UNIPROT","P01112","undirected","Binding"
"UNIPROT","P46940","UNIPROT","P01116","directed","Control(In: INHIBITION of BiochemicalReaction)"
"UNIPROT","P46940","UNIPROT","P04049","directed","Control(In: INHIBITION of BiochemicalReaction)"
"UNIPROT","P46940","UNIPROT","P10398","directed","Control(In: INHIBITION of BiochemicalReaction)"
"UNIPROT","P46940","UNIPROT","P15056","directed","Control(In: INHIBITION of BiochemicalReaction)"
"UNIPROT","P46940","UNIPROT","P27361","undirected","Binding"
"UNIPROT","P46940","UNIPROT","P28482","undirected","Binding"
"UNIPROT","P46940","UNIPROT","P30086","directed","Control(In: INHIBITION of BiochemicalReaction)"
"UNIPROT","P46940","UNIPROT","P31946","directed","Control(In: INHIBITION of BiochemicalReaction)"
"UNIPROT","P46940","UNIPROT","Q8IVT5","directed","Control(In: INHIBITION of BiochemicalReaction)"
"UNIPROT","P49407","UNIPROT","P01111","directed","Control(In: INHIBITION of BiochemicalReaction)"
"UNIPROT","P49407","UNIPROT","P01111","undirected","Binding"
"UNIPROT","P49407","UNIPROT","P01112","directed","Control(In: INHIBITION of BiochemicalReaction)"
"UNIPROT","P49407","UNIPROT","P01112","undirected","Binding"
"UNIPROT","P49407","UNIPROT","P01116","directed","Control(In: INHIBITION of BiochemicalReaction)"
"UNIPROT","P49407","UNIPROT","P01116","undirected","Binding"
"UNIPROT","P49407","UNIPROT","P04049","directed","Control(In: INHIBITION of BiochemicalReaction)"
"UNIPROT","P49407","UNIPROT","P04049","undirected","Binding"
"UNIPROT","P49407","UNIPROT","P10398","directed","Control(In: INHIBITION of BiochemicalReaction)"
"UNIPROT","P49407","UNIPROT","P15056","directed","Control(In: INHIBITION of BiochemicalReaction)"
"UNIPROT","P49407","UNIPROT","P27361","undirected","Binding"
"UNIPROT","P49407","UNIPROT","P28482","undirected","Binding"
"UNIPROT","P49407","UNIPROT","P30086","directed","Control(In: INHIBITION of BiochemicalReaction)"
"UNIPROT","P49407","UNIPROT","P31946","directed","Control(In: INHIBITION of BiochemicalReaction)"
"UNIPROT","P49407","UNIPROT","Q8IVT5","directed","Control(In: INHIBITION of BiochemicalReaction)"
"UNIPROT","P61224","UNIPROT","P01111","directed","Control(In: INHIBITION of BiochemicalReaction)"
"UNIPROT","P61224","UNIPROT","P01111","undirected","Binding"
"UNIPROT","P61224","UNIPROT","P01112","directed","Control(In: INHIBITION of BiochemicalReaction)"
"UNIPROT","P61224","UNIPROT","P01112","undirected","Binding"
"UNIPROT","P61224","UNIPROT","P01116","directed","Control(In: INHIBITION of BiochemicalReaction)"
"UNIPROT","P61224","UNIPROT","P01116","undirected","Binding"
"UNIPROT","P61224","UNIPROT","P02671","undirected","Binding"
"UNIPROT","P61224","UNIPROT","P02675","undirected","Binding"
"UNIPROT","P61224","UNIPROT","P02679","undirected","Binding"
"UNIPROT","P61224","UNIPROT","P02751","undirected","Binding"
"UNIPROT","P61224","UNIPROT","P04049","directed","Control(In: INHIBITION of BiochemicalReaction)"
"UNIPROT","P61224","UNIPROT","P04049","undirected","Binding"
"UNIPROT","P61224","UNIPROT","P04275","undirected","Binding"
"UNIPROT","P61224","UNIPROT","P08514","undirected","Binding"
"UNIPROT","P61224","UNIPROT","P10398","directed","Control(In: INHIBITION of BiochemicalReaction)"
"UNIPROT","P61224","UNIPROT","P15056","directed","Control(In: INHIBITION of BiochemicalReaction)"
"UNIPROT","P61224","UNIPROT","P18206","undirected","Binding"
"UNIPROT","P61224","UNIPROT","P27361","undirected","Binding"
"UNIPROT","P61224","UNIPROT","P28482","undirected","Binding"
"UNIPROT","P61224","UNIPROT","P30086","directed","Control(In: INHIBITION of BiochemicalReaction)"
"UNIPROT","P61224","UNIPROT","P31946","directed","Control(In: INHIBITION of BiochemicalReaction)"
"UNIPROT","P61224","UNIPROT","Q7Z5R6","undirected","Binding"
"UNIPROT","P61224","UNIPROT","Q8IVT5","directed","Control(In: INHIBITION of BiochemicalReaction)"
"UNIPROT","P61224","UNIPROT","Q9Y490","undirected","Binding"
"UNIPROT","P62834","UNIPROT","P01111","directed","Control(In: INHIBITION of BiochemicalReaction)"
"UNIPROT","P62834","UNIPROT","P01111","undirected","Binding"
"UNIPROT","P62834","UNIPROT","P01112","directed","Control(In: INHIBITION of BiochemicalReaction)"
"UNIPROT","P62834","UNIPROT","P01112","undirected","Binding"
"UNIPROT","P62834","UNIPROT","P01116","directed","Control(In: INHIBITION of BiochemicalReaction)"
"UNIPROT","P62834","UNIPROT","P01116","undirected","Binding"
"UNIPROT","P62834","UNIPROT","P02671","undirected","Binding"
"UNIPROT","P62834","UNIPROT","P02675","undirected","Binding"
"UNIPROT","P62834","UNIPROT","P02679","undirected","Binding"
"UNIPROT","P62834","UNIPROT","P02751","undirected","Binding"
"UNIPROT","P62834","UNIPROT","P04049","directed","Control(In: INHIBITION of BiochemicalReaction)"
"UNIPROT","P62834","UNIPROT","P04049","undirected","Binding"
"UNIPROT","P62834","UNIPROT","P04275","undirected","Binding"
"UNIPROT","P62834","UNIPROT","P05106","undirected","Binding"
"UNIPROT","P62834","UNIPROT","P08514","undirected","Binding"
"UNIPROT","P62834","UNIPROT","P10398","directed","Control(In: INHIBITION of BiochemicalReaction)"
"UNIPROT","P62834","UNIPROT","P15056","directed","Control(In: INHIBITION of BiochemicalReaction)"
"UNIPROT","P62834","UNIPROT","P18206","undirected","Binding"
"UNIPROT","P62834","UNIPROT","P27361","undirected","Binding"
"UNIPROT","P62834","UNIPROT","P28482","undirected","Binding"
"UNIPROT","P62834","UNIPROT","P30086","directed","Control(In: INHIBITION of BiochemicalReaction)"
"UNIPROT","P62834","UNIPROT","P31946","directed","Control(In: INHIBITION of BiochemicalReaction)"
"UNIPROT","P62834","UNIPROT","P31946","undirected","Binding"
"UNIPROT","P62834","UNIPROT","P36507","undirected","Binding"
"UNIPROT","P62834","UNIPROT","Q02750","undirected","Binding"
"UNIPROT","P62834","UNIPROT","Q7Z5R6","undirected","Binding"
"UNIPROT","P62834","UNIPROT","Q8IVT5","directed","Control(In: INHIBITION of BiochemicalReaction)"
"UNIPROT","P62834","UNIPROT","Q9Y490","undirected","Binding"
"UNIPROT","Q02750","UNIPROT","P01111","directed","Control(In: INHIBITION of BiochemicalReaction)"
"UNIPROT","Q02750","UNIPROT","P01111","directed","Control(Out: ACTIVATION of BiochemicalReaction)"
"UNIPROT","Q02750","UNIPROT","P01111","undirected","Binding"
"UNIPROT","Q02750","UNIPROT","P01112","directed","Control(In: INHIBITION of BiochemicalReaction)"
"UNIPROT","Q02750","UNIPROT","P01112","directed","Control(Out: ACTIVATION of BiochemicalReaction)"
"UNIPROT","Q02750","UNIPROT","P01112","undirected","Binding"
"UNIPROT","Q02750","UNIPROT","P01116","directed","Control(In: INHIBITION of BiochemicalReaction)"
"UNIPROT","Q02750","UNIPROT","P01116","directed","Control(Out: ACTIVATION of BiochemicalReaction)"
"UNIPROT","Q02750","UNIPROT","P01116","undirected","Binding"
"UNIPROT","Q02750","UNIPROT","P02671","undirected","Binding"
"UNIPROT","Q02750","UNIPROT","P02675","undirected","Binding"
"UNIPROT","Q02750","UNIPROT","P02679","undirected","Binding"
"UNIPROT","Q02750","UNIPROT","P02751","undirected","Binding"
"UNIPROT","Q02750","UNIPROT","P04049","directed","Control(In: INHIBITION of BiochemicalReaction)"
"UNIPROT","Q02750","UNIPROT","P04049","directed","Control(Out: ACTIVATION of BiochemicalReaction)"
"UNIPROT","Q02750","UNIPROT","P04049","undirected","Binding"
"UNIPROT","Q02750","UNIPROT","P04275","undirected","Binding"
"UNIPROT","Q02750","UNIPROT","P05106","undirected","Binding"
"UNIPROT","Q02750","UNIPROT","P08514","undirected","Binding"
"UNIPROT","Q02750","UNIPROT","P10398","directed","Control(In: INHIBITION of BiochemicalReaction)"
"UNIPROT","Q02750","UNIPROT","P15056","directed","Control(In: INHIBITION of BiochemicalReaction)"
"UNIPROT","Q02750","UNIPROT","P15056","directed","Control(Out: ACTIVATION of BiochemicalReaction)"
"UNIPROT","Q02750","UNIPROT","P18206","undirected","Binding"
"UNIPROT","Q02750","UNIPROT","P27361","undirected","Binding"
"UNIPROT","Q02750","UNIPROT","P27448","undirected","Binding"
"UNIPROT","Q02750","UNIPROT","P28482","undirected","Binding"
"UNIPROT","Q02750","UNIPROT","P30086","directed","Control(In: INHIBITION of BiochemicalReaction)"
"UNIPROT","Q02750","UNIPROT","P31946","directed","Control(In: INHIBITION of BiochemicalReaction)"
"UNIPROT","Q02750","UNIPROT","P31946","directed","Control(Out: ACTIVATION of BiochemicalReaction)"
"UNIPROT","Q02750","UNIPROT","P32121","undirected","Binding"
"UNIPROT","Q02750","UNIPROT","P36507","undirected","Binding"
"UNIPROT","Q02750","UNIPROT","P46940","undirected","Binding"
"UNIPROT","Q02750","UNIPROT","P49407","undirected","Binding"
"UNIPROT","Q02750","UNIPROT","P61224","undirected","Binding"
"UNIPROT","Q02750","UNIPROT","Q6VAB6","undirected","Binding"
"UNIPROT","Q02750","UNIPROT","Q7Z5R6","undirected","Binding"
"UNIPROT","Q02750","UNIPROT","Q8IVT5","directed","Control(In: INHIBITION of BiochemicalReaction)"
"UNIPROT","Q02750","UNIPROT","Q8IVT5","undirected","Binding"
"UNIPROT","Q02750","UNIPROT","Q8WXI2","undirected","Binding"
"UNIPROT","Q02750","UNIPROT","Q969H4","undirected","Binding"
"UNIPROT","Q02750","UNIPROT","Q9Y490","undirected","Binding"
"UNIPROT","Q13554","UNIPROT","P01111","directed","Control(Out: ACTIVATION of BiochemicalReaction)"
"UNIPROT","Q13554","UNIPROT","P01112","directed","Control(Out: ACTIVATION of BiochemicalReaction)"
"UNIPROT","Q13554","UNIPROT","P01116","directed","Control(Out: ACTIVATION of BiochemicalReaction)"
"UNIPROT","Q13554","UNIPROT","P04049","directed","Control(Out: ACTIVATION of BiochemicalReaction)"
"UNIPROT","Q13554","UNIPROT","P15056","directed","Control(Out: ACTIVATION of BiochemicalReaction)"
"UNIPROT","Q13554","UNIPROT","P31946","directed","Control(Out: ACTIVATION of BiochemicalReaction)"
"UNIPROT","Q13555","UNIPROT","P01111","directed","Control(Out: ACTIVATION of BiochemicalReaction)"
"UNIPROT","Q13555","UNIPROT","P01112","directed","Control(Out: ACTIVATION of BiochemicalReaction)"
"UNIPROT","Q13555","UNIPROT","P01116","directed","Control(Out: ACTIVATION of BiochemicalReaction)"
"UNIPROT","Q13555","UNIPROT","P04049","directed","Control(Out: ACTIVATION of BiochemicalReaction)"
"UNIPROT","Q13555","UNIPROT","P15056","directed","Control(Out: ACTIVATION of BiochemicalReaction)"
"UNIPROT","Q13555","UNIPROT","P31946","directed","Control(Out: ACTIVATION of BiochemicalReaction)"
"UNIPROT","Q13557","UNIPROT","P01111","directed","Control(Out: ACTIVATION of BiochemicalReaction)"
"UNIPROT","Q13557","UNIPROT","P01112","directed","Control(Out: ACTIVATION of BiochemicalReaction)"
"UNIPROT","Q13557","UNIPROT","P01116","directed","Control(Out: ACTIVATION of BiochemicalReaction)"
"UNIPROT","Q13557","UNIPROT","P04049","directed","Control(Out: ACTIVATION of BiochemicalReaction)"
"UNIPROT","Q13557","UNIPROT","P15056","directed","Control(Out: ACTIVATION of BiochemicalReaction)"
"UNIPROT","Q13557","UNIPROT","P31946","directed","Control(Out: ACTIVATION of BiochemicalReaction)"
"UNIPROT","Q16584","UNIPROT","P01111","directed","Control(Out: ACTIVATION of BiochemicalReaction)"
"UNIPROT","Q16584","UNIPROT","P01112","directed","Control(Out: ACTIVATION of BiochemicalReaction)"
"UNIPROT","Q16584","UNIPROT","P01116","directed","Control(Out: ACTIVATION of BiochemicalReaction)"
"UNIPROT","Q16584","UNIPROT","P04049","directed","Control(Out: ACTIVATION of BiochemicalReaction)"
"UNIPROT","Q16584","UNIPROT","P15056","directed","Control(Out: ACTIVATION of BiochemicalReaction)"
"UNIPROT","Q16584","UNIPROT","P31946","directed","Control(Out: ACTIVATION of BiochemicalReaction)"
"UNIPROT","Q6VAB6","UNIPROT","P01111","directed","Control(In: INHIBITION of BiochemicalReaction)"
"UNIPROT","Q6VAB6","UNIPROT","P01111","undirected","Binding"
"UNIPROT","Q6VAB6","UNIPROT","P01112","directed","Control(In: INHIBITION of BiochemicalReaction)"
"UNIPROT","Q6VAB6","UNIPROT","P01112","undirected","Binding"
"UNIPROT","Q6VAB6","UNIPROT","P01116","directed","Control(In: INHIBITION of BiochemicalReaction)"
"UNIPROT","Q6VAB6","UNIPROT","P04049","directed","Control(In: INHIBITION of BiochemicalReaction)"
"UNIPROT","Q6VAB6","UNIPROT","P10398","directed","Control(In: INHIBITION of BiochemicalReaction)"
"UNIPROT","Q6VAB6","UNIPROT","P15056","directed","Control(In: INHIBITION of BiochemicalReaction)"
"UNIPROT","Q6VAB6","UNIPROT","P27361","undirected","Binding"
"UNIPROT","Q6VAB6","UNIPROT","P28482","undirected","Binding"
"UNIPROT","Q6VAB6","UNIPROT","P30086","directed","Control(In: INHIBITION of BiochemicalReaction)"
"UNIPROT","Q6VAB6","UNIPROT","P31946","directed","Control(In: INHIBITION of BiochemicalReaction)"
"UNIPROT","Q6VAB6","UNIPROT","Q8IVT5","directed","Control(In: INHIBITION of BiochemicalReaction)"
"UNIPROT","Q7Z569","UNIPROT","P01111","directed","Control(Out: INHIBITION of BiochemicalReaction)"
"UNIPROT","Q7Z569","UNIPROT","P01112","directed","Control(Out: INHIBITION of BiochemicalReaction)"
"UNIPROT","Q7Z569","UNIPROT","P01116","directed","Control(Out: INHIBITION of BiochemicalReaction)"
"UNIPROT","Q7Z569","UNIPROT","P04049","directed","Control(Out: INHIBITION of BiochemicalReaction)"
"UNIPROT","Q7Z569","UNIPROT","P15056","directed","Control(Out: INHIBITION of BiochemicalReaction)"
"UNIPROT","Q7Z569","UNIPROT","P31946","directed","Control(Out: INHIBITION of BiochemicalReaction)"
"UNIPROT","Q7Z5R6","UNIPROT","P01111","directed","Control(In: INHIBITION of BiochemicalReaction)"
"UNIPROT","Q7Z5R6","UNIPROT","P01111","undirected","Binding"
"UNIPROT","Q7Z5R6","UNIPROT","P01112","directed","Control(In: INHIBITION of BiochemicalReaction)"
"UNIPROT","Q7Z5R6","UNIPROT","P01112","undirected","Binding"
"UNIPROT","Q7Z5R6","UNIPROT","P01116","directed","Control(In: INHIBITION of BiochemicalReaction)"
"UNIPROT","Q7Z5R6","UNIPROT","P01116","undirected","Binding"
"UNIPROT","Q7Z5R6","UNIPROT","P02671","undirected","Binding"
"UNIPROT","Q7Z5R6","UNIPROT","P02675","undirected","Binding"
"UNIPROT","Q7Z5R6","UNIPROT","P02679","undirected","Binding"
"UNIPROT","Q7Z5R6","UNIPROT","P02751","undirected","Binding"
"UNIPROT","Q7Z5R6","UNIPROT","P04049","directed","Control(In: INHIBITION of BiochemicalReaction)"
"UNIPROT","Q7Z5R6","UNIPROT","P04049","undirected","Binding"
"UNIPROT","Q7Z5R6","UNIPROT","P04275","undirected","Binding"
"UNIPROT","Q7Z5R6","UNIPROT","P08514","undirected","Binding"
"UNIPROT","Q7Z5R6","UNIPROT","P10398","directed","Control(In: INHIBITION of BiochemicalReaction)"
"UNIPROT","Q7Z5R6","UNIPROT","P15056","directed","Control(In: INHIBITION of BiochemicalReaction)"
"UNIPROT","Q7Z5R6","UNIPROT","P18206","undirected","Binding"
"UNIPROT","Q7Z5R6","UNIPROT","P27361","undirected","Binding"
"UNIPROT","Q7Z5R6","UNIPROT","P28482","undirected","Binding"
"UNIPROT","Q7Z5R6","UNIPROT","P30086","directed","Control(In: INHIBITION of BiochemicalReaction)"
"UNIPROT","Q7Z5R6","UNIPROT","P31946","directed","Control(In: INHIBITION of BiochemicalReaction)"
"UNIPROT","Q7Z5R6","UNIPROT","Q8IVT5","directed","Control(In: INHIBITION of BiochemicalReaction)"
"UNIPROT","Q7Z5R6","UNIPROT","Q9Y490","undirected","Binding"
"UNIPROT","Q8IVT5","UNIPROT","P01111","directed","Control(Out: INHIBITION of BiochemicalReaction)"
"UNIPROT","Q8IVT5","UNIPROT","P01111","directed","Control(In: INHIBITION of BiochemicalReaction)"
"UNIPROT","Q8IVT5","UNIPROT","P01111","undirected","Binding"
"UNIPROT","Q8IVT5","UNIPROT","P01112","directed","Control(Out: INHIBITION of BiochemicalReaction)"
"UNIPROT","Q8IVT5","UNIPROT","P01112","directed","Control(In: INHIBITION of BiochemicalReaction)"
"UNIPROT","Q8IVT5","UNIPROT","P01112","undirected","Binding"
"UNIPROT","Q8IVT5","UNIPROT","P01116","directed","Control(Out: INHIBITION of BiochemicalReaction)"
"UNIPROT","Q8IVT5","UNIPROT","P01116","directed","Control(In: INHIBITION of BiochemicalReaction)"
"UNIPROT","Q8IVT5","UNIPROT","P02671","directed","Control(Out: INHIBITION of BiochemicalReaction)"
"UNIPROT","Q8IVT5","UNIPROT","P02675","directed","Control(Out: INHIBITION of BiochemicalReaction)"
"UNIPROT","Q8IVT5","UNIPROT","P02679","directed","Control(Out: INHIBITION of BiochemicalReaction)"
"UNIPROT","Q8IVT5","UNIPROT","P02751","directed","Control(Out: INHIBITION of BiochemicalReaction)"
"UNIPROT","Q8IVT5","UNIPROT","P04049","directed","Control(Out: INHIBITION of BiochemicalReaction)"
"UNIPROT","Q8IVT5","UNIPROT","P04049","directed","Control(In: INHIBITION of BiochemicalReaction)"
"UNIPROT","Q8IVT5","UNIPROT","P04275","directed","Control(Out: INHIBITION of BiochemicalReaction)"
"UNIPROT","Q8IVT5","UNIPROT","P05106","directed","Control(Out: INHIBITION of BiochemicalReaction)"
"UNIPROT","Q8IVT5","UNIPROT","P08514","directed","Control(Out: INHIBITION of BiochemicalReaction)"
"UNIPROT","Q8IVT5","UNIPROT","P10398","directed","Control(In: INHIBITION of BiochemicalReaction)"
"UNIPROT","Q8IVT5","UNIPROT","P12931","directed","Control(Out: INHIBITION of BiochemicalReaction)"
"UNIPROT","Q8IVT5","UNIPROT","P15056","directed","Control(Out: INHIBITION of BiochemicalReaction)"
"UNIPROT","Q8IVT5","UNIPROT","P15056","directed","Control(In: INHIBITION of BiochemicalReaction)"
"UNIPROT","Q8IVT5","UNIPROT","P18206","directed","Control(Out: INHIBITION of BiochemicalReaction)"
"UNIPROT","Q8IVT5","UNIPROT","P27361","directed","Control(Out: INHIBITION of BiochemicalReaction)"
"UNIPROT","Q8IVT5","UNIPROT","P27361","undirected","Binding"
"UNIPROT","Q8IVT5","UNIPROT","P27448","directed","Control(Out: INHIBITION of BiochemicalReaction)"
"UNIPROT","Q8IVT5","UNIPROT","P27448","undirected","Binding"
"UNIPROT","Q8IVT5","UNIPROT","P28482","directed","Control(Out: INHIBITION of BiochemicalReaction)"
"UNIPROT","Q8IVT5","UNIPROT","P28482","undirected","Binding"
"UNIPROT","Q8IVT5","UNIPROT","P30086","directed","Control(In: INHIBITION of BiochemicalReaction)"
"UNIPROT","Q8IVT5","UNIPROT","P30086","undirected","Binding"
"UNIPROT","Q8IVT5","UNIPROT","P31946","directed","Control(Out: INHIBITION of BiochemicalReaction)"
"UNIPROT","Q8IVT5","UNIPROT","P31946","directed","Control(In: INHIBITION of BiochemicalReaction)"
"UNIPROT","Q8IVT5","UNIPROT","P32121","directed","Control(Out: INHIBITION of BiochemicalReaction)"
"UNIPROT","Q8IVT5","UNIPROT","P36507","directed","Control(Out: INHIBITION of BiochemicalReaction)"
"UNIPROT","Q8IVT5","UNIPROT","P41240","directed","Control(Out: INHIBITION of BiochemicalReaction)"
"UNIPROT","Q8IVT5","UNIPROT","P46940","directed","Control(Out: INHIBITION of BiochemicalReaction)"
"UNIPROT","Q8IVT5","UNIPROT","P49407","directed","Control(Out: INHIBITION of BiochemicalReaction)"
"UNIPROT","Q8IVT5","UNIPROT","P61224","directed","Control(Out: INHIBITION of BiochemicalReaction)"
"UNIPROT","Q8IVT5","UNIPROT","P62834","directed","Control(Out: INHIBITION of BiochemicalReaction)"
"UNIPROT","Q8IVT5","UNIPROT","Q02750","directed","Control(Out: INHIBITION of BiochemicalReaction)"
"UNIPROT","Q8IVT5","UNIPROT","Q6VAB6","directed","Control(Out: INHIBITION of BiochemicalReaction)"
"UNIPROT","Q8IVT5","UNIPROT","Q7Z569","undirected","Binding"
"UNIPROT","Q8IVT5","UNIPROT","Q7Z5R6","directed","Control(Out: INHIBITION of BiochemicalReaction)"
"UNIPROT","Q8IVT5","UNIPROT","Q8WXI2","directed","Control(Out: INHIBITION of BiochemicalReaction)"
"UNIPROT","Q8IVT5","UNIPROT","Q969H4","directed","Control(Out: INHIBITION of BiochemicalReaction)"
"UNIPROT","Q8IVT5","UNIPROT","Q9Y490","directed","Control(Out: INHIBITION of BiochemicalReaction)"
"UNIPROT","Q8WXI2","UNIPROT","P01111","directed","Control(In: INHIBITION of BiochemicalReaction)"
"UNIPROT","Q8WXI2","UNIPROT","P01111","undirected","Binding"
"UNIPROT","Q8WXI2","UNIPROT","P01112","directed","Control(In: INHIBITION of BiochemicalReaction)"
"UNIPROT","Q8WXI2","UNIPROT","P01112","undirected","Binding"
"UNIPROT","Q8WXI2","UNIPROT","P01116","directed","Control(In: INHIBITION of BiochemicalReaction)"
"UNIPROT","Q8WXI2","UNIPROT","P04049","directed","Control(In: INHIBITION of BiochemicalReaction)"
"UNIPROT","Q8WXI2","UNIPROT","P10398","directed","Control(In: INHIBITION of BiochemicalReaction)"
"UNIPROT","Q8WXI2","UNIPROT","P15056","directed","Control(In: INHIBITION of BiochemicalReaction)"
"UNIPROT","Q8WXI2","UNIPROT","P27361","undirected","Binding"
"UNIPROT","Q8WXI2","UNIPROT","P28482","undirected","Binding"
"UNIPROT","Q8WXI2","UNIPROT","P30086","directed","Control(In: INHIBITION of BiochemicalReaction)"
"UNIPROT","Q8WXI2","UNIPROT","P31946","directed","Control(In: INHIBITION of BiochemicalReaction)"
"UNIPROT","Q8WXI2","UNIPROT","Q8IVT5","directed","Control(In: INHIBITION of BiochemicalReaction)"
"UNIPROT","Q969H4","UNIPROT","P01111","directed","Control(In: INHIBITION of BiochemicalReaction)"
"UNIPROT","Q969H4","UNIPROT","P01111","undirected","Binding"
"UNIPROT","Q969H4","UNIPROT","P01112","directed","Control(In: INHIBITION of BiochemicalReaction)"
"UNIPROT","Q969H4","UNIPROT","P01112","undirected","Binding"
"UNIPROT","Q969H4","UNIPROT","P01116","directed","Control(In: INHIBITION of BiochemicalReaction)"
"UNIPROT","Q969H4","UNIPROT","P04049","directed","Control(In: INHIBITION of BiochemicalReaction)"
"UNIPROT","Q969H4","UNIPROT","P10398","directed","Control(In: INHIBITION of BiochemicalReaction)"
"UNIPROT","Q969H4","UNIPROT","P15056","directed","Control(In: INHIBITION of BiochemicalReaction)"
"UNIPROT","Q969H4","UNIPROT","P27361","undirected","Binding"
"UNIPROT","Q969H4","UNIPROT","P28482","undirected","Binding"
"UNIPROT","Q969H4","UNIPROT","P30086","directed","Control(In: INHIBITION of BiochemicalReaction)"
"UNIPROT","Q969H4","UNIPROT","P31946","directed","Control(In: INHIBITION of BiochemicalReaction)"
"UNIPROT","Q969H4","UNIPROT","Q8IVT5","directed","Control(In: INHIBITION of BiochemicalReaction)"
"UNIPROT","Q9UQM7","UNIPROT","P01111","directed","Control(Out: ACTIVATION of BiochemicalReaction)"
"UNIPROT","Q9UQM7","UNIPROT","P01112","directed","Control(Out: ACTIVATION of BiochemicalReaction)"
"UNIPROT","Q9UQM7","UNIPROT","P01116","directed","Control(Out: ACTIVATION of BiochemicalReaction)"
"UNIPROT","Q9UQM7","UNIPROT","P04049","directed","Control(Out: ACTIVATION of BiochemicalReaction)"
"UNIPROT","Q9UQM7","UNIPROT","P15056","directed","Control(Out: ACTIVATION of BiochemicalReaction)"
"UNIPROT","Q9UQM7","UNIPROT","P31946","directed","Control(Out: ACTIVATION of BiochemicalReaction)"
"UNIPROT","Q9Y490","UNIPROT","P01111","directed","Control(In: INHIBITION of BiochemicalReaction)"
"UNIPROT","Q9Y490","UNIPROT","P01111","undirected","Binding"
"UNIPROT","Q9Y490","UNIPROT","P01112","directed","Control(In: INHIBITION of BiochemicalReaction)"
"UNIPROT","Q9Y490","UNIPROT","P01112","undirected","Binding"
"UNIPROT","Q9Y490","UNIPROT","P01116","directed","Control(In: INHIBITION of BiochemicalReaction)"
"UNIPROT","Q9Y490","UNIPROT","P01116","undirected","Binding"
"UNIPROT","Q9Y490","UNIPROT","P02671","undirected","Binding"
"UNIPROT","Q9Y490","UNIPROT","P02675","undirected","Binding"
"UNIPROT","Q9Y490","UNIPROT","P02679","undirected","Binding"
"UNIPROT","Q9Y490","UNIPROT","P02751","undirected","Binding"
"UNIPROT","Q9Y490","UNIPROT","P04049","directed","Control(In: INHIBITION of BiochemicalReaction)"
"UNIPROT","Q9Y490","UNIPROT","P04049","undirected","Binding"
"UNIPROT","Q9Y490","UNIPROT","P04275","undirected","Binding"
"UNIPROT","Q9Y490","UNIPROT","P08514","undirected","Binding"
"UNIPROT","Q9Y490","UNIPROT","P10398","directed","Control(In: INHIBITION of BiochemicalReaction)"
"UNIPROT","Q9Y490","UNIPROT","P15056","directed","Control(In: INHIBITION of BiochemicalReaction)"
"UNIPROT","Q9Y490","UNIPROT","P18206","undirected","Binding"
"UNIPROT","Q9Y490","UNIPROT","P27361","undirected","Binding"
"UNIPROT","Q9Y490","UNIPROT","P28482","undirected","Binding"
"UNIPROT","Q9Y490","UNIPROT","P30086","directed","Control(In: INHIBITION of BiochemicalReaction)"
"UNIPROT","Q9Y490","UNIPROT","P31946","directed","Control(In: INHIBITION of BiochemicalReaction)"
"UNIPROT","Q9Y490","UNIPROT","Q8IVT5","directed","Control(In: INHIBITION of BiochemicalReaction)"
