"src_type","src","dest_type","dest","direction","type"
"UNIPROT","O15263","UNIPROT","P41597","undirected","Binding"
"UNIPROT","O15263","UNIPROT","P51684","undirected","Binding"
"UNIPROT","O60603","UNIPROT","Q15399","undirected","Binding"
"UNIPROT","O95925","UNIPROT","P02788","undirected","Binding"
"UNIPROT","O95925","UNIPROT","P04279","undirected","Binding"
"UNIPROT","P02788","UNIPROT","P04279","undirected","Binding"
"UNIPROT","P06702","UNIPROT","P05109","undirected","Binding"
"UNIPROT","P07478","UNIPROT","Q01523","directed","Control(Out: ACTIVATION of BiochemicalReaction)"
"UNIPROT","P07478","UNIPROT","Q06141","directed","Control(Out: ACTIVATION of BiochemicalReaction)"
"UNIPROT","P07478","UNIPROT","Q6UW15","directed","Control(Out: ACTIVATION of BiochemicalReaction)"
"UNIPROT","P10909","UNIPROT","O95925","undirected","Binding"
"UNIPROT","P10909","UNIPROT","P02788","undirected","Binding"
"UNIPROT","P10909","UNIPROT","P04279","undirected","Binding"
"UNIPROT","P15515","UNIPROT","P41797","undirected","Binding"
"UNIPROT","P15515","UNIPROT","P46587","undirected","Binding"
"UNIPROT","P15516","UNIPROT","P41797","undirected","Binding"
"UNIPROT","P15516","UNIPROT","P46587","undirected","Binding"
"UNIPROT","P24158","UNIPROT","P49913","directed","Control(Out: ACTIVATION of BiochemicalReaction)"
"UNIPROT","P35030","UNIPROT","Q01523","directed","Control(Out: ACTIVATION of BiochemicalReaction)"
"UNIPROT","P35030","UNIPROT","Q06141","directed","Control(Out: ACTIVATION of BiochemicalReaction)"
"UNIPROT","P35030","UNIPROT","Q6UW15","directed","Control(Out: ACTIVATION of BiochemicalReaction)"
"UNIPROT","P52961","UNIPROT","P59665","directed","Control(Out: ACTIVATION of BiochemicalReaction)"
"UNIPROT","P59665","UNIPROT","P01730","undirected","Binding"
"UNIPROT","P59665","UNIPROT","P04578","undirected","Binding"
"UNIPROT","P59666","UNIPROT","P01730","undirected","Binding"
"UNIPROT","P59666","UNIPROT","P04578","undirected","Binding"
"UNIPROT","P60022","UNIPROT","P51684","undirected","Binding"
"UNIPROT","P81534","UNIPROT","O60603","undirected","Binding"
"UNIPROT","P81534","UNIPROT","P41597","undirected","Binding"
"UNIPROT","P81534","UNIPROT","P51684","undirected","Binding"
"UNIPROT","P81534","UNIPROT","Q15399","undirected","Binding"
"UNIPROT","Q04656","UNIPROT","O00244","directed","Control(Out: ACTIVATION of BiochemicalReaction)"
"UNIPROT","Q04656","UNIPROT","Q5EBL8","undirected","Binding"
"UNIPROT","Q5EBL8","UNIPROT","O00244","directed","Control(Out: ACTIVATION of BiochemicalReaction)"
"UNIPROT","Q96LB9","UNIPROT","Q96LB8","undirected","Binding"
