"src_type","src","dest_type","dest","direction","type"
"UNIPROT","O15350","UNIPROT","P25445","directed","Control(Out: ACTIVATION of BiochemicalReaction)"
"UNIPROT","P04637","UNIPROT","O00220","directed","Control(Out: ACTIVATION of BiochemicalReaction)"
"UNIPROT","P04637","UNIPROT","O14763","directed","Control(Out: ACTIVATION of BiochemicalReaction)"
"UNIPROT","P04637","UNIPROT","O14798","directed","Control(Out: ACTIVATION of BiochemicalReaction)"
"UNIPROT","P04637","UNIPROT","P17936","directed","Control(Out: ACTIVATION of BiochemicalReaction)"
"UNIPROT","P04637","UNIPROT","P25445","directed","Control(Out: ACTIVATION of BiochemicalReaction)"
"UNIPROT","P04637","UNIPROT","Q13625","undirected","Binding"
"UNIPROT","P04637","UNIPROT","Q96KQ4","undirected","Binding"
"UNIPROT","P04637","UNIPROT","Q9UBN6","directed","Control(Out: ACTIVATION of BiochemicalReaction)"
"UNIPROT","Q13625","UNIPROT","O15350","undirected","Binding"
"UNIPROT","Q13625","UNIPROT","P25445","directed","Control(Out: ACTIVATION of BiochemicalReaction)"
"UNIPROT","Q13625","UNIPROT","Q9H3D4","undirected","Binding"
"UNIPROT","Q86XT9","UNIPROT","P17936","undirected","Binding"
"UNIPROT","Q96KQ4","UNIPROT","O15350","undirected","Binding"
"UNIPROT","Q96KQ4","UNIPROT","P25445","directed","Control(Out: ACTIVATION of BiochemicalReaction)"
"UNIPROT","Q96KQ4","UNIPROT","Q9H3D4","undirected","Binding"
"UNIPROT","Q9H3D4","UNIPROT","P25445","directed","Control(Out: ACTIVATION of BiochemicalReaction)"
