"src_type","src","dest_type","dest","direction","type"
"UNIPROT","O15514","UNIPROT","O43251","directed","Control(In: INHIBITION of BiochemicalReaction)"
"UNIPROT","O15514","UNIPROT","O43251","directed","Control(In: ACTIVATION of BiochemicalReaction)"
"UNIPROT","O15514","UNIPROT","O43251","undirected","Binding"
"UNIPROT","O15514","UNIPROT","P09651","directed","Control(In: INHIBITION of BiochemicalReaction)"
"UNIPROT","O15514","UNIPROT","P09651","directed","Control(In: ACTIVATION of BiochemicalReaction)"
"UNIPROT","O15514","UNIPROT","P13984","undirected","Binding"
"UNIPROT","O15514","UNIPROT","P19387","undirected","Binding"
"UNIPROT","O15514","UNIPROT","P19388","undirected","Binding"
"UNIPROT","O15514","UNIPROT","P24928","undirected","Binding"
"UNIPROT","O15514","UNIPROT","P26599","directed","Control(In: INHIBITION of BiochemicalReaction)"
"UNIPROT","O15514","UNIPROT","P26599","directed","Control(In: ACTIVATION of BiochemicalReaction)"
"UNIPROT","O15514","UNIPROT","P31483","directed","Control(In: INHIBITION of BiochemicalReaction)"
"UNIPROT","O15514","UNIPROT","P31483","directed","Control(In: ACTIVATION of BiochemicalReaction)"
"UNIPROT","O15514","UNIPROT","P31483","undirected","Binding"
"UNIPROT","O15514","UNIPROT","P31943","directed","Control(In: INHIBITION of BiochemicalReaction)"
"UNIPROT","O15514","UNIPROT","P31943","directed","Control(In: ACTIVATION of BiochemicalReaction)"
"UNIPROT","O15514","UNIPROT","P31943","undirected","Binding"
"UNIPROT","O15514","UNIPROT","P35269","undirected","Binding"
"UNIPROT","O15514","UNIPROT","P52272","directed","Control(In: INHIBITION of BiochemicalReaction)"
"UNIPROT","O15514","UNIPROT","P52272","directed","Control(In: ACTIVATION of BiochemicalReaction)"
"UNIPROT","O15514","UNIPROT","P52272","undirected","Binding"
"UNIPROT","O15514","UNIPROT","P52298","undirected","Binding"
"UNIPROT","O15514","UNIPROT","P52434","undirected","Binding"
"UNIPROT","O15514","UNIPROT","P52435","undirected","Binding"
"UNIPROT","O15514","UNIPROT","P52597","directed","Control(In: INHIBITION of BiochemicalReaction)"
"UNIPROT","O15514","UNIPROT","P52597","directed","Control(In: ACTIVATION of BiochemicalReaction)"
"UNIPROT","O15514","UNIPROT","P52597","undirected","Binding"
"UNIPROT","O15514","UNIPROT","P61218","undirected","Binding"
"UNIPROT","O15514","UNIPROT","P62487","undirected","Binding"
"UNIPROT","O15514","UNIPROT","P62875","undirected","Binding"
"UNIPROT","O15514","UNIPROT","Q01085","directed","Control(In: INHIBITION of BiochemicalReaction)"
"UNIPROT","O15514","UNIPROT","Q01085","directed","Control(In: ACTIVATION of BiochemicalReaction)"
"UNIPROT","O15514","UNIPROT","Q01085","undirected","Binding"
"UNIPROT","O15514","UNIPROT","Q09161","undirected","Binding"
"UNIPROT","O15514","UNIPROT","Q6NXG1","directed","Control(In: INHIBITION of BiochemicalReaction)"
"UNIPROT","O15514","UNIPROT","Q6NXG1","directed","Control(In: ACTIVATION of BiochemicalReaction)"
"UNIPROT","O15514","UNIPROT","Q6NXG1","undirected","Binding"
"UNIPROT","O15514","UNIPROT","Q9H6T0","directed","Control(In: INHIBITION of BiochemicalReaction)"
"UNIPROT","O15514","UNIPROT","Q9H6T0","directed","Control(In: ACTIVATION of BiochemicalReaction)"
"UNIPROT","O15514","UNIPROT","Q9H6T0","undirected","Binding"
"UNIPROT","O43251","UNIPROT","P52597","undirected","Binding"
"UNIPROT","P09651","UNIPROT","O15514","undirected","Binding"
"UNIPROT","P09651","UNIPROT","P13984","undirected","Binding"
"UNIPROT","P09651","UNIPROT","P19387","undirected","Binding"
"UNIPROT","P09651","UNIPROT","P19388","undirected","Binding"
"UNIPROT","P09651","UNIPROT","P24928","undirected","Binding"
"UNIPROT","P09651","UNIPROT","P30876","undirected","Binding"
"UNIPROT","P09651","UNIPROT","P35269","undirected","Binding"
"UNIPROT","P09651","UNIPROT","P36954","undirected","Binding"
"UNIPROT","P09651","UNIPROT","P52298","undirected","Binding"
"UNIPROT","P09651","UNIPROT","P52434","undirected","Binding"
"UNIPROT","P09651","UNIPROT","P52435","undirected","Binding"
"UNIPROT","P09651","UNIPROT","P53803","undirected","Binding"
"UNIPROT","P09651","UNIPROT","P61218","undirected","Binding"
"UNIPROT","P09651","UNIPROT","P62487","undirected","Binding"
"UNIPROT","P09651","UNIPROT","P62875","undirected","Binding"
"UNIPROT","P09651","UNIPROT","Q09161","undirected","Binding"
"UNIPROT","P13984","UNIPROT","O43251","directed","Control(In: INHIBITION of BiochemicalReaction)"
"UNIPROT","P13984","UNIPROT","O43251","directed","Control(In: ACTIVATION of BiochemicalReaction)"
"UNIPROT","P13984","UNIPROT","O43251","undirected","Binding"
"UNIPROT","P13984","UNIPROT","P09651","directed","Control(In: INHIBITION of BiochemicalReaction)"
"UNIPROT","P13984","UNIPROT","P09651","directed","Control(In: ACTIVATION of BiochemicalReaction)"
"UNIPROT","P13984","UNIPROT","P26599","directed","Control(In: INHIBITION of BiochemicalReaction)"
"UNIPROT","P13984","UNIPROT","P26599","directed","Control(In: ACTIVATION of BiochemicalReaction)"
"UNIPROT","P13984","UNIPROT","P31483","directed","Control(In: INHIBITION of BiochemicalReaction)"
"UNIPROT","P13984","UNIPROT","P31483","directed","Control(In: ACTIVATION of BiochemicalReaction)"
"UNIPROT","P13984","UNIPROT","P31483","undirected","Binding"
"UNIPROT","P13984","UNIPROT","P31943","directed","Control(In: INHIBITION of BiochemicalReaction)"
"UNIPROT","P13984","UNIPROT","P31943","directed","Control(In: ACTIVATION of BiochemicalReaction)"
"UNIPROT","P13984","UNIPROT","P31943","undirected","Binding"
"UNIPROT","P13984","UNIPROT","P52272","directed","Control(In: INHIBITION of BiochemicalReaction)"
"UNIPROT","P13984","UNIPROT","P52272","directed","Control(In: ACTIVATION of BiochemicalReaction)"
"UNIPROT","P13984","UNIPROT","P52272","undirected","Binding"
"UNIPROT","P13984","UNIPROT","P52298","undirected","Binding"
"UNIPROT","P13984","UNIPROT","P52597","directed","Control(In: INHIBITION of BiochemicalReaction)"
"UNIPROT","P13984","UNIPROT","P52597","directed","Control(In: ACTIVATION of BiochemicalReaction)"
"UNIPROT","P13984","UNIPROT","P52597","undirected","Binding"
"UNIPROT","P13984","UNIPROT","Q01085","directed","Control(In: INHIBITION of BiochemicalReaction)"
"UNIPROT","P13984","UNIPROT","Q01085","directed","Control(In: ACTIVATION of BiochemicalReaction)"
"UNIPROT","P13984","UNIPROT","Q01085","undirected","Binding"
"UNIPROT","P13984","UNIPROT","Q09161","undirected","Binding"
"UNIPROT","P13984","UNIPROT","Q6NXG1","directed","Control(In: INHIBITION of BiochemicalReaction)"
"UNIPROT","P13984","UNIPROT","Q6NXG1","directed","Control(In: ACTIVATION of BiochemicalReaction)"
"UNIPROT","P13984","UNIPROT","Q6NXG1","undirected","Binding"
"UNIPROT","P13984","UNIPROT","Q9H6T0","directed","Control(In: INHIBITION of BiochemicalReaction)"
"UNIPROT","P13984","UNIPROT","Q9H6T0","directed","Control(In: ACTIVATION of BiochemicalReaction)"
"UNIPROT","P13984","UNIPROT","Q9H6T0","undirected","Binding"
"UNIPROT","P19387","UNIPROT","O43251","directed","Control(In: INHIBITION of BiochemicalReaction)"
"UNIPROT","P19387","UNIPROT","O43251","directed","Control(In: ACTIVATION of BiochemicalReaction)"
"UNIPROT","P19387","UNIPROT","O43251","undirected","Binding"
"UNIPROT","P19387","UNIPROT","P09651","directed","Control(In: INHIBITION of BiochemicalReaction)"
"UNIPROT","P19387","UNIPROT","P09651","directed","Control(In: ACTIVATION of BiochemicalReaction)"
"UNIPROT","P19387","UNIPROT","P13984","undirected","Binding"
"UNIPROT","P19387","UNIPROT","P19388","undirected","Binding"
"UNIPROT","P19387","UNIPROT","P24928","undirected","Binding"
"UNIPROT","P19387","UNIPROT","P26599","directed","Control(In: INHIBITION of BiochemicalReaction)"
"UNIPROT","P19387","UNIPROT","P26599","directed","Control(In: ACTIVATION of BiochemicalReaction)"
"UNIPROT","P19387","UNIPROT","P31483","directed","Control(In: INHIBITION of BiochemicalReaction)"
"UNIPROT","P19387","UNIPROT","P31483","directed","Control(In: ACTIVATION of BiochemicalReaction)"
"UNIPROT","P19387","UNIPROT","P31483","undirected","Binding"
"UNIPROT","P19387","UNIPROT","P31943","directed","Control(In: INHIBITION of BiochemicalReaction)"
"UNIPROT","P19387","UNIPROT","P31943","directed","Control(In: ACTIVATION of BiochemicalReaction)"
"UNIPROT","P19387","UNIPROT","P31943","undirected","Binding"
"UNIPROT","P19387","UNIPROT","P35269","undirected","Binding"
"UNIPROT","P19387","UNIPROT","P52272","directed","Control(In: INHIBITION of BiochemicalReaction)"
"UNIPROT","P19387","UNIPROT","P52272","directed","Control(In: ACTIVATION of BiochemicalReaction)"
"UNIPROT","P19387","UNIPROT","P52272","undirected","Binding"
"UNIPROT","P19387","UNIPROT","P52298","undirected","Binding"
"UNIPROT","P19387","UNIPROT","P52435","undirected","Binding"
"UNIPROT","P19387","UNIPROT","P52597","directed","Control(In: INHIBITION of BiochemicalReaction)"
"UNIPROT","P19387","UNIPROT","P52597","directed","Control(In: ACTIVATION of BiochemicalReaction)"
"UNIPROT","P19387","UNIPROT","P52597","undirected","Binding"
"UNIPROT","P19387","UNIPROT","P61218","undirected","Binding"
"UNIPROT","P19387","UNIPROT","P62487","undirected","Binding"
"UNIPROT","P19387","UNIPROT","P62875","undirected","Binding"
"UNIPROT","P19387","UNIPROT","Q01085","directed","Control(In: INHIBITION of BiochemicalReaction)"
"UNIPROT","P19387","UNIPROT","Q01085","directed","Control(In: ACTIVATION of BiochemicalReaction)"
"UNIPROT","P19387","UNIPROT","Q01085","undirected","Binding"
"UNIPROT","P19387","UNIPROT","Q09161","undirected","Binding"
"UNIPROT","P19387","UNIPROT","Q6NXG1","directed","Control(In: INHIBITION of BiochemicalReaction)"
"UNIPROT","P19387","UNIPROT","Q6NXG1","directed","Control(In: ACTIVATION of BiochemicalReaction)"
"UNIPROT","P19387","UNIPROT","Q6NXG1","undirected","Binding"
"UNIPROT","P19387","UNIPROT","Q9H6T0","directed","Control(In: INHIBITION of BiochemicalReaction)"
"UNIPROT","P19387","UNIPROT","Q9H6T0","directed","Control(In: ACTIVATION of BiochemicalReaction)"
"UNIPROT","P19387","UNIPROT","Q9H6T0","undirected","Binding"
"UNIPROT","P19388","UNIPROT","O43251","directed","Control(In: INHIBITION of BiochemicalReaction)"
"UNIPROT","P19388","UNIPROT","O43251","directed","Control(In: ACTIVATION of BiochemicalReaction)"
"UNIPROT","P19388","UNIPROT","O43251","undirected","Binding"
"UNIPROT","P19388","UNIPROT","P09651","directed","Control(In: INHIBITION of BiochemicalReaction)"
"UNIPROT","P19388","UNIPROT","P09651","directed","Control(In: ACTIVATION of BiochemicalReaction)"
"UNIPROT","P19388","UNIPROT","P13984","undirected","Binding"
"UNIPROT","P19388","UNIPROT","P26599","directed","Control(In: INHIBITION of BiochemicalReaction)"
"UNIPROT","P19388","UNIPROT","P26599","directed","Control(In: ACTIVATION of BiochemicalReaction)"
"UNIPROT","P19388","UNIPROT","P31483","directed","Control(In: INHIBITION of BiochemicalReaction)"
"UNIPROT","P19388","UNIPROT","P31483","directed","Control(In: ACTIVATION of BiochemicalReaction)"
"UNIPROT","P19388","UNIPROT","P31483","undirected","Binding"
"UNIPROT","P19388","UNIPROT","P31943","directed","Control(In: INHIBITION of BiochemicalReaction)"
"UNIPROT","P19388","UNIPROT","P31943","directed","Control(In: ACTIVATION of BiochemicalReaction)"
"UNIPROT","P19388","UNIPROT","P31943","undirected","Binding"
"UNIPROT","P19388","UNIPROT","P35269","undirected","Binding"
"UNIPROT","P19388","UNIPROT","P52272","directed","Control(In: INHIBITION of BiochemicalReaction)"
"UNIPROT","P19388","UNIPROT","P52272","directed","Control(In: ACTIVATION of BiochemicalReaction)"
"UNIPROT","P19388","UNIPROT","P52272","undirected","Binding"
"UNIPROT","P19388","UNIPROT","P52298","undirected","Binding"
"UNIPROT","P19388","UNIPROT","P52435","undirected","Binding"
"UNIPROT","P19388","UNIPROT","P52597","directed","Control(In: INHIBITION of BiochemicalReaction)"
"UNIPROT","P19388","UNIPROT","P52597","directed","Control(In: ACTIVATION of BiochemicalReaction)"
"UNIPROT","P19388","UNIPROT","P52597","undirected","Binding"
"UNIPROT","P19388","UNIPROT","Q01085","directed","Control(In: INHIBITION of BiochemicalReaction)"
"UNIPROT","P19388","UNIPROT","Q01085","directed","Control(In: ACTIVATION of BiochemicalReaction)"
"UNIPROT","P19388","UNIPROT","Q01085","undirected","Binding"
"UNIPROT","P19388","UNIPROT","Q09161","undirected","Binding"
"UNIPROT","P19388","UNIPROT","Q6NXG1","directed","Control(In: INHIBITION of BiochemicalReaction)"
"UNIPROT","P19388","UNIPROT","Q6NXG1","directed","Control(In: ACTIVATION of BiochemicalReaction)"
"UNIPROT","P19388","UNIPROT","Q6NXG1","undirected","Binding"
"UNIPROT","P19388","UNIPROT","Q9H6T0","directed","Control(In: INHIBITION of BiochemicalReaction)"
"UNIPROT","P19388","UNIPROT","Q9H6T0","directed","Control(In: ACTIVATION of BiochemicalReaction)"
"UNIPROT","P19388","UNIPROT","Q9H6T0","undirected","Binding"
"UNIPROT","P24928","UNIPROT","O43251","directed","Control(In: INHIBITION of BiochemicalReaction)"
"UNIPROT","P24928","UNIPROT","O43251","directed","Control(In: ACTIVATION of BiochemicalReaction)"
"UNIPROT","P24928","UNIPROT","O43251","undirected","Binding"
"UNIPROT","P24928","UNIPROT","P09651","directed","Control(In: INHIBITION of BiochemicalReaction)"
"UNIPROT","P24928","UNIPROT","P09651","directed","Control(In: ACTIVATION of BiochemicalReaction)"
"UNIPROT","P24928","UNIPROT","P13984","undirected","Binding"
"UNIPROT","P24928","UNIPROT","P19388","undirected","Binding"
"UNIPROT","P24928","UNIPROT","P26599","directed","Control(In: INHIBITION of BiochemicalReaction)"
"UNIPROT","P24928","UNIPROT","P26599","directed","Control(In: ACTIVATION of BiochemicalReaction)"
"UNIPROT","P24928","UNIPROT","P31483","directed","Control(In: INHIBITION of BiochemicalReaction)"
"UNIPROT","P24928","UNIPROT","P31483","directed","Control(In: ACTIVATION of BiochemicalReaction)"
"UNIPROT","P24928","UNIPROT","P31483","undirected","Binding"
"UNIPROT","P24928","UNIPROT","P31943","directed","Control(In: INHIBITION of BiochemicalReaction)"
"UNIPROT","P24928","UNIPROT","P31943","directed","Control(In: ACTIVATION of BiochemicalReaction)"
"UNIPROT","P24928","UNIPROT","P31943","undirected","Binding"
"UNIPROT","P24928","UNIPROT","P35269","undirected","Binding"
"UNIPROT","P24928","UNIPROT","P52272","directed","Control(In: INHIBITION of BiochemicalReaction)"
"UNIPROT","P24928","UNIPROT","P52272","directed","Control(In: ACTIVATION of BiochemicalReaction)"
"UNIPROT","P24928","UNIPROT","P52272","undirected","Binding"
"UNIPROT","P24928","UNIPROT","P52298","undirected","Binding"
"UNIPROT","P24928","UNIPROT","P52435","undirected","Binding"
"UNIPROT","P24928","UNIPROT","P52597","directed","Control(In: INHIBITION of BiochemicalReaction)"
"UNIPROT","P24928","UNIPROT","P52597","directed","Control(In: ACTIVATION of BiochemicalReaction)"
"UNIPROT","P24928","UNIPROT","P52597","undirected","Binding"
"UNIPROT","P24928","UNIPROT","P62487","undirected","Binding"
"UNIPROT","P24928","UNIPROT","Q01085","directed","Control(In: INHIBITION of BiochemicalReaction)"
"UNIPROT","P24928","UNIPROT","Q01085","directed","Control(In: ACTIVATION of BiochemicalReaction)"
"UNIPROT","P24928","UNIPROT","Q01085","undirected","Binding"
"UNIPROT","P24928","UNIPROT","Q09161","undirected","Binding"
"UNIPROT","P24928","UNIPROT","Q6NXG1","directed","Control(In: INHIBITION of BiochemicalReaction)"
"UNIPROT","P24928","UNIPROT","Q6NXG1","directed","Control(In: ACTIVATION of BiochemicalReaction)"
"UNIPROT","P24928","UNIPROT","Q6NXG1","undirected","Binding"
"UNIPROT","P24928","UNIPROT","Q9H6T0","directed","Control(In: INHIBITION of BiochemicalReaction)"
"UNIPROT","P24928","UNIPROT","Q9H6T0","directed","Control(In: ACTIVATION of BiochemicalReaction)"
"UNIPROT","P24928","UNIPROT","Q9H6T0","undirected","Binding"
"UNIPROT","P26599","UNIPROT","O15514","undirected","Binding"
"UNIPROT","P26599","UNIPROT","P09651","undirected","Binding"
"UNIPROT","P26599","UNIPROT","P13984","undirected","Binding"
"UNIPROT","P26599","UNIPROT","P19387","undirected","Binding"
"UNIPROT","P26599","UNIPROT","P19388","undirected","Binding"
"UNIPROT","P26599","UNIPROT","P24928","undirected","Binding"
"UNIPROT","P26599","UNIPROT","P30876","undirected","Binding"
"UNIPROT","P26599","UNIPROT","P35269","undirected","Binding"
"UNIPROT","P26599","UNIPROT","P36954","undirected","Binding"
"UNIPROT","P26599","UNIPROT","P52298","undirected","Binding"
"UNIPROT","P26599","UNIPROT","P52434","undirected","Binding"
"UNIPROT","P26599","UNIPROT","P52435","undirected","Binding"
"UNIPROT","P26599","UNIPROT","P53803","undirected","Binding"
"UNIPROT","P26599","UNIPROT","P61218","undirected","Binding"
"UNIPROT","P26599","UNIPROT","P62487","undirected","Binding"
"UNIPROT","P26599","UNIPROT","P62875","undirected","Binding"
"UNIPROT","P26599","UNIPROT","Q09161","undirected","Binding"
"UNIPROT","P30876","UNIPROT","O15514","undirected","Binding"
"UNIPROT","P30876","UNIPROT","O43251","directed","Control(In: INHIBITION of BiochemicalReaction)"
"UNIPROT","P30876","UNIPROT","O43251","directed","Control(In: ACTIVATION of BiochemicalReaction)"
"UNIPROT","P30876","UNIPROT","O43251","undirected","Binding"
"UNIPROT","P30876","UNIPROT","P09651","directed","Control(In: INHIBITION of BiochemicalReaction)"
"UNIPROT","P30876","UNIPROT","P09651","directed","Control(In: ACTIVATION of BiochemicalReaction)"
"UNIPROT","P30876","UNIPROT","P13984","undirected","Binding"
"UNIPROT","P30876","UNIPROT","P19387","undirected","Binding"
"UNIPROT","P30876","UNIPROT","P19388","undirected","Binding"
"UNIPROT","P30876","UNIPROT","P24928","undirected","Binding"
"UNIPROT","P30876","UNIPROT","P26599","directed","Control(In: INHIBITION of BiochemicalReaction)"
"UNIPROT","P30876","UNIPROT","P26599","directed","Control(In: ACTIVATION of BiochemicalReaction)"
"UNIPROT","P30876","UNIPROT","P31483","directed","Control(In: INHIBITION of BiochemicalReaction)"
"UNIPROT","P30876","UNIPROT","P31483","directed","Control(In: ACTIVATION of BiochemicalReaction)"
"UNIPROT","P30876","UNIPROT","P31483","undirected","Binding"
"UNIPROT","P30876","UNIPROT","P31943","directed","Control(In: INHIBITION of BiochemicalReaction)"
"UNIPROT","P30876","UNIPROT","P31943","directed","Control(In: ACTIVATION of BiochemicalReaction)"
"UNIPROT","P30876","UNIPROT","P31943","undirected","Binding"
"UNIPROT","P30876","UNIPROT","P35269","undirected","Binding"
"UNIPROT","P30876","UNIPROT","P52272","directed","Control(In: INHIBITION of BiochemicalReaction)"
"UNIPROT","P30876","UNIPROT","P52272","directed","Control(In: ACTIVATION of BiochemicalReaction)"
"UNIPROT","P30876","UNIPROT","P52272","undirected","Binding"
"UNIPROT","P30876","UNIPROT","P52298","undirected","Binding"
"UNIPROT","P30876","UNIPROT","P52434","undirected","Binding"
"UNIPROT","P30876","UNIPROT","P52435","undirected","Binding"
"UNIPROT","P30876","UNIPROT","P52597","directed","Control(In: INHIBITION of BiochemicalReaction)"
"UNIPROT","P30876","UNIPROT","P52597","directed","Control(In: ACTIVATION of BiochemicalReaction)"
"UNIPROT","P30876","UNIPROT","P52597","undirected","Binding"
"UNIPROT","P30876","UNIPROT","P53803","undirected","Binding"
"UNIPROT","P30876","UNIPROT","P61218","undirected","Binding"
"UNIPROT","P30876","UNIPROT","P62487","undirected","Binding"
"UNIPROT","P30876","UNIPROT","P62875","undirected","Binding"
"UNIPROT","P30876","UNIPROT","Q01085","directed","Control(In: INHIBITION of BiochemicalReaction)"
"UNIPROT","P30876","UNIPROT","Q01085","directed","Control(In: ACTIVATION of BiochemicalReaction)"
"UNIPROT","P30876","UNIPROT","Q01085","undirected","Binding"
"UNIPROT","P30876","UNIPROT","Q09161","undirected","Binding"
"UNIPROT","P30876","UNIPROT","Q6NXG1","directed","Control(In: INHIBITION of BiochemicalReaction)"
"UNIPROT","P30876","UNIPROT","Q6NXG1","directed","Control(In: ACTIVATION of BiochemicalReaction)"
"UNIPROT","P30876","UNIPROT","Q6NXG1","undirected","Binding"
"UNIPROT","P30876","UNIPROT","Q9H6T0","directed","Control(In: INHIBITION of BiochemicalReaction)"
"UNIPROT","P30876","UNIPROT","Q9H6T0","directed","Control(In: ACTIVATION of BiochemicalReaction)"
"UNIPROT","P30876","UNIPROT","Q9H6T0","undirected","Binding"
"UNIPROT","P31483","UNIPROT","O43251","undirected","Binding"
"UNIPROT","P31483","UNIPROT","P31943","undirected","Binding"
"UNIPROT","P31483","UNIPROT","P52597","undirected","Binding"
"UNIPROT","P31943","UNIPROT","O43251","undirected","Binding"
"UNIPROT","P31943","UNIPROT","P52597","undirected","Binding"
"UNIPROT","P35269","UNIPROT","O43251","directed","Control(In: INHIBITION of BiochemicalReaction)"
"UNIPROT","P35269","UNIPROT","O43251","directed","Control(In: ACTIVATION of BiochemicalReaction)"
"UNIPROT","P35269","UNIPROT","O43251","undirected","Binding"
"UNIPROT","P35269","UNIPROT","P09651","directed","Control(In: INHIBITION of BiochemicalReaction)"
"UNIPROT","P35269","UNIPROT","P09651","directed","Control(In: ACTIVATION of BiochemicalReaction)"
"UNIPROT","P35269","UNIPROT","P13984","undirected","Binding"
"UNIPROT","P35269","UNIPROT","P26599","directed","Control(In: INHIBITION of BiochemicalReaction)"
"UNIPROT","P35269","UNIPROT","P26599","directed","Control(In: ACTIVATION of BiochemicalReaction)"
"UNIPROT","P35269","UNIPROT","P31483","directed","Control(In: INHIBITION of BiochemicalReaction)"
"UNIPROT","P35269","UNIPROT","P31483","directed","Control(In: ACTIVATION of BiochemicalReaction)"
"UNIPROT","P35269","UNIPROT","P31483","undirected","Binding"
"UNIPROT","P35269","UNIPROT","P31943","directed","Control(In: INHIBITION of BiochemicalReaction)"
"UNIPROT","P35269","UNIPROT","P31943","directed","Control(In: ACTIVATION of BiochemicalReaction)"
"UNIPROT","P35269","UNIPROT","P31943","undirected","Binding"
"UNIPROT","P35269","UNIPROT","P52272","directed","Control(In: INHIBITION of BiochemicalReaction)"
"UNIPROT","P35269","UNIPROT","P52272","directed","Control(In: ACTIVATION of BiochemicalReaction)"
"UNIPROT","P35269","UNIPROT","P52272","undirected","Binding"
"UNIPROT","P35269","UNIPROT","P52298","undirected","Binding"
"UNIPROT","P35269","UNIPROT","P52597","directed","Control(In: INHIBITION of BiochemicalReaction)"
"UNIPROT","P35269","UNIPROT","P52597","directed","Control(In: ACTIVATION of BiochemicalReaction)"
"UNIPROT","P35269","UNIPROT","P52597","undirected","Binding"
"UNIPROT","P35269","UNIPROT","Q01085","directed","Control(In: INHIBITION of BiochemicalReaction)"
"UNIPROT","P35269","UNIPROT","Q01085","directed","Control(In: ACTIVATION of BiochemicalReaction)"
"UNIPROT","P35269","UNIPROT","Q01085","undirected","Binding"
"UNIPROT","P35269","UNIPROT","Q09161","undirected","Binding"
"UNIPROT","P35269","UNIPROT","Q6NXG1","directed","Control(In: INHIBITION of BiochemicalReaction)"
"UNIPROT","P35269","UNIPROT","Q6NXG1","directed","Control(In: ACTIVATION of BiochemicalReaction)"
"UNIPROT","P35269","UNIPROT","Q6NXG1","undirected","Binding"
"UNIPROT","P35269","UNIPROT","Q9H6T0","directed","Control(In: INHIBITION of BiochemicalReaction)"
"UNIPROT","P35269","UNIPROT","Q9H6T0","directed","Control(In: ACTIVATION of BiochemicalReaction)"
"UNIPROT","P35269","UNIPROT","Q9H6T0","undirected","Binding"
"UNIPROT","P36954","UNIPROT","O15514","undirected","Binding"
"UNIPROT","P36954","UNIPROT","O43251","directed","Control(In: INHIBITION of BiochemicalReaction)"
"UNIPROT","P36954","UNIPROT","O43251","directed","Control(In: ACTIVATION of BiochemicalReaction)"
"UNIPROT","P36954","UNIPROT","O43251","undirected","Binding"
"UNIPROT","P36954","UNIPROT","P09651","directed","Control(In: INHIBITION of BiochemicalReaction)"
"UNIPROT","P36954","UNIPROT","P09651","directed","Control(In: ACTIVATION of BiochemicalReaction)"
"UNIPROT","P36954","UNIPROT","P13984","undirected","Binding"
"UNIPROT","P36954","UNIPROT","P19387","undirected","Binding"
"UNIPROT","P36954","UNIPROT","P19388","undirected","Binding"
"UNIPROT","P36954","UNIPROT","P24928","undirected","Binding"
"UNIPROT","P36954","UNIPROT","P26599","directed","Control(In: INHIBITION of BiochemicalReaction)"
"UNIPROT","P36954","UNIPROT","P26599","directed","Control(In: ACTIVATION of BiochemicalReaction)"
"UNIPROT","P36954","UNIPROT","P30876","undirected","Binding"
"UNIPROT","P36954","UNIPROT","P31483","directed","Control(In: INHIBITION of BiochemicalReaction)"
"UNIPROT","P36954","UNIPROT","P31483","directed","Control(In: ACTIVATION of BiochemicalReaction)"
"UNIPROT","P36954","UNIPROT","P31483","undirected","Binding"
"UNIPROT","P36954","UNIPROT","P31943","directed","Control(In: INHIBITION of BiochemicalReaction)"
"UNIPROT","P36954","UNIPROT","P31943","directed","Control(In: ACTIVATION of BiochemicalReaction)"
"UNIPROT","P36954","UNIPROT","P31943","undirected","Binding"
"UNIPROT","P36954","UNIPROT","P35269","undirected","Binding"
"UNIPROT","P36954","UNIPROT","P52272","directed","Control(In: INHIBITION of BiochemicalReaction)"
"UNIPROT","P36954","UNIPROT","P52272","directed","Control(In: ACTIVATION of BiochemicalReaction)"
"UNIPROT","P36954","UNIPROT","P52272","undirected","Binding"
"UNIPROT","P36954","UNIPROT","P52298","undirected","Binding"
"UNIPROT","P36954","UNIPROT","P52434","undirected","Binding"
"UNIPROT","P36954","UNIPROT","P52435","undirected","Binding"
"UNIPROT","P36954","UNIPROT","P52597","directed","Control(In: INHIBITION of BiochemicalReaction)"
"UNIPROT","P36954","UNIPROT","P52597","directed","Control(In: ACTIVATION of BiochemicalReaction)"
"UNIPROT","P36954","UNIPROT","P52597","undirected","Binding"
"UNIPROT","P36954","UNIPROT","P53803","undirected","Binding"
"UNIPROT","P36954","UNIPROT","P61218","undirected","Binding"
"UNIPROT","P36954","UNIPROT","P62487","undirected","Binding"
"UNIPROT","P36954","UNIPROT","P62875","undirected","Binding"
"UNIPROT","P36954","UNIPROT","Q01085","directed","Control(In: INHIBITION of BiochemicalReaction)"
"UNIPROT","P36954","UNIPROT","Q01085","directed","Control(In: ACTIVATION of BiochemicalReaction)"
"UNIPROT","P36954","UNIPROT","Q01085","undirected","Binding"
"UNIPROT","P36954","UNIPROT","Q09161","undirected","Binding"
"UNIPROT","P36954","UNIPROT","Q6NXG1","directed","Control(In: INHIBITION of BiochemicalReaction)"
"UNIPROT","P36954","UNIPROT","Q6NXG1","directed","Control(In: ACTIVATION of BiochemicalReaction)"
"UNIPROT","P36954","UNIPROT","Q6NXG1","undirected","Binding"
"UNIPROT","P36954","UNIPROT","Q9H6T0","directed","Control(In: INHIBITION of BiochemicalReaction)"
"UNIPROT","P36954","UNIPROT","Q9H6T0","directed","Control(In: ACTIVATION of BiochemicalReaction)"
"UNIPROT","P36954","UNIPROT","Q9H6T0","undirected","Binding"
"UNIPROT","P52272","UNIPROT","O43251","undirected","Binding"
"UNIPROT","P52272","UNIPROT","P31483","undirected","Binding"
"UNIPROT","P52272","UNIPROT","P31943","undirected","Binding"
"UNIPROT","P52272","UNIPROT","P52597","undirected","Binding"
"UNIPROT","P52272","UNIPROT","Q01085","undirected","Binding"
"UNIPROT","P52272","UNIPROT","Q6NXG1","undirected","Binding"
"UNIPROT","P52272","UNIPROT","Q9H6T0","undirected","Binding"
"UNIPROT","P52298","UNIPROT","O43251","directed","Control(In: INHIBITION of BiochemicalReaction)"
"UNIPROT","P52298","UNIPROT","O43251","directed","Control(In: ACTIVATION of BiochemicalReaction)"
"UNIPROT","P52298","UNIPROT","O43251","undirected","Binding"
"UNIPROT","P52298","UNIPROT","P09651","directed","Control(In: INHIBITION of BiochemicalReaction)"
"UNIPROT","P52298","UNIPROT","P09651","directed","Control(In: ACTIVATION of BiochemicalReaction)"
"UNIPROT","P52298","UNIPROT","P26599","directed","Control(In: INHIBITION of BiochemicalReaction)"
"UNIPROT","P52298","UNIPROT","P26599","directed","Control(In: ACTIVATION of BiochemicalReaction)"
"UNIPROT","P52298","UNIPROT","P31483","directed","Control(In: INHIBITION of BiochemicalReaction)"
"UNIPROT","P52298","UNIPROT","P31483","directed","Control(In: ACTIVATION of BiochemicalReaction)"
"UNIPROT","P52298","UNIPROT","P31483","undirected","Binding"
"UNIPROT","P52298","UNIPROT","P31943","directed","Control(In: INHIBITION of BiochemicalReaction)"
"UNIPROT","P52298","UNIPROT","P31943","directed","Control(In: ACTIVATION of BiochemicalReaction)"
"UNIPROT","P52298","UNIPROT","P31943","undirected","Binding"
"UNIPROT","P52298","UNIPROT","P52272","directed","Control(In: INHIBITION of BiochemicalReaction)"
"UNIPROT","P52298","UNIPROT","P52272","directed","Control(In: ACTIVATION of BiochemicalReaction)"
"UNIPROT","P52298","UNIPROT","P52272","undirected","Binding"
"UNIPROT","P52298","UNIPROT","P52597","directed","Control(In: INHIBITION of BiochemicalReaction)"
"UNIPROT","P52298","UNIPROT","P52597","directed","Control(In: ACTIVATION of BiochemicalReaction)"
"UNIPROT","P52298","UNIPROT","P52597","undirected","Binding"
"UNIPROT","P52298","UNIPROT","Q01085","directed","Control(In: INHIBITION of BiochemicalReaction)"
"UNIPROT","P52298","UNIPROT","Q01085","directed","Control(In: ACTIVATION of BiochemicalReaction)"
"UNIPROT","P52298","UNIPROT","Q01085","undirected","Binding"
"UNIPROT","P52298","UNIPROT","Q6NXG1","directed","Control(In: INHIBITION of BiochemicalReaction)"
"UNIPROT","P52298","UNIPROT","Q6NXG1","directed","Control(In: ACTIVATION of BiochemicalReaction)"
"UNIPROT","P52298","UNIPROT","Q6NXG1","undirected","Binding"
"UNIPROT","P52298","UNIPROT","Q9H6T0","directed","Control(In: INHIBITION of BiochemicalReaction)"
"UNIPROT","P52298","UNIPROT","Q9H6T0","directed","Control(In: ACTIVATION of BiochemicalReaction)"
"UNIPROT","P52298","UNIPROT","Q9H6T0","undirected","Binding"
"UNIPROT","P52434","UNIPROT","O43251","directed","Control(In: INHIBITION of BiochemicalReaction)"
"UNIPROT","P52434","UNIPROT","O43251","directed","Control(In: ACTIVATION of BiochemicalReaction)"
"UNIPROT","P52434","UNIPROT","O43251","undirected","Binding"
"UNIPROT","P52434","UNIPROT","P09651","directed","Control(In: INHIBITION of BiochemicalReaction)"
"UNIPROT","P52434","UNIPROT","P09651","directed","Control(In: ACTIVATION of BiochemicalReaction)"
"UNIPROT","P52434","UNIPROT","P13984","undirected","Binding"
"UNIPROT","P52434","UNIPROT","P19387","undirected","Binding"
"UNIPROT","P52434","UNIPROT","P19388","undirected","Binding"
"UNIPROT","P52434","UNIPROT","P24928","undirected","Binding"
"UNIPROT","P52434","UNIPROT","P26599","directed","Control(In: INHIBITION of BiochemicalReaction)"
"UNIPROT","P52434","UNIPROT","P26599","directed","Control(In: ACTIVATION of BiochemicalReaction)"
"UNIPROT","P52434","UNIPROT","P31483","directed","Control(In: INHIBITION of BiochemicalReaction)"
"UNIPROT","P52434","UNIPROT","P31483","directed","Control(In: ACTIVATION of BiochemicalReaction)"
"UNIPROT","P52434","UNIPROT","P31483","undirected","Binding"
"UNIPROT","P52434","UNIPROT","P31943","directed","Control(In: INHIBITION of BiochemicalReaction)"
"UNIPROT","P52434","UNIPROT","P31943","directed","Control(In: ACTIVATION of BiochemicalReaction)"
"UNIPROT","P52434","UNIPROT","P31943","undirected","Binding"
"UNIPROT","P52434","UNIPROT","P35269","undirected","Binding"
"UNIPROT","P52434","UNIPROT","P52272","directed","Control(In: INHIBITION of BiochemicalReaction)"
"UNIPROT","P52434","UNIPROT","P52272","directed","Control(In: ACTIVATION of BiochemicalReaction)"
"UNIPROT","P52434","UNIPROT","P52272","undirected","Binding"
"UNIPROT","P52434","UNIPROT","P52298","undirected","Binding"
"UNIPROT","P52434","UNIPROT","P52435","undirected","Binding"
"UNIPROT","P52434","UNIPROT","P52597","directed","Control(In: INHIBITION of BiochemicalReaction)"
"UNIPROT","P52434","UNIPROT","P52597","directed","Control(In: ACTIVATION of BiochemicalReaction)"
"UNIPROT","P52434","UNIPROT","P52597","undirected","Binding"
"UNIPROT","P52434","UNIPROT","P61218","undirected","Binding"
"UNIPROT","P52434","UNIPROT","P62487","undirected","Binding"
"UNIPROT","P52434","UNIPROT","P62875","undirected","Binding"
"UNIPROT","P52434","UNIPROT","Q01085","directed","Control(In: INHIBITION of BiochemicalReaction)"
"UNIPROT","P52434","UNIPROT","Q01085","directed","Control(In: ACTIVATION of BiochemicalReaction)"
"UNIPROT","P52434","UNIPROT","Q01085","undirected","Binding"
"UNIPROT","P52434","UNIPROT","Q09161","undirected","Binding"
"UNIPROT","P52434","UNIPROT","Q6NXG1","directed","Control(In: INHIBITION of BiochemicalReaction)"
"UNIPROT","P52434","UNIPROT","Q6NXG1","directed","Control(In: ACTIVATION of BiochemicalReaction)"
"UNIPROT","P52434","UNIPROT","Q6NXG1","undirected","Binding"
"UNIPROT","P52434","UNIPROT","Q9H6T0","directed","Control(In: INHIBITION of BiochemicalReaction)"
"UNIPROT","P52434","UNIPROT","Q9H6T0","directed","Control(In: ACTIVATION of BiochemicalReaction)"
"UNIPROT","P52434","UNIPROT","Q9H6T0","undirected","Binding"
"UNIPROT","P52435","UNIPROT","O43251","directed","Control(In: INHIBITION of BiochemicalReaction)"
"UNIPROT","P52435","UNIPROT","O43251","directed","Control(In: ACTIVATION of BiochemicalReaction)"
"UNIPROT","P52435","UNIPROT","O43251","undirected","Binding"
"UNIPROT","P52435","UNIPROT","P09651","directed","Control(In: INHIBITION of BiochemicalReaction)"
"UNIPROT","P52435","UNIPROT","P09651","directed","Control(In: ACTIVATION of BiochemicalReaction)"
"UNIPROT","P52435","UNIPROT","P13984","undirected","Binding"
"UNIPROT","P52435","UNIPROT","P26599","directed","Control(In: INHIBITION of BiochemicalReaction)"
"UNIPROT","P52435","UNIPROT","P26599","directed","Control(In: ACTIVATION of BiochemicalReaction)"
"UNIPROT","P52435","UNIPROT","P31483","directed","Control(In: INHIBITION of BiochemicalReaction)"
"UNIPROT","P52435","UNIPROT","P31483","directed","Control(In: ACTIVATION of BiochemicalReaction)"
"UNIPROT","P52435","UNIPROT","P31483","undirected","Binding"
"UNIPROT","P52435","UNIPROT","P31943","directed","Control(In: INHIBITION of BiochemicalReaction)"
"UNIPROT","P52435","UNIPROT","P31943","directed","Control(In: ACTIVATION of BiochemicalReaction)"
"UNIPROT","P52435","UNIPROT","P31943","undirected","Binding"
"UNIPROT","P52435","UNIPROT","P35269","undirected","Binding"
"UNIPROT","P52435","UNIPROT","P52272","directed","Control(In: INHIBITION of BiochemicalReaction)"
"UNIPROT","P52435","UNIPROT","P52272","directed","Control(In: ACTIVATION of BiochemicalReaction)"
"UNIPROT","P52435","UNIPROT","P52272","undirected","Binding"
"UNIPROT","P52435","UNIPROT","P52298","undirected","Binding"
"UNIPROT","P52435","UNIPROT","P52597","directed","Control(In: INHIBITION of BiochemicalReaction)"
"UNIPROT","P52435","UNIPROT","P52597","directed","Control(In: ACTIVATION of BiochemicalReaction)"
"UNIPROT","P52435","UNIPROT","P52597","undirected","Binding"
"UNIPROT","P52435","UNIPROT","Q01085","directed","Control(In: INHIBITION of BiochemicalReaction)"
"UNIPROT","P52435","UNIPROT","Q01085","directed","Control(In: ACTIVATION of BiochemicalReaction)"
"UNIPROT","P52435","UNIPROT","Q01085","undirected","Binding"
"UNIPROT","P52435","UNIPROT","Q09161","undirected","Binding"
"UNIPROT","P52435","UNIPROT","Q6NXG1","directed","Control(In: INHIBITION of BiochemicalReaction)"
"UNIPROT","P52435","UNIPROT","Q6NXG1","directed","Control(In: ACTIVATION of BiochemicalReaction)"
"UNIPROT","P52435","UNIPROT","Q6NXG1","undirected","Binding"
"UNIPROT","P52435","UNIPROT","Q9H6T0","directed","Control(In: INHIBITION of BiochemicalReaction)"
"UNIPROT","P52435","UNIPROT","Q9H6T0","directed","Control(In: ACTIVATION of BiochemicalReaction)"
"UNIPROT","P52435","UNIPROT","Q9H6T0","undirected","Binding"
"UNIPROT","P53803","UNIPROT","O15514","undirected","Binding"
"UNIPROT","P53803","UNIPROT","O43251","directed","Control(In: INHIBITION of BiochemicalReaction)"
"UNIPROT","P53803","UNIPROT","O43251","directed","Control(In: ACTIVATION of BiochemicalReaction)"
"UNIPROT","P53803","UNIPROT","O43251","undirected","Binding"
"UNIPROT","P53803","UNIPROT","P09651","directed","Control(In: INHIBITION of BiochemicalReaction)"
"UNIPROT","P53803","UNIPROT","P09651","directed","Control(In: ACTIVATION of BiochemicalReaction)"
"UNIPROT","P53803","UNIPROT","P13984","undirected","Binding"
"UNIPROT","P53803","UNIPROT","P19387","undirected","Binding"
"UNIPROT","P53803","UNIPROT","P19388","undirected","Binding"
"UNIPROT","P53803","UNIPROT","P24928","undirected","Binding"
"UNIPROT","P53803","UNIPROT","P26599","directed","Control(In: INHIBITION of BiochemicalReaction)"
"UNIPROT","P53803","UNIPROT","P26599","directed","Control(In: ACTIVATION of BiochemicalReaction)"
"UNIPROT","P53803","UNIPROT","P31483","directed","Control(In: INHIBITION of BiochemicalReaction)"
"UNIPROT","P53803","UNIPROT","P31483","directed","Control(In: ACTIVATION of BiochemicalReaction)"
"UNIPROT","P53803","UNIPROT","P31483","undirected","Binding"
"UNIPROT","P53803","UNIPROT","P31943","directed","Control(In: INHIBITION of BiochemicalReaction)"
"UNIPROT","P53803","UNIPROT","P31943","directed","Control(In: ACTIVATION of BiochemicalReaction)"
"UNIPROT","P53803","UNIPROT","P31943","undirected","Binding"
"UNIPROT","P53803","UNIPROT","P35269","undirected","Binding"
"UNIPROT","P53803","UNIPROT","P52272","directed","Control(In: INHIBITION of BiochemicalReaction)"
"UNIPROT","P53803","UNIPROT","P52272","directed","Control(In: ACTIVATION of BiochemicalReaction)"
"UNIPROT","P53803","UNIPROT","P52272","undirected","Binding"
"UNIPROT","P53803","UNIPROT","P52298","undirected","Binding"
"UNIPROT","P53803","UNIPROT","P52434","undirected","Binding"
"UNIPROT","P53803","UNIPROT","P52435","undirected","Binding"
"UNIPROT","P53803","UNIPROT","P52597","directed","Control(In: INHIBITION of BiochemicalReaction)"
"UNIPROT","P53803","UNIPROT","P52597","directed","Control(In: ACTIVATION of BiochemicalReaction)"
"UNIPROT","P53803","UNIPROT","P52597","undirected","Binding"
"UNIPROT","P53803","UNIPROT","P61218","undirected","Binding"
"UNIPROT","P53803","UNIPROT","P62487","undirected","Binding"
"UNIPROT","P53803","UNIPROT","P62875","undirected","Binding"
"UNIPROT","P53803","UNIPROT","Q01085","directed","Control(In: INHIBITION of BiochemicalReaction)"
"UNIPROT","P53803","UNIPROT","Q01085","directed","Control(In: ACTIVATION of BiochemicalReaction)"
"UNIPROT","P53803","UNIPROT","Q01085","undirected","Binding"
"UNIPROT","P53803","UNIPROT","Q09161","undirected","Binding"
"UNIPROT","P53803","UNIPROT","Q6NXG1","directed","Control(In: INHIBITION of BiochemicalReaction)"
"UNIPROT","P53803","UNIPROT","Q6NXG1","directed","Control(In: ACTIVATION of BiochemicalReaction)"
"UNIPROT","P53803","UNIPROT","Q6NXG1","undirected","Binding"
"UNIPROT","P53803","UNIPROT","Q9H6T0","directed","Control(In: INHIBITION of BiochemicalReaction)"
"UNIPROT","P53803","UNIPROT","Q9H6T0","directed","Control(In: ACTIVATION of BiochemicalReaction)"
"UNIPROT","P53803","UNIPROT","Q9H6T0","undirected","Binding"
"UNIPROT","P61218","UNIPROT","O43251","directed","Control(In: INHIBITION of BiochemicalReaction)"
"UNIPROT","P61218","UNIPROT","O43251","directed","Control(In: ACTIVATION of BiochemicalReaction)"
"UNIPROT","P61218","UNIPROT","O43251","undirected","Binding"
"UNIPROT","P61218","UNIPROT","P09651","directed","Control(In: INHIBITION of BiochemicalReaction)"
"UNIPROT","P61218","UNIPROT","P09651","directed","Control(In: ACTIVATION of BiochemicalReaction)"
"UNIPROT","P61218","UNIPROT","P13984","undirected","Binding"
"UNIPROT","P61218","UNIPROT","P19388","undirected","Binding"
"UNIPROT","P61218","UNIPROT","P24928","undirected","Binding"
"UNIPROT","P61218","UNIPROT","P26599","directed","Control(In: INHIBITION of BiochemicalReaction)"
"UNIPROT","P61218","UNIPROT","P26599","directed","Control(In: ACTIVATION of BiochemicalReaction)"
"UNIPROT","P61218","UNIPROT","P31483","directed","Control(In: INHIBITION of BiochemicalReaction)"
"UNIPROT","P61218","UNIPROT","P31483","directed","Control(In: ACTIVATION of BiochemicalReaction)"
"UNIPROT","P61218","UNIPROT","P31483","undirected","Binding"
"UNIPROT","P61218","UNIPROT","P31943","directed","Control(In: INHIBITION of BiochemicalReaction)"
"UNIPROT","P61218","UNIPROT","P31943","directed","Control(In: ACTIVATION of BiochemicalReaction)"
"UNIPROT","P61218","UNIPROT","P31943","undirected","Binding"
"UNIPROT","P61218","UNIPROT","P35269","undirected","Binding"
"UNIPROT","P61218","UNIPROT","P52272","directed","Control(In: INHIBITION of BiochemicalReaction)"
"UNIPROT","P61218","UNIPROT","P52272","directed","Control(In: ACTIVATION of BiochemicalReaction)"
"UNIPROT","P61218","UNIPROT","P52272","undirected","Binding"
"UNIPROT","P61218","UNIPROT","P52298","undirected","Binding"
"UNIPROT","P61218","UNIPROT","P52435","undirected","Binding"
"UNIPROT","P61218","UNIPROT","P52597","directed","Control(In: INHIBITION of BiochemicalReaction)"
"UNIPROT","P61218","UNIPROT","P52597","directed","Control(In: ACTIVATION of BiochemicalReaction)"
"UNIPROT","P61218","UNIPROT","P52597","undirected","Binding"
"UNIPROT","P61218","UNIPROT","P62487","undirected","Binding"
"UNIPROT","P61218","UNIPROT","Q01085","directed","Control(In: INHIBITION of BiochemicalReaction)"
"UNIPROT","P61218","UNIPROT","Q01085","directed","Control(In: ACTIVATION of BiochemicalReaction)"
"UNIPROT","P61218","UNIPROT","Q01085","undirected","Binding"
"UNIPROT","P61218","UNIPROT","Q09161","undirected","Binding"
"UNIPROT","P61218","UNIPROT","Q6NXG1","directed","Control(In: INHIBITION of BiochemicalReaction)"
"UNIPROT","P61218","UNIPROT","Q6NXG1","directed","Control(In: ACTIVATION of BiochemicalReaction)"
"UNIPROT","P61218","UNIPROT","Q6NXG1","undirected","Binding"
"UNIPROT","P61218","UNIPROT","Q9H6T0","directed","Control(In: INHIBITION of BiochemicalReaction)"
"UNIPROT","P61218","UNIPROT","Q9H6T0","directed","Control(In: ACTIVATION of BiochemicalReaction)"
"UNIPROT","P61218","UNIPROT","Q9H6T0","undirected","Binding"
"UNIPROT","P62487","UNIPROT","O43251","directed","Control(In: INHIBITION of BiochemicalReaction)"
"UNIPROT","P62487","UNIPROT","O43251","directed","Control(In: ACTIVATION of BiochemicalReaction)"
"UNIPROT","P62487","UNIPROT","O43251","undirected","Binding"
"UNIPROT","P62487","UNIPROT","P09651","directed","Control(In: INHIBITION of BiochemicalReaction)"
"UNIPROT","P62487","UNIPROT","P09651","directed","Control(In: ACTIVATION of BiochemicalReaction)"
"UNIPROT","P62487","UNIPROT","P13984","undirected","Binding"
"UNIPROT","P62487","UNIPROT","P19388","undirected","Binding"
"UNIPROT","P62487","UNIPROT","P26599","directed","Control(In: INHIBITION of BiochemicalReaction)"
"UNIPROT","P62487","UNIPROT","P26599","directed","Control(In: ACTIVATION of BiochemicalReaction)"
"UNIPROT","P62487","UNIPROT","P31483","directed","Control(In: INHIBITION of BiochemicalReaction)"
"UNIPROT","P62487","UNIPROT","P31483","directed","Control(In: ACTIVATION of BiochemicalReaction)"
"UNIPROT","P62487","UNIPROT","P31483","undirected","Binding"
"UNIPROT","P62487","UNIPROT","P31943","directed","Control(In: INHIBITION of BiochemicalReaction)"
"UNIPROT","P62487","UNIPROT","P31943","directed","Control(In: ACTIVATION of BiochemicalReaction)"
"UNIPROT","P62487","UNIPROT","P31943","undirected","Binding"
"UNIPROT","P62487","UNIPROT","P35269","undirected","Binding"
"UNIPROT","P62487","UNIPROT","P52272","directed","Control(In: INHIBITION of BiochemicalReaction)"
"UNIPROT","P62487","UNIPROT","P52272","directed","Control(In: ACTIVATION of BiochemicalReaction)"
"UNIPROT","P62487","UNIPROT","P52272","undirected","Binding"
"UNIPROT","P62487","UNIPROT","P52298","undirected","Binding"
"UNIPROT","P62487","UNIPROT","P52435","undirected","Binding"
"UNIPROT","P62487","UNIPROT","P52597","directed","Control(In: INHIBITION of BiochemicalReaction)"
"UNIPROT","P62487","UNIPROT","P52597","directed","Control(In: ACTIVATION of BiochemicalReaction)"
"UNIPROT","P62487","UNIPROT","P52597","undirected","Binding"
"UNIPROT","P62487","UNIPROT","Q01085","directed","Control(In: INHIBITION of BiochemicalReaction)"
"UNIPROT","P62487","UNIPROT","Q01085","directed","Control(In: ACTIVATION of BiochemicalReaction)"
"UNIPROT","P62487","UNIPROT","Q01085","undirected","Binding"
"UNIPROT","P62487","UNIPROT","Q09161","undirected","Binding"
"UNIPROT","P62487","UNIPROT","Q6NXG1","directed","Control(In: INHIBITION of BiochemicalReaction)"
"UNIPROT","P62487","UNIPROT","Q6NXG1","directed","Control(In: ACTIVATION of BiochemicalReaction)"
"UNIPROT","P62487","UNIPROT","Q6NXG1","undirected","Binding"
"UNIPROT","P62487","UNIPROT","Q9H6T0","directed","Control(In: INHIBITION of BiochemicalReaction)"
"UNIPROT","P62487","UNIPROT","Q9H6T0","directed","Control(In: ACTIVATION of BiochemicalReaction)"
"UNIPROT","P62487","UNIPROT","Q9H6T0","undirected","Binding"
"UNIPROT","P62875","UNIPROT","O43251","directed","Control(In: INHIBITION of BiochemicalReaction)"
"UNIPROT","P62875","UNIPROT","O43251","directed","Control(In: ACTIVATION of BiochemicalReaction)"
"UNIPROT","P62875","UNIPROT","O43251","undirected","Binding"
"UNIPROT","P62875","UNIPROT","P09651","directed","Control(In: INHIBITION of BiochemicalReaction)"
"UNIPROT","P62875","UNIPROT","P09651","directed","Control(In: ACTIVATION of BiochemicalReaction)"
"UNIPROT","P62875","UNIPROT","P13984","undirected","Binding"
"UNIPROT","P62875","UNIPROT","P19388","undirected","Binding"
"UNIPROT","P62875","UNIPROT","P24928","undirected","Binding"
"UNIPROT","P62875","UNIPROT","P26599","directed","Control(In: INHIBITION of BiochemicalReaction)"
"UNIPROT","P62875","UNIPROT","P26599","directed","Control(In: ACTIVATION of BiochemicalReaction)"
"UNIPROT","P62875","UNIPROT","P31483","directed","Control(In: INHIBITION of BiochemicalReaction)"
"UNIPROT","P62875","UNIPROT","P31483","directed","Control(In: ACTIVATION of BiochemicalReaction)"
"UNIPROT","P62875","UNIPROT","P31483","undirected","Binding"
"UNIPROT","P62875","UNIPROT","P31943","directed","Control(In: INHIBITION of BiochemicalReaction)"
"UNIPROT","P62875","UNIPROT","P31943","directed","Control(In: ACTIVATION of BiochemicalReaction)"
"UNIPROT","P62875","UNIPROT","P31943","undirected","Binding"
"UNIPROT","P62875","UNIPROT","P35269","undirected","Binding"
"UNIPROT","P62875","UNIPROT","P52272","directed","Control(In: INHIBITION of BiochemicalReaction)"
"UNIPROT","P62875","UNIPROT","P52272","directed","Control(In: ACTIVATION of BiochemicalReaction)"
"UNIPROT","P62875","UNIPROT","P52272","undirected","Binding"
"UNIPROT","P62875","UNIPROT","P52298","undirected","Binding"
"UNIPROT","P62875","UNIPROT","P52435","undirected","Binding"
"UNIPROT","P62875","UNIPROT","P52597","directed","Control(In: INHIBITION of BiochemicalReaction)"
"UNIPROT","P62875","UNIPROT","P52597","directed","Control(In: ACTIVATION of BiochemicalReaction)"
"UNIPROT","P62875","UNIPROT","P52597","undirected","Binding"
"UNIPROT","P62875","UNIPROT","P61218","undirected","Binding"
"UNIPROT","P62875","UNIPROT","P62487","undirected","Binding"
"UNIPROT","P62875","UNIPROT","Q01085","directed","Control(In: INHIBITION of BiochemicalReaction)"
"UNIPROT","P62875","UNIPROT","Q01085","directed","Control(In: ACTIVATION of BiochemicalReaction)"
"UNIPROT","P62875","UNIPROT","Q01085","undirected","Binding"
"UNIPROT","P62875","UNIPROT","Q09161","undirected","Binding"
"UNIPROT","P62875","UNIPROT","Q6NXG1","directed","Control(In: INHIBITION of BiochemicalReaction)"
"UNIPROT","P62875","UNIPROT","Q6NXG1","directed","Control(In: ACTIVATION of BiochemicalReaction)"
"UNIPROT","P62875","UNIPROT","Q6NXG1","undirected","Binding"
"UNIPROT","P62875","UNIPROT","Q9H6T0","directed","Control(In: INHIBITION of BiochemicalReaction)"
"UNIPROT","P62875","UNIPROT","Q9H6T0","directed","Control(In: ACTIVATION of BiochemicalReaction)"
"UNIPROT","P62875","UNIPROT","Q9H6T0","undirected","Binding"
"UNIPROT","Q01085","UNIPROT","O43251","undirected","Binding"
"UNIPROT","Q01085","UNIPROT","P31943","undirected","Binding"
"UNIPROT","Q01085","UNIPROT","P52597","undirected","Binding"
"UNIPROT","Q09161","UNIPROT","O43251","directed","Control(In: INHIBITION of BiochemicalReaction)"
"UNIPROT","Q09161","UNIPROT","O43251","directed","Control(In: ACTIVATION of BiochemicalReaction)"
"UNIPROT","Q09161","UNIPROT","O43251","undirected","Binding"
"UNIPROT","Q09161","UNIPROT","P09651","directed","Control(In: INHIBITION of BiochemicalReaction)"
"UNIPROT","Q09161","UNIPROT","P09651","directed","Control(In: ACTIVATION of BiochemicalReaction)"
"UNIPROT","Q09161","UNIPROT","P26599","directed","Control(In: INHIBITION of BiochemicalReaction)"
"UNIPROT","Q09161","UNIPROT","P26599","directed","Control(In: ACTIVATION of BiochemicalReaction)"
"UNIPROT","Q09161","UNIPROT","P31483","directed","Control(In: INHIBITION of BiochemicalReaction)"
"UNIPROT","Q09161","UNIPROT","P31483","directed","Control(In: ACTIVATION of BiochemicalReaction)"
"UNIPROT","Q09161","UNIPROT","P31483","undirected","Binding"
"UNIPROT","Q09161","UNIPROT","P31943","directed","Control(In: INHIBITION of BiochemicalReaction)"
"UNIPROT","Q09161","UNIPROT","P31943","directed","Control(In: ACTIVATION of BiochemicalReaction)"
"UNIPROT","Q09161","UNIPROT","P31943","undirected","Binding"
"UNIPROT","Q09161","UNIPROT","P52272","directed","Control(In: INHIBITION of BiochemicalReaction)"
"UNIPROT","Q09161","UNIPROT","P52272","directed","Control(In: ACTIVATION of BiochemicalReaction)"
"UNIPROT","Q09161","UNIPROT","P52272","undirected","Binding"
"UNIPROT","Q09161","UNIPROT","P52298","undirected","Binding"
"UNIPROT","Q09161","UNIPROT","P52597","directed","Control(In: INHIBITION of BiochemicalReaction)"
"UNIPROT","Q09161","UNIPROT","P52597","directed","Control(In: ACTIVATION of BiochemicalReaction)"
"UNIPROT","Q09161","UNIPROT","P52597","undirected","Binding"
"UNIPROT","Q09161","UNIPROT","Q01085","directed","Control(In: INHIBITION of BiochemicalReaction)"
"UNIPROT","Q09161","UNIPROT","Q01085","directed","Control(In: ACTIVATION of BiochemicalReaction)"
"UNIPROT","Q09161","UNIPROT","Q01085","undirected","Binding"
"UNIPROT","Q09161","UNIPROT","Q6NXG1","directed","Control(In: INHIBITION of BiochemicalReaction)"
"UNIPROT","Q09161","UNIPROT","Q6NXG1","directed","Control(In: ACTIVATION of BiochemicalReaction)"
"UNIPROT","Q09161","UNIPROT","Q6NXG1","undirected","Binding"
"UNIPROT","Q09161","UNIPROT","Q9H6T0","directed","Control(In: INHIBITION of BiochemicalReaction)"
"UNIPROT","Q09161","UNIPROT","Q9H6T0","directed","Control(In: ACTIVATION of BiochemicalReaction)"
"UNIPROT","Q09161","UNIPROT","Q9H6T0","undirected","Binding"
"UNIPROT","Q6NXG1","UNIPROT","O43251","undirected","Binding"
"UNIPROT","Q6NXG1","UNIPROT","P31483","undirected","Binding"
"UNIPROT","Q6NXG1","UNIPROT","P31943","undirected","Binding"
"UNIPROT","Q6NXG1","UNIPROT","P52597","undirected","Binding"
"UNIPROT","Q6NXG1","UNIPROT","Q01085","undirected","Binding"
"UNIPROT","Q6NXG1","UNIPROT","Q9H6T0","undirected","Binding"
"UNIPROT","Q9H6T0","UNIPROT","O43251","undirected","Binding"
"UNIPROT","Q9H6T0","UNIPROT","P31483","undirected","Binding"
"UNIPROT","Q9H6T0","UNIPROT","P31943","undirected","Binding"
"UNIPROT","Q9H6T0","UNIPROT","P52597","undirected","Binding"
"UNIPROT","Q9H6T0","UNIPROT","Q01085","undirected","Binding"
