"src_type","src","dest_type","dest","direction","type"
"UNIPROT","P04637","UNIPROT","P24522","directed","Control(Out: ACTIVATION of BiochemicalReaction)"
"UNIPROT","P04637","UNIPROT","P30307","directed","Control(Out: INHIBITION of BiochemicalReaction)"
"UNIPROT","P04637","UNIPROT","P31947","directed","Control(Out: ACTIVATION of BiochemicalReaction)"
"UNIPROT","P04637","UNIPROT","Q08999","undirected","Binding"
"UNIPROT","P04637","UNIPROT","Q09472","undirected","Binding"
"UNIPROT","P04637","UNIPROT","Q86X55","undirected","Binding"
"UNIPROT","P04637","UNIPROT","Q96PM9","undirected","Binding"
"UNIPROT","P04637","UNIPROT","Q99873","undirected","Binding"
"UNIPROT","P06493","UNIPROT","P14635","undirected","Binding"
"UNIPROT","P24522","UNIPROT","O14965","undirected","Binding"
"UNIPROT","P24522","UNIPROT","P12004","undirected","Binding"
"UNIPROT","P28749","UNIPROT","P04637","undirected","Binding"
"UNIPROT","P28749","UNIPROT","P30307","directed","Control(Out: INHIBITION of BiochemicalReaction)"
"UNIPROT","P31947","UNIPROT","P06493","undirected","Binding"
"UNIPROT","P31947","UNIPROT","P14635","undirected","Binding"
"UNIPROT","Q07812","UNIPROT","P31947","undirected","Binding"
"UNIPROT","Q08999","UNIPROT","P30307","directed","Control(Out: INHIBITION of BiochemicalReaction)"
"UNIPROT","Q09472","UNIPROT","P24522","directed","Control(Out: ACTIVATION of BiochemicalReaction)"
"UNIPROT","Q14186","UNIPROT","P04637","undirected","Binding"
"UNIPROT","Q14186","UNIPROT","P28749","undirected","Binding"
"UNIPROT","Q14186","UNIPROT","P30307","directed","Control(Out: INHIBITION of BiochemicalReaction)"
"UNIPROT","Q14186","UNIPROT","Q08999","undirected","Binding"
"UNIPROT","Q14186","UNIPROT","Q16254","undirected","Binding"
"UNIPROT","Q14188","UNIPROT","P04637","undirected","Binding"
"UNIPROT","Q14188","UNIPROT","P28749","undirected","Binding"
"UNIPROT","Q14188","UNIPROT","P30307","directed","Control(Out: INHIBITION of BiochemicalReaction)"
"UNIPROT","Q14188","UNIPROT","Q08999","undirected","Binding"
"UNIPROT","Q14188","UNIPROT","Q16254","undirected","Binding"
"UNIPROT","Q16254","UNIPROT","P04637","undirected","Binding"
"UNIPROT","Q16254","UNIPROT","P28749","undirected","Binding"
"UNIPROT","Q16254","UNIPROT","P30307","directed","Control(Out: INHIBITION of BiochemicalReaction)"
"UNIPROT","Q16254","UNIPROT","Q08999","undirected","Binding"
"UNIPROT","Q86X55","UNIPROT","P24522","directed","Control(Out: ACTIVATION of BiochemicalReaction)"
"UNIPROT","Q86X55","UNIPROT","Q09472","undirected","Binding"
"UNIPROT","Q96PM9","UNIPROT","P31947","directed","Control(Out: ACTIVATION of BiochemicalReaction)"
"UNIPROT","Q99873","UNIPROT","P24522","directed","Control(Out: ACTIVATION of BiochemicalReaction)"
"UNIPROT","Q99873","UNIPROT","Q09472","undirected","Binding"
"UNIPROT","Q99873","UNIPROT","Q86X55","undirected","Binding"
