"src_type","src","dest_type","dest","direction","type"
"UNIPROT","O43548","UNIPROT","O60437","directed","Control(Out: ACTIVATION of BiochemicalReaction)"
"UNIPROT","O43548","UNIPROT","P07476","directed","Control(Out: ACTIVATION of BiochemicalReaction)"
"UNIPROT","O43548","UNIPROT","P22735","directed","Control(Out: ACTIVATION of BiochemicalReaction)"
"UNIPROT","O43548","UNIPROT","Q92817","directed","Control(Out: ACTIVATION of BiochemicalReaction)"
"UNIPROT","O43790","UNIPROT","O76009","undirected","Binding"
"UNIPROT","O43790","UNIPROT","O76011","undirected","Binding"
"UNIPROT","O43790","UNIPROT","O76013","undirected","Binding"
"UNIPROT","O43790","UNIPROT","O76014","undirected","Binding"
"UNIPROT","O43790","UNIPROT","O76015","undirected","Binding"
"UNIPROT","O43790","UNIPROT","P02533","undirected","Binding"
"UNIPROT","O43790","UNIPROT","P05783","undirected","Binding"
"UNIPROT","O43790","UNIPROT","P08727","undirected","Binding"
"UNIPROT","O43790","UNIPROT","P08779","undirected","Binding"
"UNIPROT","O43790","UNIPROT","P13645","undirected","Binding"
"UNIPROT","O43790","UNIPROT","P13646","undirected","Binding"
"UNIPROT","O43790","UNIPROT","P19012","undirected","Binding"
"UNIPROT","O43790","UNIPROT","P35527","undirected","Binding"
"UNIPROT","O43790","UNIPROT","P35900","undirected","Binding"
"UNIPROT","O43790","UNIPROT","Q04695","undirected","Binding"
"UNIPROT","O43790","UNIPROT","Q14525","undirected","Binding"
"UNIPROT","O43790","UNIPROT","Q14532","undirected","Binding"
"UNIPROT","O43790","UNIPROT","Q15323","undirected","Binding"
"UNIPROT","O43790","UNIPROT","Q2M2I5","undirected","Binding"
"UNIPROT","O43790","UNIPROT","Q6A162","undirected","Binding"
"UNIPROT","O43790","UNIPROT","Q6A163","undirected","Binding"
"UNIPROT","O43790","UNIPROT","Q7Z3Y7","undirected","Binding"
"UNIPROT","O43790","UNIPROT","Q7Z3Y8","undirected","Binding"
"UNIPROT","O43790","UNIPROT","Q7Z3Y9","undirected","Binding"
"UNIPROT","O43790","UNIPROT","Q7Z3Z0","undirected","Binding"
"UNIPROT","O43790","UNIPROT","Q92764","undirected","Binding"
"UNIPROT","O43790","UNIPROT","Q99456","undirected","Binding"
"UNIPROT","O43790","UNIPROT","Q9C075","undirected","Binding"
"UNIPROT","O60437","UNIPROT","A0A183","undirected","Binding"
"UNIPROT","O60437","UNIPROT","O14633","undirected","Binding"
"UNIPROT","O60437","UNIPROT","P01040","undirected","Binding"
"UNIPROT","O60437","UNIPROT","P07476","undirected","Binding"
"UNIPROT","O60437","UNIPROT","P19957","undirected","Binding"
"UNIPROT","O60437","UNIPROT","P22528","undirected","Binding"
"UNIPROT","O60437","UNIPROT","P22531","undirected","Binding"
"UNIPROT","O60437","UNIPROT","P22532","undirected","Binding"
"UNIPROT","O60437","UNIPROT","P22735","undirected","Binding"
"UNIPROT","O60437","UNIPROT","P23490","undirected","Binding"
"UNIPROT","O60437","UNIPROT","P35321","undirected","Binding"
"UNIPROT","O60437","UNIPROT","P35325","undirected","Binding"
"UNIPROT","O60437","UNIPROT","P35326","undirected","Binding"
"UNIPROT","O60437","UNIPROT","Q07283","undirected","Binding"
"UNIPROT","O60437","UNIPROT","Q15517","undirected","Binding"
"UNIPROT","O60437","UNIPROT","Q5T5A8","undirected","Binding"
"UNIPROT","O60437","UNIPROT","Q5T5B0","undirected","Binding"
"UNIPROT","O60437","UNIPROT","Q5T751","undirected","Binding"
"UNIPROT","O60437","UNIPROT","Q5T752","undirected","Binding"
"UNIPROT","O60437","UNIPROT","Q5T753","undirected","Binding"
"UNIPROT","O60437","UNIPROT","Q5T754","undirected","Binding"
"UNIPROT","O60437","UNIPROT","Q5T7P2","undirected","Binding"
"UNIPROT","O60437","UNIPROT","Q5T7P3","undirected","Binding"
"UNIPROT","O60437","UNIPROT","Q5T871","undirected","Binding"
"UNIPROT","O60437","UNIPROT","Q5TA76","undirected","Binding"
"UNIPROT","O60437","UNIPROT","Q5TA77","undirected","Binding"
"UNIPROT","O60437","UNIPROT","Q5TA78","undirected","Binding"
"UNIPROT","O60437","UNIPROT","Q5TA79","undirected","Binding"
"UNIPROT","O60437","UNIPROT","Q5TA81","undirected","Binding"
"UNIPROT","O60437","UNIPROT","Q5TA82","undirected","Binding"
"UNIPROT","O60437","UNIPROT","Q5TCM9","undirected","Binding"
"UNIPROT","O60437","UNIPROT","Q674X7","undirected","Binding"
"UNIPROT","O60437","UNIPROT","Q6XPR3","undirected","Binding"
"UNIPROT","O60437","UNIPROT","Q96RM1","undirected","Binding"
"UNIPROT","O60437","UNIPROT","Q9BYE3","undirected","Binding"
"UNIPROT","O60437","UNIPROT","Q9BYE4","undirected","Binding"
"UNIPROT","O60437","UNIPROT","Q9UBC9","undirected","Binding"
"UNIPROT","O95678","UNIPROT","O76009","undirected","Binding"
"UNIPROT","O95678","UNIPROT","O76011","undirected","Binding"
"UNIPROT","O95678","UNIPROT","O76013","undirected","Binding"
"UNIPROT","O95678","UNIPROT","O76014","undirected","Binding"
"UNIPROT","O95678","UNIPROT","O76015","undirected","Binding"
"UNIPROT","O95678","UNIPROT","P02533","undirected","Binding"
"UNIPROT","O95678","UNIPROT","P05783","undirected","Binding"
"UNIPROT","O95678","UNIPROT","P08727","undirected","Binding"
"UNIPROT","O95678","UNIPROT","P08779","undirected","Binding"
"UNIPROT","O95678","UNIPROT","P13645","undirected","Binding"
"UNIPROT","O95678","UNIPROT","P13646","undirected","Binding"
"UNIPROT","O95678","UNIPROT","P19012","undirected","Binding"
"UNIPROT","O95678","UNIPROT","P35527","undirected","Binding"
"UNIPROT","O95678","UNIPROT","P35900","undirected","Binding"
"UNIPROT","O95678","UNIPROT","Q04695","undirected","Binding"
"UNIPROT","O95678","UNIPROT","Q14525","undirected","Binding"
"UNIPROT","O95678","UNIPROT","Q14532","undirected","Binding"
"UNIPROT","O95678","UNIPROT","Q15323","undirected","Binding"
"UNIPROT","O95678","UNIPROT","Q2M2I5","undirected","Binding"
"UNIPROT","O95678","UNIPROT","Q6A162","undirected","Binding"
"UNIPROT","O95678","UNIPROT","Q6A163","undirected","Binding"
"UNIPROT","O95678","UNIPROT","Q7Z3Y7","undirected","Binding"
"UNIPROT","O95678","UNIPROT","Q7Z3Y8","undirected","Binding"
"UNIPROT","O95678","UNIPROT","Q7Z3Y9","undirected","Binding"
"UNIPROT","O95678","UNIPROT","Q7Z3Z0","undirected","Binding"
"UNIPROT","O95678","UNIPROT","Q92764","undirected","Binding"
"UNIPROT","O95678","UNIPROT","Q99456","undirected","Binding"
"UNIPROT","O95678","UNIPROT","Q9C075","undirected","Binding"
"UNIPROT","P01040","UNIPROT","A0A183","undirected","Binding"
"UNIPROT","P01040","UNIPROT","O14633","undirected","Binding"
"UNIPROT","P01040","UNIPROT","P22528","undirected","Binding"
"UNIPROT","P01040","UNIPROT","P22531","undirected","Binding"
"UNIPROT","P01040","UNIPROT","P22532","undirected","Binding"
"UNIPROT","P01040","UNIPROT","P23490","undirected","Binding"
"UNIPROT","P01040","UNIPROT","P35321","undirected","Binding"
"UNIPROT","P01040","UNIPROT","P35325","undirected","Binding"
"UNIPROT","P01040","UNIPROT","P35326","undirected","Binding"
"UNIPROT","P01040","UNIPROT","Q15517","undirected","Binding"
"UNIPROT","P01040","UNIPROT","Q5T5A8","undirected","Binding"
"UNIPROT","P01040","UNIPROT","Q5T5B0","undirected","Binding"
"UNIPROT","P01040","UNIPROT","Q5T751","undirected","Binding"
"UNIPROT","P01040","UNIPROT","Q5T752","undirected","Binding"
"UNIPROT","P01040","UNIPROT","Q5T753","undirected","Binding"
"UNIPROT","P01040","UNIPROT","Q5T754","undirected","Binding"
"UNIPROT","P01040","UNIPROT","Q5T7P2","undirected","Binding"
"UNIPROT","P01040","UNIPROT","Q5T7P3","undirected","Binding"
"UNIPROT","P01040","UNIPROT","Q5T871","undirected","Binding"
"UNIPROT","P01040","UNIPROT","Q5TA76","undirected","Binding"
"UNIPROT","P01040","UNIPROT","Q5TA77","undirected","Binding"
"UNIPROT","P01040","UNIPROT","Q5TA78","undirected","Binding"
"UNIPROT","P01040","UNIPROT","Q5TA79","undirected","Binding"
"UNIPROT","P01040","UNIPROT","Q5TA81","undirected","Binding"
"UNIPROT","P01040","UNIPROT","Q5TA82","undirected","Binding"
"UNIPROT","P01040","UNIPROT","Q5TCM9","undirected","Binding"
"UNIPROT","P01040","UNIPROT","Q96RM1","undirected","Binding"
"UNIPROT","P01040","UNIPROT","Q9BYE3","undirected","Binding"
"UNIPROT","P01040","UNIPROT","Q9BYE4","undirected","Binding"
"UNIPROT","P01040","UNIPROT","Q9UBC9","undirected","Binding"
"UNIPROT","P02538","UNIPROT","O76009","undirected","Binding"
"UNIPROT","P02538","UNIPROT","O76011","undirected","Binding"
"UNIPROT","P02538","UNIPROT","O76013","undirected","Binding"
"UNIPROT","P02538","UNIPROT","O76014","undirected","Binding"
"UNIPROT","P02538","UNIPROT","O76015","undirected","Binding"
"UNIPROT","P02538","UNIPROT","P02533","undirected","Binding"
"UNIPROT","P02538","UNIPROT","P05783","undirected","Binding"
"UNIPROT","P02538","UNIPROT","P08727","undirected","Binding"
"UNIPROT","P02538","UNIPROT","P08779","undirected","Binding"
"UNIPROT","P02538","UNIPROT","P13645","undirected","Binding"
"UNIPROT","P02538","UNIPROT","P13646","undirected","Binding"
"UNIPROT","P02538","UNIPROT","P19012","undirected","Binding"
"UNIPROT","P02538","UNIPROT","P35527","undirected","Binding"
"UNIPROT","P02538","UNIPROT","P35900","undirected","Binding"
"UNIPROT","P02538","UNIPROT","Q04695","undirected","Binding"
"UNIPROT","P02538","UNIPROT","Q14525","undirected","Binding"
"UNIPROT","P02538","UNIPROT","Q14532","undirected","Binding"
"UNIPROT","P02538","UNIPROT","Q15323","undirected","Binding"
"UNIPROT","P02538","UNIPROT","Q2M2I5","undirected","Binding"
"UNIPROT","P02538","UNIPROT","Q6A162","undirected","Binding"
"UNIPROT","P02538","UNIPROT","Q6A163","undirected","Binding"
"UNIPROT","P02538","UNIPROT","Q7Z3Y7","undirected","Binding"
"UNIPROT","P02538","UNIPROT","Q7Z3Y8","undirected","Binding"
"UNIPROT","P02538","UNIPROT","Q7Z3Y9","undirected","Binding"
"UNIPROT","P02538","UNIPROT","Q7Z3Z0","undirected","Binding"
"UNIPROT","P02538","UNIPROT","Q92764","undirected","Binding"
"UNIPROT","P02538","UNIPROT","Q99456","undirected","Binding"
"UNIPROT","P02538","UNIPROT","Q9C075","undirected","Binding"
"UNIPROT","P04259","UNIPROT","O76009","undirected","Binding"
"UNIPROT","P04259","UNIPROT","O76011","undirected","Binding"
"UNIPROT","P04259","UNIPROT","O76013","undirected","Binding"
"UNIPROT","P04259","UNIPROT","O76014","undirected","Binding"
"UNIPROT","P04259","UNIPROT","O76015","undirected","Binding"
"UNIPROT","P04259","UNIPROT","P02533","undirected","Binding"
"UNIPROT","P04259","UNIPROT","P05783","undirected","Binding"
"UNIPROT","P04259","UNIPROT","P08727","undirected","Binding"
"UNIPROT","P04259","UNIPROT","P08779","undirected","Binding"
"UNIPROT","P04259","UNIPROT","P13645","undirected","Binding"
"UNIPROT","P04259","UNIPROT","P13646","undirected","Binding"
"UNIPROT","P04259","UNIPROT","P19012","undirected","Binding"
"UNIPROT","P04259","UNIPROT","P35527","undirected","Binding"
"UNIPROT","P04259","UNIPROT","P35900","undirected","Binding"
"UNIPROT","P04259","UNIPROT","Q04695","undirected","Binding"
"UNIPROT","P04259","UNIPROT","Q14525","undirected","Binding"
"UNIPROT","P04259","UNIPROT","Q14532","undirected","Binding"
"UNIPROT","P04259","UNIPROT","Q15323","undirected","Binding"
"UNIPROT","P04259","UNIPROT","Q2M2I5","undirected","Binding"
"UNIPROT","P04259","UNIPROT","Q6A162","undirected","Binding"
"UNIPROT","P04259","UNIPROT","Q6A163","undirected","Binding"
"UNIPROT","P04259","UNIPROT","Q7Z3Y7","undirected","Binding"
"UNIPROT","P04259","UNIPROT","Q7Z3Y8","undirected","Binding"
"UNIPROT","P04259","UNIPROT","Q7Z3Y9","undirected","Binding"
"UNIPROT","P04259","UNIPROT","Q7Z3Z0","undirected","Binding"
"UNIPROT","P04259","UNIPROT","Q92764","undirected","Binding"
"UNIPROT","P04259","UNIPROT","Q99456","undirected","Binding"
"UNIPROT","P04259","UNIPROT","Q9C075","undirected","Binding"
"UNIPROT","P04264","UNIPROT","O76009","undirected","Binding"
"UNIPROT","P04264","UNIPROT","O76011","undirected","Binding"
"UNIPROT","P04264","UNIPROT","O76013","undirected","Binding"
"UNIPROT","P04264","UNIPROT","O76014","undirected","Binding"
"UNIPROT","P04264","UNIPROT","O76015","undirected","Binding"
"UNIPROT","P04264","UNIPROT","P02533","undirected","Binding"
"UNIPROT","P04264","UNIPROT","P05783","undirected","Binding"
"UNIPROT","P04264","UNIPROT","P08727","undirected","Binding"
"UNIPROT","P04264","UNIPROT","P08779","undirected","Binding"
"UNIPROT","P04264","UNIPROT","P13645","undirected","Binding"
"UNIPROT","P04264","UNIPROT","P13646","undirected","Binding"
"UNIPROT","P04264","UNIPROT","P19012","undirected","Binding"
"UNIPROT","P04264","UNIPROT","P35527","undirected","Binding"
"UNIPROT","P04264","UNIPROT","P35900","undirected","Binding"
"UNIPROT","P04264","UNIPROT","Q04695","undirected","Binding"
"UNIPROT","P04264","UNIPROT","Q14525","undirected","Binding"
"UNIPROT","P04264","UNIPROT","Q14532","undirected","Binding"
"UNIPROT","P04264","UNIPROT","Q15323","undirected","Binding"
"UNIPROT","P04264","UNIPROT","Q2M2I5","undirected","Binding"
"UNIPROT","P04264","UNIPROT","Q6A162","undirected","Binding"
"UNIPROT","P04264","UNIPROT","Q6A163","undirected","Binding"
"UNIPROT","P04264","UNIPROT","Q7Z3Y7","undirected","Binding"
"UNIPROT","P04264","UNIPROT","Q7Z3Y8","undirected","Binding"
"UNIPROT","P04264","UNIPROT","Q7Z3Y9","undirected","Binding"
"UNIPROT","P04264","UNIPROT","Q7Z3Z0","undirected","Binding"
"UNIPROT","P04264","UNIPROT","Q92764","undirected","Binding"
"UNIPROT","P04264","UNIPROT","Q99456","undirected","Binding"
"UNIPROT","P04264","UNIPROT","Q9C075","undirected","Binding"
"UNIPROT","P04632","UNIPROT","P20930","directed","Control(Out: ACTIVATION of BiochemicalReaction)"
"UNIPROT","P05787","UNIPROT","O76009","undirected","Binding"
"UNIPROT","P05787","UNIPROT","O76011","undirected","Binding"
"UNIPROT","P05787","UNIPROT","O76013","undirected","Binding"
"UNIPROT","P05787","UNIPROT","O76014","undirected","Binding"
"UNIPROT","P05787","UNIPROT","O76015","undirected","Binding"
"UNIPROT","P05787","UNIPROT","P02533","undirected","Binding"
"UNIPROT","P05787","UNIPROT","P05783","undirected","Binding"
"UNIPROT","P05787","UNIPROT","P08727","undirected","Binding"
"UNIPROT","P05787","UNIPROT","P08779","undirected","Binding"
"UNIPROT","P05787","UNIPROT","P13645","undirected","Binding"
"UNIPROT","P05787","UNIPROT","P13646","undirected","Binding"
"UNIPROT","P05787","UNIPROT","P19012","undirected","Binding"
"UNIPROT","P05787","UNIPROT","P35527","undirected","Binding"
"UNIPROT","P05787","UNIPROT","P35900","undirected","Binding"
"UNIPROT","P05787","UNIPROT","Q04695","undirected","Binding"
"UNIPROT","P05787","UNIPROT","Q14525","undirected","Binding"
"UNIPROT","P05787","UNIPROT","Q14532","undirected","Binding"
"UNIPROT","P05787","UNIPROT","Q15323","undirected","Binding"
"UNIPROT","P05787","UNIPROT","Q2M2I5","undirected","Binding"
"UNIPROT","P05787","UNIPROT","Q6A162","undirected","Binding"
"UNIPROT","P05787","UNIPROT","Q6A163","undirected","Binding"
"UNIPROT","P05787","UNIPROT","Q7Z3Y7","undirected","Binding"
"UNIPROT","P05787","UNIPROT","Q7Z3Y8","undirected","Binding"
"UNIPROT","P05787","UNIPROT","Q7Z3Y9","undirected","Binding"
"UNIPROT","P05787","UNIPROT","Q7Z3Z0","undirected","Binding"
"UNIPROT","P05787","UNIPROT","Q92764","undirected","Binding"
"UNIPROT","P05787","UNIPROT","Q99456","undirected","Binding"
"UNIPROT","P05787","UNIPROT","Q9C075","undirected","Binding"
"UNIPROT","P07384","UNIPROT","P04632","undirected","Binding"
"UNIPROT","P07384","UNIPROT","P20930","directed","Control(Out: ACTIVATION of BiochemicalReaction)"
"UNIPROT","P07476","UNIPROT","A0A183","undirected","Binding"
"UNIPROT","P07476","UNIPROT","O14633","undirected","Binding"
"UNIPROT","P07476","UNIPROT","P01040","undirected","Binding"
"UNIPROT","P07476","UNIPROT","P19957","undirected","Binding"
"UNIPROT","P07476","UNIPROT","P22528","undirected","Binding"
"UNIPROT","P07476","UNIPROT","P22531","undirected","Binding"
"UNIPROT","P07476","UNIPROT","P22532","undirected","Binding"
"UNIPROT","P07476","UNIPROT","P22735","undirected","Binding"
"UNIPROT","P07476","UNIPROT","P23490","undirected","Binding"
"UNIPROT","P07476","UNIPROT","P35321","undirected","Binding"
"UNIPROT","P07476","UNIPROT","P35325","undirected","Binding"
"UNIPROT","P07476","UNIPROT","P35326","undirected","Binding"
"UNIPROT","P07476","UNIPROT","Q07283","undirected","Binding"
"UNIPROT","P07476","UNIPROT","Q15517","undirected","Binding"
"UNIPROT","P07476","UNIPROT","Q5T5A8","undirected","Binding"
"UNIPROT","P07476","UNIPROT","Q5T5B0","undirected","Binding"
"UNIPROT","P07476","UNIPROT","Q5T751","undirected","Binding"
"UNIPROT","P07476","UNIPROT","Q5T752","undirected","Binding"
"UNIPROT","P07476","UNIPROT","Q5T753","undirected","Binding"
"UNIPROT","P07476","UNIPROT","Q5T754","undirected","Binding"
"UNIPROT","P07476","UNIPROT","Q5T7P2","undirected","Binding"
"UNIPROT","P07476","UNIPROT","Q5T7P3","undirected","Binding"
"UNIPROT","P07476","UNIPROT","Q5T871","undirected","Binding"
"UNIPROT","P07476","UNIPROT","Q5TA76","undirected","Binding"
"UNIPROT","P07476","UNIPROT","Q5TA77","undirected","Binding"
"UNIPROT","P07476","UNIPROT","Q5TA78","undirected","Binding"
"UNIPROT","P07476","UNIPROT","Q5TA79","undirected","Binding"
"UNIPROT","P07476","UNIPROT","Q5TA81","undirected","Binding"
"UNIPROT","P07476","UNIPROT","Q5TA82","undirected","Binding"
"UNIPROT","P07476","UNIPROT","Q5TCM9","undirected","Binding"
"UNIPROT","P07476","UNIPROT","Q6XPR3","undirected","Binding"
"UNIPROT","P07476","UNIPROT","Q96RM1","undirected","Binding"
"UNIPROT","P07476","UNIPROT","Q9BYE3","undirected","Binding"
"UNIPROT","P07476","UNIPROT","Q9BYE4","undirected","Binding"
"UNIPROT","P07476","UNIPROT","Q9UBC9","undirected","Binding"
"UNIPROT","P08217","UNIPROT","P20930","directed","Control(Out: ACTIVATION of BiochemicalReaction)"
"UNIPROT","P08729","UNIPROT","O76009","undirected","Binding"
"UNIPROT","P08729","UNIPROT","O76011","undirected","Binding"
"UNIPROT","P08729","UNIPROT","O76013","undirected","Binding"
"UNIPROT","P08729","UNIPROT","O76014","undirected","Binding"
"UNIPROT","P08729","UNIPROT","O76015","undirected","Binding"
"UNIPROT","P08729","UNIPROT","P02533","undirected","Binding"
"UNIPROT","P08729","UNIPROT","P05783","undirected","Binding"
"UNIPROT","P08729","UNIPROT","P08727","undirected","Binding"
"UNIPROT","P08729","UNIPROT","P08779","undirected","Binding"
"UNIPROT","P08729","UNIPROT","P13645","undirected","Binding"
"UNIPROT","P08729","UNIPROT","P13646","undirected","Binding"
"UNIPROT","P08729","UNIPROT","P19012","undirected","Binding"
"UNIPROT","P08729","UNIPROT","P35527","undirected","Binding"
"UNIPROT","P08729","UNIPROT","P35900","undirected","Binding"
"UNIPROT","P08729","UNIPROT","Q04695","undirected","Binding"
"UNIPROT","P08729","UNIPROT","Q14525","undirected","Binding"
"UNIPROT","P08729","UNIPROT","Q14532","undirected","Binding"
"UNIPROT","P08729","UNIPROT","Q15323","undirected","Binding"
"UNIPROT","P08729","UNIPROT","Q2M2I5","undirected","Binding"
"UNIPROT","P08729","UNIPROT","Q6A162","undirected","Binding"
"UNIPROT","P08729","UNIPROT","Q6A163","undirected","Binding"
"UNIPROT","P08729","UNIPROT","Q7Z3Y7","undirected","Binding"
"UNIPROT","P08729","UNIPROT","Q7Z3Y8","undirected","Binding"
"UNIPROT","P08729","UNIPROT","Q7Z3Y9","undirected","Binding"
"UNIPROT","P08729","UNIPROT","Q7Z3Z0","undirected","Binding"
"UNIPROT","P08729","UNIPROT","Q92764","undirected","Binding"
"UNIPROT","P08729","UNIPROT","Q99456","undirected","Binding"
"UNIPROT","P08729","UNIPROT","Q9C075","undirected","Binding"
"UNIPROT","P09958","UNIPROT","P20930","directed","Control(Out: ACTIVATION of BiochemicalReaction)"
"UNIPROT","P12035","UNIPROT","O76009","undirected","Binding"
"UNIPROT","P12035","UNIPROT","O76011","undirected","Binding"
"UNIPROT","P12035","UNIPROT","O76013","undirected","Binding"
"UNIPROT","P12035","UNIPROT","O76014","undirected","Binding"
"UNIPROT","P12035","UNIPROT","O76015","undirected","Binding"
"UNIPROT","P12035","UNIPROT","P02533","undirected","Binding"
"UNIPROT","P12035","UNIPROT","P05783","undirected","Binding"
"UNIPROT","P12035","UNIPROT","P08727","undirected","Binding"
"UNIPROT","P12035","UNIPROT","P08779","undirected","Binding"
"UNIPROT","P12035","UNIPROT","P13645","undirected","Binding"
"UNIPROT","P12035","UNIPROT","P13646","undirected","Binding"
"UNIPROT","P12035","UNIPROT","P19012","undirected","Binding"
"UNIPROT","P12035","UNIPROT","P35527","undirected","Binding"
"UNIPROT","P12035","UNIPROT","P35900","undirected","Binding"
"UNIPROT","P12035","UNIPROT","Q04695","undirected","Binding"
"UNIPROT","P12035","UNIPROT","Q14525","undirected","Binding"
"UNIPROT","P12035","UNIPROT","Q14532","undirected","Binding"
"UNIPROT","P12035","UNIPROT","Q15323","undirected","Binding"
"UNIPROT","P12035","UNIPROT","Q2M2I5","undirected","Binding"
"UNIPROT","P12035","UNIPROT","Q6A162","undirected","Binding"
"UNIPROT","P12035","UNIPROT","Q6A163","undirected","Binding"
"UNIPROT","P12035","UNIPROT","Q7Z3Y7","undirected","Binding"
"UNIPROT","P12035","UNIPROT","Q7Z3Y8","undirected","Binding"
"UNIPROT","P12035","UNIPROT","Q7Z3Y9","undirected","Binding"
"UNIPROT","P12035","UNIPROT","Q7Z3Z0","undirected","Binding"
"UNIPROT","P12035","UNIPROT","Q92764","undirected","Binding"
"UNIPROT","P12035","UNIPROT","Q99456","undirected","Binding"
"UNIPROT","P12035","UNIPROT","Q9C075","undirected","Binding"
"UNIPROT","P13647","UNIPROT","O76009","undirected","Binding"
"UNIPROT","P13647","UNIPROT","O76011","undirected","Binding"
"UNIPROT","P13647","UNIPROT","O76013","undirected","Binding"
"UNIPROT","P13647","UNIPROT","O76014","undirected","Binding"
"UNIPROT","P13647","UNIPROT","O76015","undirected","Binding"
"UNIPROT","P13647","UNIPROT","P02533","undirected","Binding"
"UNIPROT","P13647","UNIPROT","P05783","undirected","Binding"
"UNIPROT","P13647","UNIPROT","P08727","undirected","Binding"
"UNIPROT","P13647","UNIPROT","P08779","undirected","Binding"
"UNIPROT","P13647","UNIPROT","P13645","undirected","Binding"
"UNIPROT","P13647","UNIPROT","P13646","undirected","Binding"
"UNIPROT","P13647","UNIPROT","P19012","undirected","Binding"
"UNIPROT","P13647","UNIPROT","P35527","undirected","Binding"
"UNIPROT","P13647","UNIPROT","P35900","undirected","Binding"
"UNIPROT","P13647","UNIPROT","Q04695","undirected","Binding"
"UNIPROT","P13647","UNIPROT","Q14525","undirected","Binding"
"UNIPROT","P13647","UNIPROT","Q14532","undirected","Binding"
"UNIPROT","P13647","UNIPROT","Q15323","undirected","Binding"
"UNIPROT","P13647","UNIPROT","Q2M2I5","undirected","Binding"
"UNIPROT","P13647","UNIPROT","Q6A162","undirected","Binding"
"UNIPROT","P13647","UNIPROT","Q6A163","undirected","Binding"
"UNIPROT","P13647","UNIPROT","Q7Z3Y7","undirected","Binding"
"UNIPROT","P13647","UNIPROT","Q7Z3Y8","undirected","Binding"
"UNIPROT","P13647","UNIPROT","Q7Z3Y9","undirected","Binding"
"UNIPROT","P13647","UNIPROT","Q7Z3Z0","undirected","Binding"
"UNIPROT","P13647","UNIPROT","Q92764","undirected","Binding"
"UNIPROT","P13647","UNIPROT","Q99456","undirected","Binding"
"UNIPROT","P13647","UNIPROT","Q9C075","undirected","Binding"
"UNIPROT","P14923","UNIPROT","P15924","undirected","Binding"
"UNIPROT","P14923","UNIPROT","P20930","undirected","Binding"
"UNIPROT","P14923","UNIPROT","P32926","undirected","Binding"
"UNIPROT","P14923","UNIPROT","Q02413","undirected","Binding"
"UNIPROT","P14923","UNIPROT","Q02487","undirected","Binding"
"UNIPROT","P14923","UNIPROT","Q08554","undirected","Binding"
"UNIPROT","P14923","UNIPROT","Q13835","undirected","Binding"
"UNIPROT","P14923","UNIPROT","Q14126","undirected","Binding"
"UNIPROT","P14923","UNIPROT","Q14574","undirected","Binding"
"UNIPROT","P14923","UNIPROT","Q86SJ6","undirected","Binding"
"UNIPROT","P14923","UNIPROT","Q96FX8","undirected","Binding"
"UNIPROT","P14923","UNIPROT","Q99569","undirected","Binding"
"UNIPROT","P14923","UNIPROT","Q99959","undirected","Binding"
"UNIPROT","P14923","UNIPROT","Q9Y446","undirected","Binding"
"UNIPROT","P15924","UNIPROT","P20930","undirected","Binding"
"UNIPROT","P15924","UNIPROT","P32926","undirected","Binding"
"UNIPROT","P15924","UNIPROT","Q02413","undirected","Binding"
"UNIPROT","P15924","UNIPROT","Q02487","undirected","Binding"
"UNIPROT","P15924","UNIPROT","Q08554","undirected","Binding"
"UNIPROT","P15924","UNIPROT","Q13835","undirected","Binding"
"UNIPROT","P15924","UNIPROT","Q14574","undirected","Binding"
"UNIPROT","P15924","UNIPROT","Q86SJ6","undirected","Binding"
"UNIPROT","P15924","UNIPROT","Q96FX8","undirected","Binding"
"UNIPROT","P15924","UNIPROT","Q99569","undirected","Binding"
"UNIPROT","P15924","UNIPROT","Q99959","undirected","Binding"
"UNIPROT","P15924","UNIPROT","Q9Y446","undirected","Binding"
"UNIPROT","P19013","UNIPROT","O76009","undirected","Binding"
"UNIPROT","P19013","UNIPROT","O76011","undirected","Binding"
"UNIPROT","P19013","UNIPROT","O76013","undirected","Binding"
"UNIPROT","P19013","UNIPROT","O76014","undirected","Binding"
"UNIPROT","P19013","UNIPROT","O76015","undirected","Binding"
"UNIPROT","P19013","UNIPROT","P02533","undirected","Binding"
"UNIPROT","P19013","UNIPROT","P05783","undirected","Binding"
"UNIPROT","P19013","UNIPROT","P08727","undirected","Binding"
"UNIPROT","P19013","UNIPROT","P08779","undirected","Binding"
"UNIPROT","P19013","UNIPROT","P13645","undirected","Binding"
"UNIPROT","P19013","UNIPROT","P13646","undirected","Binding"
"UNIPROT","P19013","UNIPROT","P19012","undirected","Binding"
"UNIPROT","P19013","UNIPROT","P35527","undirected","Binding"
"UNIPROT","P19013","UNIPROT","P35900","undirected","Binding"
"UNIPROT","P19013","UNIPROT","Q04695","undirected","Binding"
"UNIPROT","P19013","UNIPROT","Q14525","undirected","Binding"
"UNIPROT","P19013","UNIPROT","Q14532","undirected","Binding"
"UNIPROT","P19013","UNIPROT","Q15323","undirected","Binding"
"UNIPROT","P19013","UNIPROT","Q2M2I5","undirected","Binding"
"UNIPROT","P19013","UNIPROT","Q6A162","undirected","Binding"
"UNIPROT","P19013","UNIPROT","Q6A163","undirected","Binding"
"UNIPROT","P19013","UNIPROT","Q7Z3Y7","undirected","Binding"
"UNIPROT","P19013","UNIPROT","Q7Z3Y8","undirected","Binding"
"UNIPROT","P19013","UNIPROT","Q7Z3Y9","undirected","Binding"
"UNIPROT","P19013","UNIPROT","Q7Z3Z0","undirected","Binding"
"UNIPROT","P19013","UNIPROT","Q92764","undirected","Binding"
"UNIPROT","P19013","UNIPROT","Q99456","undirected","Binding"
"UNIPROT","P19013","UNIPROT","Q9C075","undirected","Binding"
"UNIPROT","P19957","UNIPROT","A0A183","undirected","Binding"
"UNIPROT","P19957","UNIPROT","O14633","undirected","Binding"
"UNIPROT","P19957","UNIPROT","P22528","undirected","Binding"
"UNIPROT","P19957","UNIPROT","P22531","undirected","Binding"
"UNIPROT","P19957","UNIPROT","P22532","undirected","Binding"
"UNIPROT","P19957","UNIPROT","P23490","undirected","Binding"
"UNIPROT","P19957","UNIPROT","P35321","undirected","Binding"
"UNIPROT","P19957","UNIPROT","P35325","undirected","Binding"
"UNIPROT","P19957","UNIPROT","P35326","undirected","Binding"
"UNIPROT","P19957","UNIPROT","Q15517","undirected","Binding"
"UNIPROT","P19957","UNIPROT","Q5T5A8","undirected","Binding"
"UNIPROT","P19957","UNIPROT","Q5T5B0","undirected","Binding"
"UNIPROT","P19957","UNIPROT","Q5T751","undirected","Binding"
"UNIPROT","P19957","UNIPROT","Q5T752","undirected","Binding"
"UNIPROT","P19957","UNIPROT","Q5T753","undirected","Binding"
"UNIPROT","P19957","UNIPROT","Q5T754","undirected","Binding"
"UNIPROT","P19957","UNIPROT","Q5T7P2","undirected","Binding"
"UNIPROT","P19957","UNIPROT","Q5T7P3","undirected","Binding"
"UNIPROT","P19957","UNIPROT","Q5T871","undirected","Binding"
"UNIPROT","P19957","UNIPROT","Q5TA76","undirected","Binding"
"UNIPROT","P19957","UNIPROT","Q5TA77","undirected","Binding"
"UNIPROT","P19957","UNIPROT","Q5TA78","undirected","Binding"
"UNIPROT","P19957","UNIPROT","Q5TA79","undirected","Binding"
"UNIPROT","P19957","UNIPROT","Q5TA81","undirected","Binding"
"UNIPROT","P19957","UNIPROT","Q5TA82","undirected","Binding"
"UNIPROT","P19957","UNIPROT","Q5TCM9","undirected","Binding"
"UNIPROT","P19957","UNIPROT","Q96RM1","undirected","Binding"
"UNIPROT","P19957","UNIPROT","Q9BYE3","undirected","Binding"
"UNIPROT","P19957","UNIPROT","Q9BYE4","undirected","Binding"
"UNIPROT","P19957","UNIPROT","Q9UBC9","undirected","Binding"
"UNIPROT","P22528","UNIPROT","A0A183","undirected","Binding"
"UNIPROT","P22528","UNIPROT","O14633","undirected","Binding"
"UNIPROT","P22528","UNIPROT","P23490","undirected","Binding"
"UNIPROT","P22528","UNIPROT","Q15517","undirected","Binding"
"UNIPROT","P22528","UNIPROT","Q5T5A8","undirected","Binding"
"UNIPROT","P22528","UNIPROT","Q5T5B0","undirected","Binding"
"UNIPROT","P22528","UNIPROT","Q5T751","undirected","Binding"
"UNIPROT","P22528","UNIPROT","Q5T752","undirected","Binding"
"UNIPROT","P22528","UNIPROT","Q5T753","undirected","Binding"
"UNIPROT","P22528","UNIPROT","Q5T754","undirected","Binding"
"UNIPROT","P22528","UNIPROT","Q5T7P2","undirected","Binding"
"UNIPROT","P22528","UNIPROT","Q5T7P3","undirected","Binding"
"UNIPROT","P22528","UNIPROT","Q5T871","undirected","Binding"
"UNIPROT","P22528","UNIPROT","Q5TA76","undirected","Binding"
"UNIPROT","P22528","UNIPROT","Q5TA77","undirected","Binding"
"UNIPROT","P22528","UNIPROT","Q5TA78","undirected","Binding"
"UNIPROT","P22528","UNIPROT","Q5TA79","undirected","Binding"
"UNIPROT","P22528","UNIPROT","Q5TA81","undirected","Binding"
"UNIPROT","P22528","UNIPROT","Q5TA82","undirected","Binding"
"UNIPROT","P22528","UNIPROT","Q5TCM9","undirected","Binding"
"UNIPROT","P22528","UNIPROT","Q9BYE3","undirected","Binding"
"UNIPROT","P22531","UNIPROT","A0A183","undirected","Binding"
"UNIPROT","P22531","UNIPROT","O14633","undirected","Binding"
"UNIPROT","P22531","UNIPROT","P23490","undirected","Binding"
"UNIPROT","P22531","UNIPROT","Q15517","undirected","Binding"
"UNIPROT","P22531","UNIPROT","Q5T5A8","undirected","Binding"
"UNIPROT","P22531","UNIPROT","Q5T5B0","undirected","Binding"
"UNIPROT","P22531","UNIPROT","Q5T751","undirected","Binding"
"UNIPROT","P22531","UNIPROT","Q5T752","undirected","Binding"
"UNIPROT","P22531","UNIPROT","Q5T753","undirected","Binding"
"UNIPROT","P22531","UNIPROT","Q5T754","undirected","Binding"
"UNIPROT","P22531","UNIPROT","Q5T7P2","undirected","Binding"
"UNIPROT","P22531","UNIPROT","Q5T7P3","undirected","Binding"
"UNIPROT","P22531","UNIPROT","Q5T871","undirected","Binding"
"UNIPROT","P22531","UNIPROT","Q5TA76","undirected","Binding"
"UNIPROT","P22531","UNIPROT","Q5TA77","undirected","Binding"
"UNIPROT","P22531","UNIPROT","Q5TA78","undirected","Binding"
"UNIPROT","P22531","UNIPROT","Q5TA79","undirected","Binding"
"UNIPROT","P22531","UNIPROT","Q5TA81","undirected","Binding"
"UNIPROT","P22531","UNIPROT","Q5TA82","undirected","Binding"
"UNIPROT","P22531","UNIPROT","Q5TCM9","undirected","Binding"
"UNIPROT","P22531","UNIPROT","Q9BYE3","undirected","Binding"
"UNIPROT","P22532","UNIPROT","A0A183","undirected","Binding"
"UNIPROT","P22532","UNIPROT","O14633","undirected","Binding"
"UNIPROT","P22532","UNIPROT","P23490","undirected","Binding"
"UNIPROT","P22532","UNIPROT","Q15517","undirected","Binding"
"UNIPROT","P22532","UNIPROT","Q5T5A8","undirected","Binding"
"UNIPROT","P22532","UNIPROT","Q5T5B0","undirected","Binding"
"UNIPROT","P22532","UNIPROT","Q5T751","undirected","Binding"
"UNIPROT","P22532","UNIPROT","Q5T752","undirected","Binding"
"UNIPROT","P22532","UNIPROT","Q5T753","undirected","Binding"
"UNIPROT","P22532","UNIPROT","Q5T754","undirected","Binding"
"UNIPROT","P22532","UNIPROT","Q5T7P2","undirected","Binding"
"UNIPROT","P22532","UNIPROT","Q5T7P3","undirected","Binding"
"UNIPROT","P22532","UNIPROT","Q5T871","undirected","Binding"
"UNIPROT","P22532","UNIPROT","Q5TA76","undirected","Binding"
"UNIPROT","P22532","UNIPROT","Q5TA77","undirected","Binding"
"UNIPROT","P22532","UNIPROT","Q5TA78","undirected","Binding"
"UNIPROT","P22532","UNIPROT","Q5TA79","undirected","Binding"
"UNIPROT","P22532","UNIPROT","Q5TA81","undirected","Binding"
"UNIPROT","P22532","UNIPROT","Q5TA82","undirected","Binding"
"UNIPROT","P22532","UNIPROT","Q5TCM9","undirected","Binding"
"UNIPROT","P22532","UNIPROT","Q9BYE3","undirected","Binding"
"UNIPROT","P22735","UNIPROT","A0A183","undirected","Binding"
"UNIPROT","P22735","UNIPROT","O14633","undirected","Binding"
"UNIPROT","P22735","UNIPROT","O60437","directed","Control(Out: ACTIVATION of BiochemicalReaction)"
"UNIPROT","P22735","UNIPROT","P01040","undirected","Binding"
"UNIPROT","P22735","UNIPROT","P07476","directed","Control(Out: ACTIVATION of BiochemicalReaction)"
"UNIPROT","P22735","UNIPROT","P19957","undirected","Binding"
"UNIPROT","P22735","UNIPROT","P22528","undirected","Binding"
"UNIPROT","P22735","UNIPROT","P22531","undirected","Binding"
"UNIPROT","P22735","UNIPROT","P22532","undirected","Binding"
"UNIPROT","P22735","UNIPROT","P23490","undirected","Binding"
"UNIPROT","P22735","UNIPROT","P35321","undirected","Binding"
"UNIPROT","P22735","UNIPROT","P35325","undirected","Binding"
"UNIPROT","P22735","UNIPROT","P35326","undirected","Binding"
"UNIPROT","P22735","UNIPROT","Q07283","undirected","Binding"
"UNIPROT","P22735","UNIPROT","Q15517","undirected","Binding"
"UNIPROT","P22735","UNIPROT","Q5T5A8","undirected","Binding"
"UNIPROT","P22735","UNIPROT","Q5T5B0","undirected","Binding"
"UNIPROT","P22735","UNIPROT","Q5T751","undirected","Binding"
"UNIPROT","P22735","UNIPROT","Q5T752","undirected","Binding"
"UNIPROT","P22735","UNIPROT","Q5T753","undirected","Binding"
"UNIPROT","P22735","UNIPROT","Q5T754","undirected","Binding"
"UNIPROT","P22735","UNIPROT","Q5T7P2","undirected","Binding"
"UNIPROT","P22735","UNIPROT","Q5T7P3","undirected","Binding"
"UNIPROT","P22735","UNIPROT","Q5T871","undirected","Binding"
"UNIPROT","P22735","UNIPROT","Q5TA76","undirected","Binding"
"UNIPROT","P22735","UNIPROT","Q5TA77","undirected","Binding"
"UNIPROT","P22735","UNIPROT","Q5TA78","undirected","Binding"
"UNIPROT","P22735","UNIPROT","Q5TA79","undirected","Binding"
"UNIPROT","P22735","UNIPROT","Q5TA81","undirected","Binding"
"UNIPROT","P22735","UNIPROT","Q5TA82","undirected","Binding"
"UNIPROT","P22735","UNIPROT","Q5TCM9","undirected","Binding"
"UNIPROT","P22735","UNIPROT","Q6XPR3","undirected","Binding"
"UNIPROT","P22735","UNIPROT","Q92817","directed","Control(Out: ACTIVATION of BiochemicalReaction)"
"UNIPROT","P22735","UNIPROT","Q96RM1","undirected","Binding"
"UNIPROT","P22735","UNIPROT","Q9BYE3","undirected","Binding"
"UNIPROT","P22735","UNIPROT","Q9BYE4","undirected","Binding"
"UNIPROT","P22735","UNIPROT","Q9UBC9","undirected","Binding"
"UNIPROT","P23490","UNIPROT","A0A183","undirected","Binding"
"UNIPROT","P23490","UNIPROT","O14633","undirected","Binding"
"UNIPROT","P23490","UNIPROT","Q15517","undirected","Binding"
"UNIPROT","P23490","UNIPROT","Q5T5A8","undirected","Binding"
"UNIPROT","P23490","UNIPROT","Q5T5B0","undirected","Binding"
"UNIPROT","P23490","UNIPROT","Q5T751","undirected","Binding"
"UNIPROT","P23490","UNIPROT","Q5T752","undirected","Binding"
"UNIPROT","P23490","UNIPROT","Q5T753","undirected","Binding"
"UNIPROT","P23490","UNIPROT","Q5T754","undirected","Binding"
"UNIPROT","P23490","UNIPROT","Q5T7P2","undirected","Binding"
"UNIPROT","P23490","UNIPROT","Q5T7P3","undirected","Binding"
"UNIPROT","P23490","UNIPROT","Q5T871","undirected","Binding"
"UNIPROT","P23490","UNIPROT","Q5TA76","undirected","Binding"
"UNIPROT","P23490","UNIPROT","Q5TA77","undirected","Binding"
"UNIPROT","P23490","UNIPROT","Q5TA78","undirected","Binding"
"UNIPROT","P23490","UNIPROT","Q5TA79","undirected","Binding"
"UNIPROT","P23490","UNIPROT","Q5TA81","undirected","Binding"
"UNIPROT","P23490","UNIPROT","Q5TA82","undirected","Binding"
"UNIPROT","P23490","UNIPROT","Q5TCM9","undirected","Binding"
"UNIPROT","P23490","UNIPROT","Q9BYE3","undirected","Binding"
"UNIPROT","P29122","UNIPROT","P20930","directed","Control(Out: ACTIVATION of BiochemicalReaction)"
"UNIPROT","P31944","UNIPROT","A0A183","directed","Control(Out: ACTIVATION of BiochemicalReaction)"
"UNIPROT","P31944","UNIPROT","O14633","directed","Control(Out: ACTIVATION of BiochemicalReaction)"
"UNIPROT","P31944","UNIPROT","O60437","directed","Control(Out: ACTIVATION of BiochemicalReaction)"
"UNIPROT","P31944","UNIPROT","P01040","directed","Control(Out: ACTIVATION of BiochemicalReaction)"
"UNIPROT","P31944","UNIPROT","P07476","directed","Control(Out: ACTIVATION of BiochemicalReaction)"
"UNIPROT","P31944","UNIPROT","P19957","directed","Control(Out: ACTIVATION of BiochemicalReaction)"
"UNIPROT","P31944","UNIPROT","P20930","directed","Control(Out: ACTIVATION of BiochemicalReaction)"
"UNIPROT","P31944","UNIPROT","P22528","directed","Control(Out: ACTIVATION of BiochemicalReaction)"
"UNIPROT","P31944","UNIPROT","P22531","directed","Control(Out: ACTIVATION of BiochemicalReaction)"
"UNIPROT","P31944","UNIPROT","P22532","directed","Control(Out: ACTIVATION of BiochemicalReaction)"
"UNIPROT","P31944","UNIPROT","P22735","directed","Control(Out: ACTIVATION of BiochemicalReaction)"
"UNIPROT","P31944","UNIPROT","P23490","directed","Control(Out: ACTIVATION of BiochemicalReaction)"
"UNIPROT","P31944","UNIPROT","P35321","directed","Control(Out: ACTIVATION of BiochemicalReaction)"
"UNIPROT","P31944","UNIPROT","P35325","directed","Control(Out: ACTIVATION of BiochemicalReaction)"
"UNIPROT","P31944","UNIPROT","P35326","directed","Control(Out: ACTIVATION of BiochemicalReaction)"
"UNIPROT","P31944","UNIPROT","Q07283","directed","Control(Out: ACTIVATION of BiochemicalReaction)"
"UNIPROT","P31944","UNIPROT","Q15517","directed","Control(Out: ACTIVATION of BiochemicalReaction)"
"UNIPROT","P31944","UNIPROT","Q5T5A8","directed","Control(Out: ACTIVATION of BiochemicalReaction)"
"UNIPROT","P31944","UNIPROT","Q5T5B0","directed","Control(Out: ACTIVATION of BiochemicalReaction)"
"UNIPROT","P31944","UNIPROT","Q5T751","directed","Control(Out: ACTIVATION of BiochemicalReaction)"
"UNIPROT","P31944","UNIPROT","Q5T752","directed","Control(Out: ACTIVATION of BiochemicalReaction)"
"UNIPROT","P31944","UNIPROT","Q5T753","directed","Control(Out: ACTIVATION of BiochemicalReaction)"
"UNIPROT","P31944","UNIPROT","Q5T754","directed","Control(Out: ACTIVATION of BiochemicalReaction)"
"UNIPROT","P31944","UNIPROT","Q5T7P2","directed","Control(Out: ACTIVATION of BiochemicalReaction)"
"UNIPROT","P31944","UNIPROT","Q5T7P3","directed","Control(Out: ACTIVATION of BiochemicalReaction)"
"UNIPROT","P31944","UNIPROT","Q5T871","directed","Control(Out: ACTIVATION of BiochemicalReaction)"
"UNIPROT","P31944","UNIPROT","Q5TA76","directed","Control(Out: ACTIVATION of BiochemicalReaction)"
"UNIPROT","P31944","UNIPROT","Q5TA77","directed","Control(Out: ACTIVATION of BiochemicalReaction)"
"UNIPROT","P31944","UNIPROT","Q5TA78","directed","Control(Out: ACTIVATION of BiochemicalReaction)"
"UNIPROT","P31944","UNIPROT","Q5TA79","directed","Control(Out: ACTIVATION of BiochemicalReaction)"
"UNIPROT","P31944","UNIPROT","Q5TA81","directed","Control(Out: ACTIVATION of BiochemicalReaction)"
"UNIPROT","P31944","UNIPROT","Q5TA82","directed","Control(Out: ACTIVATION of BiochemicalReaction)"
"UNIPROT","P31944","UNIPROT","Q5TCM9","directed","Control(Out: ACTIVATION of BiochemicalReaction)"
"UNIPROT","P31944","UNIPROT","Q6XPR3","directed","Control(Out: ACTIVATION of BiochemicalReaction)"
"UNIPROT","P31944","UNIPROT","Q92817","directed","Control(Out: ACTIVATION of BiochemicalReaction)"
"UNIPROT","P31944","UNIPROT","Q96RM1","directed","Control(Out: ACTIVATION of BiochemicalReaction)"
"UNIPROT","P31944","UNIPROT","Q9BYE3","directed","Control(Out: ACTIVATION of BiochemicalReaction)"
"UNIPROT","P31944","UNIPROT","Q9BYE4","directed","Control(Out: ACTIVATION of BiochemicalReaction)"
"UNIPROT","P31944","UNIPROT","Q9UBC9","directed","Control(Out: ACTIVATION of BiochemicalReaction)"
"UNIPROT","P32926","UNIPROT","P20930","undirected","Binding"
"UNIPROT","P32926","UNIPROT","Q96FX8","undirected","Binding"
"UNIPROT","P35321","UNIPROT","A0A183","undirected","Binding"
"UNIPROT","P35321","UNIPROT","O14633","undirected","Binding"
"UNIPROT","P35321","UNIPROT","P23490","undirected","Binding"
"UNIPROT","P35321","UNIPROT","Q15517","undirected","Binding"
"UNIPROT","P35321","UNIPROT","Q5T5A8","undirected","Binding"
"UNIPROT","P35321","UNIPROT","Q5T5B0","undirected","Binding"
"UNIPROT","P35321","UNIPROT","Q5T751","undirected","Binding"
"UNIPROT","P35321","UNIPROT","Q5T752","undirected","Binding"
"UNIPROT","P35321","UNIPROT","Q5T753","undirected","Binding"
"UNIPROT","P35321","UNIPROT","Q5T754","undirected","Binding"
"UNIPROT","P35321","UNIPROT","Q5T7P2","undirected","Binding"
"UNIPROT","P35321","UNIPROT","Q5T7P3","undirected","Binding"
"UNIPROT","P35321","UNIPROT","Q5T871","undirected","Binding"
"UNIPROT","P35321","UNIPROT","Q5TA76","undirected","Binding"
"UNIPROT","P35321","UNIPROT","Q5TA77","undirected","Binding"
"UNIPROT","P35321","UNIPROT","Q5TA78","undirected","Binding"
"UNIPROT","P35321","UNIPROT","Q5TA79","undirected","Binding"
"UNIPROT","P35321","UNIPROT","Q5TA81","undirected","Binding"
"UNIPROT","P35321","UNIPROT","Q5TA82","undirected","Binding"
"UNIPROT","P35321","UNIPROT","Q5TCM9","undirected","Binding"
"UNIPROT","P35321","UNIPROT","Q9BYE3","undirected","Binding"
"UNIPROT","P35325","UNIPROT","A0A183","undirected","Binding"
"UNIPROT","P35325","UNIPROT","O14633","undirected","Binding"
"UNIPROT","P35325","UNIPROT","P23490","undirected","Binding"
"UNIPROT","P35325","UNIPROT","Q15517","undirected","Binding"
"UNIPROT","P35325","UNIPROT","Q5T5A8","undirected","Binding"
"UNIPROT","P35325","UNIPROT","Q5T5B0","undirected","Binding"
"UNIPROT","P35325","UNIPROT","Q5T751","undirected","Binding"
"UNIPROT","P35325","UNIPROT","Q5T752","undirected","Binding"
"UNIPROT","P35325","UNIPROT","Q5T753","undirected","Binding"
"UNIPROT","P35325","UNIPROT","Q5T754","undirected","Binding"
"UNIPROT","P35325","UNIPROT","Q5T7P2","undirected","Binding"
"UNIPROT","P35325","UNIPROT","Q5T7P3","undirected","Binding"
"UNIPROT","P35325","UNIPROT","Q5T871","undirected","Binding"
"UNIPROT","P35325","UNIPROT","Q5TA76","undirected","Binding"
"UNIPROT","P35325","UNIPROT","Q5TA77","undirected","Binding"
"UNIPROT","P35325","UNIPROT","Q5TA78","undirected","Binding"
"UNIPROT","P35325","UNIPROT","Q5TA79","undirected","Binding"
"UNIPROT","P35325","UNIPROT","Q5TA81","undirected","Binding"
"UNIPROT","P35325","UNIPROT","Q5TA82","undirected","Binding"
"UNIPROT","P35325","UNIPROT","Q5TCM9","undirected","Binding"
"UNIPROT","P35325","UNIPROT","Q9BYE3","undirected","Binding"
"UNIPROT","P35326","UNIPROT","A0A183","undirected","Binding"
"UNIPROT","P35326","UNIPROT","O14633","undirected","Binding"
"UNIPROT","P35326","UNIPROT","P23490","undirected","Binding"
"UNIPROT","P35326","UNIPROT","Q15517","undirected","Binding"
"UNIPROT","P35326","UNIPROT","Q5T5A8","undirected","Binding"
"UNIPROT","P35326","UNIPROT","Q5T5B0","undirected","Binding"
"UNIPROT","P35326","UNIPROT","Q5T751","undirected","Binding"
"UNIPROT","P35326","UNIPROT","Q5T752","undirected","Binding"
"UNIPROT","P35326","UNIPROT","Q5T753","undirected","Binding"
"UNIPROT","P35326","UNIPROT","Q5T754","undirected","Binding"
"UNIPROT","P35326","UNIPROT","Q5T7P2","undirected","Binding"
"UNIPROT","P35326","UNIPROT","Q5T7P3","undirected","Binding"
"UNIPROT","P35326","UNIPROT","Q5T871","undirected","Binding"
"UNIPROT","P35326","UNIPROT","Q5TA76","undirected","Binding"
"UNIPROT","P35326","UNIPROT","Q5TA77","undirected","Binding"
"UNIPROT","P35326","UNIPROT","Q5TA78","undirected","Binding"
"UNIPROT","P35326","UNIPROT","Q5TA79","undirected","Binding"
"UNIPROT","P35326","UNIPROT","Q5TA81","undirected","Binding"
"UNIPROT","P35326","UNIPROT","Q5TA82","undirected","Binding"
"UNIPROT","P35326","UNIPROT","Q5TCM9","undirected","Binding"
"UNIPROT","P35326","UNIPROT","Q9BYE3","undirected","Binding"
"UNIPROT","P35908","UNIPROT","O76009","undirected","Binding"
"UNIPROT","P35908","UNIPROT","O76011","undirected","Binding"
"UNIPROT","P35908","UNIPROT","O76013","undirected","Binding"
"UNIPROT","P35908","UNIPROT","O76014","undirected","Binding"
"UNIPROT","P35908","UNIPROT","O76015","undirected","Binding"
"UNIPROT","P35908","UNIPROT","P02533","undirected","Binding"
"UNIPROT","P35908","UNIPROT","P05783","undirected","Binding"
"UNIPROT","P35908","UNIPROT","P08727","undirected","Binding"
"UNIPROT","P35908","UNIPROT","P08779","undirected","Binding"
"UNIPROT","P35908","UNIPROT","P13645","undirected","Binding"
"UNIPROT","P35908","UNIPROT","P13646","undirected","Binding"
"UNIPROT","P35908","UNIPROT","P19012","undirected","Binding"
"UNIPROT","P35908","UNIPROT","P35527","undirected","Binding"
"UNIPROT","P35908","UNIPROT","P35900","undirected","Binding"
"UNIPROT","P35908","UNIPROT","Q04695","undirected","Binding"
"UNIPROT","P35908","UNIPROT","Q14525","undirected","Binding"
"UNIPROT","P35908","UNIPROT","Q14532","undirected","Binding"
"UNIPROT","P35908","UNIPROT","Q15323","undirected","Binding"
"UNIPROT","P35908","UNIPROT","Q2M2I5","undirected","Binding"
"UNIPROT","P35908","UNIPROT","Q6A162","undirected","Binding"
"UNIPROT","P35908","UNIPROT","Q6A163","undirected","Binding"
"UNIPROT","P35908","UNIPROT","Q7Z3Y7","undirected","Binding"
"UNIPROT","P35908","UNIPROT","Q7Z3Y8","undirected","Binding"
"UNIPROT","P35908","UNIPROT","Q7Z3Y9","undirected","Binding"
"UNIPROT","P35908","UNIPROT","Q7Z3Z0","undirected","Binding"
"UNIPROT","P35908","UNIPROT","Q92764","undirected","Binding"
"UNIPROT","P35908","UNIPROT","Q99456","undirected","Binding"
"UNIPROT","P35908","UNIPROT","Q9C075","undirected","Binding"
"UNIPROT","P48668","UNIPROT","O76009","undirected","Binding"
"UNIPROT","P48668","UNIPROT","O76011","undirected","Binding"
"UNIPROT","P48668","UNIPROT","O76013","undirected","Binding"
"UNIPROT","P48668","UNIPROT","O76014","undirected","Binding"
"UNIPROT","P48668","UNIPROT","O76015","undirected","Binding"
"UNIPROT","P48668","UNIPROT","P02533","undirected","Binding"
"UNIPROT","P48668","UNIPROT","P05783","undirected","Binding"
"UNIPROT","P48668","UNIPROT","P08727","undirected","Binding"
"UNIPROT","P48668","UNIPROT","P08779","undirected","Binding"
"UNIPROT","P48668","UNIPROT","P13645","undirected","Binding"
"UNIPROT","P48668","UNIPROT","P13646","undirected","Binding"
"UNIPROT","P48668","UNIPROT","P19012","undirected","Binding"
"UNIPROT","P48668","UNIPROT","P35527","undirected","Binding"
"UNIPROT","P48668","UNIPROT","P35900","undirected","Binding"
"UNIPROT","P48668","UNIPROT","Q04695","undirected","Binding"
"UNIPROT","P48668","UNIPROT","Q14525","undirected","Binding"
"UNIPROT","P48668","UNIPROT","Q14532","undirected","Binding"
"UNIPROT","P48668","UNIPROT","Q15323","undirected","Binding"
"UNIPROT","P48668","UNIPROT","Q2M2I5","undirected","Binding"
"UNIPROT","P48668","UNIPROT","Q6A162","undirected","Binding"
"UNIPROT","P48668","UNIPROT","Q6A163","undirected","Binding"
"UNIPROT","P48668","UNIPROT","Q7Z3Y7","undirected","Binding"
"UNIPROT","P48668","UNIPROT","Q7Z3Y8","undirected","Binding"
"UNIPROT","P48668","UNIPROT","Q7Z3Y9","undirected","Binding"
"UNIPROT","P48668","UNIPROT","Q7Z3Z0","undirected","Binding"
"UNIPROT","P48668","UNIPROT","Q92764","undirected","Binding"
"UNIPROT","P48668","UNIPROT","Q99456","undirected","Binding"
"UNIPROT","P48668","UNIPROT","Q9C075","undirected","Binding"
"UNIPROT","P78385","UNIPROT","O76009","undirected","Binding"
"UNIPROT","P78385","UNIPROT","O76011","undirected","Binding"
"UNIPROT","P78385","UNIPROT","O76013","undirected","Binding"
"UNIPROT","P78385","UNIPROT","O76014","undirected","Binding"
"UNIPROT","P78385","UNIPROT","O76015","undirected","Binding"
"UNIPROT","P78385","UNIPROT","P02533","undirected","Binding"
"UNIPROT","P78385","UNIPROT","P05783","undirected","Binding"
"UNIPROT","P78385","UNIPROT","P08727","undirected","Binding"
"UNIPROT","P78385","UNIPROT","P08779","undirected","Binding"
"UNIPROT","P78385","UNIPROT","P13645","undirected","Binding"
"UNIPROT","P78385","UNIPROT","P13646","undirected","Binding"
"UNIPROT","P78385","UNIPROT","P19012","undirected","Binding"
"UNIPROT","P78385","UNIPROT","P35527","undirected","Binding"
"UNIPROT","P78385","UNIPROT","P35900","undirected","Binding"
"UNIPROT","P78385","UNIPROT","Q04695","undirected","Binding"
"UNIPROT","P78385","UNIPROT","Q14525","undirected","Binding"
"UNIPROT","P78385","UNIPROT","Q14532","undirected","Binding"
"UNIPROT","P78385","UNIPROT","Q15323","undirected","Binding"
"UNIPROT","P78385","UNIPROT","Q2M2I5","undirected","Binding"
"UNIPROT","P78385","UNIPROT","Q6A162","undirected","Binding"
"UNIPROT","P78385","UNIPROT","Q6A163","undirected","Binding"
"UNIPROT","P78385","UNIPROT","Q7Z3Y7","undirected","Binding"
"UNIPROT","P78385","UNIPROT","Q7Z3Y8","undirected","Binding"
"UNIPROT","P78385","UNIPROT","Q7Z3Y9","undirected","Binding"
"UNIPROT","P78385","UNIPROT","Q7Z3Z0","undirected","Binding"
"UNIPROT","P78385","UNIPROT","Q92764","undirected","Binding"
"UNIPROT","P78385","UNIPROT","Q99456","undirected","Binding"
"UNIPROT","P78385","UNIPROT","Q9C075","undirected","Binding"
"UNIPROT","P78386","UNIPROT","O76009","undirected","Binding"
"UNIPROT","P78386","UNIPROT","O76011","undirected","Binding"
"UNIPROT","P78386","UNIPROT","O76013","undirected","Binding"
"UNIPROT","P78386","UNIPROT","O76014","undirected","Binding"
"UNIPROT","P78386","UNIPROT","O76015","undirected","Binding"
"UNIPROT","P78386","UNIPROT","P02533","undirected","Binding"
"UNIPROT","P78386","UNIPROT","P05783","undirected","Binding"
"UNIPROT","P78386","UNIPROT","P08727","undirected","Binding"
"UNIPROT","P78386","UNIPROT","P08779","undirected","Binding"
"UNIPROT","P78386","UNIPROT","P13645","undirected","Binding"
"UNIPROT","P78386","UNIPROT","P13646","undirected","Binding"
"UNIPROT","P78386","UNIPROT","P19012","undirected","Binding"
"UNIPROT","P78386","UNIPROT","P35527","undirected","Binding"
"UNIPROT","P78386","UNIPROT","P35900","undirected","Binding"
"UNIPROT","P78386","UNIPROT","Q04695","undirected","Binding"
"UNIPROT","P78386","UNIPROT","Q14525","undirected","Binding"
"UNIPROT","P78386","UNIPROT","Q14532","undirected","Binding"
"UNIPROT","P78386","UNIPROT","Q15323","undirected","Binding"
"UNIPROT","P78386","UNIPROT","Q2M2I5","undirected","Binding"
"UNIPROT","P78386","UNIPROT","Q6A162","undirected","Binding"
"UNIPROT","P78386","UNIPROT","Q6A163","undirected","Binding"
"UNIPROT","P78386","UNIPROT","Q7Z3Y7","undirected","Binding"
"UNIPROT","P78386","UNIPROT","Q7Z3Y8","undirected","Binding"
"UNIPROT","P78386","UNIPROT","Q7Z3Y9","undirected","Binding"
"UNIPROT","P78386","UNIPROT","Q7Z3Z0","undirected","Binding"
"UNIPROT","P78386","UNIPROT","Q92764","undirected","Binding"
"UNIPROT","P78386","UNIPROT","Q99456","undirected","Binding"
"UNIPROT","P78386","UNIPROT","Q9C075","undirected","Binding"
"UNIPROT","Q01546","UNIPROT","O76009","undirected","Binding"
"UNIPROT","Q01546","UNIPROT","O76011","undirected","Binding"
"UNIPROT","Q01546","UNIPROT","O76013","undirected","Binding"
"UNIPROT","Q01546","UNIPROT","O76014","undirected","Binding"
"UNIPROT","Q01546","UNIPROT","O76015","undirected","Binding"
"UNIPROT","Q01546","UNIPROT","P02533","undirected","Binding"
"UNIPROT","Q01546","UNIPROT","P05783","undirected","Binding"
"UNIPROT","Q01546","UNIPROT","P08727","undirected","Binding"
"UNIPROT","Q01546","UNIPROT","P08779","undirected","Binding"
"UNIPROT","Q01546","UNIPROT","P13645","undirected","Binding"
"UNIPROT","Q01546","UNIPROT","P13646","undirected","Binding"
"UNIPROT","Q01546","UNIPROT","P19012","undirected","Binding"
"UNIPROT","Q01546","UNIPROT","P35527","undirected","Binding"
"UNIPROT","Q01546","UNIPROT","P35900","undirected","Binding"
"UNIPROT","Q01546","UNIPROT","Q04695","undirected","Binding"
"UNIPROT","Q01546","UNIPROT","Q14525","undirected","Binding"
"UNIPROT","Q01546","UNIPROT","Q14532","undirected","Binding"
"UNIPROT","Q01546","UNIPROT","Q15323","undirected","Binding"
"UNIPROT","Q01546","UNIPROT","Q2M2I5","undirected","Binding"
"UNIPROT","Q01546","UNIPROT","Q6A162","undirected","Binding"
"UNIPROT","Q01546","UNIPROT","Q6A163","undirected","Binding"
"UNIPROT","Q01546","UNIPROT","Q7Z3Y7","undirected","Binding"
"UNIPROT","Q01546","UNIPROT","Q7Z3Y8","undirected","Binding"
"UNIPROT","Q01546","UNIPROT","Q7Z3Y9","undirected","Binding"
"UNIPROT","Q01546","UNIPROT","Q7Z3Z0","undirected","Binding"
"UNIPROT","Q01546","UNIPROT","Q92764","undirected","Binding"
"UNIPROT","Q01546","UNIPROT","Q99456","undirected","Binding"
"UNIPROT","Q01546","UNIPROT","Q9C075","undirected","Binding"
"UNIPROT","Q02413","UNIPROT","P20930","undirected","Binding"
"UNIPROT","Q02413","UNIPROT","Q02487","undirected","Binding"
"UNIPROT","Q02413","UNIPROT","Q08554","undirected","Binding"
"UNIPROT","Q02413","UNIPROT","Q13835","undirected","Binding"
"UNIPROT","Q02413","UNIPROT","Q14574","undirected","Binding"
"UNIPROT","Q02413","UNIPROT","Q96FX8","undirected","Binding"
"UNIPROT","Q02413","UNIPROT","Q99959","undirected","Binding"
"UNIPROT","Q02413","UNIPROT","Q9Y446","undirected","Binding"
"UNIPROT","Q02487","UNIPROT","P20930","undirected","Binding"
"UNIPROT","Q02487","UNIPROT","P32926","undirected","Binding"
"UNIPROT","Q02487","UNIPROT","Q86SJ6","undirected","Binding"
"UNIPROT","Q02487","UNIPROT","Q96FX8","undirected","Binding"
"UNIPROT","Q07283","UNIPROT","A0A183","undirected","Binding"
"UNIPROT","Q07283","UNIPROT","O14633","undirected","Binding"
"UNIPROT","Q07283","UNIPROT","P22528","undirected","Binding"
"UNIPROT","Q07283","UNIPROT","P22531","undirected","Binding"
"UNIPROT","Q07283","UNIPROT","P22532","undirected","Binding"
"UNIPROT","Q07283","UNIPROT","P23490","undirected","Binding"
"UNIPROT","Q07283","UNIPROT","P35321","undirected","Binding"
"UNIPROT","Q07283","UNIPROT","P35325","undirected","Binding"
"UNIPROT","Q07283","UNIPROT","P35326","undirected","Binding"
"UNIPROT","Q07283","UNIPROT","Q15517","undirected","Binding"
"UNIPROT","Q07283","UNIPROT","Q5T5A8","undirected","Binding"
"UNIPROT","Q07283","UNIPROT","Q5T5B0","undirected","Binding"
"UNIPROT","Q07283","UNIPROT","Q5T751","undirected","Binding"
"UNIPROT","Q07283","UNIPROT","Q5T752","undirected","Binding"
"UNIPROT","Q07283","UNIPROT","Q5T753","undirected","Binding"
"UNIPROT","Q07283","UNIPROT","Q5T754","undirected","Binding"
"UNIPROT","Q07283","UNIPROT","Q5T7P2","undirected","Binding"
"UNIPROT","Q07283","UNIPROT","Q5T7P3","undirected","Binding"
"UNIPROT","Q07283","UNIPROT","Q5T871","undirected","Binding"
"UNIPROT","Q07283","UNIPROT","Q5TA76","undirected","Binding"
"UNIPROT","Q07283","UNIPROT","Q5TA77","undirected","Binding"
"UNIPROT","Q07283","UNIPROT","Q5TA78","undirected","Binding"
"UNIPROT","Q07283","UNIPROT","Q5TA79","undirected","Binding"
"UNIPROT","Q07283","UNIPROT","Q5TA81","undirected","Binding"
"UNIPROT","Q07283","UNIPROT","Q5TA82","undirected","Binding"
"UNIPROT","Q07283","UNIPROT","Q5TCM9","undirected","Binding"
"UNIPROT","Q07283","UNIPROT","Q96RM1","undirected","Binding"
"UNIPROT","Q07283","UNIPROT","Q9BYE3","undirected","Binding"
"UNIPROT","Q07283","UNIPROT","Q9BYE4","undirected","Binding"
"UNIPROT","Q07283","UNIPROT","Q9UBC9","undirected","Binding"
"UNIPROT","Q08554","UNIPROT","P20930","undirected","Binding"
"UNIPROT","Q08554","UNIPROT","P32926","undirected","Binding"
"UNIPROT","Q08554","UNIPROT","Q86SJ6","undirected","Binding"
"UNIPROT","Q08554","UNIPROT","Q96FX8","undirected","Binding"
"UNIPROT","Q13835","UNIPROT","P20930","undirected","Binding"
"UNIPROT","Q13835","UNIPROT","P32926","undirected","Binding"
"UNIPROT","Q13835","UNIPROT","Q02487","undirected","Binding"
"UNIPROT","Q13835","UNIPROT","Q08554","undirected","Binding"
"UNIPROT","Q13835","UNIPROT","Q14574","undirected","Binding"
"UNIPROT","Q13835","UNIPROT","Q86SJ6","undirected","Binding"
"UNIPROT","Q13835","UNIPROT","Q96FX8","undirected","Binding"
"UNIPROT","Q14126","UNIPROT","P15924","undirected","Binding"
"UNIPROT","Q14126","UNIPROT","P20930","undirected","Binding"
"UNIPROT","Q14126","UNIPROT","Q02487","undirected","Binding"
"UNIPROT","Q14126","UNIPROT","Q08554","undirected","Binding"
"UNIPROT","Q14126","UNIPROT","Q13835","undirected","Binding"
"UNIPROT","Q14126","UNIPROT","Q14574","undirected","Binding"
"UNIPROT","Q14126","UNIPROT","Q96FX8","undirected","Binding"
"UNIPROT","Q14126","UNIPROT","Q99569","undirected","Binding"
"UNIPROT","Q14126","UNIPROT","Q99959","undirected","Binding"
"UNIPROT","Q14126","UNIPROT","Q9Y446","undirected","Binding"
"UNIPROT","Q14533","UNIPROT","O76009","undirected","Binding"
"UNIPROT","Q14533","UNIPROT","O76011","undirected","Binding"
"UNIPROT","Q14533","UNIPROT","O76013","undirected","Binding"
"UNIPROT","Q14533","UNIPROT","O76014","undirected","Binding"
"UNIPROT","Q14533","UNIPROT","O76015","undirected","Binding"
"UNIPROT","Q14533","UNIPROT","P02533","undirected","Binding"
"UNIPROT","Q14533","UNIPROT","P05783","undirected","Binding"
"UNIPROT","Q14533","UNIPROT","P08727","undirected","Binding"
"UNIPROT","Q14533","UNIPROT","P08779","undirected","Binding"
"UNIPROT","Q14533","UNIPROT","P13645","undirected","Binding"
"UNIPROT","Q14533","UNIPROT","P13646","undirected","Binding"
"UNIPROT","Q14533","UNIPROT","P19012","undirected","Binding"
"UNIPROT","Q14533","UNIPROT","P35527","undirected","Binding"
"UNIPROT","Q14533","UNIPROT","P35900","undirected","Binding"
"UNIPROT","Q14533","UNIPROT","Q04695","undirected","Binding"
"UNIPROT","Q14533","UNIPROT","Q14525","undirected","Binding"
"UNIPROT","Q14533","UNIPROT","Q14532","undirected","Binding"
"UNIPROT","Q14533","UNIPROT","Q15323","undirected","Binding"
"UNIPROT","Q14533","UNIPROT","Q2M2I5","undirected","Binding"
"UNIPROT","Q14533","UNIPROT","Q6A162","undirected","Binding"
"UNIPROT","Q14533","UNIPROT","Q6A163","undirected","Binding"
"UNIPROT","Q14533","UNIPROT","Q7Z3Y7","undirected","Binding"
"UNIPROT","Q14533","UNIPROT","Q7Z3Y8","undirected","Binding"
"UNIPROT","Q14533","UNIPROT","Q7Z3Y9","undirected","Binding"
"UNIPROT","Q14533","UNIPROT","Q7Z3Z0","undirected","Binding"
"UNIPROT","Q14533","UNIPROT","Q92764","undirected","Binding"
"UNIPROT","Q14533","UNIPROT","Q99456","undirected","Binding"
"UNIPROT","Q14533","UNIPROT","Q9C075","undirected","Binding"
"UNIPROT","Q14574","UNIPROT","P20930","undirected","Binding"
"UNIPROT","Q14574","UNIPROT","P32926","undirected","Binding"
"UNIPROT","Q14574","UNIPROT","Q86SJ6","undirected","Binding"
"UNIPROT","Q14574","UNIPROT","Q96FX8","undirected","Binding"
"UNIPROT","Q14CN4","UNIPROT","O76009","undirected","Binding"
"UNIPROT","Q14CN4","UNIPROT","O76011","undirected","Binding"
"UNIPROT","Q14CN4","UNIPROT","O76013","undirected","Binding"
"UNIPROT","Q14CN4","UNIPROT","O76014","undirected","Binding"
"UNIPROT","Q14CN4","UNIPROT","O76015","undirected","Binding"
"UNIPROT","Q14CN4","UNIPROT","P02533","undirected","Binding"
"UNIPROT","Q14CN4","UNIPROT","P05783","undirected","Binding"
"UNIPROT","Q14CN4","UNIPROT","P08727","undirected","Binding"
"UNIPROT","Q14CN4","UNIPROT","P08779","undirected","Binding"
"UNIPROT","Q14CN4","UNIPROT","P13645","undirected","Binding"
"UNIPROT","Q14CN4","UNIPROT","P13646","undirected","Binding"
"UNIPROT","Q14CN4","UNIPROT","P19012","undirected","Binding"
"UNIPROT","Q14CN4","UNIPROT","P35527","undirected","Binding"
"UNIPROT","Q14CN4","UNIPROT","P35900","undirected","Binding"
"UNIPROT","Q14CN4","UNIPROT","Q04695","undirected","Binding"
"UNIPROT","Q14CN4","UNIPROT","Q14525","undirected","Binding"
"UNIPROT","Q14CN4","UNIPROT","Q14532","undirected","Binding"
"UNIPROT","Q14CN4","UNIPROT","Q15323","undirected","Binding"
"UNIPROT","Q14CN4","UNIPROT","Q2M2I5","undirected","Binding"
"UNIPROT","Q14CN4","UNIPROT","Q6A162","undirected","Binding"
"UNIPROT","Q14CN4","UNIPROT","Q6A163","undirected","Binding"
"UNIPROT","Q14CN4","UNIPROT","Q7Z3Y7","undirected","Binding"
"UNIPROT","Q14CN4","UNIPROT","Q7Z3Y8","undirected","Binding"
"UNIPROT","Q14CN4","UNIPROT","Q7Z3Y9","undirected","Binding"
"UNIPROT","Q14CN4","UNIPROT","Q7Z3Z0","undirected","Binding"
"UNIPROT","Q14CN4","UNIPROT","Q92764","undirected","Binding"
"UNIPROT","Q14CN4","UNIPROT","Q99456","undirected","Binding"
"UNIPROT","Q14CN4","UNIPROT","Q9C075","undirected","Binding"
"UNIPROT","Q15517","UNIPROT","A0A183","undirected","Binding"
"UNIPROT","Q15517","UNIPROT","O14633","undirected","Binding"
"UNIPROT","Q15517","UNIPROT","Q5T5A8","undirected","Binding"
"UNIPROT","Q15517","UNIPROT","Q5T5B0","undirected","Binding"
"UNIPROT","Q15517","UNIPROT","Q5T751","undirected","Binding"
"UNIPROT","Q15517","UNIPROT","Q5T752","undirected","Binding"
"UNIPROT","Q15517","UNIPROT","Q5T753","undirected","Binding"
"UNIPROT","Q15517","UNIPROT","Q5T754","undirected","Binding"
"UNIPROT","Q15517","UNIPROT","Q5T7P2","undirected","Binding"
"UNIPROT","Q15517","UNIPROT","Q5T7P3","undirected","Binding"
"UNIPROT","Q15517","UNIPROT","Q5T871","undirected","Binding"
"UNIPROT","Q15517","UNIPROT","Q5TA76","undirected","Binding"
"UNIPROT","Q15517","UNIPROT","Q5TA77","undirected","Binding"
"UNIPROT","Q15517","UNIPROT","Q5TA78","undirected","Binding"
"UNIPROT","Q15517","UNIPROT","Q5TA79","undirected","Binding"
"UNIPROT","Q15517","UNIPROT","Q5TA81","undirected","Binding"
"UNIPROT","Q15517","UNIPROT","Q5TA82","undirected","Binding"
"UNIPROT","Q15517","UNIPROT","Q5TCM9","undirected","Binding"
"UNIPROT","Q15517","UNIPROT","Q9BYE3","undirected","Binding"
"UNIPROT","Q16651","UNIPROT","P20930","directed","Control(Out: ACTIVATION of BiochemicalReaction)"
"UNIPROT","Q3SY84","UNIPROT","O76009","undirected","Binding"
"UNIPROT","Q3SY84","UNIPROT","O76011","undirected","Binding"
"UNIPROT","Q3SY84","UNIPROT","O76013","undirected","Binding"
"UNIPROT","Q3SY84","UNIPROT","O76014","undirected","Binding"
"UNIPROT","Q3SY84","UNIPROT","O76015","undirected","Binding"
"UNIPROT","Q3SY84","UNIPROT","P02533","undirected","Binding"
"UNIPROT","Q3SY84","UNIPROT","P05783","undirected","Binding"
"UNIPROT","Q3SY84","UNIPROT","P08727","undirected","Binding"
"UNIPROT","Q3SY84","UNIPROT","P08779","undirected","Binding"
"UNIPROT","Q3SY84","UNIPROT","P13645","undirected","Binding"
"UNIPROT","Q3SY84","UNIPROT","P13646","undirected","Binding"
"UNIPROT","Q3SY84","UNIPROT","P19012","undirected","Binding"
"UNIPROT","Q3SY84","UNIPROT","P35527","undirected","Binding"
"UNIPROT","Q3SY84","UNIPROT","P35900","undirected","Binding"
"UNIPROT","Q3SY84","UNIPROT","Q04695","undirected","Binding"
"UNIPROT","Q3SY84","UNIPROT","Q14525","undirected","Binding"
"UNIPROT","Q3SY84","UNIPROT","Q14532","undirected","Binding"
"UNIPROT","Q3SY84","UNIPROT","Q15323","undirected","Binding"
"UNIPROT","Q3SY84","UNIPROT","Q2M2I5","undirected","Binding"
"UNIPROT","Q3SY84","UNIPROT","Q6A162","undirected","Binding"
"UNIPROT","Q3SY84","UNIPROT","Q6A163","undirected","Binding"
"UNIPROT","Q3SY84","UNIPROT","Q7Z3Y7","undirected","Binding"
"UNIPROT","Q3SY84","UNIPROT","Q7Z3Y8","undirected","Binding"
"UNIPROT","Q3SY84","UNIPROT","Q7Z3Y9","undirected","Binding"
"UNIPROT","Q3SY84","UNIPROT","Q7Z3Z0","undirected","Binding"
"UNIPROT","Q3SY84","UNIPROT","Q92764","undirected","Binding"
"UNIPROT","Q3SY84","UNIPROT","Q99456","undirected","Binding"
"UNIPROT","Q3SY84","UNIPROT","Q9C075","undirected","Binding"
"UNIPROT","Q5XKE5","UNIPROT","O76009","undirected","Binding"
"UNIPROT","Q5XKE5","UNIPROT","O76011","undirected","Binding"
"UNIPROT","Q5XKE5","UNIPROT","O76013","undirected","Binding"
"UNIPROT","Q5XKE5","UNIPROT","O76014","undirected","Binding"
"UNIPROT","Q5XKE5","UNIPROT","O76015","undirected","Binding"
"UNIPROT","Q5XKE5","UNIPROT","P02533","undirected","Binding"
"UNIPROT","Q5XKE5","UNIPROT","P05783","undirected","Binding"
"UNIPROT","Q5XKE5","UNIPROT","P08727","undirected","Binding"
"UNIPROT","Q5XKE5","UNIPROT","P08779","undirected","Binding"
"UNIPROT","Q5XKE5","UNIPROT","P13645","undirected","Binding"
"UNIPROT","Q5XKE5","UNIPROT","P13646","undirected","Binding"
"UNIPROT","Q5XKE5","UNIPROT","P19012","undirected","Binding"
"UNIPROT","Q5XKE5","UNIPROT","P35527","undirected","Binding"
"UNIPROT","Q5XKE5","UNIPROT","P35900","undirected","Binding"
"UNIPROT","Q5XKE5","UNIPROT","Q04695","undirected","Binding"
"UNIPROT","Q5XKE5","UNIPROT","Q14525","undirected","Binding"
"UNIPROT","Q5XKE5","UNIPROT","Q14532","undirected","Binding"
"UNIPROT","Q5XKE5","UNIPROT","Q15323","undirected","Binding"
"UNIPROT","Q5XKE5","UNIPROT","Q2M2I5","undirected","Binding"
"UNIPROT","Q5XKE5","UNIPROT","Q6A162","undirected","Binding"
"UNIPROT","Q5XKE5","UNIPROT","Q6A163","undirected","Binding"
"UNIPROT","Q5XKE5","UNIPROT","Q7Z3Y7","undirected","Binding"
"UNIPROT","Q5XKE5","UNIPROT","Q7Z3Y8","undirected","Binding"
"UNIPROT","Q5XKE5","UNIPROT","Q7Z3Y9","undirected","Binding"
"UNIPROT","Q5XKE5","UNIPROT","Q7Z3Z0","undirected","Binding"
"UNIPROT","Q5XKE5","UNIPROT","Q92764","undirected","Binding"
"UNIPROT","Q5XKE5","UNIPROT","Q99456","undirected","Binding"
"UNIPROT","Q5XKE5","UNIPROT","Q9C075","undirected","Binding"
"UNIPROT","Q6KB66","UNIPROT","O76009","undirected","Binding"
"UNIPROT","Q6KB66","UNIPROT","O76011","undirected","Binding"
"UNIPROT","Q6KB66","UNIPROT","O76013","undirected","Binding"
"UNIPROT","Q6KB66","UNIPROT","O76014","undirected","Binding"
"UNIPROT","Q6KB66","UNIPROT","O76015","undirected","Binding"
"UNIPROT","Q6KB66","UNIPROT","P02533","undirected","Binding"
"UNIPROT","Q6KB66","UNIPROT","P05783","undirected","Binding"
"UNIPROT","Q6KB66","UNIPROT","P08727","undirected","Binding"
"UNIPROT","Q6KB66","UNIPROT","P08779","undirected","Binding"
"UNIPROT","Q6KB66","UNIPROT","P13645","undirected","Binding"
"UNIPROT","Q6KB66","UNIPROT","P13646","undirected","Binding"
"UNIPROT","Q6KB66","UNIPROT","P19012","undirected","Binding"
"UNIPROT","Q6KB66","UNIPROT","P35527","undirected","Binding"
"UNIPROT","Q6KB66","UNIPROT","P35900","undirected","Binding"
"UNIPROT","Q6KB66","UNIPROT","Q04695","undirected","Binding"
"UNIPROT","Q6KB66","UNIPROT","Q14525","undirected","Binding"
"UNIPROT","Q6KB66","UNIPROT","Q14532","undirected","Binding"
"UNIPROT","Q6KB66","UNIPROT","Q15323","undirected","Binding"
"UNIPROT","Q6KB66","UNIPROT","Q2M2I5","undirected","Binding"
"UNIPROT","Q6KB66","UNIPROT","Q6A162","undirected","Binding"
"UNIPROT","Q6KB66","UNIPROT","Q6A163","undirected","Binding"
"UNIPROT","Q6KB66","UNIPROT","Q7Z3Y7","undirected","Binding"
"UNIPROT","Q6KB66","UNIPROT","Q7Z3Y8","undirected","Binding"
"UNIPROT","Q6KB66","UNIPROT","Q7Z3Y9","undirected","Binding"
"UNIPROT","Q6KB66","UNIPROT","Q7Z3Z0","undirected","Binding"
"UNIPROT","Q6KB66","UNIPROT","Q92764","undirected","Binding"
"UNIPROT","Q6KB66","UNIPROT","Q99456","undirected","Binding"
"UNIPROT","Q6KB66","UNIPROT","Q9C075","undirected","Binding"
"UNIPROT","Q6UWN8","UNIPROT","Q9P0G3","undirected","Binding"
"UNIPROT","Q6UWN8","UNIPROT","Q9UKR0","undirected","Binding"
"UNIPROT","Q6XPR3","UNIPROT","A0A183","undirected","Binding"
"UNIPROT","Q6XPR3","UNIPROT","O14633","undirected","Binding"
"UNIPROT","Q6XPR3","UNIPROT","P22528","undirected","Binding"
"UNIPROT","Q6XPR3","UNIPROT","P22531","undirected","Binding"
"UNIPROT","Q6XPR3","UNIPROT","P22532","undirected","Binding"
"UNIPROT","Q6XPR3","UNIPROT","P23490","undirected","Binding"
"UNIPROT","Q6XPR3","UNIPROT","P35321","undirected","Binding"
"UNIPROT","Q6XPR3","UNIPROT","P35325","undirected","Binding"
"UNIPROT","Q6XPR3","UNIPROT","P35326","undirected","Binding"
"UNIPROT","Q6XPR3","UNIPROT","Q15517","undirected","Binding"
"UNIPROT","Q6XPR3","UNIPROT","Q5T5A8","undirected","Binding"
"UNIPROT","Q6XPR3","UNIPROT","Q5T5B0","undirected","Binding"
"UNIPROT","Q6XPR3","UNIPROT","Q5T751","undirected","Binding"
"UNIPROT","Q6XPR3","UNIPROT","Q5T752","undirected","Binding"
"UNIPROT","Q6XPR3","UNIPROT","Q5T753","undirected","Binding"
"UNIPROT","Q6XPR3","UNIPROT","Q5T754","undirected","Binding"
"UNIPROT","Q6XPR3","UNIPROT","Q5T7P2","undirected","Binding"
"UNIPROT","Q6XPR3","UNIPROT","Q5T7P3","undirected","Binding"
"UNIPROT","Q6XPR3","UNIPROT","Q5T871","undirected","Binding"
"UNIPROT","Q6XPR3","UNIPROT","Q5TA76","undirected","Binding"
"UNIPROT","Q6XPR3","UNIPROT","Q5TA77","undirected","Binding"
"UNIPROT","Q6XPR3","UNIPROT","Q5TA78","undirected","Binding"
"UNIPROT","Q6XPR3","UNIPROT","Q5TA79","undirected","Binding"
"UNIPROT","Q6XPR3","UNIPROT","Q5TA81","undirected","Binding"
"UNIPROT","Q6XPR3","UNIPROT","Q5TA82","undirected","Binding"
"UNIPROT","Q6XPR3","UNIPROT","Q5TCM9","undirected","Binding"
"UNIPROT","Q6XPR3","UNIPROT","Q96RM1","undirected","Binding"
"UNIPROT","Q6XPR3","UNIPROT","Q9BYE3","undirected","Binding"
"UNIPROT","Q6XPR3","UNIPROT","Q9BYE4","undirected","Binding"
"UNIPROT","Q6XPR3","UNIPROT","Q9UBC9","undirected","Binding"
"UNIPROT","Q7RTS7","UNIPROT","O76009","undirected","Binding"
"UNIPROT","Q7RTS7","UNIPROT","O76011","undirected","Binding"
"UNIPROT","Q7RTS7","UNIPROT","O76013","undirected","Binding"
"UNIPROT","Q7RTS7","UNIPROT","O76014","undirected","Binding"
"UNIPROT","Q7RTS7","UNIPROT","O76015","undirected","Binding"
"UNIPROT","Q7RTS7","UNIPROT","P02533","undirected","Binding"
"UNIPROT","Q7RTS7","UNIPROT","P05783","undirected","Binding"
"UNIPROT","Q7RTS7","UNIPROT","P08727","undirected","Binding"
"UNIPROT","Q7RTS7","UNIPROT","P08779","undirected","Binding"
"UNIPROT","Q7RTS7","UNIPROT","P13645","undirected","Binding"
"UNIPROT","Q7RTS7","UNIPROT","P13646","undirected","Binding"
"UNIPROT","Q7RTS7","UNIPROT","P19012","undirected","Binding"
"UNIPROT","Q7RTS7","UNIPROT","P35527","undirected","Binding"
"UNIPROT","Q7RTS7","UNIPROT","P35900","undirected","Binding"
"UNIPROT","Q7RTS7","UNIPROT","Q04695","undirected","Binding"
"UNIPROT","Q7RTS7","UNIPROT","Q14525","undirected","Binding"
"UNIPROT","Q7RTS7","UNIPROT","Q14532","undirected","Binding"
"UNIPROT","Q7RTS7","UNIPROT","Q15323","undirected","Binding"
"UNIPROT","Q7RTS7","UNIPROT","Q2M2I5","undirected","Binding"
"UNIPROT","Q7RTS7","UNIPROT","Q6A162","undirected","Binding"
"UNIPROT","Q7RTS7","UNIPROT","Q6A163","undirected","Binding"
"UNIPROT","Q7RTS7","UNIPROT","Q7Z3Y7","undirected","Binding"
"UNIPROT","Q7RTS7","UNIPROT","Q7Z3Y8","undirected","Binding"
"UNIPROT","Q7RTS7","UNIPROT","Q7Z3Y9","undirected","Binding"
"UNIPROT","Q7RTS7","UNIPROT","Q7Z3Z0","undirected","Binding"
"UNIPROT","Q7RTS7","UNIPROT","Q92764","undirected","Binding"
"UNIPROT","Q7RTS7","UNIPROT","Q99456","undirected","Binding"
"UNIPROT","Q7RTS7","UNIPROT","Q9C075","undirected","Binding"
"UNIPROT","Q7Z794","UNIPROT","O76009","undirected","Binding"
"UNIPROT","Q7Z794","UNIPROT","O76011","undirected","Binding"
"UNIPROT","Q7Z794","UNIPROT","O76013","undirected","Binding"
"UNIPROT","Q7Z794","UNIPROT","O76014","undirected","Binding"
"UNIPROT","Q7Z794","UNIPROT","O76015","undirected","Binding"
"UNIPROT","Q7Z794","UNIPROT","P02533","undirected","Binding"
"UNIPROT","Q7Z794","UNIPROT","P05783","undirected","Binding"
"UNIPROT","Q7Z794","UNIPROT","P08727","undirected","Binding"
"UNIPROT","Q7Z794","UNIPROT","P08779","undirected","Binding"
"UNIPROT","Q7Z794","UNIPROT","P13645","undirected","Binding"
"UNIPROT","Q7Z794","UNIPROT","P13646","undirected","Binding"
"UNIPROT","Q7Z794","UNIPROT","P19012","undirected","Binding"
"UNIPROT","Q7Z794","UNIPROT","P35527","undirected","Binding"
"UNIPROT","Q7Z794","UNIPROT","P35900","undirected","Binding"
"UNIPROT","Q7Z794","UNIPROT","Q04695","undirected","Binding"
"UNIPROT","Q7Z794","UNIPROT","Q14525","undirected","Binding"
"UNIPROT","Q7Z794","UNIPROT","Q14532","undirected","Binding"
"UNIPROT","Q7Z794","UNIPROT","Q15323","undirected","Binding"
"UNIPROT","Q7Z794","UNIPROT","Q2M2I5","undirected","Binding"
"UNIPROT","Q7Z794","UNIPROT","Q6A162","undirected","Binding"
"UNIPROT","Q7Z794","UNIPROT","Q6A163","undirected","Binding"
"UNIPROT","Q7Z794","UNIPROT","Q7Z3Y7","undirected","Binding"
"UNIPROT","Q7Z794","UNIPROT","Q7Z3Y8","undirected","Binding"
"UNIPROT","Q7Z794","UNIPROT","Q7Z3Y9","undirected","Binding"
"UNIPROT","Q7Z794","UNIPROT","Q7Z3Z0","undirected","Binding"
"UNIPROT","Q7Z794","UNIPROT","Q92764","undirected","Binding"
"UNIPROT","Q7Z794","UNIPROT","Q99456","undirected","Binding"
"UNIPROT","Q7Z794","UNIPROT","Q9C075","undirected","Binding"
"UNIPROT","Q86SJ6","UNIPROT","P20930","undirected","Binding"
"UNIPROT","Q86SJ6","UNIPROT","Q96FX8","undirected","Binding"
"UNIPROT","Q86Y46","UNIPROT","O76009","undirected","Binding"
"UNIPROT","Q86Y46","UNIPROT","O76011","undirected","Binding"
"UNIPROT","Q86Y46","UNIPROT","O76013","undirected","Binding"
"UNIPROT","Q86Y46","UNIPROT","O76014","undirected","Binding"
"UNIPROT","Q86Y46","UNIPROT","O76015","undirected","Binding"
"UNIPROT","Q86Y46","UNIPROT","P02533","undirected","Binding"
"UNIPROT","Q86Y46","UNIPROT","P05783","undirected","Binding"
"UNIPROT","Q86Y46","UNIPROT","P08727","undirected","Binding"
"UNIPROT","Q86Y46","UNIPROT","P08779","undirected","Binding"
"UNIPROT","Q86Y46","UNIPROT","P13645","undirected","Binding"
"UNIPROT","Q86Y46","UNIPROT","P13646","undirected","Binding"
"UNIPROT","Q86Y46","UNIPROT","P19012","undirected","Binding"
"UNIPROT","Q86Y46","UNIPROT","P35527","undirected","Binding"
"UNIPROT","Q86Y46","UNIPROT","P35900","undirected","Binding"
"UNIPROT","Q86Y46","UNIPROT","Q04695","undirected","Binding"
"UNIPROT","Q86Y46","UNIPROT","Q14525","undirected","Binding"
"UNIPROT","Q86Y46","UNIPROT","Q14532","undirected","Binding"
"UNIPROT","Q86Y46","UNIPROT","Q15323","undirected","Binding"
"UNIPROT","Q86Y46","UNIPROT","Q2M2I5","undirected","Binding"
"UNIPROT","Q86Y46","UNIPROT","Q6A162","undirected","Binding"
"UNIPROT","Q86Y46","UNIPROT","Q6A163","undirected","Binding"
"UNIPROT","Q86Y46","UNIPROT","Q7Z3Y7","undirected","Binding"
"UNIPROT","Q86Y46","UNIPROT","Q7Z3Y8","undirected","Binding"
"UNIPROT","Q86Y46","UNIPROT","Q7Z3Y9","undirected","Binding"
"UNIPROT","Q86Y46","UNIPROT","Q7Z3Z0","undirected","Binding"
"UNIPROT","Q86Y46","UNIPROT","Q92764","undirected","Binding"
"UNIPROT","Q86Y46","UNIPROT","Q99456","undirected","Binding"
"UNIPROT","Q86Y46","UNIPROT","Q9C075","undirected","Binding"
"UNIPROT","Q8N1N4","UNIPROT","O76009","undirected","Binding"
"UNIPROT","Q8N1N4","UNIPROT","O76011","undirected","Binding"
"UNIPROT","Q8N1N4","UNIPROT","O76013","undirected","Binding"
"UNIPROT","Q8N1N4","UNIPROT","O76014","undirected","Binding"
"UNIPROT","Q8N1N4","UNIPROT","O76015","undirected","Binding"
"UNIPROT","Q8N1N4","UNIPROT","P02533","undirected","Binding"
"UNIPROT","Q8N1N4","UNIPROT","P05783","undirected","Binding"
"UNIPROT","Q8N1N4","UNIPROT","P08727","undirected","Binding"
"UNIPROT","Q8N1N4","UNIPROT","P08779","undirected","Binding"
"UNIPROT","Q8N1N4","UNIPROT","P13645","undirected","Binding"
"UNIPROT","Q8N1N4","UNIPROT","P13646","undirected","Binding"
"UNIPROT","Q8N1N4","UNIPROT","P19012","undirected","Binding"
"UNIPROT","Q8N1N4","UNIPROT","P35527","undirected","Binding"
"UNIPROT","Q8N1N4","UNIPROT","P35900","undirected","Binding"
"UNIPROT","Q8N1N4","UNIPROT","Q04695","undirected","Binding"
"UNIPROT","Q8N1N4","UNIPROT","Q14525","undirected","Binding"
"UNIPROT","Q8N1N4","UNIPROT","Q14532","undirected","Binding"
"UNIPROT","Q8N1N4","UNIPROT","Q15323","undirected","Binding"
"UNIPROT","Q8N1N4","UNIPROT","Q2M2I5","undirected","Binding"
"UNIPROT","Q8N1N4","UNIPROT","Q6A162","undirected","Binding"
"UNIPROT","Q8N1N4","UNIPROT","Q6A163","undirected","Binding"
"UNIPROT","Q8N1N4","UNIPROT","Q7Z3Y7","undirected","Binding"
"UNIPROT","Q8N1N4","UNIPROT","Q7Z3Y8","undirected","Binding"
"UNIPROT","Q8N1N4","UNIPROT","Q7Z3Y9","undirected","Binding"
"UNIPROT","Q8N1N4","UNIPROT","Q7Z3Z0","undirected","Binding"
"UNIPROT","Q8N1N4","UNIPROT","Q92764","undirected","Binding"
"UNIPROT","Q8N1N4","UNIPROT","Q99456","undirected","Binding"
"UNIPROT","Q8N1N4","UNIPROT","Q9C075","undirected","Binding"
"UNIPROT","Q92817","UNIPROT","A0A183","undirected","Binding"
"UNIPROT","Q92817","UNIPROT","O14633","undirected","Binding"
"UNIPROT","Q92817","UNIPROT","O60437","undirected","Binding"
"UNIPROT","Q92817","UNIPROT","P01040","undirected","Binding"
"UNIPROT","Q92817","UNIPROT","P07476","undirected","Binding"
"UNIPROT","Q92817","UNIPROT","P19957","undirected","Binding"
"UNIPROT","Q92817","UNIPROT","P22528","undirected","Binding"
"UNIPROT","Q92817","UNIPROT","P22531","undirected","Binding"
"UNIPROT","Q92817","UNIPROT","P22532","undirected","Binding"
"UNIPROT","Q92817","UNIPROT","P22735","undirected","Binding"
"UNIPROT","Q92817","UNIPROT","P23490","undirected","Binding"
"UNIPROT","Q92817","UNIPROT","P35321","undirected","Binding"
"UNIPROT","Q92817","UNIPROT","P35325","undirected","Binding"
"UNIPROT","Q92817","UNIPROT","P35326","undirected","Binding"
"UNIPROT","Q92817","UNIPROT","Q07283","undirected","Binding"
"UNIPROT","Q92817","UNIPROT","Q15517","undirected","Binding"
"UNIPROT","Q92817","UNIPROT","Q5T5A8","undirected","Binding"
"UNIPROT","Q92817","UNIPROT","Q5T5B0","undirected","Binding"
"UNIPROT","Q92817","UNIPROT","Q5T751","undirected","Binding"
"UNIPROT","Q92817","UNIPROT","Q5T752","undirected","Binding"
"UNIPROT","Q92817","UNIPROT","Q5T753","undirected","Binding"
"UNIPROT","Q92817","UNIPROT","Q5T754","undirected","Binding"
"UNIPROT","Q92817","UNIPROT","Q5T7P2","undirected","Binding"
"UNIPROT","Q92817","UNIPROT","Q5T7P3","undirected","Binding"
"UNIPROT","Q92817","UNIPROT","Q5T871","undirected","Binding"
"UNIPROT","Q92817","UNIPROT","Q5TA76","undirected","Binding"
"UNIPROT","Q92817","UNIPROT","Q5TA77","undirected","Binding"
"UNIPROT","Q92817","UNIPROT","Q5TA78","undirected","Binding"
"UNIPROT","Q92817","UNIPROT","Q5TA79","undirected","Binding"
"UNIPROT","Q92817","UNIPROT","Q5TA81","undirected","Binding"
"UNIPROT","Q92817","UNIPROT","Q5TA82","undirected","Binding"
"UNIPROT","Q92817","UNIPROT","Q5TCM9","undirected","Binding"
"UNIPROT","Q92817","UNIPROT","Q6XPR3","undirected","Binding"
"UNIPROT","Q92817","UNIPROT","Q96RM1","undirected","Binding"
"UNIPROT","Q92817","UNIPROT","Q9BYE3","undirected","Binding"
"UNIPROT","Q92817","UNIPROT","Q9BYE4","undirected","Binding"
"UNIPROT","Q92817","UNIPROT","Q9UBC9","undirected","Binding"
"UNIPROT","Q96RM1","UNIPROT","A0A183","undirected","Binding"
"UNIPROT","Q96RM1","UNIPROT","O14633","undirected","Binding"
"UNIPROT","Q96RM1","UNIPROT","P23490","undirected","Binding"
"UNIPROT","Q96RM1","UNIPROT","Q15517","undirected","Binding"
"UNIPROT","Q96RM1","UNIPROT","Q5T5A8","undirected","Binding"
"UNIPROT","Q96RM1","UNIPROT","Q5T5B0","undirected","Binding"
"UNIPROT","Q96RM1","UNIPROT","Q5T751","undirected","Binding"
"UNIPROT","Q96RM1","UNIPROT","Q5T752","undirected","Binding"
"UNIPROT","Q96RM1","UNIPROT","Q5T753","undirected","Binding"
"UNIPROT","Q96RM1","UNIPROT","Q5T754","undirected","Binding"
"UNIPROT","Q96RM1","UNIPROT","Q5T7P2","undirected","Binding"
"UNIPROT","Q96RM1","UNIPROT","Q5T7P3","undirected","Binding"
"UNIPROT","Q96RM1","UNIPROT","Q5T871","undirected","Binding"
"UNIPROT","Q96RM1","UNIPROT","Q5TA76","undirected","Binding"
"UNIPROT","Q96RM1","UNIPROT","Q5TA77","undirected","Binding"
"UNIPROT","Q96RM1","UNIPROT","Q5TA78","undirected","Binding"
"UNIPROT","Q96RM1","UNIPROT","Q5TA79","undirected","Binding"
"UNIPROT","Q96RM1","UNIPROT","Q5TA81","undirected","Binding"
"UNIPROT","Q96RM1","UNIPROT","Q5TA82","undirected","Binding"
"UNIPROT","Q96RM1","UNIPROT","Q5TCM9","undirected","Binding"
"UNIPROT","Q96RM1","UNIPROT","Q9BYE3","undirected","Binding"
"UNIPROT","Q99569","UNIPROT","P20930","undirected","Binding"
"UNIPROT","Q99569","UNIPROT","P32926","undirected","Binding"
"UNIPROT","Q99569","UNIPROT","Q02413","undirected","Binding"
"UNIPROT","Q99569","UNIPROT","Q02487","undirected","Binding"
"UNIPROT","Q99569","UNIPROT","Q08554","undirected","Binding"
"UNIPROT","Q99569","UNIPROT","Q14574","undirected","Binding"
"UNIPROT","Q99569","UNIPROT","Q86SJ6","undirected","Binding"
"UNIPROT","Q99569","UNIPROT","Q96FX8","undirected","Binding"
"UNIPROT","Q99959","UNIPROT","P20930","undirected","Binding"
"UNIPROT","Q99959","UNIPROT","P32926","undirected","Binding"
"UNIPROT","Q99959","UNIPROT","Q02487","undirected","Binding"
"UNIPROT","Q99959","UNIPROT","Q08554","undirected","Binding"
"UNIPROT","Q99959","UNIPROT","Q14574","undirected","Binding"
"UNIPROT","Q99959","UNIPROT","Q86SJ6","undirected","Binding"
"UNIPROT","Q99959","UNIPROT","Q96FX8","undirected","Binding"
"UNIPROT","Q9BYE4","UNIPROT","A0A183","undirected","Binding"
"UNIPROT","Q9BYE4","UNIPROT","O14633","undirected","Binding"
"UNIPROT","Q9BYE4","UNIPROT","P23490","undirected","Binding"
"UNIPROT","Q9BYE4","UNIPROT","Q15517","undirected","Binding"
"UNIPROT","Q9BYE4","UNIPROT","Q5T5A8","undirected","Binding"
"UNIPROT","Q9BYE4","UNIPROT","Q5T5B0","undirected","Binding"
"UNIPROT","Q9BYE4","UNIPROT","Q5T751","undirected","Binding"
"UNIPROT","Q9BYE4","UNIPROT","Q5T752","undirected","Binding"
"UNIPROT","Q9BYE4","UNIPROT","Q5T753","undirected","Binding"
"UNIPROT","Q9BYE4","UNIPROT","Q5T754","undirected","Binding"
"UNIPROT","Q9BYE4","UNIPROT","Q5T7P2","undirected","Binding"
"UNIPROT","Q9BYE4","UNIPROT","Q5T7P3","undirected","Binding"
"UNIPROT","Q9BYE4","UNIPROT","Q5T871","undirected","Binding"
"UNIPROT","Q9BYE4","UNIPROT","Q5TA76","undirected","Binding"
"UNIPROT","Q9BYE4","UNIPROT","Q5TA77","undirected","Binding"
"UNIPROT","Q9BYE4","UNIPROT","Q5TA78","undirected","Binding"
"UNIPROT","Q9BYE4","UNIPROT","Q5TA79","undirected","Binding"
"UNIPROT","Q9BYE4","UNIPROT","Q5TA81","undirected","Binding"
"UNIPROT","Q9BYE4","UNIPROT","Q5TA82","undirected","Binding"
"UNIPROT","Q9BYE4","UNIPROT","Q5TCM9","undirected","Binding"
"UNIPROT","Q9BYE4","UNIPROT","Q9BYE3","undirected","Binding"
"UNIPROT","Q9NSB2","UNIPROT","O76009","undirected","Binding"
"UNIPROT","Q9NSB2","UNIPROT","O76011","undirected","Binding"
"UNIPROT","Q9NSB2","UNIPROT","O76013","undirected","Binding"
"UNIPROT","Q9NSB2","UNIPROT","O76014","undirected","Binding"
"UNIPROT","Q9NSB2","UNIPROT","O76015","undirected","Binding"
"UNIPROT","Q9NSB2","UNIPROT","P02533","undirected","Binding"
"UNIPROT","Q9NSB2","UNIPROT","P05783","undirected","Binding"
"UNIPROT","Q9NSB2","UNIPROT","P08727","undirected","Binding"
"UNIPROT","Q9NSB2","UNIPROT","P08779","undirected","Binding"
"UNIPROT","Q9NSB2","UNIPROT","P13645","undirected","Binding"
"UNIPROT","Q9NSB2","UNIPROT","P13646","undirected","Binding"
"UNIPROT","Q9NSB2","UNIPROT","P19012","undirected","Binding"
"UNIPROT","Q9NSB2","UNIPROT","P35527","undirected","Binding"
"UNIPROT","Q9NSB2","UNIPROT","P35900","undirected","Binding"
"UNIPROT","Q9NSB2","UNIPROT","Q04695","undirected","Binding"
"UNIPROT","Q9NSB2","UNIPROT","Q14525","undirected","Binding"
"UNIPROT","Q9NSB2","UNIPROT","Q14532","undirected","Binding"
"UNIPROT","Q9NSB2","UNIPROT","Q15323","undirected","Binding"
"UNIPROT","Q9NSB2","UNIPROT","Q2M2I5","undirected","Binding"
"UNIPROT","Q9NSB2","UNIPROT","Q6A162","undirected","Binding"
"UNIPROT","Q9NSB2","UNIPROT","Q6A163","undirected","Binding"
"UNIPROT","Q9NSB2","UNIPROT","Q7Z3Y7","undirected","Binding"
"UNIPROT","Q9NSB2","UNIPROT","Q7Z3Y8","undirected","Binding"
"UNIPROT","Q9NSB2","UNIPROT","Q7Z3Y9","undirected","Binding"
"UNIPROT","Q9NSB2","UNIPROT","Q7Z3Z0","undirected","Binding"
"UNIPROT","Q9NSB2","UNIPROT","Q92764","undirected","Binding"
"UNIPROT","Q9NSB2","UNIPROT","Q99456","undirected","Binding"
"UNIPROT","Q9NSB2","UNIPROT","Q9C075","undirected","Binding"
"UNIPROT","Q9NSB4","UNIPROT","O76009","undirected","Binding"
"UNIPROT","Q9NSB4","UNIPROT","O76011","undirected","Binding"
"UNIPROT","Q9NSB4","UNIPROT","O76013","undirected","Binding"
"UNIPROT","Q9NSB4","UNIPROT","O76014","undirected","Binding"
"UNIPROT","Q9NSB4","UNIPROT","O76015","undirected","Binding"
"UNIPROT","Q9NSB4","UNIPROT","P02533","undirected","Binding"
"UNIPROT","Q9NSB4","UNIPROT","P05783","undirected","Binding"
"UNIPROT","Q9NSB4","UNIPROT","P08727","undirected","Binding"
"UNIPROT","Q9NSB4","UNIPROT","P08779","undirected","Binding"
"UNIPROT","Q9NSB4","UNIPROT","P13645","undirected","Binding"
"UNIPROT","Q9NSB4","UNIPROT","P13646","undirected","Binding"
"UNIPROT","Q9NSB4","UNIPROT","P19012","undirected","Binding"
"UNIPROT","Q9NSB4","UNIPROT","P35527","undirected","Binding"
"UNIPROT","Q9NSB4","UNIPROT","P35900","undirected","Binding"
"UNIPROT","Q9NSB4","UNIPROT","Q04695","undirected","Binding"
"UNIPROT","Q9NSB4","UNIPROT","Q14525","undirected","Binding"
"UNIPROT","Q9NSB4","UNIPROT","Q14532","undirected","Binding"
"UNIPROT","Q9NSB4","UNIPROT","Q15323","undirected","Binding"
"UNIPROT","Q9NSB4","UNIPROT","Q2M2I5","undirected","Binding"
"UNIPROT","Q9NSB4","UNIPROT","Q6A162","undirected","Binding"
"UNIPROT","Q9NSB4","UNIPROT","Q6A163","undirected","Binding"
"UNIPROT","Q9NSB4","UNIPROT","Q7Z3Y7","undirected","Binding"
"UNIPROT","Q9NSB4","UNIPROT","Q7Z3Y8","undirected","Binding"
"UNIPROT","Q9NSB4","UNIPROT","Q7Z3Y9","undirected","Binding"
"UNIPROT","Q9NSB4","UNIPROT","Q7Z3Z0","undirected","Binding"
"UNIPROT","Q9NSB4","UNIPROT","Q92764","undirected","Binding"
"UNIPROT","Q9NSB4","UNIPROT","Q99456","undirected","Binding"
"UNIPROT","Q9NSB4","UNIPROT","Q9C075","undirected","Binding"
"UNIPROT","Q9UBC9","UNIPROT","A0A183","undirected","Binding"
"UNIPROT","Q9UBC9","UNIPROT","O14633","undirected","Binding"
"UNIPROT","Q9UBC9","UNIPROT","P23490","undirected","Binding"
"UNIPROT","Q9UBC9","UNIPROT","Q15517","undirected","Binding"
"UNIPROT","Q9UBC9","UNIPROT","Q5T5A8","undirected","Binding"
"UNIPROT","Q9UBC9","UNIPROT","Q5T5B0","undirected","Binding"
"UNIPROT","Q9UBC9","UNIPROT","Q5T751","undirected","Binding"
"UNIPROT","Q9UBC9","UNIPROT","Q5T752","undirected","Binding"
"UNIPROT","Q9UBC9","UNIPROT","Q5T753","undirected","Binding"
"UNIPROT","Q9UBC9","UNIPROT","Q5T754","undirected","Binding"
"UNIPROT","Q9UBC9","UNIPROT","Q5T7P2","undirected","Binding"
"UNIPROT","Q9UBC9","UNIPROT","Q5T7P3","undirected","Binding"
"UNIPROT","Q9UBC9","UNIPROT","Q5T871","undirected","Binding"
"UNIPROT","Q9UBC9","UNIPROT","Q5TA76","undirected","Binding"
"UNIPROT","Q9UBC9","UNIPROT","Q5TA77","undirected","Binding"
"UNIPROT","Q9UBC9","UNIPROT","Q5TA78","undirected","Binding"
"UNIPROT","Q9UBC9","UNIPROT","Q5TA79","undirected","Binding"
"UNIPROT","Q9UBC9","UNIPROT","Q5TA81","undirected","Binding"
"UNIPROT","Q9UBC9","UNIPROT","Q5TA82","undirected","Binding"
"UNIPROT","Q9UBC9","UNIPROT","Q5TCM9","undirected","Binding"
"UNIPROT","Q9UBC9","UNIPROT","Q9BYE3","undirected","Binding"
"UNIPROT","Q9UKR3","UNIPROT","Q6UWN8","undirected","Binding"
"UNIPROT","Q9Y337","UNIPROT","O60259","directed","Control(Out: ACTIVATION of BiochemicalReaction)"
"UNIPROT","Q9Y337","UNIPROT","P08217","directed","Control(Out: ACTIVATION of BiochemicalReaction)"
"UNIPROT","Q9Y337","UNIPROT","P20930","directed","Control(Out: ACTIVATION of BiochemicalReaction)"
"UNIPROT","Q9Y337","UNIPROT","Q5DT21","undirected","Binding"
"UNIPROT","Q9Y337","UNIPROT","Q6UWN8","undirected","Binding"
"UNIPROT","Q9Y337","UNIPROT","Q9NQ38","undirected","Binding"
"UNIPROT","Q9Y446","UNIPROT","P20930","undirected","Binding"
"UNIPROT","Q9Y446","UNIPROT","P32926","undirected","Binding"
"UNIPROT","Q9Y446","UNIPROT","Q02487","undirected","Binding"
"UNIPROT","Q9Y446","UNIPROT","Q08554","undirected","Binding"
"UNIPROT","Q9Y446","UNIPROT","Q14574","undirected","Binding"
"UNIPROT","Q9Y446","UNIPROT","Q86SJ6","undirected","Binding"
"UNIPROT","Q9Y446","UNIPROT","Q96FX8","undirected","Binding"
"UNIPROT","Q9Y5Y6","UNIPROT","P20930","directed","Control(Out: ACTIVATION of BiochemicalReaction)"
"UNIPROT","Q9Y5Y6","UNIPROT","Q9Y337","directed","Control(Out: ACTIVATION of BiochemicalReaction)"
