"src_type","src","dest_type","dest","direction","type"
"UNIPROT","O00141","UNIPROT","Q00987","directed","Control(Out: ACTIVATION of BiochemicalReaction)"
"UNIPROT","O15151","UNIPROT","P04637","directed","Control(Out: INHIBITION of BiochemicalReaction)"
"UNIPROT","O15151","UNIPROT","P0CG47","directed","Control(Out: ACTIVATION of BiochemicalReaction)"
"UNIPROT","O15151","UNIPROT","P0CG47","directed","Process(BiochemicalReaction)"
"UNIPROT","O15151","UNIPROT","P0CG48","directed","Control(Out: ACTIVATION of BiochemicalReaction)"
"UNIPROT","O15151","UNIPROT","P0CG48","directed","Process(BiochemicalReaction)"
"UNIPROT","O15151","UNIPROT","P62979","directed","Control(Out: ACTIVATION of BiochemicalReaction)"
"UNIPROT","O15151","UNIPROT","P62979","directed","Process(BiochemicalReaction)"
"UNIPROT","O15151","UNIPROT","P62987","directed","Control(Out: ACTIVATION of BiochemicalReaction)"
"UNIPROT","O15151","UNIPROT","P62987","directed","Process(BiochemicalReaction)"
"UNIPROT","O15151","UNIPROT","Q00987","undirected","Binding"
"UNIPROT","O15530","UNIPROT","O00141","directed","Control(Out: ACTIVATION of BiochemicalReaction)"
"UNIPROT","O75604","UNIPROT","O15151","undirected","Binding"
"UNIPROT","O75604","UNIPROT","Q00987","undirected","Binding"
"UNIPROT","O75626","UNIPROT","P04637","directed","Control(Out: INHIBITION of BiochemicalReaction)"
"UNIPROT","O96017","UNIPROT","O15151","directed","Control(Out: ACTIVATION of BiochemicalReaction)"
"UNIPROT","O96017","UNIPROT","Q00987","directed","Control(Out: ACTIVATION of BiochemicalReaction)"
"UNIPROT","P04637","UNIPROT","O15151","undirected","Binding"
"UNIPROT","P04637","UNIPROT","O75626","directed","Control(Out: ACTIVATION of BiochemicalReaction)"
"UNIPROT","P04637","UNIPROT","P0CG47","directed","Process(BiochemicalReaction)"
"UNIPROT","P04637","UNIPROT","P0CG48","directed","Process(BiochemicalReaction)"
"UNIPROT","P04637","UNIPROT","P51959","directed","Control(Out: ACTIVATION of BiochemicalReaction)"
"UNIPROT","P04637","UNIPROT","P62979","directed","Process(BiochemicalReaction)"
"UNIPROT","P04637","UNIPROT","P62987","directed","Process(BiochemicalReaction)"
"UNIPROT","P04637","UNIPROT","Q00987","directed","Control(Out: ACTIVATION of BiochemicalReaction)"
"UNIPROT","P04637","UNIPROT","Q00987","undirected","Binding"
"UNIPROT","P04637","UNIPROT","Q8N726","undirected","Binding"
"UNIPROT","P06493","UNIPROT","Q00987","directed","Control(Out: ACTIVATION of BiochemicalReaction)"
"UNIPROT","P0CG47","UNIPROT","O15151","directed","Control(In: INHIBITION of BiochemicalReaction)"
"UNIPROT","P0CG47","UNIPROT","O15151","directed","Control(In: ACTIVATION of BiochemicalReaction)"
"UNIPROT","P0CG47","UNIPROT","O15151","directed","Process(BiochemicalReaction)"
"UNIPROT","P0CG47","UNIPROT","P04637","directed","Control(In: ACTIVATION of BiochemicalReaction)"
"UNIPROT","P0CG47","UNIPROT","P04637","directed","Process(BiochemicalReaction)"
"UNIPROT","P0CG47","UNIPROT","Q00987","directed","Control(In: INHIBITION of BiochemicalReaction)"
"UNIPROT","P0CG47","UNIPROT","Q00987","directed","Control(In: ACTIVATION of BiochemicalReaction)"
"UNIPROT","P0CG47","UNIPROT","Q00987","directed","Process(BiochemicalReaction)"
"UNIPROT","P0CG47","UNIPROT","Q8N726","directed","Control(In: INHIBITION of BiochemicalReaction)"
"UNIPROT","P0CG47","UNIPROT","Q8WZ73","directed","Control(In: ACTIVATION of BiochemicalReaction)"
"UNIPROT","P0CG47","UNIPROT","Q969K3","directed","Control(In: ACTIVATION of BiochemicalReaction)"
"UNIPROT","P0CG48","UNIPROT","O15151","directed","Control(In: INHIBITION of BiochemicalReaction)"
"UNIPROT","P0CG48","UNIPROT","O15151","directed","Control(In: ACTIVATION of BiochemicalReaction)"
"UNIPROT","P0CG48","UNIPROT","O15151","directed","Process(BiochemicalReaction)"
"UNIPROT","P0CG48","UNIPROT","P04637","directed","Control(In: ACTIVATION of BiochemicalReaction)"
"UNIPROT","P0CG48","UNIPROT","P04637","directed","Process(BiochemicalReaction)"
"UNIPROT","P0CG48","UNIPROT","Q00987","directed","Control(In: INHIBITION of BiochemicalReaction)"
"UNIPROT","P0CG48","UNIPROT","Q00987","directed","Control(In: ACTIVATION of BiochemicalReaction)"
"UNIPROT","P0CG48","UNIPROT","Q00987","directed","Process(BiochemicalReaction)"
"UNIPROT","P0CG48","UNIPROT","Q8N726","directed","Control(In: INHIBITION of BiochemicalReaction)"
"UNIPROT","P0CG48","UNIPROT","Q8WZ73","directed","Control(In: ACTIVATION of BiochemicalReaction)"
"UNIPROT","P0CG48","UNIPROT","Q969K3","directed","Control(In: ACTIVATION of BiochemicalReaction)"
"UNIPROT","P20248","UNIPROT","P06493","undirected","Binding"
"UNIPROT","P20248","UNIPROT","Q00987","directed","Control(Out: ACTIVATION of BiochemicalReaction)"
"UNIPROT","P24941","UNIPROT","P20248","undirected","Binding"
"UNIPROT","P24941","UNIPROT","P78396","undirected","Binding"
"UNIPROT","P24941","UNIPROT","Q00987","directed","Control(Out: ACTIVATION of BiochemicalReaction)"
"UNIPROT","P30153","UNIPROT","Q00987","undirected","Binding"
"UNIPROT","P30154","UNIPROT","Q00987","undirected","Binding"
"UNIPROT","P30154","UNIPROT","Q13362","undirected","Binding"
"UNIPROT","P31749","UNIPROT","Q00987","directed","Control(Out: ACTIVATION of BiochemicalReaction)"
"UNIPROT","P31751","UNIPROT","Q00987","directed","Control(Out: ACTIVATION of BiochemicalReaction)"
"UNIPROT","P42345","UNIPROT","O00141","directed","Control(Out: ACTIVATION of BiochemicalReaction)"
"UNIPROT","P42345","UNIPROT","P85299","undirected","Binding"
"UNIPROT","P42345","UNIPROT","Q9BPZ7","undirected","Binding"
"UNIPROT","P42345","UNIPROT","Q9BVC4","undirected","Binding"
"UNIPROT","P51959","UNIPROT","P30153","undirected","Binding"
"UNIPROT","P51959","UNIPROT","P30154","undirected","Binding"
"UNIPROT","P51959","UNIPROT","P62714","undirected","Binding"
"UNIPROT","P51959","UNIPROT","P67775","undirected","Binding"
"UNIPROT","P51959","UNIPROT","Q00987","undirected","Binding"
"UNIPROT","P51959","UNIPROT","Q13362","undirected","Binding"
"UNIPROT","P62714","UNIPROT","P30153","undirected","Binding"
"UNIPROT","P62714","UNIPROT","P30154","undirected","Binding"
"UNIPROT","P62714","UNIPROT","Q00987","undirected","Binding"
"UNIPROT","P62714","UNIPROT","Q13362","undirected","Binding"
"UNIPROT","P62979","UNIPROT","O15151","directed","Control(In: INHIBITION of BiochemicalReaction)"
"UNIPROT","P62979","UNIPROT","O15151","directed","Control(In: ACTIVATION of BiochemicalReaction)"
"UNIPROT","P62979","UNIPROT","O15151","directed","Process(BiochemicalReaction)"
"UNIPROT","P62979","UNIPROT","P04637","directed","Control(In: ACTIVATION of BiochemicalReaction)"
"UNIPROT","P62979","UNIPROT","P04637","directed","Process(BiochemicalReaction)"
"UNIPROT","P62979","UNIPROT","Q00987","directed","Control(In: INHIBITION of BiochemicalReaction)"
"UNIPROT","P62979","UNIPROT","Q00987","directed","Control(In: ACTIVATION of BiochemicalReaction)"
"UNIPROT","P62979","UNIPROT","Q00987","directed","Process(BiochemicalReaction)"
"UNIPROT","P62979","UNIPROT","Q8N726","directed","Control(In: INHIBITION of BiochemicalReaction)"
"UNIPROT","P62979","UNIPROT","Q8WZ73","directed","Control(In: ACTIVATION of BiochemicalReaction)"
"UNIPROT","P62979","UNIPROT","Q969K3","directed","Control(In: ACTIVATION of BiochemicalReaction)"
"UNIPROT","P62987","UNIPROT","O15151","directed","Control(In: INHIBITION of BiochemicalReaction)"
"UNIPROT","P62987","UNIPROT","O15151","directed","Control(In: ACTIVATION of BiochemicalReaction)"
"UNIPROT","P62987","UNIPROT","O15151","directed","Process(BiochemicalReaction)"
"UNIPROT","P62987","UNIPROT","P04637","directed","Control(In: ACTIVATION of BiochemicalReaction)"
"UNIPROT","P62987","UNIPROT","P04637","directed","Process(BiochemicalReaction)"
"UNIPROT","P62987","UNIPROT","Q00987","directed","Control(In: INHIBITION of BiochemicalReaction)"
"UNIPROT","P62987","UNIPROT","Q00987","directed","Control(In: ACTIVATION of BiochemicalReaction)"
"UNIPROT","P62987","UNIPROT","Q00987","directed","Process(BiochemicalReaction)"
"UNIPROT","P62987","UNIPROT","Q8N726","directed","Control(In: INHIBITION of BiochemicalReaction)"
"UNIPROT","P62987","UNIPROT","Q8WZ73","directed","Control(In: ACTIVATION of BiochemicalReaction)"
"UNIPROT","P62987","UNIPROT","Q969K3","directed","Control(In: ACTIVATION of BiochemicalReaction)"
"UNIPROT","P67775","UNIPROT","P30153","undirected","Binding"
"UNIPROT","P67775","UNIPROT","P30154","undirected","Binding"
"UNIPROT","P67775","UNIPROT","Q00987","undirected","Binding"
"UNIPROT","P67775","UNIPROT","Q13362","undirected","Binding"
"UNIPROT","P78396","UNIPROT","P06493","undirected","Binding"
"UNIPROT","P78396","UNIPROT","Q00987","directed","Control(Out: ACTIVATION of BiochemicalReaction)"
"UNIPROT","P85299","UNIPROT","O00141","directed","Control(Out: ACTIVATION of BiochemicalReaction)"
"UNIPROT","P85299","UNIPROT","Q9BVC4","undirected","Binding"
"UNIPROT","Q00987","UNIPROT","P04637","directed","Control(Out: INHIBITION of BiochemicalReaction)"
"UNIPROT","Q00987","UNIPROT","P0CG47","directed","Control(Out: ACTIVATION of BiochemicalReaction)"
"UNIPROT","Q00987","UNIPROT","P0CG47","directed","Process(BiochemicalReaction)"
"UNIPROT","Q00987","UNIPROT","P0CG48","directed","Control(Out: ACTIVATION of BiochemicalReaction)"
"UNIPROT","Q00987","UNIPROT","P0CG48","directed","Process(BiochemicalReaction)"
"UNIPROT","Q00987","UNIPROT","P62979","directed","Control(Out: ACTIVATION of BiochemicalReaction)"
"UNIPROT","Q00987","UNIPROT","P62979","directed","Process(BiochemicalReaction)"
"UNIPROT","Q00987","UNIPROT","P62987","directed","Control(Out: ACTIVATION of BiochemicalReaction)"
"UNIPROT","Q00987","UNIPROT","P62987","directed","Process(BiochemicalReaction)"
"UNIPROT","Q13315","UNIPROT","O15151","directed","Control(Out: INHIBITION of BiochemicalReaction)"
"UNIPROT","Q13315","UNIPROT","O15151","directed","Control(Out: ACTIVATION of BiochemicalReaction)"
"UNIPROT","Q13315","UNIPROT","Q00987","directed","Control(Out: INHIBITION of BiochemicalReaction)"
"UNIPROT","Q13315","UNIPROT","Q00987","directed","Control(Out: ACTIVATION of BiochemicalReaction)"
"UNIPROT","Q13362","UNIPROT","P30153","undirected","Binding"
"UNIPROT","Q13362","UNIPROT","Q00987","undirected","Binding"
"UNIPROT","Q6R327","UNIPROT","O00141","directed","Control(Out: ACTIVATION of BiochemicalReaction)"
"UNIPROT","Q6R327","UNIPROT","P42345","undirected","Binding"
"UNIPROT","Q6R327","UNIPROT","P85299","undirected","Binding"
"UNIPROT","Q6R327","UNIPROT","Q9BPZ7","undirected","Binding"
"UNIPROT","Q6R327","UNIPROT","Q9BVC4","undirected","Binding"
"UNIPROT","Q8N726","UNIPROT","O15151","directed","Control(Out: INHIBITION of BiochemicalReaction)"
"UNIPROT","Q8N726","UNIPROT","O15151","undirected","Binding"
"UNIPROT","Q8N726","UNIPROT","P04637","directed","Control(Out: INHIBITION of BiochemicalReaction)"
"UNIPROT","Q8N726","UNIPROT","Q00987","directed","Control(Out: INHIBITION of BiochemicalReaction)"
"UNIPROT","Q8N726","UNIPROT","Q00987","undirected","Binding"
"UNIPROT","Q8WZ73","UNIPROT","P04637","directed","Control(Out: ACTIVATION of BiochemicalReaction)"
"UNIPROT","Q93009","UNIPROT","O15151","undirected","Binding"
"UNIPROT","Q93009","UNIPROT","P04637","directed","Control(Out: ACTIVATION of BiochemicalReaction)"
"UNIPROT","Q93009","UNIPROT","P0CG47","directed","Control(Out: ACTIVATION of BiochemicalReaction)"
"UNIPROT","Q93009","UNIPROT","P0CG47","directed","Process(BiochemicalReaction)"
"UNIPROT","Q93009","UNIPROT","P0CG48","directed","Control(Out: ACTIVATION of BiochemicalReaction)"
"UNIPROT","Q93009","UNIPROT","P0CG48","directed","Process(BiochemicalReaction)"
"UNIPROT","Q93009","UNIPROT","P62979","directed","Control(Out: ACTIVATION of BiochemicalReaction)"
"UNIPROT","Q93009","UNIPROT","P62979","directed","Process(BiochemicalReaction)"
"UNIPROT","Q93009","UNIPROT","P62987","directed","Control(Out: ACTIVATION of BiochemicalReaction)"
"UNIPROT","Q93009","UNIPROT","P62987","directed","Process(BiochemicalReaction)"
"UNIPROT","Q93009","UNIPROT","Q00987","undirected","Binding"
"UNIPROT","Q93009","UNIPROT","Q9UER7","undirected","Binding"
"UNIPROT","Q969K3","UNIPROT","P04637","directed","Control(Out: ACTIVATION of BiochemicalReaction)"
"UNIPROT","Q9BPZ7","UNIPROT","O00141","directed","Control(Out: ACTIVATION of BiochemicalReaction)"
"UNIPROT","Q9BPZ7","UNIPROT","P85299","undirected","Binding"
"UNIPROT","Q9BPZ7","UNIPROT","Q9BVC4","undirected","Binding"
"UNIPROT","Q9BVC4","UNIPROT","O00141","directed","Control(Out: ACTIVATION of BiochemicalReaction)"
"UNIPROT","Q9BVI0","UNIPROT","O15151","directed","Control(Out: INHIBITION of BiochemicalReaction)"
"UNIPROT","Q9BVI0","UNIPROT","P04637","directed","Control(Out: INHIBITION of BiochemicalReaction)"
"UNIPROT","Q9BVI0","UNIPROT","Q00987","directed","Control(Out: INHIBITION of BiochemicalReaction)"
"UNIPROT","Q9UER7","UNIPROT","O15151","undirected","Binding"
"UNIPROT","Q9UER7","UNIPROT","P0CG47","directed","Control(Out: ACTIVATION of BiochemicalReaction)"
"UNIPROT","Q9UER7","UNIPROT","P0CG47","directed","Process(BiochemicalReaction)"
"UNIPROT","Q9UER7","UNIPROT","P0CG48","directed","Control(Out: ACTIVATION of BiochemicalReaction)"
"UNIPROT","Q9UER7","UNIPROT","P0CG48","directed","Process(BiochemicalReaction)"
"UNIPROT","Q9UER7","UNIPROT","P62979","directed","Control(Out: ACTIVATION of BiochemicalReaction)"
"UNIPROT","Q9UER7","UNIPROT","P62979","directed","Process(BiochemicalReaction)"
"UNIPROT","Q9UER7","UNIPROT","P62987","directed","Control(Out: ACTIVATION of BiochemicalReaction)"
"UNIPROT","Q9UER7","UNIPROT","P62987","directed","Process(BiochemicalReaction)"
"UNIPROT","Q9UER7","UNIPROT","Q00987","undirected","Binding"
"UNIPROT","Q9Y243","UNIPROT","Q00987","directed","Control(Out: ACTIVATION of BiochemicalReaction)"
