"src_type","src","dest_type","dest","direction","type"
"UNIPROT","O14964","UNIPROT","O75886","undirected","Binding"
"UNIPROT","O14964","UNIPROT","P08581","undirected","Binding"
"UNIPROT","O14964","UNIPROT","P14210","undirected","Binding"
"UNIPROT","O14964","UNIPROT","P42566","undirected","Binding"
"UNIPROT","O14964","UNIPROT","Q92783","undirected","Binding"
"UNIPROT","O15230","UNIPROT","P05556","undirected","Binding"
"UNIPROT","O15230","UNIPROT","P08581","directed","Control(Out: ACTIVATION of BiochemicalReaction)"
"UNIPROT","O15230","UNIPROT","P14210","directed","Control(Out: ACTIVATION of BiochemicalReaction)"
"UNIPROT","O15230","UNIPROT","P17301","undirected","Binding"
"UNIPROT","O15230","UNIPROT","P26006","undirected","Binding"
"UNIPROT","O15230","UNIPROT","Q05397","directed","Control(Out: ACTIVATION of BiochemicalReaction)"
"UNIPROT","O43278","UNIPROT","P14210","directed","Control(Out: INHIBITION of BiochemicalReaction)"
"UNIPROT","O43291","UNIPROT","P14210","directed","Control(Out: INHIBITION of BiochemicalReaction)"
"UNIPROT","O75886","UNIPROT","P08581","undirected","Binding"
"UNIPROT","O75886","UNIPROT","P14210","undirected","Binding"
"UNIPROT","P05556","UNIPROT","P08581","directed","Control(Out: ACTIVATION of BiochemicalReaction)"
"UNIPROT","P05556","UNIPROT","P14210","directed","Control(Out: ACTIVATION of BiochemicalReaction)"
"UNIPROT","P05556","UNIPROT","P17301","undirected","Binding"
"UNIPROT","P05556","UNIPROT","P26006","undirected","Binding"
"UNIPROT","P05556","UNIPROT","Q05397","directed","Control(Out: ACTIVATION of BiochemicalReaction)"
"UNIPROT","P05556","UNIPROT","Q8IZW8","undirected","Binding"
"UNIPROT","P05981","UNIPROT","P14210","directed","Control(Out: ACTIVATION of BiochemicalReaction)"
"UNIPROT","P07942","UNIPROT","O15230","undirected","Binding"
"UNIPROT","P07942","UNIPROT","P05556","undirected","Binding"
"UNIPROT","P07942","UNIPROT","P08581","directed","Control(Out: ACTIVATION of BiochemicalReaction)"
"UNIPROT","P07942","UNIPROT","P14210","directed","Control(Out: ACTIVATION of BiochemicalReaction)"
"UNIPROT","P07942","UNIPROT","P17301","undirected","Binding"
"UNIPROT","P07942","UNIPROT","P24043","undirected","Binding"
"UNIPROT","P07942","UNIPROT","P26006","undirected","Binding"
"UNIPROT","P07942","UNIPROT","Q05397","directed","Control(Out: ACTIVATION of BiochemicalReaction)"
"UNIPROT","P07942","UNIPROT","Q16363","undirected","Binding"
"UNIPROT","P07942","UNIPROT","Q16787","undirected","Binding"
"UNIPROT","P07942","UNIPROT","Q9Y6N6","undirected","Binding"
"UNIPROT","P08581","UNIPROT","P01111","directed","Control(Out: ACTIVATION of BiochemicalReaction)"
"UNIPROT","P08581","UNIPROT","P01112","directed","Control(Out: ACTIVATION of BiochemicalReaction)"
"UNIPROT","P08581","UNIPROT","P01116","directed","Control(Out: ACTIVATION of BiochemicalReaction)"
"UNIPROT","P08581","UNIPROT","P05556","undirected","Binding"
"UNIPROT","P08581","UNIPROT","P0CG47","directed","Process(BiochemicalReaction)"
"UNIPROT","P08581","UNIPROT","P0CG48","directed","Process(BiochemicalReaction)"
"UNIPROT","P08581","UNIPROT","P14210","directed","Control(Out: INHIBITION of BiochemicalReaction)"
"UNIPROT","P08581","UNIPROT","P20338","directed","Control(In: ACTIVATION of BiochemicalReaction)"
"UNIPROT","P08581","UNIPROT","P61018","directed","Control(In: ACTIVATION of BiochemicalReaction)"
"UNIPROT","P08581","UNIPROT","P61224","directed","Control(Out: ACTIVATION of BiochemicalReaction)"
"UNIPROT","P08581","UNIPROT","P62330","undirected","Binding"
"UNIPROT","P08581","UNIPROT","P62834","directed","Control(Out: ACTIVATION of BiochemicalReaction)"
"UNIPROT","P08581","UNIPROT","P62979","directed","Process(BiochemicalReaction)"
"UNIPROT","P08581","UNIPROT","P62987","directed","Process(BiochemicalReaction)"
"UNIPROT","P08581","UNIPROT","P62993","directed","Control(Out: INHIBITION of BiochemicalReaction)"
"UNIPROT","P08581","UNIPROT","P63000","directed","Control(Out: ACTIVATION of BiochemicalReaction)"
"UNIPROT","P08581","UNIPROT","Q07889","directed","Control(Out: INHIBITION of BiochemicalReaction)"
"UNIPROT","P08581","UNIPROT","Q68CZ2","undirected","Binding"
"UNIPROT","P08581","UNIPROT","Q6VN20","undirected","Binding"
"UNIPROT","P08581","UNIPROT","Q8IZW8","undirected","Binding"
"UNIPROT","P08581","UNIPROT","Q8N307","undirected","Binding"
"UNIPROT","P08581","UNIPROT","Q96N67","undirected","Binding"
"UNIPROT","P08581","UNIPROT","Q96S59","directed","Control(Out: INHIBITION of BiochemicalReaction)"
"UNIPROT","P08581","UNIPROT","Q96S59","undirected","Binding"
"UNIPROT","P08581","UNIPROT","Q9NZ52","undirected","Binding"
"UNIPROT","P0CG47","UNIPROT","P08581","directed","Control(In: ACTIVATION of BiochemicalReaction)"
"UNIPROT","P0CG47","UNIPROT","P08581","directed","Process(BiochemicalReaction)"
"UNIPROT","P0CG47","UNIPROT","P14210","directed","Control(In: ACTIVATION of BiochemicalReaction)"
"UNIPROT","P0CG47","UNIPROT","P14210","directed","Process(BiochemicalReaction)"
"UNIPROT","P0CG47","UNIPROT","P22681","directed","Control(In: ACTIVATION of BiochemicalReaction)"
"UNIPROT","P0CG47","UNIPROT","P22681","directed","Process(BiochemicalReaction)"
"UNIPROT","P0CG47","UNIPROT","P62993","directed","Control(In: ACTIVATION of BiochemicalReaction)"
"UNIPROT","P0CG47","UNIPROT","P62993","directed","Process(BiochemicalReaction)"
"UNIPROT","P0CG47","UNIPROT","Q96JA1","directed","Process(BiochemicalReaction)"
"UNIPROT","P0CG48","UNIPROT","P08581","directed","Control(In: ACTIVATION of BiochemicalReaction)"
"UNIPROT","P0CG48","UNIPROT","P08581","directed","Process(BiochemicalReaction)"
"UNIPROT","P0CG48","UNIPROT","P14210","directed","Control(In: ACTIVATION of BiochemicalReaction)"
"UNIPROT","P0CG48","UNIPROT","P14210","directed","Process(BiochemicalReaction)"
"UNIPROT","P0CG48","UNIPROT","P22681","directed","Control(In: ACTIVATION of BiochemicalReaction)"
"UNIPROT","P0CG48","UNIPROT","P22681","directed","Process(BiochemicalReaction)"
"UNIPROT","P0CG48","UNIPROT","P62993","directed","Control(In: ACTIVATION of BiochemicalReaction)"
"UNIPROT","P0CG48","UNIPROT","P62993","directed","Process(BiochemicalReaction)"
"UNIPROT","P0CG48","UNIPROT","Q96JA1","directed","Process(BiochemicalReaction)"
"UNIPROT","P11047","UNIPROT","O15230","undirected","Binding"
"UNIPROT","P11047","UNIPROT","P05556","undirected","Binding"
"UNIPROT","P11047","UNIPROT","P07942","undirected","Binding"
"UNIPROT","P11047","UNIPROT","P08581","directed","Control(Out: ACTIVATION of BiochemicalReaction)"
"UNIPROT","P11047","UNIPROT","P14210","directed","Control(Out: ACTIVATION of BiochemicalReaction)"
"UNIPROT","P11047","UNIPROT","P17301","undirected","Binding"
"UNIPROT","P11047","UNIPROT","P24043","undirected","Binding"
"UNIPROT","P11047","UNIPROT","P26006","undirected","Binding"
"UNIPROT","P11047","UNIPROT","P55268","undirected","Binding"
"UNIPROT","P11047","UNIPROT","Q05397","directed","Control(Out: ACTIVATION of BiochemicalReaction)"
"UNIPROT","P11047","UNIPROT","Q16363","undirected","Binding"
"UNIPROT","P11047","UNIPROT","Q16787","undirected","Binding"
"UNIPROT","P12931","UNIPROT","P08581","undirected","Binding"
"UNIPROT","P12931","UNIPROT","P14210","undirected","Binding"
"UNIPROT","P12931","UNIPROT","Q05397","undirected","Binding"
"UNIPROT","P14210","UNIPROT","P01111","directed","Control(Out: ACTIVATION of BiochemicalReaction)"
"UNIPROT","P14210","UNIPROT","P01112","directed","Control(Out: ACTIVATION of BiochemicalReaction)"
"UNIPROT","P14210","UNIPROT","P01116","directed","Control(Out: ACTIVATION of BiochemicalReaction)"
"UNIPROT","P14210","UNIPROT","P05556","undirected","Binding"
"UNIPROT","P14210","UNIPROT","P08581","directed","Control(In: INHIBITION of BiochemicalReaction)"
"UNIPROT","P14210","UNIPROT","P08581","undirected","Binding"
"UNIPROT","P14210","UNIPROT","P20338","directed","Control(In: ACTIVATION of BiochemicalReaction)"
"UNIPROT","P14210","UNIPROT","P61018","directed","Control(In: ACTIVATION of BiochemicalReaction)"
"UNIPROT","P14210","UNIPROT","P61224","directed","Control(Out: ACTIVATION of BiochemicalReaction)"
"UNIPROT","P14210","UNIPROT","P62330","undirected","Binding"
"UNIPROT","P14210","UNIPROT","P62834","directed","Control(Out: ACTIVATION of BiochemicalReaction)"
"UNIPROT","P14210","UNIPROT","P62993","directed","Control(Out: INHIBITION of BiochemicalReaction)"
"UNIPROT","P14210","UNIPROT","P63000","directed","Control(Out: ACTIVATION of BiochemicalReaction)"
"UNIPROT","P14210","UNIPROT","Q07889","directed","Control(Out: INHIBITION of BiochemicalReaction)"
"UNIPROT","P14210","UNIPROT","Q68CZ2","undirected","Binding"
"UNIPROT","P14210","UNIPROT","Q6VN20","undirected","Binding"
"UNIPROT","P14210","UNIPROT","Q8IZW8","undirected","Binding"
"UNIPROT","P14210","UNIPROT","Q8N307","undirected","Binding"
"UNIPROT","P14210","UNIPROT","Q96N67","undirected","Binding"
"UNIPROT","P14210","UNIPROT","Q96S59","directed","Control(Out: INHIBITION of BiochemicalReaction)"
"UNIPROT","P14210","UNIPROT","Q96S59","undirected","Binding"
"UNIPROT","P14210","UNIPROT","Q9NZ52","undirected","Binding"
"UNIPROT","P17301","UNIPROT","P08581","directed","Control(Out: ACTIVATION of BiochemicalReaction)"
"UNIPROT","P17301","UNIPROT","P14210","directed","Control(Out: ACTIVATION of BiochemicalReaction)"
"UNIPROT","P17301","UNIPROT","Q05397","directed","Control(Out: ACTIVATION of BiochemicalReaction)"
"UNIPROT","P17706","UNIPROT","P08581","directed","Control(Out: ACTIVATION of BiochemicalReaction)"
"UNIPROT","P17706","UNIPROT","P14210","directed","Control(Out: ACTIVATION of BiochemicalReaction)"
"UNIPROT","P18031","UNIPROT","P08581","directed","Control(Out: ACTIVATION of BiochemicalReaction)"
"UNIPROT","P18031","UNIPROT","P14210","directed","Control(Out: ACTIVATION of BiochemicalReaction)"
"UNIPROT","P20338","UNIPROT","P08581","directed","Control(Out: ACTIVATION of BiochemicalReaction)"
"UNIPROT","P20338","UNIPROT","P14210","directed","Control(Out: ACTIVATION of BiochemicalReaction)"
"UNIPROT","P22681","UNIPROT","O14964","undirected","Binding"
"UNIPROT","P22681","UNIPROT","O75886","undirected","Binding"
"UNIPROT","P22681","UNIPROT","P08581","undirected","Binding"
"UNIPROT","P22681","UNIPROT","P14210","undirected","Binding"
"UNIPROT","P22681","UNIPROT","P42566","undirected","Binding"
"UNIPROT","P22681","UNIPROT","Q92783","undirected","Binding"
"UNIPROT","P22681","UNIPROT","Q96B97","undirected","Binding"
"UNIPROT","P22681","UNIPROT","Q99961","undirected","Binding"
"UNIPROT","P22681","UNIPROT","Q99962","undirected","Binding"
"UNIPROT","P22681","UNIPROT","Q99963","undirected","Binding"
"UNIPROT","P24043","UNIPROT","P05556","undirected","Binding"
"UNIPROT","P24043","UNIPROT","P08581","directed","Control(Out: ACTIVATION of BiochemicalReaction)"
"UNIPROT","P24043","UNIPROT","P14210","directed","Control(Out: ACTIVATION of BiochemicalReaction)"
"UNIPROT","P24043","UNIPROT","P17301","undirected","Binding"
"UNIPROT","P24043","UNIPROT","P26006","undirected","Binding"
"UNIPROT","P24043","UNIPROT","Q05397","directed","Control(Out: ACTIVATION of BiochemicalReaction)"
"UNIPROT","P24043","UNIPROT","Q9Y6N6","undirected","Binding"
"UNIPROT","P25391","UNIPROT","P05556","undirected","Binding"
"UNIPROT","P25391","UNIPROT","P07942","undirected","Binding"
"UNIPROT","P25391","UNIPROT","P08581","directed","Control(Out: ACTIVATION of BiochemicalReaction)"
"UNIPROT","P25391","UNIPROT","P11047","undirected","Binding"
"UNIPROT","P25391","UNIPROT","P14210","directed","Control(Out: ACTIVATION of BiochemicalReaction)"
"UNIPROT","P25391","UNIPROT","P17301","undirected","Binding"
"UNIPROT","P25391","UNIPROT","P26006","undirected","Binding"
"UNIPROT","P25391","UNIPROT","P55268","undirected","Binding"
"UNIPROT","P25391","UNIPROT","Q05397","directed","Control(Out: ACTIVATION of BiochemicalReaction)"
"UNIPROT","P26006","UNIPROT","P08581","directed","Control(Out: ACTIVATION of BiochemicalReaction)"
"UNIPROT","P26006","UNIPROT","P14210","directed","Control(Out: ACTIVATION of BiochemicalReaction)"
"UNIPROT","P26006","UNIPROT","Q05397","directed","Control(Out: ACTIVATION of BiochemicalReaction)"
"UNIPROT","P27986","UNIPROT","P08581","undirected","Binding"
"UNIPROT","P27986","UNIPROT","P14210","undirected","Binding"
"UNIPROT","P29353","UNIPROT","P01111","directed","Control(Out: ACTIVATION of BiochemicalReaction)"
"UNIPROT","P29353","UNIPROT","P01112","directed","Control(Out: ACTIVATION of BiochemicalReaction)"
"UNIPROT","P29353","UNIPROT","P01116","directed","Control(Out: ACTIVATION of BiochemicalReaction)"
"UNIPROT","P29353","UNIPROT","P08581","undirected","Binding"
"UNIPROT","P29353","UNIPROT","P14210","undirected","Binding"
"UNIPROT","P40763","UNIPROT","P08581","directed","Control(In: ACTIVATION of BiochemicalReaction)"
"UNIPROT","P40763","UNIPROT","P08581","undirected","Binding"
"UNIPROT","P40763","UNIPROT","P14210","directed","Control(In: ACTIVATION of BiochemicalReaction)"
"UNIPROT","P40763","UNIPROT","P14210","undirected","Binding"
"UNIPROT","P40818","UNIPROT","P08581","directed","Control(Out: ACTIVATION of BiochemicalReaction)"
"UNIPROT","P40818","UNIPROT","P0CG47","directed","Control(Out: ACTIVATION of BiochemicalReaction)"
"UNIPROT","P40818","UNIPROT","P0CG48","directed","Control(Out: ACTIVATION of BiochemicalReaction)"
"UNIPROT","P40818","UNIPROT","P62979","directed","Control(Out: ACTIVATION of BiochemicalReaction)"
"UNIPROT","P40818","UNIPROT","P62987","directed","Control(Out: ACTIVATION of BiochemicalReaction)"
"UNIPROT","P40818","UNIPROT","Q96JA1","directed","Control(Out: ACTIVATION of BiochemicalReaction)"
"UNIPROT","P42336","UNIPROT","P08581","undirected","Binding"
"UNIPROT","P42336","UNIPROT","P14210","undirected","Binding"
"UNIPROT","P42336","UNIPROT","P27986","undirected","Binding"
"UNIPROT","P42566","UNIPROT","O75886","undirected","Binding"
"UNIPROT","P42566","UNIPROT","P08581","undirected","Binding"
"UNIPROT","P42566","UNIPROT","P14210","undirected","Binding"
"UNIPROT","P42566","UNIPROT","Q92783","undirected","Binding"
"UNIPROT","P46108","UNIPROT","P08581","directed","Process(BiochemicalReaction)"
"UNIPROT","P46108","UNIPROT","P08581","undirected","Binding"
"UNIPROT","P46108","UNIPROT","P14210","directed","Process(BiochemicalReaction)"
"UNIPROT","P46108","UNIPROT","P14210","undirected","Binding"
"UNIPROT","P46108","UNIPROT","P20338","directed","Control(In: ACTIVATION of BiochemicalReaction)"
"UNIPROT","P46108","UNIPROT","P61018","directed","Control(In: ACTIVATION of BiochemicalReaction)"
"UNIPROT","P46108","UNIPROT","P61224","directed","Control(Out: ACTIVATION of BiochemicalReaction)"
"UNIPROT","P46108","UNIPROT","P62330","undirected","Binding"
"UNIPROT","P46108","UNIPROT","P62834","directed","Control(Out: ACTIVATION of BiochemicalReaction)"
"UNIPROT","P46108","UNIPROT","P63000","directed","Control(Out: ACTIVATION of BiochemicalReaction)"
"UNIPROT","P46108","UNIPROT","Q96N67","undirected","Binding"
"UNIPROT","P46108","UNIPROT","Q9NZ52","undirected","Binding"
"UNIPROT","P46109","UNIPROT","P08581","directed","Process(BiochemicalReaction)"
"UNIPROT","P46109","UNIPROT","P08581","undirected","Binding"
"UNIPROT","P46109","UNIPROT","P14210","directed","Process(BiochemicalReaction)"
"UNIPROT","P46109","UNIPROT","P14210","undirected","Binding"
"UNIPROT","P46109","UNIPROT","P20338","directed","Control(In: ACTIVATION of BiochemicalReaction)"
"UNIPROT","P46109","UNIPROT","P61018","directed","Control(In: ACTIVATION of BiochemicalReaction)"
"UNIPROT","P46109","UNIPROT","P61224","directed","Control(Out: ACTIVATION of BiochemicalReaction)"
"UNIPROT","P46109","UNIPROT","P62330","undirected","Binding"
"UNIPROT","P46109","UNIPROT","P62834","directed","Control(Out: ACTIVATION of BiochemicalReaction)"
"UNIPROT","P46109","UNIPROT","P63000","directed","Control(Out: ACTIVATION of BiochemicalReaction)"
"UNIPROT","P46109","UNIPROT","Q13905","undirected","Binding"
"UNIPROT","P46109","UNIPROT","Q96N67","undirected","Binding"
"UNIPROT","P46109","UNIPROT","Q9NZ52","undirected","Binding"
"UNIPROT","P55268","UNIPROT","O15230","undirected","Binding"
"UNIPROT","P55268","UNIPROT","P05556","undirected","Binding"
"UNIPROT","P55268","UNIPROT","P08581","directed","Control(Out: ACTIVATION of BiochemicalReaction)"
"UNIPROT","P55268","UNIPROT","P14210","directed","Control(Out: ACTIVATION of BiochemicalReaction)"
"UNIPROT","P55268","UNIPROT","P17301","undirected","Binding"
"UNIPROT","P55268","UNIPROT","P24043","undirected","Binding"
"UNIPROT","P55268","UNIPROT","P26006","undirected","Binding"
"UNIPROT","P55268","UNIPROT","Q05397","directed","Control(Out: ACTIVATION of BiochemicalReaction)"
"UNIPROT","P55268","UNIPROT","Q13753","undirected","Binding"
"UNIPROT","P55268","UNIPROT","Q16363","undirected","Binding"
"UNIPROT","P55268","UNIPROT","Q16787","undirected","Binding"
"UNIPROT","P55268","UNIPROT","Q9Y6N6","undirected","Binding"
"UNIPROT","P61018","UNIPROT","P08581","directed","Control(Out: ACTIVATION of BiochemicalReaction)"
"UNIPROT","P61018","UNIPROT","P14210","directed","Control(Out: ACTIVATION of BiochemicalReaction)"
"UNIPROT","P62330","UNIPROT","P08581","directed","Process(BiochemicalReaction)"
"UNIPROT","P62330","UNIPROT","P14210","directed","Process(BiochemicalReaction)"
"UNIPROT","P62330","UNIPROT","P20338","directed","Control(In: ACTIVATION of BiochemicalReaction)"
"UNIPROT","P62330","UNIPROT","P61018","directed","Control(In: ACTIVATION of BiochemicalReaction)"
"UNIPROT","P62330","UNIPROT","Q9NZ52","undirected","Binding"
"UNIPROT","P62979","UNIPROT","P08581","directed","Control(In: ACTIVATION of BiochemicalReaction)"
"UNIPROT","P62979","UNIPROT","P08581","directed","Process(BiochemicalReaction)"
"UNIPROT","P62979","UNIPROT","P14210","directed","Control(In: ACTIVATION of BiochemicalReaction)"
"UNIPROT","P62979","UNIPROT","P14210","directed","Process(BiochemicalReaction)"
"UNIPROT","P62979","UNIPROT","P22681","directed","Control(In: ACTIVATION of BiochemicalReaction)"
"UNIPROT","P62979","UNIPROT","P22681","directed","Process(BiochemicalReaction)"
"UNIPROT","P62979","UNIPROT","P62993","directed","Control(In: ACTIVATION of BiochemicalReaction)"
"UNIPROT","P62979","UNIPROT","P62993","directed","Process(BiochemicalReaction)"
"UNIPROT","P62979","UNIPROT","Q96JA1","directed","Process(BiochemicalReaction)"
"UNIPROT","P62987","UNIPROT","P08581","directed","Control(In: ACTIVATION of BiochemicalReaction)"
"UNIPROT","P62987","UNIPROT","P08581","directed","Process(BiochemicalReaction)"
"UNIPROT","P62987","UNIPROT","P14210","directed","Control(In: ACTIVATION of BiochemicalReaction)"
"UNIPROT","P62987","UNIPROT","P14210","directed","Process(BiochemicalReaction)"
"UNIPROT","P62987","UNIPROT","P22681","directed","Control(In: ACTIVATION of BiochemicalReaction)"
"UNIPROT","P62987","UNIPROT","P22681","directed","Process(BiochemicalReaction)"
"UNIPROT","P62987","UNIPROT","P62993","directed","Control(In: ACTIVATION of BiochemicalReaction)"
"UNIPROT","P62987","UNIPROT","P62993","directed","Process(BiochemicalReaction)"
"UNIPROT","P62987","UNIPROT","Q96JA1","directed","Process(BiochemicalReaction)"
"UNIPROT","P62993","UNIPROT","O14964","undirected","Binding"
"UNIPROT","P62993","UNIPROT","O75886","undirected","Binding"
"UNIPROT","P62993","UNIPROT","P01111","directed","Control(Out: ACTIVATION of BiochemicalReaction)"
"UNIPROT","P62993","UNIPROT","P01112","directed","Control(Out: ACTIVATION of BiochemicalReaction)"
"UNIPROT","P62993","UNIPROT","P01116","directed","Control(Out: ACTIVATION of BiochemicalReaction)"
"UNIPROT","P62993","UNIPROT","P08581","directed","Control(In: INHIBITION of BiochemicalReaction)"
"UNIPROT","P62993","UNIPROT","P08581","directed","Process(BiochemicalReaction)"
"UNIPROT","P62993","UNIPROT","P08581","undirected","Binding"
"UNIPROT","P62993","UNIPROT","P14210","directed","Control(In: INHIBITION of BiochemicalReaction)"
"UNIPROT","P62993","UNIPROT","P14210","directed","Process(BiochemicalReaction)"
"UNIPROT","P62993","UNIPROT","P14210","undirected","Binding"
"UNIPROT","P62993","UNIPROT","P20338","directed","Control(In: ACTIVATION of BiochemicalReaction)"
"UNIPROT","P62993","UNIPROT","P22681","undirected","Binding"
"UNIPROT","P62993","UNIPROT","P27986","undirected","Binding"
"UNIPROT","P62993","UNIPROT","P29353","undirected","Binding"
"UNIPROT","P62993","UNIPROT","P42336","undirected","Binding"
"UNIPROT","P62993","UNIPROT","P42566","undirected","Binding"
"UNIPROT","P62993","UNIPROT","P46108","undirected","Binding"
"UNIPROT","P62993","UNIPROT","P46109","undirected","Binding"
"UNIPROT","P62993","UNIPROT","P61018","directed","Control(In: ACTIVATION of BiochemicalReaction)"
"UNIPROT","P62993","UNIPROT","P61224","directed","Control(Out: ACTIVATION of BiochemicalReaction)"
"UNIPROT","P62993","UNIPROT","P62330","undirected","Binding"
"UNIPROT","P62993","UNIPROT","P62834","directed","Control(Out: ACTIVATION of BiochemicalReaction)"
"UNIPROT","P62993","UNIPROT","P63000","directed","Control(Out: ACTIVATION of BiochemicalReaction)"
"UNIPROT","P62993","UNIPROT","Q06124","undirected","Binding"
"UNIPROT","P62993","UNIPROT","Q07889","undirected","Binding"
"UNIPROT","P62993","UNIPROT","Q13480","undirected","Binding"
"UNIPROT","P62993","UNIPROT","Q13905","undirected","Binding"
"UNIPROT","P62993","UNIPROT","Q8N307","directed","Control(In: INHIBITION of BiochemicalReaction)"
"UNIPROT","P62993","UNIPROT","Q92783","undirected","Binding"
"UNIPROT","P62993","UNIPROT","Q96B97","undirected","Binding"
"UNIPROT","P62993","UNIPROT","Q96N67","undirected","Binding"
"UNIPROT","P62993","UNIPROT","Q99961","undirected","Binding"
"UNIPROT","P62993","UNIPROT","Q99962","undirected","Binding"
"UNIPROT","P62993","UNIPROT","Q99963","undirected","Binding"
"UNIPROT","P62993","UNIPROT","Q9NZ52","undirected","Binding"
"UNIPROT","Q04756","UNIPROT","P14210","directed","Control(Out: ACTIVATION of BiochemicalReaction)"
"UNIPROT","Q05397","UNIPROT","O15230","directed","Control(In: ACTIVATION of BiochemicalReaction)"
"UNIPROT","Q05397","UNIPROT","P05556","directed","Control(In: ACTIVATION of BiochemicalReaction)"
"UNIPROT","Q05397","UNIPROT","P07942","directed","Control(In: ACTIVATION of BiochemicalReaction)"
"UNIPROT","Q05397","UNIPROT","P08581","undirected","Binding"
"UNIPROT","Q05397","UNIPROT","P11047","directed","Control(In: ACTIVATION of BiochemicalReaction)"
"UNIPROT","Q05397","UNIPROT","P14210","undirected","Binding"
"UNIPROT","Q05397","UNIPROT","P17301","directed","Control(In: ACTIVATION of BiochemicalReaction)"
"UNIPROT","Q05397","UNIPROT","P24043","directed","Control(In: ACTIVATION of BiochemicalReaction)"
"UNIPROT","Q05397","UNIPROT","P25391","directed","Control(In: ACTIVATION of BiochemicalReaction)"
"UNIPROT","Q05397","UNIPROT","P26006","directed","Control(In: ACTIVATION of BiochemicalReaction)"
"UNIPROT","Q05397","UNIPROT","P55268","directed","Control(In: ACTIVATION of BiochemicalReaction)"
"UNIPROT","Q05397","UNIPROT","Q13751","directed","Control(In: ACTIVATION of BiochemicalReaction)"
"UNIPROT","Q05397","UNIPROT","Q13753","directed","Control(In: ACTIVATION of BiochemicalReaction)"
"UNIPROT","Q05397","UNIPROT","Q16363","directed","Control(In: ACTIVATION of BiochemicalReaction)"
"UNIPROT","Q05397","UNIPROT","Q16787","directed","Control(In: ACTIVATION of BiochemicalReaction)"
"UNIPROT","Q05397","UNIPROT","Q9Y6N6","directed","Control(In: ACTIVATION of BiochemicalReaction)"
"UNIPROT","Q06124","UNIPROT","P08581","undirected","Binding"
"UNIPROT","Q06124","UNIPROT","P14210","undirected","Binding"
"UNIPROT","Q07889","UNIPROT","P01111","directed","Control(Out: ACTIVATION of BiochemicalReaction)"
"UNIPROT","Q07889","UNIPROT","P01112","directed","Control(Out: ACTIVATION of BiochemicalReaction)"
"UNIPROT","Q07889","UNIPROT","P01116","directed","Control(Out: ACTIVATION of BiochemicalReaction)"
"UNIPROT","Q07889","UNIPROT","P08581","directed","Control(In: INHIBITION of BiochemicalReaction)"
"UNIPROT","Q07889","UNIPROT","P08581","undirected","Binding"
"UNIPROT","Q07889","UNIPROT","P14210","directed","Control(In: INHIBITION of BiochemicalReaction)"
"UNIPROT","Q07889","UNIPROT","P14210","undirected","Binding"
"UNIPROT","Q07889","UNIPROT","P29353","undirected","Binding"
"UNIPROT","Q07889","UNIPROT","Q6VN20","directed","Control(In: INHIBITION of BiochemicalReaction)"
"UNIPROT","Q07889","UNIPROT","Q8N307","directed","Control(In: INHIBITION of BiochemicalReaction)"
"UNIPROT","Q07889","UNIPROT","Q96S59","undirected","Binding"
"UNIPROT","Q12913","UNIPROT","P08581","directed","Control(Out: ACTIVATION of BiochemicalReaction)"
"UNIPROT","Q12913","UNIPROT","P14210","directed","Control(Out: ACTIVATION of BiochemicalReaction)"
"UNIPROT","Q13480","UNIPROT","P08581","directed","Process(BiochemicalReaction)"
"UNIPROT","Q13480","UNIPROT","P08581","undirected","Binding"
"UNIPROT","Q13480","UNIPROT","P14210","directed","Process(BiochemicalReaction)"
"UNIPROT","Q13480","UNIPROT","P14210","undirected","Binding"
"UNIPROT","Q13480","UNIPROT","P20338","directed","Control(In: ACTIVATION of BiochemicalReaction)"
"UNIPROT","Q13480","UNIPROT","P27986","undirected","Binding"
"UNIPROT","Q13480","UNIPROT","P42336","undirected","Binding"
"UNIPROT","Q13480","UNIPROT","P46108","undirected","Binding"
"UNIPROT","Q13480","UNIPROT","P46109","undirected","Binding"
"UNIPROT","Q13480","UNIPROT","P61018","directed","Control(In: ACTIVATION of BiochemicalReaction)"
"UNIPROT","Q13480","UNIPROT","P61224","directed","Control(Out: ACTIVATION of BiochemicalReaction)"
"UNIPROT","Q13480","UNIPROT","P62330","undirected","Binding"
"UNIPROT","Q13480","UNIPROT","P62834","directed","Control(Out: ACTIVATION of BiochemicalReaction)"
"UNIPROT","Q13480","UNIPROT","P63000","directed","Control(Out: ACTIVATION of BiochemicalReaction)"
"UNIPROT","Q13480","UNIPROT","Q06124","undirected","Binding"
"UNIPROT","Q13480","UNIPROT","Q13905","undirected","Binding"
"UNIPROT","Q13480","UNIPROT","Q96N67","undirected","Binding"
"UNIPROT","Q13480","UNIPROT","Q9NZ52","undirected","Binding"
"UNIPROT","Q13751","UNIPROT","P05556","undirected","Binding"
"UNIPROT","Q13751","UNIPROT","P08581","directed","Control(Out: ACTIVATION of BiochemicalReaction)"
"UNIPROT","Q13751","UNIPROT","P14210","directed","Control(Out: ACTIVATION of BiochemicalReaction)"
"UNIPROT","Q13751","UNIPROT","P17301","undirected","Binding"
"UNIPROT","Q13751","UNIPROT","P26006","undirected","Binding"
"UNIPROT","Q13751","UNIPROT","Q05397","directed","Control(Out: ACTIVATION of BiochemicalReaction)"
"UNIPROT","Q13751","UNIPROT","Q13753","undirected","Binding"
"UNIPROT","Q13753","UNIPROT","O15230","undirected","Binding"
"UNIPROT","Q13753","UNIPROT","P05556","undirected","Binding"
"UNIPROT","Q13753","UNIPROT","P08581","directed","Control(Out: ACTIVATION of BiochemicalReaction)"
"UNIPROT","Q13753","UNIPROT","P14210","directed","Control(Out: ACTIVATION of BiochemicalReaction)"
"UNIPROT","Q13753","UNIPROT","P17301","undirected","Binding"
"UNIPROT","Q13753","UNIPROT","P26006","undirected","Binding"
"UNIPROT","Q13753","UNIPROT","Q05397","directed","Control(Out: ACTIVATION of BiochemicalReaction)"
"UNIPROT","Q13905","UNIPROT","P08581","undirected","Binding"
"UNIPROT","Q13905","UNIPROT","P14210","undirected","Binding"
"UNIPROT","Q13905","UNIPROT","P46108","undirected","Binding"
"UNIPROT","Q13905","UNIPROT","P61224","directed","Control(Out: ACTIVATION of BiochemicalReaction)"
"UNIPROT","Q13905","UNIPROT","P62834","directed","Control(Out: ACTIVATION of BiochemicalReaction)"
"UNIPROT","Q16363","UNIPROT","P05556","undirected","Binding"
"UNIPROT","Q16363","UNIPROT","P08581","directed","Control(Out: ACTIVATION of BiochemicalReaction)"
"UNIPROT","Q16363","UNIPROT","P14210","directed","Control(Out: ACTIVATION of BiochemicalReaction)"
"UNIPROT","Q16363","UNIPROT","P17301","undirected","Binding"
"UNIPROT","Q16363","UNIPROT","P26006","undirected","Binding"
"UNIPROT","Q16363","UNIPROT","Q05397","directed","Control(Out: ACTIVATION of BiochemicalReaction)"
"UNIPROT","Q16787","UNIPROT","P05556","undirected","Binding"
"UNIPROT","Q16787","UNIPROT","P08581","directed","Control(Out: ACTIVATION of BiochemicalReaction)"
"UNIPROT","Q16787","UNIPROT","P14210","directed","Control(Out: ACTIVATION of BiochemicalReaction)"
"UNIPROT","Q16787","UNIPROT","P17301","undirected","Binding"
"UNIPROT","Q16787","UNIPROT","P26006","undirected","Binding"
"UNIPROT","Q16787","UNIPROT","Q05397","directed","Control(Out: ACTIVATION of BiochemicalReaction)"
"UNIPROT","Q16787","UNIPROT","Q13751","undirected","Binding"
"UNIPROT","Q16787","UNIPROT","Q13753","undirected","Binding"
"UNIPROT","Q6VN20","UNIPROT","P08581","directed","Control(Out: INHIBITION of BiochemicalReaction)"
"UNIPROT","Q6VN20","UNIPROT","P14210","directed","Control(Out: INHIBITION of BiochemicalReaction)"
"UNIPROT","Q6VN20","UNIPROT","Q07889","directed","Control(Out: INHIBITION of BiochemicalReaction)"
"UNIPROT","Q6VN20","UNIPROT","Q96S59","directed","Control(Out: INHIBITION of BiochemicalReaction)"
"UNIPROT","Q8N307","UNIPROT","P08581","directed","Control(Out: INHIBITION of BiochemicalReaction)"
"UNIPROT","Q8N307","UNIPROT","P14210","directed","Control(Out: INHIBITION of BiochemicalReaction)"
"UNIPROT","Q8N307","UNIPROT","P62993","directed","Control(Out: INHIBITION of BiochemicalReaction)"
"UNIPROT","Q8N307","UNIPROT","Q07889","directed","Control(Out: INHIBITION of BiochemicalReaction)"
"UNIPROT","Q92783","UNIPROT","P08581","undirected","Binding"
"UNIPROT","Q92783","UNIPROT","P14210","undirected","Binding"
"UNIPROT","Q96B97","UNIPROT","O14964","undirected","Binding"
"UNIPROT","Q96B97","UNIPROT","O75886","undirected","Binding"
"UNIPROT","Q96B97","UNIPROT","P08581","undirected","Binding"
"UNIPROT","Q96B97","UNIPROT","P14210","undirected","Binding"
"UNIPROT","Q96B97","UNIPROT","P42566","undirected","Binding"
"UNIPROT","Q96B97","UNIPROT","Q92783","undirected","Binding"
"UNIPROT","Q96JA1","UNIPROT","O14964","undirected","Binding"
"UNIPROT","Q96JA1","UNIPROT","O75886","undirected","Binding"
"UNIPROT","Q96JA1","UNIPROT","P08581","undirected","Binding"
"UNIPROT","Q96JA1","UNIPROT","P0CG47","directed","Process(BiochemicalReaction)"
"UNIPROT","Q96JA1","UNIPROT","P0CG48","directed","Process(BiochemicalReaction)"
"UNIPROT","Q96JA1","UNIPROT","P42566","undirected","Binding"
"UNIPROT","Q96JA1","UNIPROT","P62979","directed","Process(BiochemicalReaction)"
"UNIPROT","Q96JA1","UNIPROT","P62987","directed","Process(BiochemicalReaction)"
"UNIPROT","Q96JA1","UNIPROT","Q92783","undirected","Binding"
"UNIPROT","Q96N67","UNIPROT","P63000","directed","Control(Out: ACTIVATION of BiochemicalReaction)"
"UNIPROT","Q96S59","UNIPROT","P01111","directed","Control(Out: ACTIVATION of BiochemicalReaction)"
"UNIPROT","Q96S59","UNIPROT","P01112","directed","Control(Out: ACTIVATION of BiochemicalReaction)"
"UNIPROT","Q96S59","UNIPROT","P01116","directed","Control(Out: ACTIVATION of BiochemicalReaction)"
"UNIPROT","Q96S59","UNIPROT","P08581","directed","Control(In: INHIBITION of BiochemicalReaction)"
"UNIPROT","Q96S59","UNIPROT","P14210","directed","Control(In: INHIBITION of BiochemicalReaction)"
"UNIPROT","Q96S59","UNIPROT","Q6VN20","directed","Control(In: INHIBITION of BiochemicalReaction)"
"UNIPROT","Q99961","UNIPROT","O14964","undirected","Binding"
"UNIPROT","Q99961","UNIPROT","O75886","undirected","Binding"
"UNIPROT","Q99961","UNIPROT","P08581","undirected","Binding"
"UNIPROT","Q99961","UNIPROT","P14210","undirected","Binding"
"UNIPROT","Q99961","UNIPROT","P42566","undirected","Binding"
"UNIPROT","Q99961","UNIPROT","Q92783","undirected","Binding"
"UNIPROT","Q99961","UNIPROT","Q96B97","undirected","Binding"
"UNIPROT","Q99962","UNIPROT","O14964","undirected","Binding"
"UNIPROT","Q99962","UNIPROT","O75886","undirected","Binding"
"UNIPROT","Q99962","UNIPROT","P08581","undirected","Binding"
"UNIPROT","Q99962","UNIPROT","P14210","undirected","Binding"
"UNIPROT","Q99962","UNIPROT","P42566","undirected","Binding"
"UNIPROT","Q99962","UNIPROT","Q92783","undirected","Binding"
"UNIPROT","Q99962","UNIPROT","Q96B97","undirected","Binding"
"UNIPROT","Q99963","UNIPROT","O14964","undirected","Binding"
"UNIPROT","Q99963","UNIPROT","O75886","undirected","Binding"
"UNIPROT","Q99963","UNIPROT","P08581","undirected","Binding"
"UNIPROT","Q99963","UNIPROT","P14210","undirected","Binding"
"UNIPROT","Q99963","UNIPROT","P42566","undirected","Binding"
"UNIPROT","Q99963","UNIPROT","Q92783","undirected","Binding"
"UNIPROT","Q99963","UNIPROT","Q96B97","undirected","Binding"
"UNIPROT","Q9NZ52","UNIPROT","P08581","directed","Process(BiochemicalReaction)"
"UNIPROT","Q9NZ52","UNIPROT","P14210","directed","Process(BiochemicalReaction)"
"UNIPROT","Q9NZ52","UNIPROT","P20338","directed","Control(In: ACTIVATION of BiochemicalReaction)"
"UNIPROT","Q9NZ52","UNIPROT","P61018","directed","Control(In: ACTIVATION of BiochemicalReaction)"
"UNIPROT","Q9Y6N6","UNIPROT","P05556","undirected","Binding"
"UNIPROT","Q9Y6N6","UNIPROT","P08581","directed","Control(Out: ACTIVATION of BiochemicalReaction)"
"UNIPROT","Q9Y6N6","UNIPROT","P14210","directed","Control(Out: ACTIVATION of BiochemicalReaction)"
"UNIPROT","Q9Y6N6","UNIPROT","P17301","undirected","Binding"
"UNIPROT","Q9Y6N6","UNIPROT","P26006","undirected","Binding"
"UNIPROT","Q9Y6N6","UNIPROT","Q05397","directed","Control(Out: ACTIVATION of BiochemicalReaction)"
"UNIPROT","Q9Y6N6","UNIPROT","Q16363","undirected","Binding"
