"src_type","src","dest_type","dest","direction","type"
"UNIPROT","O43278","UNIPROT","P14210","directed","Control(Out: INHIBITION of BiochemicalReaction)"
"UNIPROT","O43291","UNIPROT","P14210","directed","Control(Out: INHIBITION of BiochemicalReaction)"
"UNIPROT","P05981","UNIPROT","P14210","directed","Control(Out: ACTIVATION of BiochemicalReaction)"
"UNIPROT","P08581","UNIPROT","P14210","directed","Control(Out: INHIBITION of BiochemicalReaction)"
"UNIPROT","P14210","UNIPROT","P08581","directed","Control(In: INHIBITION of BiochemicalReaction)"
"UNIPROT","P14210","UNIPROT","P08581","undirected","Binding"
"UNIPROT","Q04756","UNIPROT","P14210","directed","Control(Out: ACTIVATION of BiochemicalReaction)"
