"src_type","src","dest_type","dest","direction","type"
"UNIPROT","O14964","UNIPROT","O75886","undirected","Binding"
"UNIPROT","O14964","UNIPROT","P08581","undirected","Binding"
"UNIPROT","O14964","UNIPROT","P14210","undirected","Binding"
"UNIPROT","O14964","UNIPROT","P42566","undirected","Binding"
"UNIPROT","O14964","UNIPROT","Q92783","undirected","Binding"
"UNIPROT","O75886","UNIPROT","P08581","undirected","Binding"
"UNIPROT","O75886","UNIPROT","P14210","undirected","Binding"
"UNIPROT","P08581","UNIPROT","P0CG47","directed","Process(BiochemicalReaction)"
"UNIPROT","P08581","UNIPROT","P0CG48","directed","Process(BiochemicalReaction)"
"UNIPROT","P08581","UNIPROT","P62979","directed","Process(BiochemicalReaction)"
"UNIPROT","P08581","UNIPROT","P62987","directed","Process(BiochemicalReaction)"
"UNIPROT","P0CG47","UNIPROT","P08581","directed","Control(In: ACTIVATION of BiochemicalReaction)"
"UNIPROT","P0CG47","UNIPROT","P08581","directed","Process(BiochemicalReaction)"
"UNIPROT","P0CG47","UNIPROT","P14210","directed","Control(In: ACTIVATION of BiochemicalReaction)"
"UNIPROT","P0CG47","UNIPROT","P14210","directed","Process(BiochemicalReaction)"
"UNIPROT","P0CG47","UNIPROT","P22681","directed","Control(In: ACTIVATION of BiochemicalReaction)"
"UNIPROT","P0CG47","UNIPROT","P22681","directed","Process(BiochemicalReaction)"
"UNIPROT","P0CG47","UNIPROT","P62993","directed","Control(In: ACTIVATION of BiochemicalReaction)"
"UNIPROT","P0CG47","UNIPROT","P62993","directed","Process(BiochemicalReaction)"
"UNIPROT","P0CG47","UNIPROT","Q96JA1","directed","Process(BiochemicalReaction)"
"UNIPROT","P0CG48","UNIPROT","P08581","directed","Control(In: ACTIVATION of BiochemicalReaction)"
"UNIPROT","P0CG48","UNIPROT","P08581","directed","Process(BiochemicalReaction)"
"UNIPROT","P0CG48","UNIPROT","P14210","directed","Control(In: ACTIVATION of BiochemicalReaction)"
"UNIPROT","P0CG48","UNIPROT","P14210","directed","Process(BiochemicalReaction)"
"UNIPROT","P0CG48","UNIPROT","P22681","directed","Control(In: ACTIVATION of BiochemicalReaction)"
"UNIPROT","P0CG48","UNIPROT","P22681","directed","Process(BiochemicalReaction)"
"UNIPROT","P0CG48","UNIPROT","P62993","directed","Control(In: ACTIVATION of BiochemicalReaction)"
"UNIPROT","P0CG48","UNIPROT","P62993","directed","Process(BiochemicalReaction)"
"UNIPROT","P0CG48","UNIPROT","Q96JA1","directed","Process(BiochemicalReaction)"
"UNIPROT","P14210","UNIPROT","P08581","undirected","Binding"
"UNIPROT","P17706","UNIPROT","P08581","directed","Control(Out: ACTIVATION of BiochemicalReaction)"
"UNIPROT","P17706","UNIPROT","P14210","directed","Control(Out: ACTIVATION of BiochemicalReaction)"
"UNIPROT","P18031","UNIPROT","P08581","directed","Control(Out: ACTIVATION of BiochemicalReaction)"
"UNIPROT","P18031","UNIPROT","P14210","directed","Control(Out: ACTIVATION of BiochemicalReaction)"
"UNIPROT","P22681","UNIPROT","O14964","undirected","Binding"
"UNIPROT","P22681","UNIPROT","O75886","undirected","Binding"
"UNIPROT","P22681","UNIPROT","P08581","undirected","Binding"
"UNIPROT","P22681","UNIPROT","P14210","undirected","Binding"
"UNIPROT","P22681","UNIPROT","P42566","undirected","Binding"
"UNIPROT","P22681","UNIPROT","Q92783","undirected","Binding"
"UNIPROT","P22681","UNIPROT","Q96B97","undirected","Binding"
"UNIPROT","P22681","UNIPROT","Q99961","undirected","Binding"
"UNIPROT","P22681","UNIPROT","Q99962","undirected","Binding"
"UNIPROT","P22681","UNIPROT","Q99963","undirected","Binding"
"UNIPROT","P40818","UNIPROT","P08581","directed","Control(Out: ACTIVATION of BiochemicalReaction)"
"UNIPROT","P40818","UNIPROT","P0CG47","directed","Control(Out: ACTIVATION of BiochemicalReaction)"
"UNIPROT","P40818","UNIPROT","P0CG48","directed","Control(Out: ACTIVATION of BiochemicalReaction)"
"UNIPROT","P40818","UNIPROT","P62979","directed","Control(Out: ACTIVATION of BiochemicalReaction)"
"UNIPROT","P40818","UNIPROT","P62987","directed","Control(Out: ACTIVATION of BiochemicalReaction)"
"UNIPROT","P40818","UNIPROT","Q96JA1","directed","Control(Out: ACTIVATION of BiochemicalReaction)"
"UNIPROT","P42566","UNIPROT","O75886","undirected","Binding"
"UNIPROT","P42566","UNIPROT","P08581","undirected","Binding"
"UNIPROT","P42566","UNIPROT","P14210","undirected","Binding"
"UNIPROT","P42566","UNIPROT","Q92783","undirected","Binding"
"UNIPROT","P62979","UNIPROT","P08581","directed","Control(In: ACTIVATION of BiochemicalReaction)"
"UNIPROT","P62979","UNIPROT","P08581","directed","Process(BiochemicalReaction)"
"UNIPROT","P62979","UNIPROT","P14210","directed","Control(In: ACTIVATION of BiochemicalReaction)"
"UNIPROT","P62979","UNIPROT","P14210","directed","Process(BiochemicalReaction)"
"UNIPROT","P62979","UNIPROT","P22681","directed","Control(In: ACTIVATION of BiochemicalReaction)"
"UNIPROT","P62979","UNIPROT","P22681","directed","Process(BiochemicalReaction)"
"UNIPROT","P62979","UNIPROT","P62993","directed","Control(In: ACTIVATION of BiochemicalReaction)"
"UNIPROT","P62979","UNIPROT","P62993","directed","Process(BiochemicalReaction)"
"UNIPROT","P62979","UNIPROT","Q96JA1","directed","Process(BiochemicalReaction)"
"UNIPROT","P62987","UNIPROT","P08581","directed","Control(In: ACTIVATION of BiochemicalReaction)"
"UNIPROT","P62987","UNIPROT","P08581","directed","Process(BiochemicalReaction)"
"UNIPROT","P62987","UNIPROT","P14210","directed","Control(In: ACTIVATION of BiochemicalReaction)"
"UNIPROT","P62987","UNIPROT","P14210","directed","Process(BiochemicalReaction)"
"UNIPROT","P62987","UNIPROT","P22681","directed","Control(In: ACTIVATION of BiochemicalReaction)"
"UNIPROT","P62987","UNIPROT","P22681","directed","Process(BiochemicalReaction)"
"UNIPROT","P62987","UNIPROT","P62993","directed","Control(In: ACTIVATION of BiochemicalReaction)"
"UNIPROT","P62987","UNIPROT","P62993","directed","Process(BiochemicalReaction)"
"UNIPROT","P62987","UNIPROT","Q96JA1","directed","Process(BiochemicalReaction)"
"UNIPROT","P62993","UNIPROT","O14964","undirected","Binding"
"UNIPROT","P62993","UNIPROT","O75886","undirected","Binding"
"UNIPROT","P62993","UNIPROT","P08581","undirected","Binding"
"UNIPROT","P62993","UNIPROT","P14210","undirected","Binding"
"UNIPROT","P62993","UNIPROT","P22681","undirected","Binding"
"UNIPROT","P62993","UNIPROT","P42566","undirected","Binding"
"UNIPROT","P62993","UNIPROT","Q92783","undirected","Binding"
"UNIPROT","P62993","UNIPROT","Q96B97","undirected","Binding"
"UNIPROT","P62993","UNIPROT","Q99961","undirected","Binding"
"UNIPROT","P62993","UNIPROT","Q99962","undirected","Binding"
"UNIPROT","P62993","UNIPROT","Q99963","undirected","Binding"
"UNIPROT","Q12913","UNIPROT","P08581","directed","Control(Out: ACTIVATION of BiochemicalReaction)"
"UNIPROT","Q12913","UNIPROT","P14210","directed","Control(Out: ACTIVATION of BiochemicalReaction)"
"UNIPROT","Q92783","UNIPROT","P08581","undirected","Binding"
"UNIPROT","Q92783","UNIPROT","P14210","undirected","Binding"
"UNIPROT","Q96B97","UNIPROT","O14964","undirected","Binding"
"UNIPROT","Q96B97","UNIPROT","O75886","undirected","Binding"
"UNIPROT","Q96B97","UNIPROT","P08581","undirected","Binding"
"UNIPROT","Q96B97","UNIPROT","P14210","undirected","Binding"
"UNIPROT","Q96B97","UNIPROT","P42566","undirected","Binding"
"UNIPROT","Q96B97","UNIPROT","Q92783","undirected","Binding"
"UNIPROT","Q96JA1","UNIPROT","O14964","undirected","Binding"
"UNIPROT","Q96JA1","UNIPROT","O75886","undirected","Binding"
"UNIPROT","Q96JA1","UNIPROT","P08581","undirected","Binding"
"UNIPROT","Q96JA1","UNIPROT","P0CG47","directed","Process(BiochemicalReaction)"
"UNIPROT","Q96JA1","UNIPROT","P0CG48","directed","Process(BiochemicalReaction)"
"UNIPROT","Q96JA1","UNIPROT","P42566","undirected","Binding"
"UNIPROT","Q96JA1","UNIPROT","P62979","directed","Process(BiochemicalReaction)"
"UNIPROT","Q96JA1","UNIPROT","P62987","directed","Process(BiochemicalReaction)"
"UNIPROT","Q96JA1","UNIPROT","Q92783","undirected","Binding"
"UNIPROT","Q99961","UNIPROT","O14964","undirected","Binding"
"UNIPROT","Q99961","UNIPROT","O75886","undirected","Binding"
"UNIPROT","Q99961","UNIPROT","P08581","undirected","Binding"
"UNIPROT","Q99961","UNIPROT","P14210","undirected","Binding"
"UNIPROT","Q99961","UNIPROT","P42566","undirected","Binding"
"UNIPROT","Q99961","UNIPROT","Q92783","undirected","Binding"
"UNIPROT","Q99961","UNIPROT","Q96B97","undirected","Binding"
"UNIPROT","Q99962","UNIPROT","O14964","undirected","Binding"
"UNIPROT","Q99962","UNIPROT","O75886","undirected","Binding"
"UNIPROT","Q99962","UNIPROT","P08581","undirected","Binding"
"UNIPROT","Q99962","UNIPROT","P14210","undirected","Binding"
"UNIPROT","Q99962","UNIPROT","P42566","undirected","Binding"
"UNIPROT","Q99962","UNIPROT","Q92783","undirected","Binding"
"UNIPROT","Q99962","UNIPROT","Q96B97","undirected","Binding"
"UNIPROT","Q99963","UNIPROT","O14964","undirected","Binding"
"UNIPROT","Q99963","UNIPROT","O75886","undirected","Binding"
"UNIPROT","Q99963","UNIPROT","P08581","undirected","Binding"
"UNIPROT","Q99963","UNIPROT","P14210","undirected","Binding"
"UNIPROT","Q99963","UNIPROT","P42566","undirected","Binding"
"UNIPROT","Q99963","UNIPROT","Q92783","undirected","Binding"
"UNIPROT","Q99963","UNIPROT","Q96B97","undirected","Binding"
