"src_type","src","dest_type","dest","direction","type"
"UNIPROT","O14662","UNIPROT","O43752","undirected","Binding"
"UNIPROT","O14662","UNIPROT","O60499","undirected","Binding"
"UNIPROT","O14662","UNIPROT","P11717","undirected","Binding"
"UNIPROT","O14662","UNIPROT","P20645","undirected","Binding"
"UNIPROT","O14662","UNIPROT","P46459","undirected","Binding"
"UNIPROT","O14662","UNIPROT","Q7Z6M1","undirected","Binding"
"UNIPROT","O43493","UNIPROT","O14662","undirected","Binding"
"UNIPROT","O43493","UNIPROT","O43752","undirected","Binding"
"UNIPROT","O43493","UNIPROT","O75379","undirected","Binding"
"UNIPROT","O43493","UNIPROT","P40616","undirected","Binding"
"UNIPROT","O43493","UNIPROT","P82094","undirected","Binding"
"UNIPROT","O43493","UNIPROT","Q13795","undirected","Binding"
"UNIPROT","O43493","UNIPROT","Q4ADV7","undirected","Binding"
"UNIPROT","O43493","UNIPROT","Q5VIR6","undirected","Binding"
"UNIPROT","O43493","UNIPROT","Q86YS6","directed","Control(In: ACTIVATION of BiochemicalReaction)"
"UNIPROT","O43493","UNIPROT","Q8N1B4","undirected","Binding"
"UNIPROT","O43493","UNIPROT","Q8N2H4","undirected","Binding"
"UNIPROT","O43493","UNIPROT","Q92546","undirected","Binding"
"UNIPROT","O43493","UNIPROT","Q92805","undirected","Binding"
"UNIPROT","O43493","UNIPROT","Q96AJ9","undirected","Binding"
"UNIPROT","O43493","UNIPROT","Q96CN9","undirected","Binding"
"UNIPROT","O43493","UNIPROT","Q9P1Q0","undirected","Binding"
"UNIPROT","O43493","UNIPROT","Q9UID3","undirected","Binding"
"UNIPROT","O43752","UNIPROT","P46459","undirected","Binding"
"UNIPROT","O60499","UNIPROT","P46459","undirected","Binding"
"UNIPROT","O60664","UNIPROT","P11717","directed","Control(In: ACTIVATION of BiochemicalReaction)"
"UNIPROT","O60664","UNIPROT","P11717","undirected","Binding"
"UNIPROT","O60664","UNIPROT","P20645","directed","Control(In: ACTIVATION of BiochemicalReaction)"
"UNIPROT","O60664","UNIPROT","P20645","undirected","Binding"
"UNIPROT","O60664","UNIPROT","P51151","directed","Control(In: ACTIVATION of BiochemicalReaction)"
"UNIPROT","O60664","UNIPROT","Q15836","directed","Control(In: ACTIVATION of BiochemicalReaction)"
"UNIPROT","O60664","UNIPROT","Q7Z6M1","directed","Control(In: ACTIVATION of BiochemicalReaction)"
"UNIPROT","O60664","UNIPROT","Q7Z6M1","undirected","Binding"
"UNIPROT","O60664","UNIPROT","Q9NP90","directed","Control(In: ACTIVATION of BiochemicalReaction)"
"UNIPROT","O75379","UNIPROT","O14662","undirected","Binding"
"UNIPROT","O75379","UNIPROT","O43752","undirected","Binding"
"UNIPROT","O75379","UNIPROT","P46459","undirected","Binding"
"UNIPROT","O75379","UNIPROT","Q86YS6","directed","Control(In: ACTIVATION of BiochemicalReaction)"
"UNIPROT","O75379","UNIPROT","Q96AJ9","undirected","Binding"
"UNIPROT","O94955","UNIPROT","O60664","undirected","Binding"
"UNIPROT","O94955","UNIPROT","P11717","directed","Control(In: ACTIVATION of BiochemicalReaction)"
"UNIPROT","O94955","UNIPROT","P11717","undirected","Binding"
"UNIPROT","O94955","UNIPROT","P20645","directed","Control(In: ACTIVATION of BiochemicalReaction)"
"UNIPROT","O94955","UNIPROT","P20645","undirected","Binding"
"UNIPROT","O94955","UNIPROT","P51151","directed","Control(In: ACTIVATION of BiochemicalReaction)"
"UNIPROT","O94955","UNIPROT","P51151","undirected","Binding"
"UNIPROT","O94955","UNIPROT","Q15836","directed","Control(In: ACTIVATION of BiochemicalReaction)"
"UNIPROT","O94955","UNIPROT","Q7Z6M1","directed","Control(In: ACTIVATION of BiochemicalReaction)"
"UNIPROT","O94955","UNIPROT","Q7Z6M1","undirected","Binding"
"UNIPROT","O94955","UNIPROT","Q9NP90","directed","Control(In: ACTIVATION of BiochemicalReaction)"
"UNIPROT","O94955","UNIPROT","Q9NP90","undirected","Binding"
"UNIPROT","P11717","UNIPROT","O60499","undirected","Binding"
"UNIPROT","P11717","UNIPROT","Q7Z6M1","undirected","Binding"
"UNIPROT","P20340","UNIPROT","O14662","undirected","Binding"
"UNIPROT","P20340","UNIPROT","O43493","undirected","Binding"
"UNIPROT","P20340","UNIPROT","O43752","undirected","Binding"
"UNIPROT","P20340","UNIPROT","O75379","undirected","Binding"
"UNIPROT","P20340","UNIPROT","P40616","undirected","Binding"
"UNIPROT","P20340","UNIPROT","P82094","undirected","Binding"
"UNIPROT","P20340","UNIPROT","P83436","undirected","Binding"
"UNIPROT","P20340","UNIPROT","Q13439","undirected","Binding"
"UNIPROT","P20340","UNIPROT","Q13795","undirected","Binding"
"UNIPROT","P20340","UNIPROT","Q14746","undirected","Binding"
"UNIPROT","P20340","UNIPROT","Q4ADV7","undirected","Binding"
"UNIPROT","P20340","UNIPROT","Q5VIR6","undirected","Binding"
"UNIPROT","P20340","UNIPROT","Q8IWJ2","undirected","Binding"
"UNIPROT","P20340","UNIPROT","Q8N1B4","undirected","Binding"
"UNIPROT","P20340","UNIPROT","Q8N2H4","undirected","Binding"
"UNIPROT","P20340","UNIPROT","Q8WTW3","undirected","Binding"
"UNIPROT","P20340","UNIPROT","Q92546","undirected","Binding"
"UNIPROT","P20340","UNIPROT","Q92805","undirected","Binding"
"UNIPROT","P20340","UNIPROT","Q96AJ9","undirected","Binding"
"UNIPROT","P20340","UNIPROT","Q96CN9","undirected","Binding"
"UNIPROT","P20340","UNIPROT","Q96JB2","undirected","Binding"
"UNIPROT","P20340","UNIPROT","Q96MW5","undirected","Binding"
"UNIPROT","P20340","UNIPROT","Q9H9E3","undirected","Binding"
"UNIPROT","P20340","UNIPROT","Q9P1Q0","undirected","Binding"
"UNIPROT","P20340","UNIPROT","Q9UID3","undirected","Binding"
"UNIPROT","P20340","UNIPROT","Q9UP83","undirected","Binding"
"UNIPROT","P20340","UNIPROT","Q9Y2V7","undirected","Binding"
"UNIPROT","P20645","UNIPROT","O60499","undirected","Binding"
"UNIPROT","P20645","UNIPROT","Q7Z6M1","undirected","Binding"
"UNIPROT","P40616","UNIPROT","O14662","undirected","Binding"
"UNIPROT","P40616","UNIPROT","O43752","undirected","Binding"
"UNIPROT","P40616","UNIPROT","O75379","undirected","Binding"
"UNIPROT","P40616","UNIPROT","P53365","undirected","Binding"
"UNIPROT","P40616","UNIPROT","P82094","undirected","Binding"
"UNIPROT","P40616","UNIPROT","Q4ADV7","undirected","Binding"
"UNIPROT","P40616","UNIPROT","Q5VIR6","undirected","Binding"
"UNIPROT","P40616","UNIPROT","Q8N1B4","undirected","Binding"
"UNIPROT","P40616","UNIPROT","Q92546","undirected","Binding"
"UNIPROT","P40616","UNIPROT","Q92805","undirected","Binding"
"UNIPROT","P40616","UNIPROT","Q96AJ9","undirected","Binding"
"UNIPROT","P40616","UNIPROT","Q96CN9","undirected","Binding"
"UNIPROT","P40616","UNIPROT","Q9P1Q0","undirected","Binding"
"UNIPROT","P40616","UNIPROT","Q9UID3","undirected","Binding"
"UNIPROT","P40616","UNIPROT","Q9UIL1","undirected","Binding"
"UNIPROT","P46459","UNIPROT","O14662","directed","Control(In: ACTIVATION of BiochemicalReaction)"
"UNIPROT","P46459","UNIPROT","O43752","directed","Control(In: ACTIVATION of BiochemicalReaction)"
"UNIPROT","P46459","UNIPROT","O60499","directed","Control(In: ACTIVATION of BiochemicalReaction)"
"UNIPROT","P46459","UNIPROT","O75379","directed","Control(In: ACTIVATION of BiochemicalReaction)"
"UNIPROT","P46459","UNIPROT","Q15836","directed","Control(In: ACTIVATION of BiochemicalReaction)"
"UNIPROT","P46459","UNIPROT","Q96AJ9","directed","Control(In: ACTIVATION of BiochemicalReaction)"
"UNIPROT","P51151","UNIPROT","O14662","undirected","Binding"
"UNIPROT","P51151","UNIPROT","O60499","undirected","Binding"
"UNIPROT","P51151","UNIPROT","O60664","undirected","Binding"
"UNIPROT","P51151","UNIPROT","P11717","undirected","Binding"
"UNIPROT","P51151","UNIPROT","P20645","undirected","Binding"
"UNIPROT","P51151","UNIPROT","Q5VIR6","undirected","Binding"
"UNIPROT","P51151","UNIPROT","Q7Z6M1","undirected","Binding"
"UNIPROT","P51151","UNIPROT","Q8IWJ2","undirected","Binding"
"UNIPROT","P51151","UNIPROT","Q8N1B4","undirected","Binding"
"UNIPROT","P51151","UNIPROT","Q96AJ9","undirected","Binding"
"UNIPROT","P51151","UNIPROT","Q9P1Q0","undirected","Binding"
"UNIPROT","P51151","UNIPROT","Q9UID3","undirected","Binding"
"UNIPROT","P54920","UNIPROT","O14662","directed","Control(In: ACTIVATION of BiochemicalReaction)"
"UNIPROT","P54920","UNIPROT","O14662","undirected","Binding"
"UNIPROT","P54920","UNIPROT","O43752","directed","Control(In: ACTIVATION of BiochemicalReaction)"
"UNIPROT","P54920","UNIPROT","O43752","undirected","Binding"
"UNIPROT","P54920","UNIPROT","O60499","directed","Control(In: ACTIVATION of BiochemicalReaction)"
"UNIPROT","P54920","UNIPROT","O60499","undirected","Binding"
"UNIPROT","P54920","UNIPROT","O75379","directed","Control(In: ACTIVATION of BiochemicalReaction)"
"UNIPROT","P54920","UNIPROT","O75379","undirected","Binding"
"UNIPROT","P54920","UNIPROT","P46459","undirected","Binding"
"UNIPROT","P54920","UNIPROT","Q15836","directed","Control(In: ACTIVATION of BiochemicalReaction)"
"UNIPROT","P54920","UNIPROT","Q96AJ9","directed","Control(In: ACTIVATION of BiochemicalReaction)"
"UNIPROT","P54920","UNIPROT","Q96AJ9","undirected","Binding"
"UNIPROT","P82094","UNIPROT","O14662","undirected","Binding"
"UNIPROT","P82094","UNIPROT","O43752","undirected","Binding"
"UNIPROT","P82094","UNIPROT","O75379","undirected","Binding"
"UNIPROT","P82094","UNIPROT","Q4ADV7","undirected","Binding"
"UNIPROT","P82094","UNIPROT","Q5VIR6","undirected","Binding"
"UNIPROT","P82094","UNIPROT","Q8N1B4","undirected","Binding"
"UNIPROT","P82094","UNIPROT","Q92546","undirected","Binding"
"UNIPROT","P82094","UNIPROT","Q96AJ9","undirected","Binding"
"UNIPROT","P82094","UNIPROT","Q9P1Q0","undirected","Binding"
"UNIPROT","P82094","UNIPROT","Q9UID3","undirected","Binding"
"UNIPROT","P83436","UNIPROT","O14662","undirected","Binding"
"UNIPROT","P83436","UNIPROT","O43493","undirected","Binding"
"UNIPROT","P83436","UNIPROT","O43752","undirected","Binding"
"UNIPROT","P83436","UNIPROT","O75379","undirected","Binding"
"UNIPROT","P83436","UNIPROT","P40616","undirected","Binding"
"UNIPROT","P83436","UNIPROT","P82094","undirected","Binding"
"UNIPROT","P83436","UNIPROT","Q13795","undirected","Binding"
"UNIPROT","P83436","UNIPROT","Q4ADV7","undirected","Binding"
"UNIPROT","P83436","UNIPROT","Q5VIR6","undirected","Binding"
"UNIPROT","P83436","UNIPROT","Q8N1B4","undirected","Binding"
"UNIPROT","P83436","UNIPROT","Q8N2H4","undirected","Binding"
"UNIPROT","P83436","UNIPROT","Q92546","undirected","Binding"
"UNIPROT","P83436","UNIPROT","Q92805","undirected","Binding"
"UNIPROT","P83436","UNIPROT","Q96AJ9","undirected","Binding"
"UNIPROT","P83436","UNIPROT","Q96CN9","undirected","Binding"
"UNIPROT","P83436","UNIPROT","Q96MW5","undirected","Binding"
"UNIPROT","P83436","UNIPROT","Q9NRW1","undirected","Binding"
"UNIPROT","P83436","UNIPROT","Q9P1Q0","undirected","Binding"
"UNIPROT","P83436","UNIPROT","Q9UID3","undirected","Binding"
"UNIPROT","P83436","UNIPROT","Q9UP83","undirected","Binding"
"UNIPROT","P83436","UNIPROT","Q9Y2V7","undirected","Binding"
"UNIPROT","Q13439","UNIPROT","O14662","undirected","Binding"
"UNIPROT","Q13439","UNIPROT","O43493","undirected","Binding"
"UNIPROT","Q13439","UNIPROT","O43752","undirected","Binding"
"UNIPROT","Q13439","UNIPROT","O75379","undirected","Binding"
"UNIPROT","Q13439","UNIPROT","P40616","undirected","Binding"
"UNIPROT","Q13439","UNIPROT","P83436","undirected","Binding"
"UNIPROT","Q13439","UNIPROT","Q13795","undirected","Binding"
"UNIPROT","Q13439","UNIPROT","Q14746","undirected","Binding"
"UNIPROT","Q13439","UNIPROT","Q4ADV7","undirected","Binding"
"UNIPROT","Q13439","UNIPROT","Q5VIR6","undirected","Binding"
"UNIPROT","Q13439","UNIPROT","Q8N1B4","undirected","Binding"
"UNIPROT","Q13439","UNIPROT","Q8N2H4","undirected","Binding"
"UNIPROT","Q13439","UNIPROT","Q8WTW3","undirected","Binding"
"UNIPROT","Q13439","UNIPROT","Q92546","undirected","Binding"
"UNIPROT","Q13439","UNIPROT","Q96AJ9","undirected","Binding"
"UNIPROT","Q13439","UNIPROT","Q96JB2","undirected","Binding"
"UNIPROT","Q13439","UNIPROT","Q96MW5","undirected","Binding"
"UNIPROT","Q13439","UNIPROT","Q9H9E3","undirected","Binding"
"UNIPROT","Q13439","UNIPROT","Q9NRW1","undirected","Binding"
"UNIPROT","Q13439","UNIPROT","Q9P1Q0","undirected","Binding"
"UNIPROT","Q13439","UNIPROT","Q9UID3","undirected","Binding"
"UNIPROT","Q13439","UNIPROT","Q9UP83","undirected","Binding"
"UNIPROT","Q13439","UNIPROT","Q9Y2V7","undirected","Binding"
"UNIPROT","Q13795","UNIPROT","O14662","undirected","Binding"
"UNIPROT","Q13795","UNIPROT","O43752","undirected","Binding"
"UNIPROT","Q13795","UNIPROT","O75379","undirected","Binding"
"UNIPROT","Q13795","UNIPROT","P40616","undirected","Binding"
"UNIPROT","Q13795","UNIPROT","P82094","undirected","Binding"
"UNIPROT","Q13795","UNIPROT","Q4ADV7","undirected","Binding"
"UNIPROT","Q13795","UNIPROT","Q5VIR6","undirected","Binding"
"UNIPROT","Q13795","UNIPROT","Q8N1B4","undirected","Binding"
"UNIPROT","Q13795","UNIPROT","Q8N2H4","undirected","Binding"
"UNIPROT","Q13795","UNIPROT","Q92546","undirected","Binding"
"UNIPROT","Q13795","UNIPROT","Q92805","undirected","Binding"
"UNIPROT","Q13795","UNIPROT","Q96AJ9","undirected","Binding"
"UNIPROT","Q13795","UNIPROT","Q96CN9","undirected","Binding"
"UNIPROT","Q13795","UNIPROT","Q9P1Q0","undirected","Binding"
"UNIPROT","Q13795","UNIPROT","Q9UID3","undirected","Binding"
"UNIPROT","Q14746","UNIPROT","O14662","undirected","Binding"
"UNIPROT","Q14746","UNIPROT","O43493","undirected","Binding"
"UNIPROT","Q14746","UNIPROT","O43752","undirected","Binding"
"UNIPROT","Q14746","UNIPROT","O75379","undirected","Binding"
"UNIPROT","Q14746","UNIPROT","P40616","undirected","Binding"
"UNIPROT","Q14746","UNIPROT","P82094","undirected","Binding"
"UNIPROT","Q14746","UNIPROT","P83436","undirected","Binding"
"UNIPROT","Q14746","UNIPROT","Q13795","undirected","Binding"
"UNIPROT","Q14746","UNIPROT","Q4ADV7","undirected","Binding"
"UNIPROT","Q14746","UNIPROT","Q5VIR6","undirected","Binding"
"UNIPROT","Q14746","UNIPROT","Q8N1B4","undirected","Binding"
"UNIPROT","Q14746","UNIPROT","Q8N2H4","undirected","Binding"
"UNIPROT","Q14746","UNIPROT","Q92546","undirected","Binding"
"UNIPROT","Q14746","UNIPROT","Q92805","undirected","Binding"
"UNIPROT","Q14746","UNIPROT","Q96AJ9","undirected","Binding"
"UNIPROT","Q14746","UNIPROT","Q96CN9","undirected","Binding"
"UNIPROT","Q14746","UNIPROT","Q96MW5","undirected","Binding"
"UNIPROT","Q14746","UNIPROT","Q9H9E3","undirected","Binding"
"UNIPROT","Q14746","UNIPROT","Q9NRW1","undirected","Binding"
"UNIPROT","Q14746","UNIPROT","Q9P1Q0","undirected","Binding"
"UNIPROT","Q14746","UNIPROT","Q9UID3","undirected","Binding"
"UNIPROT","Q14746","UNIPROT","Q9UP83","undirected","Binding"
"UNIPROT","Q14746","UNIPROT","Q9Y2V7","undirected","Binding"
"UNIPROT","Q147X3","UNIPROT","Q13795","directed","Control(Out: ACTIVATION of BiochemicalReaction)"
"UNIPROT","Q15836","UNIPROT","O14662","undirected","Binding"
"UNIPROT","Q15836","UNIPROT","O60499","undirected","Binding"
"UNIPROT","Q15836","UNIPROT","O60664","undirected","Binding"
"UNIPROT","Q15836","UNIPROT","O94955","undirected","Binding"
"UNIPROT","Q15836","UNIPROT","P11717","undirected","Binding"
"UNIPROT","Q15836","UNIPROT","P20645","undirected","Binding"
"UNIPROT","Q15836","UNIPROT","P46459","undirected","Binding"
"UNIPROT","Q15836","UNIPROT","P51151","undirected","Binding"
"UNIPROT","Q15836","UNIPROT","P54920","undirected","Binding"
"UNIPROT","Q15836","UNIPROT","Q5VIR6","undirected","Binding"
"UNIPROT","Q15836","UNIPROT","Q7Z6M1","undirected","Binding"
"UNIPROT","Q15836","UNIPROT","Q8IWJ2","undirected","Binding"
"UNIPROT","Q15836","UNIPROT","Q8N1B4","undirected","Binding"
"UNIPROT","Q15836","UNIPROT","Q96AJ9","undirected","Binding"
"UNIPROT","Q15836","UNIPROT","Q99747","undirected","Binding"
"UNIPROT","Q15836","UNIPROT","Q9H115","undirected","Binding"
"UNIPROT","Q15836","UNIPROT","Q9NP90","undirected","Binding"
"UNIPROT","Q15836","UNIPROT","Q9P1Q0","undirected","Binding"
"UNIPROT","Q15836","UNIPROT","Q9UID3","undirected","Binding"
"UNIPROT","Q4ADV7","UNIPROT","O14662","undirected","Binding"
"UNIPROT","Q4ADV7","UNIPROT","O43752","undirected","Binding"
"UNIPROT","Q4ADV7","UNIPROT","O75379","undirected","Binding"
"UNIPROT","Q4ADV7","UNIPROT","Q5VIR6","undirected","Binding"
"UNIPROT","Q4ADV7","UNIPROT","Q8N1B4","undirected","Binding"
"UNIPROT","Q4ADV7","UNIPROT","Q92546","undirected","Binding"
"UNIPROT","Q4ADV7","UNIPROT","Q96AJ9","undirected","Binding"
"UNIPROT","Q4ADV7","UNIPROT","Q9P1Q0","undirected","Binding"
"UNIPROT","Q4ADV7","UNIPROT","Q9UID3","undirected","Binding"
"UNIPROT","Q5VIR6","UNIPROT","O14662","undirected","Binding"
"UNIPROT","Q5VIR6","UNIPROT","O43752","undirected","Binding"
"UNIPROT","Q5VIR6","UNIPROT","O60499","undirected","Binding"
"UNIPROT","Q5VIR6","UNIPROT","O75379","undirected","Binding"
"UNIPROT","Q5VIR6","UNIPROT","P11717","undirected","Binding"
"UNIPROT","Q5VIR6","UNIPROT","P20645","undirected","Binding"
"UNIPROT","Q5VIR6","UNIPROT","Q7Z6M1","undirected","Binding"
"UNIPROT","Q5VIR6","UNIPROT","Q8N1B4","undirected","Binding"
"UNIPROT","Q5VIR6","UNIPROT","Q96AJ9","undirected","Binding"
"UNIPROT","Q5VIR6","UNIPROT","Q9P1Q0","undirected","Binding"
"UNIPROT","Q5VIR6","UNIPROT","Q9UID3","undirected","Binding"
"UNIPROT","Q5VZE5","UNIPROT","Q13795","directed","Control(Out: ACTIVATION of BiochemicalReaction)"
"UNIPROT","Q5VZE5","UNIPROT","Q147X3","undirected","Binding"
"UNIPROT","Q7Z6M1","UNIPROT","O60499","undirected","Binding"
"UNIPROT","Q86YS6","UNIPROT","O14662","directed","Control(Out: ACTIVATION of BiochemicalReaction)"
"UNIPROT","Q86YS6","UNIPROT","O43493","directed","Control(Out: ACTIVATION of BiochemicalReaction)"
"UNIPROT","Q86YS6","UNIPROT","O43752","directed","Control(Out: ACTIVATION of BiochemicalReaction)"
"UNIPROT","Q86YS6","UNIPROT","O75379","directed","Control(Out: ACTIVATION of BiochemicalReaction)"
"UNIPROT","Q86YS6","UNIPROT","P20340","directed","Control(Out: ACTIVATION of BiochemicalReaction)"
"UNIPROT","Q86YS6","UNIPROT","P40616","directed","Control(Out: ACTIVATION of BiochemicalReaction)"
"UNIPROT","Q86YS6","UNIPROT","P82094","directed","Control(Out: ACTIVATION of BiochemicalReaction)"
"UNIPROT","Q86YS6","UNIPROT","P83436","directed","Control(Out: ACTIVATION of BiochemicalReaction)"
"UNIPROT","Q86YS6","UNIPROT","Q13439","directed","Control(Out: ACTIVATION of BiochemicalReaction)"
"UNIPROT","Q86YS6","UNIPROT","Q13795","directed","Control(Out: ACTIVATION of BiochemicalReaction)"
"UNIPROT","Q86YS6","UNIPROT","Q14746","directed","Control(Out: ACTIVATION of BiochemicalReaction)"
"UNIPROT","Q86YS6","UNIPROT","Q4ADV7","directed","Control(Out: ACTIVATION of BiochemicalReaction)"
"UNIPROT","Q86YS6","UNIPROT","Q5VIR6","directed","Control(Out: ACTIVATION of BiochemicalReaction)"
"UNIPROT","Q86YS6","UNIPROT","Q8IWJ2","directed","Control(Out: ACTIVATION of BiochemicalReaction)"
"UNIPROT","Q86YS6","UNIPROT","Q8N1B4","directed","Control(Out: ACTIVATION of BiochemicalReaction)"
"UNIPROT","Q86YS6","UNIPROT","Q8N2H4","directed","Control(Out: ACTIVATION of BiochemicalReaction)"
"UNIPROT","Q86YS6","UNIPROT","Q8WTW3","directed","Control(Out: ACTIVATION of BiochemicalReaction)"
"UNIPROT","Q86YS6","UNIPROT","Q92546","directed","Control(Out: ACTIVATION of BiochemicalReaction)"
"UNIPROT","Q86YS6","UNIPROT","Q92738","undirected","Binding"
"UNIPROT","Q86YS6","UNIPROT","Q92805","directed","Control(Out: ACTIVATION of BiochemicalReaction)"
"UNIPROT","Q86YS6","UNIPROT","Q96AJ9","directed","Control(Out: ACTIVATION of BiochemicalReaction)"
"UNIPROT","Q86YS6","UNIPROT","Q96CN9","directed","Control(Out: ACTIVATION of BiochemicalReaction)"
"UNIPROT","Q86YS6","UNIPROT","Q96JB2","directed","Control(Out: ACTIVATION of BiochemicalReaction)"
"UNIPROT","Q86YS6","UNIPROT","Q96MW5","directed","Control(Out: ACTIVATION of BiochemicalReaction)"
"UNIPROT","Q86YS6","UNIPROT","Q9H9E3","directed","Control(Out: ACTIVATION of BiochemicalReaction)"
"UNIPROT","Q86YS6","UNIPROT","Q9NRW1","directed","Control(Out: ACTIVATION of BiochemicalReaction)"
"UNIPROT","Q86YS6","UNIPROT","Q9P1Q0","directed","Control(Out: ACTIVATION of BiochemicalReaction)"
"UNIPROT","Q86YS6","UNIPROT","Q9UID3","directed","Control(Out: ACTIVATION of BiochemicalReaction)"
"UNIPROT","Q86YS6","UNIPROT","Q9UP83","directed","Control(Out: ACTIVATION of BiochemicalReaction)"
"UNIPROT","Q86YS6","UNIPROT","Q9Y2V7","directed","Control(Out: ACTIVATION of BiochemicalReaction)"
"UNIPROT","Q8IWJ2","UNIPROT","O14662","undirected","Binding"
"UNIPROT","Q8IWJ2","UNIPROT","O43493","undirected","Binding"
"UNIPROT","Q8IWJ2","UNIPROT","O43752","undirected","Binding"
"UNIPROT","Q8IWJ2","UNIPROT","O60499","undirected","Binding"
"UNIPROT","Q8IWJ2","UNIPROT","O75379","undirected","Binding"
"UNIPROT","Q8IWJ2","UNIPROT","P11717","undirected","Binding"
"UNIPROT","Q8IWJ2","UNIPROT","P20645","undirected","Binding"
"UNIPROT","Q8IWJ2","UNIPROT","P40616","undirected","Binding"
"UNIPROT","Q8IWJ2","UNIPROT","P83436","undirected","Binding"
"UNIPROT","Q8IWJ2","UNIPROT","Q13795","undirected","Binding"
"UNIPROT","Q8IWJ2","UNIPROT","Q14746","undirected","Binding"
"UNIPROT","Q8IWJ2","UNIPROT","Q4ADV7","undirected","Binding"
"UNIPROT","Q8IWJ2","UNIPROT","Q5VIR6","undirected","Binding"
"UNIPROT","Q8IWJ2","UNIPROT","Q7Z6M1","undirected","Binding"
"UNIPROT","Q8IWJ2","UNIPROT","Q8N1B4","undirected","Binding"
"UNIPROT","Q8IWJ2","UNIPROT","Q8N2H4","undirected","Binding"
"UNIPROT","Q8IWJ2","UNIPROT","Q8WTW3","undirected","Binding"
"UNIPROT","Q8IWJ2","UNIPROT","Q92546","undirected","Binding"
"UNIPROT","Q8IWJ2","UNIPROT","Q96AJ9","undirected","Binding"
"UNIPROT","Q8IWJ2","UNIPROT","Q96JB2","undirected","Binding"
"UNIPROT","Q8IWJ2","UNIPROT","Q96MW5","undirected","Binding"
"UNIPROT","Q8IWJ2","UNIPROT","Q9H9E3","undirected","Binding"
"UNIPROT","Q8IWJ2","UNIPROT","Q9NRW1","undirected","Binding"
"UNIPROT","Q8IWJ2","UNIPROT","Q9P1Q0","undirected","Binding"
"UNIPROT","Q8IWJ2","UNIPROT","Q9UID3","undirected","Binding"
"UNIPROT","Q8IWJ2","UNIPROT","Q9UP83","undirected","Binding"
"UNIPROT","Q8IWJ2","UNIPROT","Q9Y2V7","undirected","Binding"
"UNIPROT","Q8N1B4","UNIPROT","O14662","undirected","Binding"
"UNIPROT","Q8N1B4","UNIPROT","O43752","undirected","Binding"
"UNIPROT","Q8N1B4","UNIPROT","O60499","undirected","Binding"
"UNIPROT","Q8N1B4","UNIPROT","O75379","undirected","Binding"
"UNIPROT","Q8N1B4","UNIPROT","P11717","undirected","Binding"
"UNIPROT","Q8N1B4","UNIPROT","P20645","undirected","Binding"
"UNIPROT","Q8N1B4","UNIPROT","Q7Z6M1","undirected","Binding"
"UNIPROT","Q8N1B4","UNIPROT","Q96AJ9","undirected","Binding"
"UNIPROT","Q8N2H4","UNIPROT","O14662","undirected","Binding"
"UNIPROT","Q8N2H4","UNIPROT","O43752","undirected","Binding"
"UNIPROT","Q8N2H4","UNIPROT","O75379","undirected","Binding"
"UNIPROT","Q8N2H4","UNIPROT","P40616","undirected","Binding"
"UNIPROT","Q8N2H4","UNIPROT","P82094","undirected","Binding"
"UNIPROT","Q8N2H4","UNIPROT","Q4ADV7","undirected","Binding"
"UNIPROT","Q8N2H4","UNIPROT","Q5VIR6","undirected","Binding"
"UNIPROT","Q8N2H4","UNIPROT","Q8N1B4","undirected","Binding"
"UNIPROT","Q8N2H4","UNIPROT","Q92546","undirected","Binding"
"UNIPROT","Q8N2H4","UNIPROT","Q92805","undirected","Binding"
"UNIPROT","Q8N2H4","UNIPROT","Q96AJ9","undirected","Binding"
"UNIPROT","Q8N2H4","UNIPROT","Q96CN9","undirected","Binding"
"UNIPROT","Q8N2H4","UNIPROT","Q9P1Q0","undirected","Binding"
"UNIPROT","Q8N2H4","UNIPROT","Q9UID3","undirected","Binding"
"UNIPROT","Q8WTW3","UNIPROT","O14662","undirected","Binding"
"UNIPROT","Q8WTW3","UNIPROT","O43493","undirected","Binding"
"UNIPROT","Q8WTW3","UNIPROT","O43752","undirected","Binding"
"UNIPROT","Q8WTW3","UNIPROT","O75379","undirected","Binding"
"UNIPROT","Q8WTW3","UNIPROT","P40616","undirected","Binding"
"UNIPROT","Q8WTW3","UNIPROT","P82094","undirected","Binding"
"UNIPROT","Q8WTW3","UNIPROT","P83436","undirected","Binding"
"UNIPROT","Q8WTW3","UNIPROT","Q13795","undirected","Binding"
"UNIPROT","Q8WTW3","UNIPROT","Q14746","undirected","Binding"
"UNIPROT","Q8WTW3","UNIPROT","Q4ADV7","undirected","Binding"
"UNIPROT","Q8WTW3","UNIPROT","Q5VIR6","undirected","Binding"
"UNIPROT","Q8WTW3","UNIPROT","Q8N1B4","undirected","Binding"
"UNIPROT","Q8WTW3","UNIPROT","Q8N2H4","undirected","Binding"
"UNIPROT","Q8WTW3","UNIPROT","Q92546","undirected","Binding"
"UNIPROT","Q8WTW3","UNIPROT","Q92805","undirected","Binding"
"UNIPROT","Q8WTW3","UNIPROT","Q96AJ9","undirected","Binding"
"UNIPROT","Q8WTW3","UNIPROT","Q96CN9","undirected","Binding"
"UNIPROT","Q8WTW3","UNIPROT","Q96JB2","undirected","Binding"
"UNIPROT","Q8WTW3","UNIPROT","Q96MW5","undirected","Binding"
"UNIPROT","Q8WTW3","UNIPROT","Q9H9E3","undirected","Binding"
"UNIPROT","Q8WTW3","UNIPROT","Q9NRW1","undirected","Binding"
"UNIPROT","Q8WTW3","UNIPROT","Q9P1Q0","undirected","Binding"
"UNIPROT","Q8WTW3","UNIPROT","Q9UID3","undirected","Binding"
"UNIPROT","Q8WTW3","UNIPROT","Q9UP83","undirected","Binding"
"UNIPROT","Q8WTW3","UNIPROT","Q9Y2V7","undirected","Binding"
"UNIPROT","Q92546","UNIPROT","O14662","undirected","Binding"
"UNIPROT","Q92546","UNIPROT","O43752","undirected","Binding"
"UNIPROT","Q92546","UNIPROT","O75379","undirected","Binding"
"UNIPROT","Q92546","UNIPROT","Q5VIR6","undirected","Binding"
"UNIPROT","Q92546","UNIPROT","Q8N1B4","undirected","Binding"
"UNIPROT","Q92546","UNIPROT","Q96AJ9","undirected","Binding"
"UNIPROT","Q92546","UNIPROT","Q9P1Q0","undirected","Binding"
"UNIPROT","Q92546","UNIPROT","Q9UID3","undirected","Binding"
"UNIPROT","Q92805","UNIPROT","O14662","undirected","Binding"
"UNIPROT","Q92805","UNIPROT","O43752","undirected","Binding"
"UNIPROT","Q92805","UNIPROT","O75379","undirected","Binding"
"UNIPROT","Q92805","UNIPROT","Q4ADV7","undirected","Binding"
"UNIPROT","Q92805","UNIPROT","Q5VIR6","undirected","Binding"
"UNIPROT","Q92805","UNIPROT","Q8N1B4","undirected","Binding"
"UNIPROT","Q92805","UNIPROT","Q92546","undirected","Binding"
"UNIPROT","Q92805","UNIPROT","Q96AJ9","undirected","Binding"
"UNIPROT","Q92805","UNIPROT","Q9P1Q0","undirected","Binding"
"UNIPROT","Q92805","UNIPROT","Q9UID3","undirected","Binding"
"UNIPROT","Q96AJ9","UNIPROT","O14662","undirected","Binding"
"UNIPROT","Q96AJ9","UNIPROT","O43752","undirected","Binding"
"UNIPROT","Q96AJ9","UNIPROT","O60499","undirected","Binding"
"UNIPROT","Q96AJ9","UNIPROT","P11717","undirected","Binding"
"UNIPROT","Q96AJ9","UNIPROT","P20645","undirected","Binding"
"UNIPROT","Q96AJ9","UNIPROT","P46459","undirected","Binding"
"UNIPROT","Q96AJ9","UNIPROT","Q7Z6M1","undirected","Binding"
"UNIPROT","Q96CN9","UNIPROT","O14662","undirected","Binding"
"UNIPROT","Q96CN9","UNIPROT","O43752","undirected","Binding"
"UNIPROT","Q96CN9","UNIPROT","O75379","undirected","Binding"
"UNIPROT","Q96CN9","UNIPROT","Q4ADV7","undirected","Binding"
"UNIPROT","Q96CN9","UNIPROT","Q5VIR6","undirected","Binding"
"UNIPROT","Q96CN9","UNIPROT","Q8N1B4","undirected","Binding"
"UNIPROT","Q96CN9","UNIPROT","Q92546","undirected","Binding"
"UNIPROT","Q96CN9","UNIPROT","Q96AJ9","undirected","Binding"
"UNIPROT","Q96CN9","UNIPROT","Q9P1Q0","undirected","Binding"
"UNIPROT","Q96CN9","UNIPROT","Q9UID3","undirected","Binding"
"UNIPROT","Q96JB2","UNIPROT","O14662","undirected","Binding"
"UNIPROT","Q96JB2","UNIPROT","O43493","undirected","Binding"
"UNIPROT","Q96JB2","UNIPROT","O43752","undirected","Binding"
"UNIPROT","Q96JB2","UNIPROT","O75379","undirected","Binding"
"UNIPROT","Q96JB2","UNIPROT","P40616","undirected","Binding"
"UNIPROT","Q96JB2","UNIPROT","P82094","undirected","Binding"
"UNIPROT","Q96JB2","UNIPROT","P83436","undirected","Binding"
"UNIPROT","Q96JB2","UNIPROT","Q13795","undirected","Binding"
"UNIPROT","Q96JB2","UNIPROT","Q14746","undirected","Binding"
"UNIPROT","Q96JB2","UNIPROT","Q4ADV7","undirected","Binding"
"UNIPROT","Q96JB2","UNIPROT","Q5VIR6","undirected","Binding"
"UNIPROT","Q96JB2","UNIPROT","Q8N1B4","undirected","Binding"
"UNIPROT","Q96JB2","UNIPROT","Q8N2H4","undirected","Binding"
"UNIPROT","Q96JB2","UNIPROT","Q92546","undirected","Binding"
"UNIPROT","Q96JB2","UNIPROT","Q92805","undirected","Binding"
"UNIPROT","Q96JB2","UNIPROT","Q96AJ9","undirected","Binding"
"UNIPROT","Q96JB2","UNIPROT","Q96CN9","undirected","Binding"
"UNIPROT","Q96JB2","UNIPROT","Q96MW5","undirected","Binding"
"UNIPROT","Q96JB2","UNIPROT","Q9H9E3","undirected","Binding"
"UNIPROT","Q96JB2","UNIPROT","Q9NRW1","undirected","Binding"
"UNIPROT","Q96JB2","UNIPROT","Q9P1Q0","undirected","Binding"
"UNIPROT","Q96JB2","UNIPROT","Q9UID3","undirected","Binding"
"UNIPROT","Q96JB2","UNIPROT","Q9UP83","undirected","Binding"
"UNIPROT","Q96JB2","UNIPROT","Q9Y2V7","undirected","Binding"
"UNIPROT","Q96MW5","UNIPROT","O14662","undirected","Binding"
"UNIPROT","Q96MW5","UNIPROT","O43493","undirected","Binding"
"UNIPROT","Q96MW5","UNIPROT","O43752","undirected","Binding"
"UNIPROT","Q96MW5","UNIPROT","O75379","undirected","Binding"
"UNIPROT","Q96MW5","UNIPROT","P40616","undirected","Binding"
"UNIPROT","Q96MW5","UNIPROT","P82094","undirected","Binding"
"UNIPROT","Q96MW5","UNIPROT","Q13795","undirected","Binding"
"UNIPROT","Q96MW5","UNIPROT","Q4ADV7","undirected","Binding"
"UNIPROT","Q96MW5","UNIPROT","Q5VIR6","undirected","Binding"
"UNIPROT","Q96MW5","UNIPROT","Q8N1B4","undirected","Binding"
"UNIPROT","Q96MW5","UNIPROT","Q8N2H4","undirected","Binding"
"UNIPROT","Q96MW5","UNIPROT","Q92546","undirected","Binding"
"UNIPROT","Q96MW5","UNIPROT","Q92805","undirected","Binding"
"UNIPROT","Q96MW5","UNIPROT","Q96AJ9","undirected","Binding"
"UNIPROT","Q96MW5","UNIPROT","Q96CN9","undirected","Binding"
"UNIPROT","Q96MW5","UNIPROT","Q9NRW1","undirected","Binding"
"UNIPROT","Q96MW5","UNIPROT","Q9P1Q0","undirected","Binding"
"UNIPROT","Q96MW5","UNIPROT","Q9UID3","undirected","Binding"
"UNIPROT","Q96MW5","UNIPROT","Q9UP83","undirected","Binding"
"UNIPROT","Q96MW5","UNIPROT","Q9Y2V7","undirected","Binding"
"UNIPROT","Q99747","UNIPROT","O14662","directed","Control(In: ACTIVATION of BiochemicalReaction)"
"UNIPROT","Q99747","UNIPROT","O14662","undirected","Binding"
"UNIPROT","Q99747","UNIPROT","O43752","directed","Control(In: ACTIVATION of BiochemicalReaction)"
"UNIPROT","Q99747","UNIPROT","O43752","undirected","Binding"
"UNIPROT","Q99747","UNIPROT","O60499","directed","Control(In: ACTIVATION of BiochemicalReaction)"
"UNIPROT","Q99747","UNIPROT","O60499","undirected","Binding"
"UNIPROT","Q99747","UNIPROT","O75379","directed","Control(In: ACTIVATION of BiochemicalReaction)"
"UNIPROT","Q99747","UNIPROT","O75379","undirected","Binding"
"UNIPROT","Q99747","UNIPROT","P46459","undirected","Binding"
"UNIPROT","Q99747","UNIPROT","Q15836","directed","Control(In: ACTIVATION of BiochemicalReaction)"
"UNIPROT","Q99747","UNIPROT","Q96AJ9","directed","Control(In: ACTIVATION of BiochemicalReaction)"
"UNIPROT","Q99747","UNIPROT","Q96AJ9","undirected","Binding"
"UNIPROT","Q9BRA0","UNIPROT","Q13795","directed","Control(Out: ACTIVATION of BiochemicalReaction)"
"UNIPROT","Q9BRA0","UNIPROT","Q147X3","undirected","Binding"
"UNIPROT","Q9BRA0","UNIPROT","Q5VZE5","undirected","Binding"
"UNIPROT","Q9H115","UNIPROT","O14662","directed","Control(In: ACTIVATION of BiochemicalReaction)"
"UNIPROT","Q9H115","UNIPROT","O14662","undirected","Binding"
"UNIPROT","Q9H115","UNIPROT","O43752","directed","Control(In: ACTIVATION of BiochemicalReaction)"
"UNIPROT","Q9H115","UNIPROT","O43752","undirected","Binding"
"UNIPROT","Q9H115","UNIPROT","O60499","directed","Control(In: ACTIVATION of BiochemicalReaction)"
"UNIPROT","Q9H115","UNIPROT","O60499","undirected","Binding"
"UNIPROT","Q9H115","UNIPROT","O75379","directed","Control(In: ACTIVATION of BiochemicalReaction)"
"UNIPROT","Q9H115","UNIPROT","O75379","undirected","Binding"
"UNIPROT","Q9H115","UNIPROT","P46459","undirected","Binding"
"UNIPROT","Q9H115","UNIPROT","Q15836","directed","Control(In: ACTIVATION of BiochemicalReaction)"
"UNIPROT","Q9H115","UNIPROT","Q96AJ9","directed","Control(In: ACTIVATION of BiochemicalReaction)"
"UNIPROT","Q9H115","UNIPROT","Q96AJ9","undirected","Binding"
"UNIPROT","Q9H9E3","UNIPROT","O14662","undirected","Binding"
"UNIPROT","Q9H9E3","UNIPROT","O43493","undirected","Binding"
"UNIPROT","Q9H9E3","UNIPROT","O43752","undirected","Binding"
"UNIPROT","Q9H9E3","UNIPROT","O75379","undirected","Binding"
"UNIPROT","Q9H9E3","UNIPROT","P40616","undirected","Binding"
"UNIPROT","Q9H9E3","UNIPROT","P82094","undirected","Binding"
"UNIPROT","Q9H9E3","UNIPROT","P83436","undirected","Binding"
"UNIPROT","Q9H9E3","UNIPROT","Q13795","undirected","Binding"
"UNIPROT","Q9H9E3","UNIPROT","Q4ADV7","undirected","Binding"
"UNIPROT","Q9H9E3","UNIPROT","Q5VIR6","undirected","Binding"
"UNIPROT","Q9H9E3","UNIPROT","Q8N1B4","undirected","Binding"
"UNIPROT","Q9H9E3","UNIPROT","Q8N2H4","undirected","Binding"
"UNIPROT","Q9H9E3","UNIPROT","Q92546","undirected","Binding"
"UNIPROT","Q9H9E3","UNIPROT","Q92805","undirected","Binding"
"UNIPROT","Q9H9E3","UNIPROT","Q96AJ9","undirected","Binding"
"UNIPROT","Q9H9E3","UNIPROT","Q96CN9","undirected","Binding"
"UNIPROT","Q9H9E3","UNIPROT","Q96MW5","undirected","Binding"
"UNIPROT","Q9H9E3","UNIPROT","Q9NRW1","undirected","Binding"
"UNIPROT","Q9H9E3","UNIPROT","Q9P1Q0","undirected","Binding"
"UNIPROT","Q9H9E3","UNIPROT","Q9UID3","undirected","Binding"
"UNIPROT","Q9H9E3","UNIPROT","Q9UP83","undirected","Binding"
"UNIPROT","Q9H9E3","UNIPROT","Q9Y2V7","undirected","Binding"
"UNIPROT","Q9NP90","UNIPROT","O14662","undirected","Binding"
"UNIPROT","Q9NP90","UNIPROT","O60499","undirected","Binding"
"UNIPROT","Q9NP90","UNIPROT","O60664","undirected","Binding"
"UNIPROT","Q9NP90","UNIPROT","P11717","undirected","Binding"
"UNIPROT","Q9NP90","UNIPROT","P20645","undirected","Binding"
"UNIPROT","Q9NP90","UNIPROT","Q5VIR6","undirected","Binding"
"UNIPROT","Q9NP90","UNIPROT","Q7Z6M1","undirected","Binding"
"UNIPROT","Q9NP90","UNIPROT","Q8IWJ2","undirected","Binding"
"UNIPROT","Q9NP90","UNIPROT","Q8N1B4","undirected","Binding"
"UNIPROT","Q9NP90","UNIPROT","Q96AJ9","undirected","Binding"
"UNIPROT","Q9NP90","UNIPROT","Q9P1Q0","undirected","Binding"
"UNIPROT","Q9NP90","UNIPROT","Q9UID3","undirected","Binding"
"UNIPROT","Q9NRW1","UNIPROT","O14662","undirected","Binding"
"UNIPROT","Q9NRW1","UNIPROT","O43493","undirected","Binding"
"UNIPROT","Q9NRW1","UNIPROT","O43752","undirected","Binding"
"UNIPROT","Q9NRW1","UNIPROT","O75379","undirected","Binding"
"UNIPROT","Q9NRW1","UNIPROT","P40616","undirected","Binding"
"UNIPROT","Q9NRW1","UNIPROT","P82094","undirected","Binding"
"UNIPROT","Q9NRW1","UNIPROT","Q13795","undirected","Binding"
"UNIPROT","Q9NRW1","UNIPROT","Q4ADV7","undirected","Binding"
"UNIPROT","Q9NRW1","UNIPROT","Q5VIR6","undirected","Binding"
"UNIPROT","Q9NRW1","UNIPROT","Q8N1B4","undirected","Binding"
"UNIPROT","Q9NRW1","UNIPROT","Q8N2H4","undirected","Binding"
"UNIPROT","Q9NRW1","UNIPROT","Q92546","undirected","Binding"
"UNIPROT","Q9NRW1","UNIPROT","Q92805","undirected","Binding"
"UNIPROT","Q9NRW1","UNIPROT","Q96AJ9","undirected","Binding"
"UNIPROT","Q9NRW1","UNIPROT","Q96CN9","undirected","Binding"
"UNIPROT","Q9NRW1","UNIPROT","Q9P1Q0","undirected","Binding"
"UNIPROT","Q9NRW1","UNIPROT","Q9UID3","undirected","Binding"
"UNIPROT","Q9P1Q0","UNIPROT","O14662","undirected","Binding"
"UNIPROT","Q9P1Q0","UNIPROT","O43752","undirected","Binding"
"UNIPROT","Q9P1Q0","UNIPROT","O60499","undirected","Binding"
"UNIPROT","Q9P1Q0","UNIPROT","O75379","undirected","Binding"
"UNIPROT","Q9P1Q0","UNIPROT","P11717","undirected","Binding"
"UNIPROT","Q9P1Q0","UNIPROT","P20645","undirected","Binding"
"UNIPROT","Q9P1Q0","UNIPROT","Q7Z6M1","undirected","Binding"
"UNIPROT","Q9P1Q0","UNIPROT","Q8N1B4","undirected","Binding"
"UNIPROT","Q9P1Q0","UNIPROT","Q96AJ9","undirected","Binding"
"UNIPROT","Q9P1Q0","UNIPROT","Q9UID3","undirected","Binding"
"UNIPROT","Q9UID3","UNIPROT","O14662","undirected","Binding"
"UNIPROT","Q9UID3","UNIPROT","O43752","undirected","Binding"
"UNIPROT","Q9UID3","UNIPROT","O60499","undirected","Binding"
"UNIPROT","Q9UID3","UNIPROT","O75379","undirected","Binding"
"UNIPROT","Q9UID3","UNIPROT","P11717","undirected","Binding"
"UNIPROT","Q9UID3","UNIPROT","P20645","undirected","Binding"
"UNIPROT","Q9UID3","UNIPROT","Q7Z6M1","undirected","Binding"
"UNIPROT","Q9UID3","UNIPROT","Q8N1B4","undirected","Binding"
"UNIPROT","Q9UID3","UNIPROT","Q96AJ9","undirected","Binding"
"UNIPROT","Q9UP83","UNIPROT","O14662","undirected","Binding"
"UNIPROT","Q9UP83","UNIPROT","O43493","undirected","Binding"
"UNIPROT","Q9UP83","UNIPROT","O43752","undirected","Binding"
"UNIPROT","Q9UP83","UNIPROT","O75379","undirected","Binding"
"UNIPROT","Q9UP83","UNIPROT","P40616","undirected","Binding"
"UNIPROT","Q9UP83","UNIPROT","P82094","undirected","Binding"
"UNIPROT","Q9UP83","UNIPROT","Q13795","undirected","Binding"
"UNIPROT","Q9UP83","UNIPROT","Q4ADV7","undirected","Binding"
"UNIPROT","Q9UP83","UNIPROT","Q5VIR6","undirected","Binding"
"UNIPROT","Q9UP83","UNIPROT","Q8N1B4","undirected","Binding"
"UNIPROT","Q9UP83","UNIPROT","Q8N2H4","undirected","Binding"
"UNIPROT","Q9UP83","UNIPROT","Q92546","undirected","Binding"
"UNIPROT","Q9UP83","UNIPROT","Q92805","undirected","Binding"
"UNIPROT","Q9UP83","UNIPROT","Q96AJ9","undirected","Binding"
"UNIPROT","Q9UP83","UNIPROT","Q96CN9","undirected","Binding"
"UNIPROT","Q9UP83","UNIPROT","Q9NRW1","undirected","Binding"
"UNIPROT","Q9UP83","UNIPROT","Q9P1Q0","undirected","Binding"
"UNIPROT","Q9UP83","UNIPROT","Q9UID3","undirected","Binding"
"UNIPROT","Q9UP83","UNIPROT","Q9Y2V7","undirected","Binding"
"UNIPROT","Q9Y2V7","UNIPROT","O14662","undirected","Binding"
"UNIPROT","Q9Y2V7","UNIPROT","O43493","undirected","Binding"
"UNIPROT","Q9Y2V7","UNIPROT","O43752","undirected","Binding"
"UNIPROT","Q9Y2V7","UNIPROT","O75379","undirected","Binding"
"UNIPROT","Q9Y2V7","UNIPROT","P40616","undirected","Binding"
"UNIPROT","Q9Y2V7","UNIPROT","P82094","undirected","Binding"
"UNIPROT","Q9Y2V7","UNIPROT","Q13795","undirected","Binding"
"UNIPROT","Q9Y2V7","UNIPROT","Q4ADV7","undirected","Binding"
"UNIPROT","Q9Y2V7","UNIPROT","Q5VIR6","undirected","Binding"
"UNIPROT","Q9Y2V7","UNIPROT","Q8N1B4","undirected","Binding"
"UNIPROT","Q9Y2V7","UNIPROT","Q8N2H4","undirected","Binding"
"UNIPROT","Q9Y2V7","UNIPROT","Q92546","undirected","Binding"
"UNIPROT","Q9Y2V7","UNIPROT","Q92805","undirected","Binding"
"UNIPROT","Q9Y2V7","UNIPROT","Q96AJ9","undirected","Binding"
"UNIPROT","Q9Y2V7","UNIPROT","Q96CN9","undirected","Binding"
"UNIPROT","Q9Y2V7","UNIPROT","Q9NRW1","undirected","Binding"
"UNIPROT","Q9Y2V7","UNIPROT","Q9P1Q0","undirected","Binding"
"UNIPROT","Q9Y2V7","UNIPROT","Q9UID3","undirected","Binding"
