"src_type","src","dest_type","dest","direction","type"
"UNIPROT","O00329","UNIPROT","Q6ZUJ8","undirected","Binding"
"UNIPROT","O00459","UNIPROT","O43815","undirected","Binding"
"UNIPROT","O00459","UNIPROT","P01127","undirected","Binding"
"UNIPROT","O00459","UNIPROT","P03372","undirected","Binding"
"UNIPROT","O00459","UNIPROT","P04085","undirected","Binding"
"UNIPROT","O00459","UNIPROT","P06239","undirected","Binding"
"UNIPROT","O00459","UNIPROT","P06241","undirected","Binding"
"UNIPROT","O00459","UNIPROT","P09619","undirected","Binding"
"UNIPROT","O00459","UNIPROT","P10721","undirected","Binding"
"UNIPROT","O00459","UNIPROT","P10747","undirected","Binding"
"UNIPROT","O00459","UNIPROT","P15153","undirected","Binding"
"UNIPROT","O00459","UNIPROT","P16234","undirected","Binding"
"UNIPROT","O00459","UNIPROT","P21583","undirected","Binding"
"UNIPROT","O00459","UNIPROT","P33681","undirected","Binding"
"UNIPROT","O00459","UNIPROT","P42081","undirected","Binding"
"UNIPROT","O00459","UNIPROT","P63000","undirected","Binding"
"UNIPROT","O00459","UNIPROT","P84095","undirected","Binding"
"UNIPROT","O00459","UNIPROT","Q6PIZ9","undirected","Binding"
"UNIPROT","O00459","UNIPROT","Q92731","undirected","Binding"
"UNIPROT","O00459","UNIPROT","Q9Y6W8","undirected","Binding"
"UNIPROT","O14511","UNIPROT","P04626","undirected","Binding"
"UNIPROT","O14511","UNIPROT","P21860","undirected","Binding"
"UNIPROT","O14511","UNIPROT","Q15303","undirected","Binding"
"UNIPROT","O14944","UNIPROT","P04626","undirected","Binding"
"UNIPROT","O14944","UNIPROT","P27986","undirected","Binding"
"UNIPROT","O14944","UNIPROT","P42336","undirected","Binding"
"UNIPROT","O14944","UNIPROT","P62993","undirected","Binding"
"UNIPROT","O14944","UNIPROT","Q13480","undirected","Binding"
"UNIPROT","O14944","UNIPROT","Q15303","undirected","Binding"
"UNIPROT","O15520","UNIPROT","P11362","undirected","Binding"
"UNIPROT","O15520","UNIPROT","P21802","undirected","Binding"
"UNIPROT","O15520","UNIPROT","Q8WU20","undirected","Binding"
"UNIPROT","O43320","UNIPROT","P22455","undirected","Binding"
"UNIPROT","O43320","UNIPROT","P22607","undirected","Binding"
"UNIPROT","O60258","UNIPROT","P21802","undirected","Binding"
"UNIPROT","O60258","UNIPROT","P22455","undirected","Binding"
"UNIPROT","O60258","UNIPROT","P22607","undirected","Binding"
"UNIPROT","O60258","UNIPROT","Q8WU20","undirected","Binding"
"UNIPROT","O76093","UNIPROT","P21802","undirected","Binding"
"UNIPROT","O76093","UNIPROT","P22455","undirected","Binding"
"UNIPROT","O76093","UNIPROT","P22607","undirected","Binding"
"UNIPROT","O76093","UNIPROT","Q8WU20","undirected","Binding"
"UNIPROT","O95750","UNIPROT","P22455","undirected","Binding"
"UNIPROT","O95750","UNIPROT","Q86Z14","undirected","Binding"
"UNIPROT","O95760","UNIPROT","P51617","undirected","Binding"
"UNIPROT","O95760","UNIPROT","Q99836","undirected","Binding"
"UNIPROT","O95760","UNIPROT","Q9NWZ3","undirected","Binding"
"UNIPROT","O95760","UNIPROT","Q9Y4K3","undirected","Binding"
"UNIPROT","P00533","UNIPROT","O14944","undirected","Binding"
"UNIPROT","P00533","UNIPROT","P01135","undirected","Binding"
"UNIPROT","P00533","UNIPROT","P04626","undirected","Binding"
"UNIPROT","P00533","UNIPROT","P15514","undirected","Binding"
"UNIPROT","P00533","UNIPROT","P27986","undirected","Binding"
"UNIPROT","P00533","UNIPROT","P30153","directed","Control(Out: ACTIVATION of BiochemicalReaction)"
"UNIPROT","P00533","UNIPROT","P30154","directed","Control(Out: ACTIVATION of BiochemicalReaction)"
"UNIPROT","P00533","UNIPROT","P35070","undirected","Binding"
"UNIPROT","P00533","UNIPROT","P42336","undirected","Binding"
"UNIPROT","P00533","UNIPROT","P62714","directed","Control(Out: ACTIVATION of BiochemicalReaction)"
"UNIPROT","P00533","UNIPROT","P62993","undirected","Binding"
"UNIPROT","P00533","UNIPROT","P67775","directed","Control(Out: ACTIVATION of BiochemicalReaction)"
"UNIPROT","P00533","UNIPROT","Q13362","directed","Control(Out: ACTIVATION of BiochemicalReaction)"
"UNIPROT","P00533","UNIPROT","Q13480","undirected","Binding"
"UNIPROT","P00533","UNIPROT","Q14738","directed","Control(Out: ACTIVATION of BiochemicalReaction)"
"UNIPROT","P00533","UNIPROT","Q15172","directed","Control(Out: ACTIVATION of BiochemicalReaction)"
"UNIPROT","P00533","UNIPROT","Q15173","directed","Control(Out: ACTIVATION of BiochemicalReaction)"
"UNIPROT","P00533","UNIPROT","Q16537","directed","Control(Out: ACTIVATION of BiochemicalReaction)"
"UNIPROT","P00533","UNIPROT","Q6UW88","undirected","Binding"
"UNIPROT","P00533","UNIPROT","Q99075","undirected","Binding"
"UNIPROT","P01127","UNIPROT","P09619","undirected","Binding"
"UNIPROT","P01127","UNIPROT","P16234","undirected","Binding"
"UNIPROT","P01133","UNIPROT","P00533","undirected","Binding"
"UNIPROT","P01133","UNIPROT","P04626","undirected","Binding"
"UNIPROT","P01133","UNIPROT","P27986","undirected","Binding"
"UNIPROT","P01133","UNIPROT","P30153","directed","Control(Out: ACTIVATION of BiochemicalReaction)"
"UNIPROT","P01133","UNIPROT","P30154","directed","Control(Out: ACTIVATION of BiochemicalReaction)"
"UNIPROT","P01133","UNIPROT","P42336","undirected","Binding"
"UNIPROT","P01133","UNIPROT","P62714","directed","Control(Out: ACTIVATION of BiochemicalReaction)"
"UNIPROT","P01133","UNIPROT","P62993","undirected","Binding"
"UNIPROT","P01133","UNIPROT","P67775","directed","Control(Out: ACTIVATION of BiochemicalReaction)"
"UNIPROT","P01133","UNIPROT","Q13362","directed","Control(Out: ACTIVATION of BiochemicalReaction)"
"UNIPROT","P01133","UNIPROT","Q13480","undirected","Binding"
"UNIPROT","P01133","UNIPROT","Q14738","directed","Control(Out: ACTIVATION of BiochemicalReaction)"
"UNIPROT","P01133","UNIPROT","Q15172","directed","Control(Out: ACTIVATION of BiochemicalReaction)"
"UNIPROT","P01133","UNIPROT","Q15173","directed","Control(Out: ACTIVATION of BiochemicalReaction)"
"UNIPROT","P01133","UNIPROT","Q16537","directed","Control(Out: ACTIVATION of BiochemicalReaction)"
"UNIPROT","P01135","UNIPROT","P27986","undirected","Binding"
"UNIPROT","P01135","UNIPROT","P42336","undirected","Binding"
"UNIPROT","P01135","UNIPROT","P62993","undirected","Binding"
"UNIPROT","P01135","UNIPROT","Q13480","undirected","Binding"
"UNIPROT","P01308","UNIPROT","P06213","undirected","Binding"
"UNIPROT","P01308","UNIPROT","P30153","directed","Control(Out: ACTIVATION of BiochemicalReaction)"
"UNIPROT","P01308","UNIPROT","P30154","directed","Control(Out: ACTIVATION of BiochemicalReaction)"
"UNIPROT","P01308","UNIPROT","P62714","directed","Control(Out: ACTIVATION of BiochemicalReaction)"
"UNIPROT","P01308","UNIPROT","P67775","directed","Control(Out: ACTIVATION of BiochemicalReaction)"
"UNIPROT","P01308","UNIPROT","Q13362","directed","Control(Out: ACTIVATION of BiochemicalReaction)"
"UNIPROT","P01308","UNIPROT","Q14738","directed","Control(Out: ACTIVATION of BiochemicalReaction)"
"UNIPROT","P01308","UNIPROT","Q15172","directed","Control(Out: ACTIVATION of BiochemicalReaction)"
"UNIPROT","P01308","UNIPROT","Q15173","directed","Control(Out: ACTIVATION of BiochemicalReaction)"
"UNIPROT","P01308","UNIPROT","Q16537","directed","Control(Out: ACTIVATION of BiochemicalReaction)"
"UNIPROT","P03372","UNIPROT","O43815","undirected","Binding"
"UNIPROT","P04085","UNIPROT","P01127","undirected","Binding"
"UNIPROT","P04085","UNIPROT","P09619","undirected","Binding"
"UNIPROT","P04085","UNIPROT","P16234","undirected","Binding"
"UNIPROT","P04626","UNIPROT","Q15303","undirected","Binding"
"UNIPROT","P05230","UNIPROT","P11362","undirected","Binding"
"UNIPROT","P05230","UNIPROT","P21802","undirected","Binding"
"UNIPROT","P05230","UNIPROT","P22455","undirected","Binding"
"UNIPROT","P05230","UNIPROT","P22607","undirected","Binding"
"UNIPROT","P05230","UNIPROT","Q8WU20","undirected","Binding"
"UNIPROT","P06213","UNIPROT","P30153","directed","Control(Out: ACTIVATION of BiochemicalReaction)"
"UNIPROT","P06213","UNIPROT","P30154","directed","Control(Out: ACTIVATION of BiochemicalReaction)"
"UNIPROT","P06213","UNIPROT","P62714","directed","Control(Out: ACTIVATION of BiochemicalReaction)"
"UNIPROT","P06213","UNIPROT","P67775","directed","Control(Out: ACTIVATION of BiochemicalReaction)"
"UNIPROT","P06213","UNIPROT","Q13362","directed","Control(Out: ACTIVATION of BiochemicalReaction)"
"UNIPROT","P06213","UNIPROT","Q14738","directed","Control(Out: ACTIVATION of BiochemicalReaction)"
"UNIPROT","P06213","UNIPROT","Q15172","directed","Control(Out: ACTIVATION of BiochemicalReaction)"
"UNIPROT","P06213","UNIPROT","Q15173","directed","Control(Out: ACTIVATION of BiochemicalReaction)"
"UNIPROT","P06213","UNIPROT","Q16537","directed","Control(Out: ACTIVATION of BiochemicalReaction)"
"UNIPROT","P06239","UNIPROT","P10747","undirected","Binding"
"UNIPROT","P06239","UNIPROT","P30153","directed","Control(Out: ACTIVATION of BiochemicalReaction)"
"UNIPROT","P06239","UNIPROT","P30154","directed","Control(Out: ACTIVATION of BiochemicalReaction)"
"UNIPROT","P06239","UNIPROT","P33681","undirected","Binding"
"UNIPROT","P06239","UNIPROT","P42081","undirected","Binding"
"UNIPROT","P06239","UNIPROT","P62714","directed","Control(Out: ACTIVATION of BiochemicalReaction)"
"UNIPROT","P06239","UNIPROT","P67775","directed","Control(Out: ACTIVATION of BiochemicalReaction)"
"UNIPROT","P06239","UNIPROT","Q13362","directed","Control(Out: ACTIVATION of BiochemicalReaction)"
"UNIPROT","P06239","UNIPROT","Q14738","directed","Control(Out: ACTIVATION of BiochemicalReaction)"
"UNIPROT","P06239","UNIPROT","Q15172","directed","Control(Out: ACTIVATION of BiochemicalReaction)"
"UNIPROT","P06239","UNIPROT","Q15173","directed","Control(Out: ACTIVATION of BiochemicalReaction)"
"UNIPROT","P06239","UNIPROT","Q16537","directed","Control(Out: ACTIVATION of BiochemicalReaction)"
"UNIPROT","P06241","UNIPROT","P10747","undirected","Binding"
"UNIPROT","P06241","UNIPROT","P33681","undirected","Binding"
"UNIPROT","P06241","UNIPROT","P42081","undirected","Binding"
"UNIPROT","P06241","UNIPROT","Q92569","undirected","Binding"
"UNIPROT","P08620","UNIPROT","P21802","undirected","Binding"
"UNIPROT","P08620","UNIPROT","P22455","undirected","Binding"
"UNIPROT","P08620","UNIPROT","P22607","undirected","Binding"
"UNIPROT","P08620","UNIPROT","Q8WU20","undirected","Binding"
"UNIPROT","P09038","UNIPROT","P11362","undirected","Binding"
"UNIPROT","P09038","UNIPROT","P21802","undirected","Binding"
"UNIPROT","P09038","UNIPROT","P22455","undirected","Binding"
"UNIPROT","P09038","UNIPROT","P22607","undirected","Binding"
"UNIPROT","P09038","UNIPROT","Q8WU20","undirected","Binding"
"UNIPROT","P10721","UNIPROT","Q92569","undirected","Binding"
"UNIPROT","P10767","UNIPROT","P21802","undirected","Binding"
"UNIPROT","P10767","UNIPROT","P22455","undirected","Binding"
"UNIPROT","P10767","UNIPROT","Q8WU20","undirected","Binding"
"UNIPROT","P11362","UNIPROT","O60258","undirected","Binding"
"UNIPROT","P11362","UNIPROT","P08620","undirected","Binding"
"UNIPROT","P11362","UNIPROT","P10767","undirected","Binding"
"UNIPROT","P11362","UNIPROT","P12034","undirected","Binding"
"UNIPROT","P11362","UNIPROT","P31371","undirected","Binding"
"UNIPROT","P11362","UNIPROT","P55075","undirected","Binding"
"UNIPROT","P11362","UNIPROT","Q8WU20","undirected","Binding"
"UNIPROT","P11362","UNIPROT","Q9GZV9","undirected","Binding"
"UNIPROT","P11362","UNIPROT","Q9NP95","undirected","Binding"
"UNIPROT","P11362","UNIPROT","Q9UEF7","undirected","Binding"
"UNIPROT","P11487","UNIPROT","P11362","undirected","Binding"
"UNIPROT","P11487","UNIPROT","P21802","undirected","Binding"
"UNIPROT","P11487","UNIPROT","Q8WU20","undirected","Binding"
"UNIPROT","P12034","UNIPROT","P21802","undirected","Binding"
"UNIPROT","P12034","UNIPROT","P22607","undirected","Binding"
"UNIPROT","P12034","UNIPROT","Q8WU20","undirected","Binding"
"UNIPROT","P12931","UNIPROT","O00459","undirected","Binding"
"UNIPROT","P12931","UNIPROT","O43815","undirected","Binding"
"UNIPROT","P12931","UNIPROT","P03372","undirected","Binding"
"UNIPROT","P12931","UNIPROT","P27986","undirected","Binding"
"UNIPROT","P12931","UNIPROT","P30153","directed","Control(Out: ACTIVATION of BiochemicalReaction)"
"UNIPROT","P12931","UNIPROT","P30154","directed","Control(Out: ACTIVATION of BiochemicalReaction)"
"UNIPROT","P12931","UNIPROT","P42336","undirected","Binding"
"UNIPROT","P12931","UNIPROT","P62714","directed","Control(Out: ACTIVATION of BiochemicalReaction)"
"UNIPROT","P12931","UNIPROT","P67775","directed","Control(Out: ACTIVATION of BiochemicalReaction)"
"UNIPROT","P12931","UNIPROT","Q13362","directed","Control(Out: ACTIVATION of BiochemicalReaction)"
"UNIPROT","P12931","UNIPROT","Q14738","directed","Control(Out: ACTIVATION of BiochemicalReaction)"
"UNIPROT","P12931","UNIPROT","Q15172","directed","Control(Out: ACTIVATION of BiochemicalReaction)"
"UNIPROT","P12931","UNIPROT","Q15173","directed","Control(Out: ACTIVATION of BiochemicalReaction)"
"UNIPROT","P12931","UNIPROT","Q16537","directed","Control(Out: ACTIVATION of BiochemicalReaction)"
"UNIPROT","P12931","UNIPROT","Q92569","undirected","Binding"
"UNIPROT","P12931","UNIPROT","Q92731","undirected","Binding"
"UNIPROT","P14210","UNIPROT","P08581","undirected","Binding"
"UNIPROT","P15391","UNIPROT","O00329","undirected","Binding"
"UNIPROT","P15498","UNIPROT","O00329","undirected","Binding"
"UNIPROT","P15498","UNIPROT","P15391","undirected","Binding"
"UNIPROT","P15514","UNIPROT","P27986","undirected","Binding"
"UNIPROT","P15514","UNIPROT","P42336","undirected","Binding"
"UNIPROT","P15514","UNIPROT","P62993","undirected","Binding"
"UNIPROT","P15514","UNIPROT","Q13480","undirected","Binding"
"UNIPROT","P16234","UNIPROT","P09619","undirected","Binding"
"UNIPROT","P21583","UNIPROT","P10721","undirected","Binding"
"UNIPROT","P21583","UNIPROT","Q92569","undirected","Binding"
"UNIPROT","P21781","UNIPROT","P21802","undirected","Binding"
"UNIPROT","P21802","UNIPROT","O43320","undirected","Binding"
"UNIPROT","P21860","UNIPROT","P04626","undirected","Binding"
"UNIPROT","P22455","UNIPROT","Q86Z14","undirected","Binding"
"UNIPROT","P27986","UNIPROT","O00329","undirected","Binding"
"UNIPROT","P27986","UNIPROT","O14511","undirected","Binding"
"UNIPROT","P27986","UNIPROT","O15520","undirected","Binding"
"UNIPROT","P27986","UNIPROT","O43320","undirected","Binding"
"UNIPROT","P27986","UNIPROT","O43815","undirected","Binding"
"UNIPROT","P27986","UNIPROT","O60258","undirected","Binding"
"UNIPROT","P27986","UNIPROT","O76093","undirected","Binding"
"UNIPROT","P27986","UNIPROT","O95750","undirected","Binding"
"UNIPROT","P27986","UNIPROT","P01127","undirected","Binding"
"UNIPROT","P27986","UNIPROT","P03372","undirected","Binding"
"UNIPROT","P27986","UNIPROT","P04085","undirected","Binding"
"UNIPROT","P27986","UNIPROT","P04626","undirected","Binding"
"UNIPROT","P27986","UNIPROT","P05230","undirected","Binding"
"UNIPROT","P27986","UNIPROT","P06239","undirected","Binding"
"UNIPROT","P27986","UNIPROT","P06241","undirected","Binding"
"UNIPROT","P27986","UNIPROT","P08581","undirected","Binding"
"UNIPROT","P27986","UNIPROT","P08620","undirected","Binding"
"UNIPROT","P27986","UNIPROT","P09038","undirected","Binding"
"UNIPROT","P27986","UNIPROT","P09619","undirected","Binding"
"UNIPROT","P27986","UNIPROT","P10721","undirected","Binding"
"UNIPROT","P27986","UNIPROT","P10747","undirected","Binding"
"UNIPROT","P27986","UNIPROT","P10767","undirected","Binding"
"UNIPROT","P27986","UNIPROT","P11362","undirected","Binding"
"UNIPROT","P27986","UNIPROT","P11487","undirected","Binding"
"UNIPROT","P27986","UNIPROT","P12034","undirected","Binding"
"UNIPROT","P27986","UNIPROT","P14210","undirected","Binding"
"UNIPROT","P27986","UNIPROT","P15153","undirected","Binding"
"UNIPROT","P27986","UNIPROT","P15391","undirected","Binding"
"UNIPROT","P27986","UNIPROT","P15498","undirected","Binding"
"UNIPROT","P27986","UNIPROT","P16234","undirected","Binding"
"UNIPROT","P27986","UNIPROT","P21583","undirected","Binding"
"UNIPROT","P27986","UNIPROT","P21781","undirected","Binding"
"UNIPROT","P27986","UNIPROT","P21802","undirected","Binding"
"UNIPROT","P27986","UNIPROT","P21860","undirected","Binding"
"UNIPROT","P27986","UNIPROT","P22455","undirected","Binding"
"UNIPROT","P27986","UNIPROT","P22607","undirected","Binding"
"UNIPROT","P27986","UNIPROT","P31371","undirected","Binding"
"UNIPROT","P27986","UNIPROT","P33681","undirected","Binding"
"UNIPROT","P27986","UNIPROT","P35568","undirected","Binding"
"UNIPROT","P27986","UNIPROT","P36888","undirected","Binding"
"UNIPROT","P27986","UNIPROT","P42081","undirected","Binding"
"UNIPROT","P27986","UNIPROT","P42338","undirected","Binding"
"UNIPROT","P27986","UNIPROT","P49771","undirected","Binding"
"UNIPROT","P27986","UNIPROT","P55075","undirected","Binding"
"UNIPROT","P27986","UNIPROT","P56975","undirected","Binding"
"UNIPROT","P27986","UNIPROT","P63000","undirected","Binding"
"UNIPROT","P27986","UNIPROT","P84095","undirected","Binding"
"UNIPROT","P27986","UNIPROT","Q02297","undirected","Binding"
"UNIPROT","P27986","UNIPROT","Q06124","undirected","Binding"
"UNIPROT","P27986","UNIPROT","Q15303","undirected","Binding"
"UNIPROT","P27986","UNIPROT","Q6PIZ9","undirected","Binding"
"UNIPROT","P27986","UNIPROT","Q6ZUJ8","undirected","Binding"
"UNIPROT","P27986","UNIPROT","Q86Z14","undirected","Binding"
"UNIPROT","P27986","UNIPROT","Q8WU20","undirected","Binding"
"UNIPROT","P27986","UNIPROT","Q8WWG1","undirected","Binding"
"UNIPROT","P27986","UNIPROT","Q92731","undirected","Binding"
"UNIPROT","P27986","UNIPROT","Q9GZV9","undirected","Binding"
"UNIPROT","P27986","UNIPROT","Q9HCT0","undirected","Binding"
"UNIPROT","P27986","UNIPROT","Q9NP95","undirected","Binding"
"UNIPROT","P27986","UNIPROT","Q9UEF7","undirected","Binding"
"UNIPROT","P27986","UNIPROT","Q9UQC2","undirected","Binding"
"UNIPROT","P27986","UNIPROT","Q9Y4H2","undirected","Binding"
"UNIPROT","P27986","UNIPROT","Q9Y6W8","undirected","Binding"
"UNIPROT","P30153","UNIPROT","P27361","undirected","Binding"
"UNIPROT","P30153","UNIPROT","P28482","undirected","Binding"
"UNIPROT","P30153","UNIPROT","P31749","directed","Control(Out: ACTIVATION of BiochemicalReaction)"
"UNIPROT","P30154","UNIPROT","P27361","undirected","Binding"
"UNIPROT","P30154","UNIPROT","P28482","undirected","Binding"
"UNIPROT","P30154","UNIPROT","P31749","directed","Control(Out: ACTIVATION of BiochemicalReaction)"
"UNIPROT","P30154","UNIPROT","P46695","undirected","Binding"
"UNIPROT","P30154","UNIPROT","Q13362","undirected","Binding"
"UNIPROT","P30154","UNIPROT","Q15172","undirected","Binding"
"UNIPROT","P30154","UNIPROT","Q15173","undirected","Binding"
"UNIPROT","P30154","UNIPROT","Q16537","undirected","Binding"
"UNIPROT","P31371","UNIPROT","P21802","undirected","Binding"
"UNIPROT","P31371","UNIPROT","P22455","undirected","Binding"
"UNIPROT","P31371","UNIPROT","P22607","undirected","Binding"
"UNIPROT","P31371","UNIPROT","Q8WU20","undirected","Binding"
"UNIPROT","P33681","UNIPROT","P10747","undirected","Binding"
"UNIPROT","P35070","UNIPROT","P04626","undirected","Binding"
"UNIPROT","P35070","UNIPROT","P27986","undirected","Binding"
"UNIPROT","P35070","UNIPROT","P42336","undirected","Binding"
"UNIPROT","P35070","UNIPROT","P62993","undirected","Binding"
"UNIPROT","P35070","UNIPROT","Q13480","undirected","Binding"
"UNIPROT","P35070","UNIPROT","Q15303","undirected","Binding"
"UNIPROT","P35568","UNIPROT","O00459","undirected","Binding"
"UNIPROT","P35568","UNIPROT","P42338","undirected","Binding"
"UNIPROT","P36888","UNIPROT","P49771","undirected","Binding"
"UNIPROT","P36888","UNIPROT","Q9UQC2","undirected","Binding"
"UNIPROT","P42081","UNIPROT","P10747","undirected","Binding"
"UNIPROT","P42336","UNIPROT","O00459","undirected","Binding"
"UNIPROT","P42336","UNIPROT","O14511","undirected","Binding"
"UNIPROT","P42336","UNIPROT","O15520","undirected","Binding"
"UNIPROT","P42336","UNIPROT","O43320","undirected","Binding"
"UNIPROT","P42336","UNIPROT","O43815","undirected","Binding"
"UNIPROT","P42336","UNIPROT","O60258","undirected","Binding"
"UNIPROT","P42336","UNIPROT","O76093","undirected","Binding"
"UNIPROT","P42336","UNIPROT","O95750","undirected","Binding"
"UNIPROT","P42336","UNIPROT","P01127","undirected","Binding"
"UNIPROT","P42336","UNIPROT","P03372","undirected","Binding"
"UNIPROT","P42336","UNIPROT","P04085","undirected","Binding"
"UNIPROT","P42336","UNIPROT","P04626","undirected","Binding"
"UNIPROT","P42336","UNIPROT","P05230","undirected","Binding"
"UNIPROT","P42336","UNIPROT","P06239","undirected","Binding"
"UNIPROT","P42336","UNIPROT","P06241","undirected","Binding"
"UNIPROT","P42336","UNIPROT","P08581","undirected","Binding"
"UNIPROT","P42336","UNIPROT","P08620","undirected","Binding"
"UNIPROT","P42336","UNIPROT","P09038","undirected","Binding"
"UNIPROT","P42336","UNIPROT","P09619","undirected","Binding"
"UNIPROT","P42336","UNIPROT","P10721","undirected","Binding"
"UNIPROT","P42336","UNIPROT","P10747","undirected","Binding"
"UNIPROT","P42336","UNIPROT","P10767","undirected","Binding"
"UNIPROT","P42336","UNIPROT","P11362","undirected","Binding"
"UNIPROT","P42336","UNIPROT","P11487","undirected","Binding"
"UNIPROT","P42336","UNIPROT","P12034","undirected","Binding"
"UNIPROT","P42336","UNIPROT","P14210","undirected","Binding"
"UNIPROT","P42336","UNIPROT","P15153","undirected","Binding"
"UNIPROT","P42336","UNIPROT","P16234","undirected","Binding"
"UNIPROT","P42336","UNIPROT","P21583","undirected","Binding"
"UNIPROT","P42336","UNIPROT","P21781","undirected","Binding"
"UNIPROT","P42336","UNIPROT","P21802","undirected","Binding"
"UNIPROT","P42336","UNIPROT","P21860","undirected","Binding"
"UNIPROT","P42336","UNIPROT","P22455","undirected","Binding"
"UNIPROT","P42336","UNIPROT","P22607","undirected","Binding"
"UNIPROT","P42336","UNIPROT","P27986","undirected","Binding"
"UNIPROT","P42336","UNIPROT","P31371","undirected","Binding"
"UNIPROT","P42336","UNIPROT","P33681","undirected","Binding"
"UNIPROT","P42336","UNIPROT","P35568","undirected","Binding"
"UNIPROT","P42336","UNIPROT","P36888","undirected","Binding"
"UNIPROT","P42336","UNIPROT","P42081","undirected","Binding"
"UNIPROT","P42336","UNIPROT","P49771","undirected","Binding"
"UNIPROT","P42336","UNIPROT","P55075","undirected","Binding"
"UNIPROT","P42336","UNIPROT","P56975","undirected","Binding"
"UNIPROT","P42336","UNIPROT","P63000","undirected","Binding"
"UNIPROT","P42336","UNIPROT","P84095","undirected","Binding"
"UNIPROT","P42336","UNIPROT","Q02297","undirected","Binding"
"UNIPROT","P42336","UNIPROT","Q06124","undirected","Binding"
"UNIPROT","P42336","UNIPROT","Q15303","undirected","Binding"
"UNIPROT","P42336","UNIPROT","Q6PIZ9","undirected","Binding"
"UNIPROT","P42336","UNIPROT","Q86Z14","undirected","Binding"
"UNIPROT","P42336","UNIPROT","Q8WU20","undirected","Binding"
"UNIPROT","P42336","UNIPROT","Q8WWG1","undirected","Binding"
"UNIPROT","P42336","UNIPROT","Q92569","undirected","Binding"
"UNIPROT","P42336","UNIPROT","Q92731","undirected","Binding"
"UNIPROT","P42336","UNIPROT","Q9GZV9","undirected","Binding"
"UNIPROT","P42336","UNIPROT","Q9HCT0","undirected","Binding"
"UNIPROT","P42336","UNIPROT","Q9NP95","undirected","Binding"
"UNIPROT","P42336","UNIPROT","Q9UEF7","undirected","Binding"
"UNIPROT","P42336","UNIPROT","Q9UQC2","undirected","Binding"
"UNIPROT","P42336","UNIPROT","Q9Y4H2","undirected","Binding"
"UNIPROT","P42336","UNIPROT","Q9Y6W8","undirected","Binding"
"UNIPROT","P42338","UNIPROT","O00459","undirected","Binding"
"UNIPROT","P42338","UNIPROT","P01127","undirected","Binding"
"UNIPROT","P42338","UNIPROT","P04085","undirected","Binding"
"UNIPROT","P42338","UNIPROT","P09619","undirected","Binding"
"UNIPROT","P42338","UNIPROT","P16234","undirected","Binding"
"UNIPROT","P42338","UNIPROT","Q6PIZ9","undirected","Binding"
"UNIPROT","P46695","UNIPROT","P27361","undirected","Binding"
"UNIPROT","P46695","UNIPROT","P28482","undirected","Binding"
"UNIPROT","P46695","UNIPROT","P30153","undirected","Binding"
"UNIPROT","P48426","UNIPROT","P78356","undirected","Binding"
"UNIPROT","P48426","UNIPROT","Q8TBX8","undirected","Binding"
"UNIPROT","P49771","UNIPROT","Q9UQC2","undirected","Binding"
"UNIPROT","P55075","UNIPROT","P21802","undirected","Binding"
"UNIPROT","P55075","UNIPROT","P22455","undirected","Binding"
"UNIPROT","P55075","UNIPROT","P22607","undirected","Binding"
"UNIPROT","P55075","UNIPROT","Q8WU20","undirected","Binding"
"UNIPROT","P56975","UNIPROT","P04626","undirected","Binding"
"UNIPROT","P56975","UNIPROT","Q15303","undirected","Binding"
"UNIPROT","P62714","UNIPROT","P27361","undirected","Binding"
"UNIPROT","P62714","UNIPROT","P28482","undirected","Binding"
"UNIPROT","P62714","UNIPROT","P30153","undirected","Binding"
"UNIPROT","P62714","UNIPROT","P30154","undirected","Binding"
"UNIPROT","P62714","UNIPROT","P31749","directed","Control(Out: ACTIVATION of BiochemicalReaction)"
"UNIPROT","P62714","UNIPROT","P46695","undirected","Binding"
"UNIPROT","P62714","UNIPROT","Q13362","undirected","Binding"
"UNIPROT","P62714","UNIPROT","Q14738","undirected","Binding"
"UNIPROT","P62714","UNIPROT","Q15172","undirected","Binding"
"UNIPROT","P62714","UNIPROT","Q15173","undirected","Binding"
"UNIPROT","P62714","UNIPROT","Q16537","undirected","Binding"
"UNIPROT","P62993","UNIPROT","O00329","undirected","Binding"
"UNIPROT","P62993","UNIPROT","O15520","undirected","Binding"
"UNIPROT","P62993","UNIPROT","O43320","undirected","Binding"
"UNIPROT","P62993","UNIPROT","O60258","undirected","Binding"
"UNIPROT","P62993","UNIPROT","O76093","undirected","Binding"
"UNIPROT","P62993","UNIPROT","O95750","undirected","Binding"
"UNIPROT","P62993","UNIPROT","P04626","undirected","Binding"
"UNIPROT","P62993","UNIPROT","P05230","undirected","Binding"
"UNIPROT","P62993","UNIPROT","P08581","undirected","Binding"
"UNIPROT","P62993","UNIPROT","P08620","undirected","Binding"
"UNIPROT","P62993","UNIPROT","P09038","undirected","Binding"
"UNIPROT","P62993","UNIPROT","P10767","undirected","Binding"
"UNIPROT","P62993","UNIPROT","P11362","undirected","Binding"
"UNIPROT","P62993","UNIPROT","P11487","undirected","Binding"
"UNIPROT","P62993","UNIPROT","P12034","undirected","Binding"
"UNIPROT","P62993","UNIPROT","P14210","undirected","Binding"
"UNIPROT","P62993","UNIPROT","P15391","undirected","Binding"
"UNIPROT","P62993","UNIPROT","P15498","undirected","Binding"
"UNIPROT","P62993","UNIPROT","P21781","undirected","Binding"
"UNIPROT","P62993","UNIPROT","P21802","undirected","Binding"
"UNIPROT","P62993","UNIPROT","P22455","undirected","Binding"
"UNIPROT","P62993","UNIPROT","P22607","undirected","Binding"
"UNIPROT","P62993","UNIPROT","P27986","undirected","Binding"
"UNIPROT","P62993","UNIPROT","P31371","undirected","Binding"
"UNIPROT","P62993","UNIPROT","P36888","undirected","Binding"
"UNIPROT","P62993","UNIPROT","P42336","undirected","Binding"
"UNIPROT","P62993","UNIPROT","P49771","undirected","Binding"
"UNIPROT","P62993","UNIPROT","P55075","undirected","Binding"
"UNIPROT","P62993","UNIPROT","Q06124","undirected","Binding"
"UNIPROT","P62993","UNIPROT","Q13480","undirected","Binding"
"UNIPROT","P62993","UNIPROT","Q86Z14","undirected","Binding"
"UNIPROT","P62993","UNIPROT","Q8WU20","undirected","Binding"
"UNIPROT","P62993","UNIPROT","Q9GZV9","undirected","Binding"
"UNIPROT","P62993","UNIPROT","Q9HCT0","undirected","Binding"
"UNIPROT","P62993","UNIPROT","Q9NP95","undirected","Binding"
"UNIPROT","P62993","UNIPROT","Q9UEF7","undirected","Binding"
"UNIPROT","P62993","UNIPROT","Q9UQC2","undirected","Binding"
"UNIPROT","P67775","UNIPROT","P27361","undirected","Binding"
"UNIPROT","P67775","UNIPROT","P28482","undirected","Binding"
"UNIPROT","P67775","UNIPROT","P30153","undirected","Binding"
"UNIPROT","P67775","UNIPROT","P30154","undirected","Binding"
"UNIPROT","P67775","UNIPROT","P31749","directed","Control(Out: ACTIVATION of BiochemicalReaction)"
"UNIPROT","P67775","UNIPROT","P46695","undirected","Binding"
"UNIPROT","P67775","UNIPROT","Q13362","undirected","Binding"
"UNIPROT","P67775","UNIPROT","Q14738","undirected","Binding"
"UNIPROT","P67775","UNIPROT","Q15172","undirected","Binding"
"UNIPROT","P67775","UNIPROT","Q15173","undirected","Binding"
"UNIPROT","P67775","UNIPROT","Q16537","undirected","Binding"
"UNIPROT","P78356","UNIPROT","Q8TBX8","undirected","Binding"
"UNIPROT","Q01638","UNIPROT","O95760","undirected","Binding"
"UNIPROT","Q01638","UNIPROT","P51617","undirected","Binding"
"UNIPROT","Q01638","UNIPROT","Q99836","undirected","Binding"
"UNIPROT","Q01638","UNIPROT","Q9NWZ3","undirected","Binding"
"UNIPROT","Q01638","UNIPROT","Q9Y4K3","undirected","Binding"
"UNIPROT","Q02297","UNIPROT","P04626","undirected","Binding"
"UNIPROT","Q02297","UNIPROT","P21860","undirected","Binding"
"UNIPROT","Q02297","UNIPROT","Q15303","undirected","Binding"
"UNIPROT","Q06124","UNIPROT","O15520","undirected","Binding"
"UNIPROT","Q06124","UNIPROT","O43320","undirected","Binding"
"UNIPROT","Q06124","UNIPROT","O60258","undirected","Binding"
"UNIPROT","Q06124","UNIPROT","O76093","undirected","Binding"
"UNIPROT","Q06124","UNIPROT","P05230","undirected","Binding"
"UNIPROT","Q06124","UNIPROT","P08620","undirected","Binding"
"UNIPROT","Q06124","UNIPROT","P09038","undirected","Binding"
"UNIPROT","Q06124","UNIPROT","P10767","undirected","Binding"
"UNIPROT","Q06124","UNIPROT","P11362","undirected","Binding"
"UNIPROT","Q06124","UNIPROT","P11487","undirected","Binding"
"UNIPROT","Q06124","UNIPROT","P12034","undirected","Binding"
"UNIPROT","Q06124","UNIPROT","P21781","undirected","Binding"
"UNIPROT","Q06124","UNIPROT","P21802","undirected","Binding"
"UNIPROT","Q06124","UNIPROT","P22607","undirected","Binding"
"UNIPROT","Q06124","UNIPROT","P31371","undirected","Binding"
"UNIPROT","Q06124","UNIPROT","P55075","undirected","Binding"
"UNIPROT","Q06124","UNIPROT","Q8WU20","undirected","Binding"
"UNIPROT","Q06124","UNIPROT","Q9GZV9","undirected","Binding"
"UNIPROT","Q06124","UNIPROT","Q9HCT0","undirected","Binding"
"UNIPROT","Q06124","UNIPROT","Q9NP95","undirected","Binding"
"UNIPROT","Q06124","UNIPROT","Q9UEF7","undirected","Binding"
"UNIPROT","Q13362","UNIPROT","P27361","undirected","Binding"
"UNIPROT","Q13362","UNIPROT","P28482","undirected","Binding"
"UNIPROT","Q13362","UNIPROT","P30153","undirected","Binding"
"UNIPROT","Q13362","UNIPROT","P31749","directed","Control(Out: ACTIVATION of BiochemicalReaction)"
"UNIPROT","Q13362","UNIPROT","P46695","undirected","Binding"
"UNIPROT","Q13480","UNIPROT","O15520","undirected","Binding"
"UNIPROT","Q13480","UNIPROT","O43320","undirected","Binding"
"UNIPROT","Q13480","UNIPROT","O60258","undirected","Binding"
"UNIPROT","Q13480","UNIPROT","O76093","undirected","Binding"
"UNIPROT","Q13480","UNIPROT","O95750","undirected","Binding"
"UNIPROT","Q13480","UNIPROT","P04626","undirected","Binding"
"UNIPROT","Q13480","UNIPROT","P05230","undirected","Binding"
"UNIPROT","Q13480","UNIPROT","P08581","undirected","Binding"
"UNIPROT","Q13480","UNIPROT","P08620","undirected","Binding"
"UNIPROT","Q13480","UNIPROT","P09038","undirected","Binding"
"UNIPROT","Q13480","UNIPROT","P10767","undirected","Binding"
"UNIPROT","Q13480","UNIPROT","P11362","undirected","Binding"
"UNIPROT","Q13480","UNIPROT","P11487","undirected","Binding"
"UNIPROT","Q13480","UNIPROT","P12034","undirected","Binding"
"UNIPROT","Q13480","UNIPROT","P14210","undirected","Binding"
"UNIPROT","Q13480","UNIPROT","P21781","undirected","Binding"
"UNIPROT","Q13480","UNIPROT","P21802","undirected","Binding"
"UNIPROT","Q13480","UNIPROT","P22455","undirected","Binding"
"UNIPROT","Q13480","UNIPROT","P22607","undirected","Binding"
"UNIPROT","Q13480","UNIPROT","P27986","undirected","Binding"
"UNIPROT","Q13480","UNIPROT","P31371","undirected","Binding"
"UNIPROT","Q13480","UNIPROT","P42336","undirected","Binding"
"UNIPROT","Q13480","UNIPROT","P55075","undirected","Binding"
"UNIPROT","Q13480","UNIPROT","Q06124","undirected","Binding"
"UNIPROT","Q13480","UNIPROT","Q86Z14","undirected","Binding"
"UNIPROT","Q13480","UNIPROT","Q8WU20","undirected","Binding"
"UNIPROT","Q13480","UNIPROT","Q9GZV9","undirected","Binding"
"UNIPROT","Q13480","UNIPROT","Q9HCT0","undirected","Binding"
"UNIPROT","Q13480","UNIPROT","Q9NP95","undirected","Binding"
"UNIPROT","Q13480","UNIPROT","Q9UEF7","undirected","Binding"
"UNIPROT","Q14738","UNIPROT","P30153","undirected","Binding"
"UNIPROT","Q14738","UNIPROT","P30154","undirected","Binding"
"UNIPROT","Q15172","UNIPROT","P30153","undirected","Binding"
"UNIPROT","Q15173","UNIPROT","P27361","undirected","Binding"
"UNIPROT","Q15173","UNIPROT","P28482","undirected","Binding"
"UNIPROT","Q15173","UNIPROT","P30153","undirected","Binding"
"UNIPROT","Q15173","UNIPROT","P31749","directed","Control(Out: ACTIVATION of BiochemicalReaction)"
"UNIPROT","Q15173","UNIPROT","P46695","undirected","Binding"
"UNIPROT","Q16537","UNIPROT","P30153","undirected","Binding"
"UNIPROT","Q6UW88","UNIPROT","P27986","undirected","Binding"
"UNIPROT","Q6UW88","UNIPROT","P42336","undirected","Binding"
"UNIPROT","Q6UW88","UNIPROT","P62993","undirected","Binding"
"UNIPROT","Q6UW88","UNIPROT","Q13480","undirected","Binding"
"UNIPROT","Q8WU20","UNIPROT","O43320","undirected","Binding"
"UNIPROT","Q8WU20","UNIPROT","O95750","undirected","Binding"
"UNIPROT","Q8WU20","UNIPROT","P21781","undirected","Binding"
"UNIPROT","Q8WU20","UNIPROT","P21802","undirected","Binding"
"UNIPROT","Q8WU20","UNIPROT","P22455","undirected","Binding"
"UNIPROT","Q8WU20","UNIPROT","P22607","undirected","Binding"
"UNIPROT","Q8WU20","UNIPROT","Q86Z14","undirected","Binding"
"UNIPROT","Q8WWG1","UNIPROT","P04626","undirected","Binding"
"UNIPROT","Q8WWG1","UNIPROT","Q15303","undirected","Binding"
"UNIPROT","Q92569","UNIPROT","O43815","undirected","Binding"
"UNIPROT","Q92569","UNIPROT","P03372","undirected","Binding"
"UNIPROT","Q92569","UNIPROT","P06239","undirected","Binding"
"UNIPROT","Q92569","UNIPROT","P10747","undirected","Binding"
"UNIPROT","Q92569","UNIPROT","P15153","undirected","Binding"
"UNIPROT","Q92569","UNIPROT","P33681","undirected","Binding"
"UNIPROT","Q92569","UNIPROT","P42081","undirected","Binding"
"UNIPROT","Q92569","UNIPROT","P63000","undirected","Binding"
"UNIPROT","Q92569","UNIPROT","P84095","undirected","Binding"
"UNIPROT","Q92569","UNIPROT","Q92731","undirected","Binding"
"UNIPROT","Q92569","UNIPROT","Q9Y6W8","undirected","Binding"
"UNIPROT","Q92731","UNIPROT","O43815","undirected","Binding"
"UNIPROT","Q99075","UNIPROT","P04626","undirected","Binding"
"UNIPROT","Q99075","UNIPROT","P27986","undirected","Binding"
"UNIPROT","Q99075","UNIPROT","P42336","undirected","Binding"
"UNIPROT","Q99075","UNIPROT","P62993","undirected","Binding"
"UNIPROT","Q99075","UNIPROT","Q13480","undirected","Binding"
"UNIPROT","Q99075","UNIPROT","Q15303","undirected","Binding"
"UNIPROT","Q99836","UNIPROT","P51617","undirected","Binding"
"UNIPROT","Q99836","UNIPROT","Q9NWZ3","undirected","Binding"
"UNIPROT","Q99836","UNIPROT","Q9Y4K3","undirected","Binding"
"UNIPROT","Q9GZV9","UNIPROT","P21802","undirected","Binding"
"UNIPROT","Q9GZV9","UNIPROT","P22455","undirected","Binding"
"UNIPROT","Q9GZV9","UNIPROT","P22607","undirected","Binding"
"UNIPROT","Q9GZV9","UNIPROT","Q8WU20","undirected","Binding"
"UNIPROT","Q9GZV9","UNIPROT","Q9UEF7","undirected","Binding"
"UNIPROT","Q9HCT0","UNIPROT","P11362","undirected","Binding"
"UNIPROT","Q9HCT0","UNIPROT","P21802","undirected","Binding"
"UNIPROT","Q9HCT0","UNIPROT","Q8WU20","undirected","Binding"
"UNIPROT","Q9NP95","UNIPROT","P21802","undirected","Binding"
"UNIPROT","Q9NP95","UNIPROT","P22455","undirected","Binding"
"UNIPROT","Q9NP95","UNIPROT","P22607","undirected","Binding"
"UNIPROT","Q9NP95","UNIPROT","Q8WU20","undirected","Binding"
"UNIPROT","Q9NPH3","UNIPROT","O95760","undirected","Binding"
"UNIPROT","Q9NPH3","UNIPROT","P51617","undirected","Binding"
"UNIPROT","Q9NPH3","UNIPROT","Q01638","undirected","Binding"
"UNIPROT","Q9NPH3","UNIPROT","Q99836","undirected","Binding"
"UNIPROT","Q9NPH3","UNIPROT","Q9NWZ3","undirected","Binding"
"UNIPROT","Q9NPH3","UNIPROT","Q9Y4K3","undirected","Binding"
"UNIPROT","Q9NWZ3","UNIPROT","P51617","undirected","Binding"
"UNIPROT","Q9NWZ3","UNIPROT","Q9Y4K3","undirected","Binding"
"UNIPROT","Q9UEF7","UNIPROT","Q8WU20","undirected","Binding"
"UNIPROT","Q9Y4H2","UNIPROT","O00459","undirected","Binding"
"UNIPROT","Q9Y4H2","UNIPROT","P42338","undirected","Binding"
"UNIPROT","Q9Y4K3","UNIPROT","P51617","undirected","Binding"
