"src_type","src","dest_type","dest","direction","type"
"UNIPROT","O60216","UNIPROT","Q14683","undirected","Binding"
"UNIPROT","O60216","UNIPROT","Q29RF7","undirected","Binding"
"UNIPROT","O60216","UNIPROT","Q6KC79","undirected","Binding"
"UNIPROT","O60216","UNIPROT","Q7Z5K2","undirected","Binding"
"UNIPROT","O60216","UNIPROT","Q9NTI5","undirected","Binding"
"UNIPROT","O60216","UNIPROT","Q9Y6X3","undirected","Binding"
"UNIPROT","P53350","UNIPROT","O95235","directed","Control(Out: ACTIVATION of BiochemicalReaction)"
"UNIPROT","P53350","UNIPROT","Q02241","directed","Control(Out: ACTIVATION of BiochemicalReaction)"
"UNIPROT","Q14683","UNIPROT","Q29RF7","undirected","Binding"
"UNIPROT","Q14683","UNIPROT","Q6KC79","undirected","Binding"
"UNIPROT","Q14683","UNIPROT","Q7Z5K2","undirected","Binding"
"UNIPROT","Q14683","UNIPROT","Q9NTI5","undirected","Binding"
"UNIPROT","Q14683","UNIPROT","Q9Y6X3","undirected","Binding"
"UNIPROT","Q29RF7","UNIPROT","Q6KC79","undirected","Binding"
"UNIPROT","Q29RF7","UNIPROT","Q9Y6X3","undirected","Binding"
"UNIPROT","Q7Z5K2","UNIPROT","Q29RF7","undirected","Binding"
"UNIPROT","Q7Z5K2","UNIPROT","Q6KC79","undirected","Binding"
"UNIPROT","Q7Z5K2","UNIPROT","Q9NTI5","undirected","Binding"
"UNIPROT","Q7Z5K2","UNIPROT","Q9Y6X3","undirected","Binding"
"UNIPROT","Q8N3U4","UNIPROT","O60216","undirected","Binding"
"UNIPROT","Q8N3U4","UNIPROT","Q14683","undirected","Binding"
"UNIPROT","Q8N3U4","UNIPROT","Q29RF7","undirected","Binding"
"UNIPROT","Q8N3U4","UNIPROT","Q6KC79","undirected","Binding"
"UNIPROT","Q8N3U4","UNIPROT","Q7Z5K2","undirected","Binding"
"UNIPROT","Q8N3U4","UNIPROT","Q8WVM7","undirected","Binding"
"UNIPROT","Q8N3U4","UNIPROT","Q9NTI5","undirected","Binding"
"UNIPROT","Q8N3U4","UNIPROT","Q9UQE7","undirected","Binding"
"UNIPROT","Q8N3U4","UNIPROT","Q9Y6X3","undirected","Binding"
"UNIPROT","Q8WVM7","UNIPROT","O60216","undirected","Binding"
"UNIPROT","Q8WVM7","UNIPROT","Q14683","undirected","Binding"
"UNIPROT","Q8WVM7","UNIPROT","Q29RF7","undirected","Binding"
"UNIPROT","Q8WVM7","UNIPROT","Q6KC79","undirected","Binding"
"UNIPROT","Q8WVM7","UNIPROT","Q7Z5K2","undirected","Binding"
"UNIPROT","Q8WVM7","UNIPROT","Q9NTI5","undirected","Binding"
"UNIPROT","Q8WVM7","UNIPROT","Q9UQE7","undirected","Binding"
"UNIPROT","Q8WVM7","UNIPROT","Q9Y6X3","undirected","Binding"
"UNIPROT","Q9NTI5","UNIPROT","Q6KC79","undirected","Binding"
"UNIPROT","Q9NTI5","UNIPROT","Q9Y6X3","undirected","Binding"
"UNIPROT","Q9UQE7","UNIPROT","O60216","undirected","Binding"
"UNIPROT","Q9UQE7","UNIPROT","Q14683","undirected","Binding"
"UNIPROT","Q9UQE7","UNIPROT","Q29RF7","undirected","Binding"
"UNIPROT","Q9UQE7","UNIPROT","Q6KC79","undirected","Binding"
"UNIPROT","Q9UQE7","UNIPROT","Q7Z5K2","undirected","Binding"
"UNIPROT","Q9UQE7","UNIPROT","Q9NTI5","undirected","Binding"
"UNIPROT","Q9UQE7","UNIPROT","Q9Y6X3","undirected","Binding"
"UNIPROT","Q9Y6X3","UNIPROT","Q6KC79","undirected","Binding"
