"src_type","src","dest_type","dest","direction","type"
"UNIPROT","A5LHX3","UNIPROT","P0CG47","directed","Control(Out: ACTIVATION of BiochemicalReaction)"
"UNIPROT","A5LHX3","UNIPROT","P0CG48","directed","Control(Out: ACTIVATION of BiochemicalReaction)"
"UNIPROT","A5LHX3","UNIPROT","P62979","directed","Control(Out: ACTIVATION of BiochemicalReaction)"
"UNIPROT","A5LHX3","UNIPROT","P62987","directed","Control(Out: ACTIVATION of BiochemicalReaction)"
"UNIPROT","A5LHX3","UNIPROT","Q8TAA3","undirected","Binding"
"UNIPROT","O00231","UNIPROT","A5LHX3","undirected","Binding"
"UNIPROT","O00231","UNIPROT","O00487","undirected","Binding"
"UNIPROT","O00231","UNIPROT","O14818","undirected","Binding"
"UNIPROT","O00231","UNIPROT","O43242","undirected","Binding"
"UNIPROT","O00231","UNIPROT","O75832","undirected","Binding"
"UNIPROT","O00231","UNIPROT","P0CG47","directed","Control(Out: ACTIVATION of BiochemicalReaction)"
"UNIPROT","O00231","UNIPROT","P0CG48","directed","Control(Out: ACTIVATION of BiochemicalReaction)"
"UNIPROT","O00231","UNIPROT","P17980","undirected","Binding"
"UNIPROT","O00231","UNIPROT","P20618","undirected","Binding"
"UNIPROT","O00231","UNIPROT","P25786","undirected","Binding"
"UNIPROT","O00231","UNIPROT","P25788","undirected","Binding"
"UNIPROT","O00231","UNIPROT","P25789","undirected","Binding"
"UNIPROT","O00231","UNIPROT","P28062","undirected","Binding"
"UNIPROT","O00231","UNIPROT","P28065","undirected","Binding"
"UNIPROT","O00231","UNIPROT","P28066","undirected","Binding"
"UNIPROT","O00231","UNIPROT","P28072","undirected","Binding"
"UNIPROT","O00231","UNIPROT","P35998","undirected","Binding"
"UNIPROT","O00231","UNIPROT","P40306","undirected","Binding"
"UNIPROT","O00231","UNIPROT","P43686","undirected","Binding"
"UNIPROT","O00231","UNIPROT","P49720","undirected","Binding"
"UNIPROT","O00231","UNIPROT","P49721","undirected","Binding"
"UNIPROT","O00231","UNIPROT","P55036","undirected","Binding"
"UNIPROT","O00231","UNIPROT","P61289","undirected","Binding"
"UNIPROT","O00231","UNIPROT","P62191","undirected","Binding"
"UNIPROT","O00231","UNIPROT","P62979","directed","Control(Out: ACTIVATION of BiochemicalReaction)"
"UNIPROT","O00231","UNIPROT","P62987","directed","Control(Out: ACTIVATION of BiochemicalReaction)"
"UNIPROT","O00231","UNIPROT","Q06323","undirected","Binding"
"UNIPROT","O00231","UNIPROT","Q13200","undirected","Binding"
"UNIPROT","O00231","UNIPROT","Q14997","undirected","Binding"
"UNIPROT","O00231","UNIPROT","Q16401","undirected","Binding"
"UNIPROT","O00231","UNIPROT","Q8TAA3","undirected","Binding"
"UNIPROT","O00231","UNIPROT","Q92530","undirected","Binding"
"UNIPROT","O00231","UNIPROT","Q9UL46","undirected","Binding"
"UNIPROT","O00232","UNIPROT","A5LHX3","undirected","Binding"
"UNIPROT","O00232","UNIPROT","O00231","undirected","Binding"
"UNIPROT","O00232","UNIPROT","O00233","undirected","Binding"
"UNIPROT","O00232","UNIPROT","O00487","undirected","Binding"
"UNIPROT","O00232","UNIPROT","O14818","undirected","Binding"
"UNIPROT","O00232","UNIPROT","O43242","undirected","Binding"
"UNIPROT","O00232","UNIPROT","O75832","undirected","Binding"
"UNIPROT","O00232","UNIPROT","P0CG47","directed","Control(Out: ACTIVATION of BiochemicalReaction)"
"UNIPROT","O00232","UNIPROT","P0CG48","directed","Control(Out: ACTIVATION of BiochemicalReaction)"
"UNIPROT","O00232","UNIPROT","P17980","undirected","Binding"
"UNIPROT","O00232","UNIPROT","P20618","undirected","Binding"
"UNIPROT","O00232","UNIPROT","P25786","undirected","Binding"
"UNIPROT","O00232","UNIPROT","P25787","undirected","Binding"
"UNIPROT","O00232","UNIPROT","P25788","undirected","Binding"
"UNIPROT","O00232","UNIPROT","P25789","undirected","Binding"
"UNIPROT","O00232","UNIPROT","P28062","undirected","Binding"
"UNIPROT","O00232","UNIPROT","P28065","undirected","Binding"
"UNIPROT","O00232","UNIPROT","P28066","undirected","Binding"
"UNIPROT","O00232","UNIPROT","P28070","undirected","Binding"
"UNIPROT","O00232","UNIPROT","P28072","undirected","Binding"
"UNIPROT","O00232","UNIPROT","P28074","undirected","Binding"
"UNIPROT","O00232","UNIPROT","P35998","undirected","Binding"
"UNIPROT","O00232","UNIPROT","P40306","undirected","Binding"
"UNIPROT","O00232","UNIPROT","P43686","undirected","Binding"
"UNIPROT","O00232","UNIPROT","P48556","undirected","Binding"
"UNIPROT","O00232","UNIPROT","P49720","undirected","Binding"
"UNIPROT","O00232","UNIPROT","P49721","undirected","Binding"
"UNIPROT","O00232","UNIPROT","P51665","undirected","Binding"
"UNIPROT","O00232","UNIPROT","P55036","undirected","Binding"
"UNIPROT","O00232","UNIPROT","P60896","undirected","Binding"
"UNIPROT","O00232","UNIPROT","P61289","undirected","Binding"
"UNIPROT","O00232","UNIPROT","P62191","undirected","Binding"
"UNIPROT","O00232","UNIPROT","P62195","undirected","Binding"
"UNIPROT","O00232","UNIPROT","P62333","undirected","Binding"
"UNIPROT","O00232","UNIPROT","P62979","directed","Control(Out: ACTIVATION of BiochemicalReaction)"
"UNIPROT","O00232","UNIPROT","P62987","directed","Control(Out: ACTIVATION of BiochemicalReaction)"
"UNIPROT","O00232","UNIPROT","Q06323","undirected","Binding"
"UNIPROT","O00232","UNIPROT","Q13200","undirected","Binding"
"UNIPROT","O00232","UNIPROT","Q14997","undirected","Binding"
"UNIPROT","O00232","UNIPROT","Q15008","undirected","Binding"
"UNIPROT","O00232","UNIPROT","Q16401","undirected","Binding"
"UNIPROT","O00232","UNIPROT","Q8TAA3","undirected","Binding"
"UNIPROT","O00232","UNIPROT","Q92530","undirected","Binding"
"UNIPROT","O00232","UNIPROT","Q99436","undirected","Binding"
"UNIPROT","O00232","UNIPROT","Q99460","undirected","Binding"
"UNIPROT","O00232","UNIPROT","Q9UL46","undirected","Binding"
"UNIPROT","O00232","UNIPROT","Q9UNM6","undirected","Binding"
"UNIPROT","O00233","UNIPROT","A5LHX3","undirected","Binding"
"UNIPROT","O00233","UNIPROT","O00231","undirected","Binding"
"UNIPROT","O00233","UNIPROT","O00487","undirected","Binding"
"UNIPROT","O00233","UNIPROT","O14818","undirected","Binding"
"UNIPROT","O00233","UNIPROT","O43242","undirected","Binding"
"UNIPROT","O00233","UNIPROT","O75832","undirected","Binding"
"UNIPROT","O00233","UNIPROT","P0CG47","directed","Control(Out: ACTIVATION of BiochemicalReaction)"
"UNIPROT","O00233","UNIPROT","P0CG48","directed","Control(Out: ACTIVATION of BiochemicalReaction)"
"UNIPROT","O00233","UNIPROT","P17980","undirected","Binding"
"UNIPROT","O00233","UNIPROT","P20618","undirected","Binding"
"UNIPROT","O00233","UNIPROT","P25786","undirected","Binding"
"UNIPROT","O00233","UNIPROT","P25788","undirected","Binding"
"UNIPROT","O00233","UNIPROT","P25789","undirected","Binding"
"UNIPROT","O00233","UNIPROT","P28062","undirected","Binding"
"UNIPROT","O00233","UNIPROT","P28065","undirected","Binding"
"UNIPROT","O00233","UNIPROT","P28066","undirected","Binding"
"UNIPROT","O00233","UNIPROT","P28072","undirected","Binding"
"UNIPROT","O00233","UNIPROT","P35998","undirected","Binding"
"UNIPROT","O00233","UNIPROT","P40306","undirected","Binding"
"UNIPROT","O00233","UNIPROT","P43686","undirected","Binding"
"UNIPROT","O00233","UNIPROT","P49720","undirected","Binding"
"UNIPROT","O00233","UNIPROT","P49721","undirected","Binding"
"UNIPROT","O00233","UNIPROT","P55036","undirected","Binding"
"UNIPROT","O00233","UNIPROT","P61289","undirected","Binding"
"UNIPROT","O00233","UNIPROT","P62191","undirected","Binding"
"UNIPROT","O00233","UNIPROT","P62979","directed","Control(Out: ACTIVATION of BiochemicalReaction)"
"UNIPROT","O00233","UNIPROT","P62987","directed","Control(Out: ACTIVATION of BiochemicalReaction)"
"UNIPROT","O00233","UNIPROT","Q06323","undirected","Binding"
"UNIPROT","O00233","UNIPROT","Q13200","undirected","Binding"
"UNIPROT","O00233","UNIPROT","Q14997","undirected","Binding"
"UNIPROT","O00233","UNIPROT","Q16401","undirected","Binding"
"UNIPROT","O00233","UNIPROT","Q8TAA3","undirected","Binding"
"UNIPROT","O00233","UNIPROT","Q92530","undirected","Binding"
"UNIPROT","O00233","UNIPROT","Q9UL46","undirected","Binding"
"UNIPROT","O00233","UNIPROT","Q9UNM6","undirected","Binding"
"UNIPROT","O00487","UNIPROT","A5LHX3","undirected","Binding"
"UNIPROT","O00487","UNIPROT","O14818","undirected","Binding"
"UNIPROT","O00487","UNIPROT","O43242","undirected","Binding"
"UNIPROT","O00487","UNIPROT","O75832","undirected","Binding"
"UNIPROT","O00487","UNIPROT","P0CG47","directed","Control(Out: ACTIVATION of BiochemicalReaction)"
"UNIPROT","O00487","UNIPROT","P0CG48","directed","Control(Out: ACTIVATION of BiochemicalReaction)"
"UNIPROT","O00487","UNIPROT","P17980","undirected","Binding"
"UNIPROT","O00487","UNIPROT","P20618","undirected","Binding"
"UNIPROT","O00487","UNIPROT","P25786","undirected","Binding"
"UNIPROT","O00487","UNIPROT","P25788","undirected","Binding"
"UNIPROT","O00487","UNIPROT","P25789","undirected","Binding"
"UNIPROT","O00487","UNIPROT","P28065","undirected","Binding"
"UNIPROT","O00487","UNIPROT","P28066","undirected","Binding"
"UNIPROT","O00487","UNIPROT","P28072","undirected","Binding"
"UNIPROT","O00487","UNIPROT","P35998","undirected","Binding"
"UNIPROT","O00487","UNIPROT","P40306","undirected","Binding"
"UNIPROT","O00487","UNIPROT","P43686","undirected","Binding"
"UNIPROT","O00487","UNIPROT","P49720","undirected","Binding"
"UNIPROT","O00487","UNIPROT","P49721","undirected","Binding"
"UNIPROT","O00487","UNIPROT","P55036","undirected","Binding"
"UNIPROT","O00487","UNIPROT","P61289","undirected","Binding"
"UNIPROT","O00487","UNIPROT","P62191","undirected","Binding"
"UNIPROT","O00487","UNIPROT","P62979","directed","Control(Out: ACTIVATION of BiochemicalReaction)"
"UNIPROT","O00487","UNIPROT","P62987","directed","Control(Out: ACTIVATION of BiochemicalReaction)"
"UNIPROT","O00487","UNIPROT","Q06323","undirected","Binding"
"UNIPROT","O00487","UNIPROT","Q13200","undirected","Binding"
"UNIPROT","O00487","UNIPROT","Q14997","undirected","Binding"
"UNIPROT","O00487","UNIPROT","Q16401","undirected","Binding"
"UNIPROT","O00487","UNIPROT","Q8TAA3","undirected","Binding"
"UNIPROT","O00487","UNIPROT","Q92530","undirected","Binding"
"UNIPROT","O00487","UNIPROT","Q9UL46","undirected","Binding"
"UNIPROT","O14818","UNIPROT","A5LHX3","undirected","Binding"
"UNIPROT","O14818","UNIPROT","P0CG47","directed","Control(Out: ACTIVATION of BiochemicalReaction)"
"UNIPROT","O14818","UNIPROT","P0CG48","directed","Control(Out: ACTIVATION of BiochemicalReaction)"
"UNIPROT","O14818","UNIPROT","P62979","directed","Control(Out: ACTIVATION of BiochemicalReaction)"
"UNIPROT","O14818","UNIPROT","P62987","directed","Control(Out: ACTIVATION of BiochemicalReaction)"
"UNIPROT","O14818","UNIPROT","Q14997","undirected","Binding"
"UNIPROT","O14818","UNIPROT","Q8TAA3","undirected","Binding"
"UNIPROT","O43242","UNIPROT","A5LHX3","undirected","Binding"
"UNIPROT","O43242","UNIPROT","O14818","undirected","Binding"
"UNIPROT","O43242","UNIPROT","P0CG47","directed","Control(Out: ACTIVATION of BiochemicalReaction)"
"UNIPROT","O43242","UNIPROT","P0CG48","directed","Control(Out: ACTIVATION of BiochemicalReaction)"
"UNIPROT","O43242","UNIPROT","P25786","undirected","Binding"
"UNIPROT","O43242","UNIPROT","P28065","undirected","Binding"
"UNIPROT","O43242","UNIPROT","P28066","undirected","Binding"
"UNIPROT","O43242","UNIPROT","P28072","undirected","Binding"
"UNIPROT","O43242","UNIPROT","P40306","undirected","Binding"
"UNIPROT","O43242","UNIPROT","P55036","undirected","Binding"
"UNIPROT","O43242","UNIPROT","P62979","directed","Control(Out: ACTIVATION of BiochemicalReaction)"
"UNIPROT","O43242","UNIPROT","P62987","directed","Control(Out: ACTIVATION of BiochemicalReaction)"
"UNIPROT","O43242","UNIPROT","Q06323","undirected","Binding"
"UNIPROT","O43242","UNIPROT","Q13200","undirected","Binding"
"UNIPROT","O43242","UNIPROT","Q14997","undirected","Binding"
"UNIPROT","O43242","UNIPROT","Q16401","undirected","Binding"
"UNIPROT","O43242","UNIPROT","Q8TAA3","undirected","Binding"
"UNIPROT","O43242","UNIPROT","Q92530","undirected","Binding"
"UNIPROT","O43242","UNIPROT","Q9UL46","undirected","Binding"
"UNIPROT","O43913","UNIPROT","O43929","undirected","Binding"
"UNIPROT","O43913","UNIPROT","P25205","undirected","Binding"
"UNIPROT","O43913","UNIPROT","P33991","undirected","Binding"
"UNIPROT","O43913","UNIPROT","P33992","undirected","Binding"
"UNIPROT","O43913","UNIPROT","P33993","undirected","Binding"
"UNIPROT","O43913","UNIPROT","P49736","undirected","Binding"
"UNIPROT","O43913","UNIPROT","Q14566","undirected","Binding"
"UNIPROT","O43913","UNIPROT","Q99741","undirected","Binding"
"UNIPROT","O43913","UNIPROT","Q9H211","undirected","Binding"
"UNIPROT","O43913","UNIPROT","Q9UJA3","undirected","Binding"
"UNIPROT","O43929","UNIPROT","P25205","undirected","Binding"
"UNIPROT","O43929","UNIPROT","P33991","undirected","Binding"
"UNIPROT","O43929","UNIPROT","P33992","undirected","Binding"
"UNIPROT","O43929","UNIPROT","P33993","undirected","Binding"
"UNIPROT","O43929","UNIPROT","P49736","undirected","Binding"
"UNIPROT","O43929","UNIPROT","Q14566","undirected","Binding"
"UNIPROT","O43929","UNIPROT","Q99741","undirected","Binding"
"UNIPROT","O43929","UNIPROT","Q9H211","undirected","Binding"
"UNIPROT","O43929","UNIPROT","Q9UJA3","undirected","Binding"
"UNIPROT","O75832","UNIPROT","A5LHX3","undirected","Binding"
"UNIPROT","O75832","UNIPROT","O14818","undirected","Binding"
"UNIPROT","O75832","UNIPROT","O43242","undirected","Binding"
"UNIPROT","O75832","UNIPROT","P0CG47","directed","Control(Out: ACTIVATION of BiochemicalReaction)"
"UNIPROT","O75832","UNIPROT","P0CG48","directed","Control(Out: ACTIVATION of BiochemicalReaction)"
"UNIPROT","O75832","UNIPROT","P25786","undirected","Binding"
"UNIPROT","O75832","UNIPROT","P28065","undirected","Binding"
"UNIPROT","O75832","UNIPROT","P28066","undirected","Binding"
"UNIPROT","O75832","UNIPROT","P28072","undirected","Binding"
"UNIPROT","O75832","UNIPROT","P40306","undirected","Binding"
"UNIPROT","O75832","UNIPROT","P55036","undirected","Binding"
"UNIPROT","O75832","UNIPROT","P62979","directed","Control(Out: ACTIVATION of BiochemicalReaction)"
"UNIPROT","O75832","UNIPROT","P62987","directed","Control(Out: ACTIVATION of BiochemicalReaction)"
"UNIPROT","O75832","UNIPROT","Q06323","undirected","Binding"
"UNIPROT","O75832","UNIPROT","Q13200","undirected","Binding"
"UNIPROT","O75832","UNIPROT","Q14997","undirected","Binding"
"UNIPROT","O75832","UNIPROT","Q16401","undirected","Binding"
"UNIPROT","O75832","UNIPROT","Q8TAA3","undirected","Binding"
"UNIPROT","O75832","UNIPROT","Q92530","undirected","Binding"
"UNIPROT","O75832","UNIPROT","Q9UL46","undirected","Binding"
"UNIPROT","P0CG47","UNIPROT","P62877","directed","Control(In: ACTIVATION of BiochemicalReaction)"
"UNIPROT","P0CG47","UNIPROT","P63208","directed","Control(In: ACTIVATION of BiochemicalReaction)"
"UNIPROT","P0CG47","UNIPROT","Q13309","directed","Control(In: ACTIVATION of BiochemicalReaction)"
"UNIPROT","P0CG47","UNIPROT","Q13415","directed","Process(BiochemicalReaction)"
"UNIPROT","P0CG47","UNIPROT","Q13616","directed","Control(In: ACTIVATION of BiochemicalReaction)"
"UNIPROT","P0CG48","UNIPROT","P62877","directed","Control(In: ACTIVATION of BiochemicalReaction)"
"UNIPROT","P0CG48","UNIPROT","P63208","directed","Control(In: ACTIVATION of BiochemicalReaction)"
"UNIPROT","P0CG48","UNIPROT","Q13309","directed","Control(In: ACTIVATION of BiochemicalReaction)"
"UNIPROT","P0CG48","UNIPROT","Q13415","directed","Process(BiochemicalReaction)"
"UNIPROT","P0CG48","UNIPROT","Q13616","directed","Control(In: ACTIVATION of BiochemicalReaction)"
"UNIPROT","P17980","UNIPROT","A5LHX3","undirected","Binding"
"UNIPROT","P17980","UNIPROT","O14818","undirected","Binding"
"UNIPROT","P17980","UNIPROT","O43242","undirected","Binding"
"UNIPROT","P17980","UNIPROT","O75832","undirected","Binding"
"UNIPROT","P17980","UNIPROT","P0CG47","directed","Control(Out: ACTIVATION of BiochemicalReaction)"
"UNIPROT","P17980","UNIPROT","P0CG48","directed","Control(Out: ACTIVATION of BiochemicalReaction)"
"UNIPROT","P17980","UNIPROT","P25786","undirected","Binding"
"UNIPROT","P17980","UNIPROT","P25788","undirected","Binding"
"UNIPROT","P17980","UNIPROT","P25789","undirected","Binding"
"UNIPROT","P17980","UNIPROT","P28065","undirected","Binding"
"UNIPROT","P17980","UNIPROT","P28066","undirected","Binding"
"UNIPROT","P17980","UNIPROT","P28072","undirected","Binding"
"UNIPROT","P17980","UNIPROT","P35998","undirected","Binding"
"UNIPROT","P17980","UNIPROT","P40306","undirected","Binding"
"UNIPROT","P17980","UNIPROT","P43686","undirected","Binding"
"UNIPROT","P17980","UNIPROT","P49721","undirected","Binding"
"UNIPROT","P17980","UNIPROT","P55036","undirected","Binding"
"UNIPROT","P17980","UNIPROT","P61289","undirected","Binding"
"UNIPROT","P17980","UNIPROT","P62191","undirected","Binding"
"UNIPROT","P17980","UNIPROT","P62979","directed","Control(Out: ACTIVATION of BiochemicalReaction)"
"UNIPROT","P17980","UNIPROT","P62987","directed","Control(Out: ACTIVATION of BiochemicalReaction)"
"UNIPROT","P17980","UNIPROT","Q06323","undirected","Binding"
"UNIPROT","P17980","UNIPROT","Q13200","undirected","Binding"
"UNIPROT","P17980","UNIPROT","Q14997","undirected","Binding"
"UNIPROT","P17980","UNIPROT","Q16401","undirected","Binding"
"UNIPROT","P17980","UNIPROT","Q8TAA3","undirected","Binding"
"UNIPROT","P17980","UNIPROT","Q92530","undirected","Binding"
"UNIPROT","P17980","UNIPROT","Q9UL46","undirected","Binding"
"UNIPROT","P20248","UNIPROT","O43913","directed","Control(Out: ACTIVATION of BiochemicalReaction)"
"UNIPROT","P20248","UNIPROT","O43929","directed","Control(Out: ACTIVATION of BiochemicalReaction)"
"UNIPROT","P20248","UNIPROT","P25205","directed","Control(Out: ACTIVATION of BiochemicalReaction)"
"UNIPROT","P20248","UNIPROT","P33991","directed","Control(Out: ACTIVATION of BiochemicalReaction)"
"UNIPROT","P20248","UNIPROT","P33992","directed","Control(Out: ACTIVATION of BiochemicalReaction)"
"UNIPROT","P20248","UNIPROT","P33993","directed","Control(Out: ACTIVATION of BiochemicalReaction)"
"UNIPROT","P20248","UNIPROT","P49736","directed","Control(Out: ACTIVATION of BiochemicalReaction)"
"UNIPROT","P20248","UNIPROT","Q13415","directed","Control(Out: ACTIVATION of BiochemicalReaction)"
"UNIPROT","P20248","UNIPROT","Q13416","directed","Control(Out: ACTIVATION of BiochemicalReaction)"
"UNIPROT","P20248","UNIPROT","Q14566","directed","Control(Out: ACTIVATION of BiochemicalReaction)"
"UNIPROT","P20248","UNIPROT","Q99741","directed","Control(Out: ACTIVATION of BiochemicalReaction)"
"UNIPROT","P20248","UNIPROT","Q9H211","directed","Control(Out: ACTIVATION of BiochemicalReaction)"
"UNIPROT","P20248","UNIPROT","Q9UBD5","directed","Control(Out: ACTIVATION of BiochemicalReaction)"
"UNIPROT","P20248","UNIPROT","Q9UJA3","directed","Control(Out: ACTIVATION of BiochemicalReaction)"
"UNIPROT","P20248","UNIPROT","Q9Y5N6","directed","Control(Out: ACTIVATION of BiochemicalReaction)"
"UNIPROT","P20618","UNIPROT","A5LHX3","undirected","Binding"
"UNIPROT","P20618","UNIPROT","O14818","undirected","Binding"
"UNIPROT","P20618","UNIPROT","O43242","undirected","Binding"
"UNIPROT","P20618","UNIPROT","O75832","undirected","Binding"
"UNIPROT","P20618","UNIPROT","P0CG47","directed","Control(Out: ACTIVATION of BiochemicalReaction)"
"UNIPROT","P20618","UNIPROT","P0CG48","directed","Control(Out: ACTIVATION of BiochemicalReaction)"
"UNIPROT","P20618","UNIPROT","P17980","undirected","Binding"
"UNIPROT","P20618","UNIPROT","P25786","undirected","Binding"
"UNIPROT","P20618","UNIPROT","P25788","undirected","Binding"
"UNIPROT","P20618","UNIPROT","P25789","undirected","Binding"
"UNIPROT","P20618","UNIPROT","P28065","undirected","Binding"
"UNIPROT","P20618","UNIPROT","P28066","undirected","Binding"
"UNIPROT","P20618","UNIPROT","P28072","undirected","Binding"
"UNIPROT","P20618","UNIPROT","P35998","undirected","Binding"
"UNIPROT","P20618","UNIPROT","P40306","undirected","Binding"
"UNIPROT","P20618","UNIPROT","P43686","undirected","Binding"
"UNIPROT","P20618","UNIPROT","P49720","undirected","Binding"
"UNIPROT","P20618","UNIPROT","P49721","undirected","Binding"
"UNIPROT","P20618","UNIPROT","P55036","undirected","Binding"
"UNIPROT","P20618","UNIPROT","P61289","undirected","Binding"
"UNIPROT","P20618","UNIPROT","P62191","undirected","Binding"
"UNIPROT","P20618","UNIPROT","P62979","directed","Control(Out: ACTIVATION of BiochemicalReaction)"
"UNIPROT","P20618","UNIPROT","P62987","directed","Control(Out: ACTIVATION of BiochemicalReaction)"
"UNIPROT","P20618","UNIPROT","Q06323","undirected","Binding"
"UNIPROT","P20618","UNIPROT","Q13200","undirected","Binding"
"UNIPROT","P20618","UNIPROT","Q14997","undirected","Binding"
"UNIPROT","P20618","UNIPROT","Q16401","undirected","Binding"
"UNIPROT","P20618","UNIPROT","Q8TAA3","undirected","Binding"
"UNIPROT","P20618","UNIPROT","Q92530","undirected","Binding"
"UNIPROT","P20618","UNIPROT","Q9UL46","undirected","Binding"
"UNIPROT","P24941","UNIPROT","O43913","directed","Control(Out: ACTIVATION of BiochemicalReaction)"
"UNIPROT","P24941","UNIPROT","O43929","directed","Control(Out: ACTIVATION of BiochemicalReaction)"
"UNIPROT","P24941","UNIPROT","P20248","undirected","Binding"
"UNIPROT","P24941","UNIPROT","P25205","directed","Control(Out: ACTIVATION of BiochemicalReaction)"
"UNIPROT","P24941","UNIPROT","P33991","directed","Control(Out: ACTIVATION of BiochemicalReaction)"
"UNIPROT","P24941","UNIPROT","P33992","directed","Control(Out: ACTIVATION of BiochemicalReaction)"
"UNIPROT","P24941","UNIPROT","P33993","directed","Control(Out: ACTIVATION of BiochemicalReaction)"
"UNIPROT","P24941","UNIPROT","P49736","directed","Control(Out: ACTIVATION of BiochemicalReaction)"
"UNIPROT","P24941","UNIPROT","P78396","undirected","Binding"
"UNIPROT","P24941","UNIPROT","Q13415","directed","Control(Out: ACTIVATION of BiochemicalReaction)"
"UNIPROT","P24941","UNIPROT","Q13416","directed","Control(Out: ACTIVATION of BiochemicalReaction)"
"UNIPROT","P24941","UNIPROT","Q14566","directed","Control(Out: ACTIVATION of BiochemicalReaction)"
"UNIPROT","P24941","UNIPROT","Q99741","directed","Control(Out: ACTIVATION of BiochemicalReaction)"
"UNIPROT","P24941","UNIPROT","Q9H211","directed","Control(Out: ACTIVATION of BiochemicalReaction)"
"UNIPROT","P24941","UNIPROT","Q9UBD5","directed","Control(Out: ACTIVATION of BiochemicalReaction)"
"UNIPROT","P24941","UNIPROT","Q9UJA3","directed","Control(Out: ACTIVATION of BiochemicalReaction)"
"UNIPROT","P24941","UNIPROT","Q9Y5N6","directed","Control(Out: ACTIVATION of BiochemicalReaction)"
"UNIPROT","P25205","UNIPROT","P33991","undirected","Binding"
"UNIPROT","P25205","UNIPROT","P33993","undirected","Binding"
"UNIPROT","P25205","UNIPROT","P49736","undirected","Binding"
"UNIPROT","P25205","UNIPROT","Q14566","undirected","Binding"
"UNIPROT","P25205","UNIPROT","Q9H211","undirected","Binding"
"UNIPROT","P25786","UNIPROT","A5LHX3","undirected","Binding"
"UNIPROT","P25786","UNIPROT","O14818","undirected","Binding"
"UNIPROT","P25786","UNIPROT","P0CG47","directed","Control(Out: ACTIVATION of BiochemicalReaction)"
"UNIPROT","P25786","UNIPROT","P0CG48","directed","Control(Out: ACTIVATION of BiochemicalReaction)"
"UNIPROT","P25786","UNIPROT","P28066","undirected","Binding"
"UNIPROT","P25786","UNIPROT","P62979","directed","Control(Out: ACTIVATION of BiochemicalReaction)"
"UNIPROT","P25786","UNIPROT","P62987","directed","Control(Out: ACTIVATION of BiochemicalReaction)"
"UNIPROT","P25786","UNIPROT","Q14997","undirected","Binding"
"UNIPROT","P25786","UNIPROT","Q16401","undirected","Binding"
"UNIPROT","P25786","UNIPROT","Q8TAA3","undirected","Binding"
"UNIPROT","P25786","UNIPROT","Q9UL46","undirected","Binding"
"UNIPROT","P25787","UNIPROT","A5LHX3","undirected","Binding"
"UNIPROT","P25787","UNIPROT","O00231","undirected","Binding"
"UNIPROT","P25787","UNIPROT","O00233","undirected","Binding"
"UNIPROT","P25787","UNIPROT","O00487","undirected","Binding"
"UNIPROT","P25787","UNIPROT","O14818","undirected","Binding"
"UNIPROT","P25787","UNIPROT","O43242","undirected","Binding"
"UNIPROT","P25787","UNIPROT","O75832","undirected","Binding"
"UNIPROT","P25787","UNIPROT","P0CG47","directed","Control(Out: ACTIVATION of BiochemicalReaction)"
"UNIPROT","P25787","UNIPROT","P0CG48","directed","Control(Out: ACTIVATION of BiochemicalReaction)"
"UNIPROT","P25787","UNIPROT","P17980","undirected","Binding"
"UNIPROT","P25787","UNIPROT","P20618","undirected","Binding"
"UNIPROT","P25787","UNIPROT","P25786","undirected","Binding"
"UNIPROT","P25787","UNIPROT","P25788","undirected","Binding"
"UNIPROT","P25787","UNIPROT","P25789","undirected","Binding"
"UNIPROT","P25787","UNIPROT","P28062","undirected","Binding"
"UNIPROT","P25787","UNIPROT","P28065","undirected","Binding"
"UNIPROT","P25787","UNIPROT","P28066","undirected","Binding"
"UNIPROT","P25787","UNIPROT","P28072","undirected","Binding"
"UNIPROT","P25787","UNIPROT","P28074","undirected","Binding"
"UNIPROT","P25787","UNIPROT","P35998","undirected","Binding"
"UNIPROT","P25787","UNIPROT","P40306","undirected","Binding"
"UNIPROT","P25787","UNIPROT","P43686","undirected","Binding"
"UNIPROT","P25787","UNIPROT","P49720","undirected","Binding"
"UNIPROT","P25787","UNIPROT","P49721","undirected","Binding"
"UNIPROT","P25787","UNIPROT","P55036","undirected","Binding"
"UNIPROT","P25787","UNIPROT","P61289","undirected","Binding"
"UNIPROT","P25787","UNIPROT","P62191","undirected","Binding"
"UNIPROT","P25787","UNIPROT","P62979","directed","Control(Out: ACTIVATION of BiochemicalReaction)"
"UNIPROT","P25787","UNIPROT","P62987","directed","Control(Out: ACTIVATION of BiochemicalReaction)"
"UNIPROT","P25787","UNIPROT","Q06323","undirected","Binding"
"UNIPROT","P25787","UNIPROT","Q13200","undirected","Binding"
"UNIPROT","P25787","UNIPROT","Q14997","undirected","Binding"
"UNIPROT","P25787","UNIPROT","Q15008","undirected","Binding"
"UNIPROT","P25787","UNIPROT","Q16401","undirected","Binding"
"UNIPROT","P25787","UNIPROT","Q8TAA3","undirected","Binding"
"UNIPROT","P25787","UNIPROT","Q92530","undirected","Binding"
"UNIPROT","P25787","UNIPROT","Q99436","undirected","Binding"
"UNIPROT","P25787","UNIPROT","Q9UL46","undirected","Binding"
"UNIPROT","P25787","UNIPROT","Q9UNM6","undirected","Binding"
"UNIPROT","P25788","UNIPROT","A5LHX3","undirected","Binding"
"UNIPROT","P25788","UNIPROT","O14818","undirected","Binding"
"UNIPROT","P25788","UNIPROT","O43242","undirected","Binding"
"UNIPROT","P25788","UNIPROT","O75832","undirected","Binding"
"UNIPROT","P25788","UNIPROT","P0CG47","directed","Control(Out: ACTIVATION of BiochemicalReaction)"
"UNIPROT","P25788","UNIPROT","P0CG48","directed","Control(Out: ACTIVATION of BiochemicalReaction)"
"UNIPROT","P25788","UNIPROT","P25786","undirected","Binding"
"UNIPROT","P25788","UNIPROT","P28065","undirected","Binding"
"UNIPROT","P25788","UNIPROT","P28066","undirected","Binding"
"UNIPROT","P25788","UNIPROT","P28072","undirected","Binding"
"UNIPROT","P25788","UNIPROT","P35998","undirected","Binding"
"UNIPROT","P25788","UNIPROT","P40306","undirected","Binding"
"UNIPROT","P25788","UNIPROT","P55036","undirected","Binding"
"UNIPROT","P25788","UNIPROT","P62979","directed","Control(Out: ACTIVATION of BiochemicalReaction)"
"UNIPROT","P25788","UNIPROT","P62987","directed","Control(Out: ACTIVATION of BiochemicalReaction)"
"UNIPROT","P25788","UNIPROT","Q06323","undirected","Binding"
"UNIPROT","P25788","UNIPROT","Q13200","undirected","Binding"
"UNIPROT","P25788","UNIPROT","Q14997","undirected","Binding"
"UNIPROT","P25788","UNIPROT","Q16401","undirected","Binding"
"UNIPROT","P25788","UNIPROT","Q8TAA3","undirected","Binding"
"UNIPROT","P25788","UNIPROT","Q92530","undirected","Binding"
"UNIPROT","P25788","UNIPROT","Q9UL46","undirected","Binding"
"UNIPROT","P25789","UNIPROT","A5LHX3","undirected","Binding"
"UNIPROT","P25789","UNIPROT","O14818","undirected","Binding"
"UNIPROT","P25789","UNIPROT","O43242","undirected","Binding"
"UNIPROT","P25789","UNIPROT","O75832","undirected","Binding"
"UNIPROT","P25789","UNIPROT","P0CG47","directed","Control(Out: ACTIVATION of BiochemicalReaction)"
"UNIPROT","P25789","UNIPROT","P0CG48","directed","Control(Out: ACTIVATION of BiochemicalReaction)"
"UNIPROT","P25789","UNIPROT","P25786","undirected","Binding"
"UNIPROT","P25789","UNIPROT","P25788","undirected","Binding"
"UNIPROT","P25789","UNIPROT","P28065","undirected","Binding"
"UNIPROT","P25789","UNIPROT","P28066","undirected","Binding"
"UNIPROT","P25789","UNIPROT","P28072","undirected","Binding"
"UNIPROT","P25789","UNIPROT","P35998","undirected","Binding"
"UNIPROT","P25789","UNIPROT","P40306","undirected","Binding"
"UNIPROT","P25789","UNIPROT","P49721","undirected","Binding"
"UNIPROT","P25789","UNIPROT","P55036","undirected","Binding"
"UNIPROT","P25789","UNIPROT","P62979","directed","Control(Out: ACTIVATION of BiochemicalReaction)"
"UNIPROT","P25789","UNIPROT","P62987","directed","Control(Out: ACTIVATION of BiochemicalReaction)"
"UNIPROT","P25789","UNIPROT","Q06323","undirected","Binding"
"UNIPROT","P25789","UNIPROT","Q13200","undirected","Binding"
"UNIPROT","P25789","UNIPROT","Q14997","undirected","Binding"
"UNIPROT","P25789","UNIPROT","Q16401","undirected","Binding"
"UNIPROT","P25789","UNIPROT","Q8TAA3","undirected","Binding"
"UNIPROT","P25789","UNIPROT","Q92530","undirected","Binding"
"UNIPROT","P25789","UNIPROT","Q9UL46","undirected","Binding"
"UNIPROT","P28062","UNIPROT","A5LHX3","undirected","Binding"
"UNIPROT","P28062","UNIPROT","O00487","undirected","Binding"
"UNIPROT","P28062","UNIPROT","O14818","undirected","Binding"
"UNIPROT","P28062","UNIPROT","O43242","undirected","Binding"
"UNIPROT","P28062","UNIPROT","O75832","undirected","Binding"
"UNIPROT","P28062","UNIPROT","P0CG47","directed","Control(Out: ACTIVATION of BiochemicalReaction)"
"UNIPROT","P28062","UNIPROT","P0CG48","directed","Control(Out: ACTIVATION of BiochemicalReaction)"
"UNIPROT","P28062","UNIPROT","P17980","undirected","Binding"
"UNIPROT","P28062","UNIPROT","P20618","undirected","Binding"
"UNIPROT","P28062","UNIPROT","P25786","undirected","Binding"
"UNIPROT","P28062","UNIPROT","P25788","undirected","Binding"
"UNIPROT","P28062","UNIPROT","P25789","undirected","Binding"
"UNIPROT","P28062","UNIPROT","P28065","undirected","Binding"
"UNIPROT","P28062","UNIPROT","P28066","undirected","Binding"
"UNIPROT","P28062","UNIPROT","P28072","undirected","Binding"
"UNIPROT","P28062","UNIPROT","P35998","undirected","Binding"
"UNIPROT","P28062","UNIPROT","P40306","undirected","Binding"
"UNIPROT","P28062","UNIPROT","P43686","undirected","Binding"
"UNIPROT","P28062","UNIPROT","P49720","undirected","Binding"
"UNIPROT","P28062","UNIPROT","P49721","undirected","Binding"
"UNIPROT","P28062","UNIPROT","P55036","undirected","Binding"
"UNIPROT","P28062","UNIPROT","P61289","undirected","Binding"
"UNIPROT","P28062","UNIPROT","P62191","undirected","Binding"
"UNIPROT","P28062","UNIPROT","P62979","directed","Control(Out: ACTIVATION of BiochemicalReaction)"
"UNIPROT","P28062","UNIPROT","P62987","directed","Control(Out: ACTIVATION of BiochemicalReaction)"
"UNIPROT","P28062","UNIPROT","Q06323","undirected","Binding"
"UNIPROT","P28062","UNIPROT","Q13200","undirected","Binding"
"UNIPROT","P28062","UNIPROT","Q14997","undirected","Binding"
"UNIPROT","P28062","UNIPROT","Q16401","undirected","Binding"
"UNIPROT","P28062","UNIPROT","Q8TAA3","undirected","Binding"
"UNIPROT","P28062","UNIPROT","Q92530","undirected","Binding"
"UNIPROT","P28062","UNIPROT","Q9UL46","undirected","Binding"
"UNIPROT","P28065","UNIPROT","A5LHX3","undirected","Binding"
"UNIPROT","P28065","UNIPROT","O14818","undirected","Binding"
"UNIPROT","P28065","UNIPROT","P0CG47","directed","Control(Out: ACTIVATION of BiochemicalReaction)"
"UNIPROT","P28065","UNIPROT","P0CG48","directed","Control(Out: ACTIVATION of BiochemicalReaction)"
"UNIPROT","P28065","UNIPROT","P25786","undirected","Binding"
"UNIPROT","P28065","UNIPROT","P28066","undirected","Binding"
"UNIPROT","P28065","UNIPROT","P40306","undirected","Binding"
"UNIPROT","P28065","UNIPROT","P55036","undirected","Binding"
"UNIPROT","P28065","UNIPROT","P62979","directed","Control(Out: ACTIVATION of BiochemicalReaction)"
"UNIPROT","P28065","UNIPROT","P62987","directed","Control(Out: ACTIVATION of BiochemicalReaction)"
"UNIPROT","P28065","UNIPROT","Q13200","undirected","Binding"
"UNIPROT","P28065","UNIPROT","Q14997","undirected","Binding"
"UNIPROT","P28065","UNIPROT","Q16401","undirected","Binding"
"UNIPROT","P28065","UNIPROT","Q8TAA3","undirected","Binding"
"UNIPROT","P28065","UNIPROT","Q92530","undirected","Binding"
"UNIPROT","P28065","UNIPROT","Q9UL46","undirected","Binding"
"UNIPROT","P28066","UNIPROT","A5LHX3","undirected","Binding"
"UNIPROT","P28066","UNIPROT","O14818","undirected","Binding"
"UNIPROT","P28066","UNIPROT","P0CG47","directed","Control(Out: ACTIVATION of BiochemicalReaction)"
"UNIPROT","P28066","UNIPROT","P0CG48","directed","Control(Out: ACTIVATION of BiochemicalReaction)"
"UNIPROT","P28066","UNIPROT","P62979","directed","Control(Out: ACTIVATION of BiochemicalReaction)"
"UNIPROT","P28066","UNIPROT","P62987","directed","Control(Out: ACTIVATION of BiochemicalReaction)"
"UNIPROT","P28066","UNIPROT","Q14997","undirected","Binding"
"UNIPROT","P28066","UNIPROT","Q16401","undirected","Binding"
"UNIPROT","P28066","UNIPROT","Q8TAA3","undirected","Binding"
"UNIPROT","P28066","UNIPROT","Q9UL46","undirected","Binding"
"UNIPROT","P28070","UNIPROT","A5LHX3","undirected","Binding"
"UNIPROT","P28070","UNIPROT","O00231","undirected","Binding"
"UNIPROT","P28070","UNIPROT","O00233","undirected","Binding"
"UNIPROT","P28070","UNIPROT","O00487","undirected","Binding"
"UNIPROT","P28070","UNIPROT","O14818","undirected","Binding"
"UNIPROT","P28070","UNIPROT","O43242","undirected","Binding"
"UNIPROT","P28070","UNIPROT","O75832","undirected","Binding"
"UNIPROT","P28070","UNIPROT","P0CG47","directed","Control(Out: ACTIVATION of BiochemicalReaction)"
"UNIPROT","P28070","UNIPROT","P0CG48","directed","Control(Out: ACTIVATION of BiochemicalReaction)"
"UNIPROT","P28070","UNIPROT","P17980","undirected","Binding"
"UNIPROT","P28070","UNIPROT","P20618","undirected","Binding"
"UNIPROT","P28070","UNIPROT","P25786","undirected","Binding"
"UNIPROT","P28070","UNIPROT","P25787","undirected","Binding"
"UNIPROT","P28070","UNIPROT","P25788","undirected","Binding"
"UNIPROT","P28070","UNIPROT","P25789","undirected","Binding"
"UNIPROT","P28070","UNIPROT","P28062","undirected","Binding"
"UNIPROT","P28070","UNIPROT","P28065","undirected","Binding"
"UNIPROT","P28070","UNIPROT","P28066","undirected","Binding"
"UNIPROT","P28070","UNIPROT","P28072","undirected","Binding"
"UNIPROT","P28070","UNIPROT","P28074","undirected","Binding"
"UNIPROT","P28070","UNIPROT","P35998","undirected","Binding"
"UNIPROT","P28070","UNIPROT","P40306","undirected","Binding"
"UNIPROT","P28070","UNIPROT","P43686","undirected","Binding"
"UNIPROT","P28070","UNIPROT","P49720","undirected","Binding"
"UNIPROT","P28070","UNIPROT","P49721","undirected","Binding"
"UNIPROT","P28070","UNIPROT","P51665","undirected","Binding"
"UNIPROT","P28070","UNIPROT","P55036","undirected","Binding"
"UNIPROT","P28070","UNIPROT","P60896","undirected","Binding"
"UNIPROT","P28070","UNIPROT","P61289","undirected","Binding"
"UNIPROT","P28070","UNIPROT","P62191","undirected","Binding"
"UNIPROT","P28070","UNIPROT","P62195","undirected","Binding"
"UNIPROT","P28070","UNIPROT","P62333","undirected","Binding"
"UNIPROT","P28070","UNIPROT","P62979","directed","Control(Out: ACTIVATION of BiochemicalReaction)"
"UNIPROT","P28070","UNIPROT","P62987","directed","Control(Out: ACTIVATION of BiochemicalReaction)"
"UNIPROT","P28070","UNIPROT","Q06323","undirected","Binding"
"UNIPROT","P28070","UNIPROT","Q13200","undirected","Binding"
"UNIPROT","P28070","UNIPROT","Q14997","undirected","Binding"
"UNIPROT","P28070","UNIPROT","Q15008","undirected","Binding"
"UNIPROT","P28070","UNIPROT","Q16401","undirected","Binding"
"UNIPROT","P28070","UNIPROT","Q8TAA3","undirected","Binding"
"UNIPROT","P28070","UNIPROT","Q92530","undirected","Binding"
"UNIPROT","P28070","UNIPROT","Q99436","undirected","Binding"
"UNIPROT","P28070","UNIPROT","Q99460","undirected","Binding"
"UNIPROT","P28070","UNIPROT","Q9UL46","undirected","Binding"
"UNIPROT","P28070","UNIPROT","Q9UNM6","undirected","Binding"
"UNIPROT","P28072","UNIPROT","A5LHX3","undirected","Binding"
"UNIPROT","P28072","UNIPROT","O14818","undirected","Binding"
"UNIPROT","P28072","UNIPROT","P0CG47","directed","Control(Out: ACTIVATION of BiochemicalReaction)"
"UNIPROT","P28072","UNIPROT","P0CG48","directed","Control(Out: ACTIVATION of BiochemicalReaction)"
"UNIPROT","P28072","UNIPROT","P25786","undirected","Binding"
"UNIPROT","P28072","UNIPROT","P28065","undirected","Binding"
"UNIPROT","P28072","UNIPROT","P28066","undirected","Binding"
"UNIPROT","P28072","UNIPROT","P40306","undirected","Binding"
"UNIPROT","P28072","UNIPROT","P55036","undirected","Binding"
"UNIPROT","P28072","UNIPROT","P62979","directed","Control(Out: ACTIVATION of BiochemicalReaction)"
"UNIPROT","P28072","UNIPROT","P62987","directed","Control(Out: ACTIVATION of BiochemicalReaction)"
"UNIPROT","P28072","UNIPROT","Q13200","undirected","Binding"
"UNIPROT","P28072","UNIPROT","Q14997","undirected","Binding"
"UNIPROT","P28072","UNIPROT","Q16401","undirected","Binding"
"UNIPROT","P28072","UNIPROT","Q8TAA3","undirected","Binding"
"UNIPROT","P28072","UNIPROT","Q92530","undirected","Binding"
"UNIPROT","P28072","UNIPROT","Q9UL46","undirected","Binding"
"UNIPROT","P28074","UNIPROT","A5LHX3","undirected","Binding"
"UNIPROT","P28074","UNIPROT","O00231","undirected","Binding"
"UNIPROT","P28074","UNIPROT","O00233","undirected","Binding"
"UNIPROT","P28074","UNIPROT","O00487","undirected","Binding"
"UNIPROT","P28074","UNIPROT","O14818","undirected","Binding"
"UNIPROT","P28074","UNIPROT","O43242","undirected","Binding"
"UNIPROT","P28074","UNIPROT","O75832","undirected","Binding"
"UNIPROT","P28074","UNIPROT","P0CG47","directed","Control(Out: ACTIVATION of BiochemicalReaction)"
"UNIPROT","P28074","UNIPROT","P0CG48","directed","Control(Out: ACTIVATION of BiochemicalReaction)"
"UNIPROT","P28074","UNIPROT","P17980","undirected","Binding"
"UNIPROT","P28074","UNIPROT","P20618","undirected","Binding"
"UNIPROT","P28074","UNIPROT","P25786","undirected","Binding"
"UNIPROT","P28074","UNIPROT","P25788","undirected","Binding"
"UNIPROT","P28074","UNIPROT","P25789","undirected","Binding"
"UNIPROT","P28074","UNIPROT","P28062","undirected","Binding"
"UNIPROT","P28074","UNIPROT","P28065","undirected","Binding"
"UNIPROT","P28074","UNIPROT","P28066","undirected","Binding"
"UNIPROT","P28074","UNIPROT","P28072","undirected","Binding"
"UNIPROT","P28074","UNIPROT","P35998","undirected","Binding"
"UNIPROT","P28074","UNIPROT","P40306","undirected","Binding"
"UNIPROT","P28074","UNIPROT","P43686","undirected","Binding"
"UNIPROT","P28074","UNIPROT","P49720","undirected","Binding"
"UNIPROT","P28074","UNIPROT","P49721","undirected","Binding"
"UNIPROT","P28074","UNIPROT","P55036","undirected","Binding"
"UNIPROT","P28074","UNIPROT","P61289","undirected","Binding"
"UNIPROT","P28074","UNIPROT","P62191","undirected","Binding"
"UNIPROT","P28074","UNIPROT","P62979","directed","Control(Out: ACTIVATION of BiochemicalReaction)"
"UNIPROT","P28074","UNIPROT","P62987","directed","Control(Out: ACTIVATION of BiochemicalReaction)"
"UNIPROT","P28074","UNIPROT","Q06323","undirected","Binding"
"UNIPROT","P28074","UNIPROT","Q13200","undirected","Binding"
"UNIPROT","P28074","UNIPROT","Q14997","undirected","Binding"
"UNIPROT","P28074","UNIPROT","Q16401","undirected","Binding"
"UNIPROT","P28074","UNIPROT","Q8TAA3","undirected","Binding"
"UNIPROT","P28074","UNIPROT","Q92530","undirected","Binding"
"UNIPROT","P28074","UNIPROT","Q9UL46","undirected","Binding"
"UNIPROT","P28074","UNIPROT","Q9UNM6","undirected","Binding"
"UNIPROT","P33991","UNIPROT","P49736","undirected","Binding"
"UNIPROT","P33991","UNIPROT","Q14566","undirected","Binding"
"UNIPROT","P33991","UNIPROT","Q9H211","undirected","Binding"
"UNIPROT","P33992","UNIPROT","P25205","undirected","Binding"
"UNIPROT","P33992","UNIPROT","P33991","undirected","Binding"
"UNIPROT","P33992","UNIPROT","P33993","undirected","Binding"
"UNIPROT","P33992","UNIPROT","P49736","undirected","Binding"
"UNIPROT","P33992","UNIPROT","Q14566","undirected","Binding"
"UNIPROT","P33992","UNIPROT","Q9H211","undirected","Binding"
"UNIPROT","P33993","UNIPROT","P33991","undirected","Binding"
"UNIPROT","P33993","UNIPROT","P49736","undirected","Binding"
"UNIPROT","P33993","UNIPROT","Q14566","undirected","Binding"
"UNIPROT","P33993","UNIPROT","Q9H211","undirected","Binding"
"UNIPROT","P35998","UNIPROT","A5LHX3","undirected","Binding"
"UNIPROT","P35998","UNIPROT","O14818","undirected","Binding"
"UNIPROT","P35998","UNIPROT","O43242","undirected","Binding"
"UNIPROT","P35998","UNIPROT","O75832","undirected","Binding"
"UNIPROT","P35998","UNIPROT","P0CG47","directed","Control(Out: ACTIVATION of BiochemicalReaction)"
"UNIPROT","P35998","UNIPROT","P0CG48","directed","Control(Out: ACTIVATION of BiochemicalReaction)"
"UNIPROT","P35998","UNIPROT","P25786","undirected","Binding"
"UNIPROT","P35998","UNIPROT","P28065","undirected","Binding"
"UNIPROT","P35998","UNIPROT","P28066","undirected","Binding"
"UNIPROT","P35998","UNIPROT","P28072","undirected","Binding"
"UNIPROT","P35998","UNIPROT","P40306","undirected","Binding"
"UNIPROT","P35998","UNIPROT","P55036","undirected","Binding"
"UNIPROT","P35998","UNIPROT","P62979","directed","Control(Out: ACTIVATION of BiochemicalReaction)"
"UNIPROT","P35998","UNIPROT","P62987","directed","Control(Out: ACTIVATION of BiochemicalReaction)"
"UNIPROT","P35998","UNIPROT","Q06323","undirected","Binding"
"UNIPROT","P35998","UNIPROT","Q13200","undirected","Binding"
"UNIPROT","P35998","UNIPROT","Q14997","undirected","Binding"
"UNIPROT","P35998","UNIPROT","Q16401","undirected","Binding"
"UNIPROT","P35998","UNIPROT","Q8TAA3","undirected","Binding"
"UNIPROT","P35998","UNIPROT","Q92530","undirected","Binding"
"UNIPROT","P35998","UNIPROT","Q9UL46","undirected","Binding"
"UNIPROT","P40306","UNIPROT","A5LHX3","undirected","Binding"
"UNIPROT","P40306","UNIPROT","O14818","undirected","Binding"
"UNIPROT","P40306","UNIPROT","P0CG47","directed","Control(Out: ACTIVATION of BiochemicalReaction)"
"UNIPROT","P40306","UNIPROT","P0CG48","directed","Control(Out: ACTIVATION of BiochemicalReaction)"
"UNIPROT","P40306","UNIPROT","P25786","undirected","Binding"
"UNIPROT","P40306","UNIPROT","P28066","undirected","Binding"
"UNIPROT","P40306","UNIPROT","P55036","undirected","Binding"
"UNIPROT","P40306","UNIPROT","P62979","directed","Control(Out: ACTIVATION of BiochemicalReaction)"
"UNIPROT","P40306","UNIPROT","P62987","directed","Control(Out: ACTIVATION of BiochemicalReaction)"
"UNIPROT","P40306","UNIPROT","Q14997","undirected","Binding"
"UNIPROT","P40306","UNIPROT","Q16401","undirected","Binding"
"UNIPROT","P40306","UNIPROT","Q8TAA3","undirected","Binding"
"UNIPROT","P40306","UNIPROT","Q92530","undirected","Binding"
"UNIPROT","P40306","UNIPROT","Q9UL46","undirected","Binding"
"UNIPROT","P43686","UNIPROT","A5LHX3","undirected","Binding"
"UNIPROT","P43686","UNIPROT","O14818","undirected","Binding"
"UNIPROT","P43686","UNIPROT","O43242","undirected","Binding"
"UNIPROT","P43686","UNIPROT","O75832","undirected","Binding"
"UNIPROT","P43686","UNIPROT","P0CG47","directed","Control(Out: ACTIVATION of BiochemicalReaction)"
"UNIPROT","P43686","UNIPROT","P0CG48","directed","Control(Out: ACTIVATION of BiochemicalReaction)"
"UNIPROT","P43686","UNIPROT","P25786","undirected","Binding"
"UNIPROT","P43686","UNIPROT","P25788","undirected","Binding"
"UNIPROT","P43686","UNIPROT","P25789","undirected","Binding"
"UNIPROT","P43686","UNIPROT","P28065","undirected","Binding"
"UNIPROT","P43686","UNIPROT","P28066","undirected","Binding"
"UNIPROT","P43686","UNIPROT","P28072","undirected","Binding"
"UNIPROT","P43686","UNIPROT","P35998","undirected","Binding"
"UNIPROT","P43686","UNIPROT","P40306","undirected","Binding"
"UNIPROT","P43686","UNIPROT","P49721","undirected","Binding"
"UNIPROT","P43686","UNIPROT","P55036","undirected","Binding"
"UNIPROT","P43686","UNIPROT","P62979","directed","Control(Out: ACTIVATION of BiochemicalReaction)"
"UNIPROT","P43686","UNIPROT","P62987","directed","Control(Out: ACTIVATION of BiochemicalReaction)"
"UNIPROT","P43686","UNIPROT","Q06323","undirected","Binding"
"UNIPROT","P43686","UNIPROT","Q13200","undirected","Binding"
"UNIPROT","P43686","UNIPROT","Q14997","undirected","Binding"
"UNIPROT","P43686","UNIPROT","Q16401","undirected","Binding"
"UNIPROT","P43686","UNIPROT","Q8TAA3","undirected","Binding"
"UNIPROT","P43686","UNIPROT","Q92530","undirected","Binding"
"UNIPROT","P43686","UNIPROT","Q9UL46","undirected","Binding"
"UNIPROT","P48556","UNIPROT","A5LHX3","undirected","Binding"
"UNIPROT","P48556","UNIPROT","O00231","undirected","Binding"
"UNIPROT","P48556","UNIPROT","O00233","undirected","Binding"
"UNIPROT","P48556","UNIPROT","O00487","undirected","Binding"
"UNIPROT","P48556","UNIPROT","O14818","undirected","Binding"
"UNIPROT","P48556","UNIPROT","O43242","undirected","Binding"
"UNIPROT","P48556","UNIPROT","O75832","undirected","Binding"
"UNIPROT","P48556","UNIPROT","P0CG47","directed","Control(Out: ACTIVATION of BiochemicalReaction)"
"UNIPROT","P48556","UNIPROT","P0CG48","directed","Control(Out: ACTIVATION of BiochemicalReaction)"
"UNIPROT","P48556","UNIPROT","P17980","undirected","Binding"
"UNIPROT","P48556","UNIPROT","P20618","undirected","Binding"
"UNIPROT","P48556","UNIPROT","P25786","undirected","Binding"
"UNIPROT","P48556","UNIPROT","P25787","undirected","Binding"
"UNIPROT","P48556","UNIPROT","P25788","undirected","Binding"
"UNIPROT","P48556","UNIPROT","P25789","undirected","Binding"
"UNIPROT","P48556","UNIPROT","P28062","undirected","Binding"
"UNIPROT","P48556","UNIPROT","P28065","undirected","Binding"
"UNIPROT","P48556","UNIPROT","P28066","undirected","Binding"
"UNIPROT","P48556","UNIPROT","P28070","undirected","Binding"
"UNIPROT","P48556","UNIPROT","P28072","undirected","Binding"
"UNIPROT","P48556","UNIPROT","P28074","undirected","Binding"
"UNIPROT","P48556","UNIPROT","P35998","undirected","Binding"
"UNIPROT","P48556","UNIPROT","P40306","undirected","Binding"
"UNIPROT","P48556","UNIPROT","P43686","undirected","Binding"
"UNIPROT","P48556","UNIPROT","P49720","undirected","Binding"
"UNIPROT","P48556","UNIPROT","P49721","undirected","Binding"
"UNIPROT","P48556","UNIPROT","P51665","undirected","Binding"
"UNIPROT","P48556","UNIPROT","P55036","undirected","Binding"
"UNIPROT","P48556","UNIPROT","P60896","undirected","Binding"
"UNIPROT","P48556","UNIPROT","P61289","undirected","Binding"
"UNIPROT","P48556","UNIPROT","P62191","undirected","Binding"
"UNIPROT","P48556","UNIPROT","P62195","undirected","Binding"
"UNIPROT","P48556","UNIPROT","P62333","undirected","Binding"
"UNIPROT","P48556","UNIPROT","P62979","directed","Control(Out: ACTIVATION of BiochemicalReaction)"
"UNIPROT","P48556","UNIPROT","P62987","directed","Control(Out: ACTIVATION of BiochemicalReaction)"
"UNIPROT","P48556","UNIPROT","Q06323","undirected","Binding"
"UNIPROT","P48556","UNIPROT","Q13200","undirected","Binding"
"UNIPROT","P48556","UNIPROT","Q14997","undirected","Binding"
"UNIPROT","P48556","UNIPROT","Q15008","undirected","Binding"
"UNIPROT","P48556","UNIPROT","Q16401","undirected","Binding"
"UNIPROT","P48556","UNIPROT","Q8TAA3","undirected","Binding"
"UNIPROT","P48556","UNIPROT","Q92530","undirected","Binding"
"UNIPROT","P48556","UNIPROT","Q99436","undirected","Binding"
"UNIPROT","P48556","UNIPROT","Q99460","undirected","Binding"
"UNIPROT","P48556","UNIPROT","Q9UL46","undirected","Binding"
"UNIPROT","P48556","UNIPROT","Q9UNM6","undirected","Binding"
"UNIPROT","P49720","UNIPROT","A5LHX3","undirected","Binding"
"UNIPROT","P49720","UNIPROT","O14818","undirected","Binding"
"UNIPROT","P49720","UNIPROT","O43242","undirected","Binding"
"UNIPROT","P49720","UNIPROT","O75832","undirected","Binding"
"UNIPROT","P49720","UNIPROT","P0CG47","directed","Control(Out: ACTIVATION of BiochemicalReaction)"
"UNIPROT","P49720","UNIPROT","P0CG48","directed","Control(Out: ACTIVATION of BiochemicalReaction)"
"UNIPROT","P49720","UNIPROT","P17980","undirected","Binding"
"UNIPROT","P49720","UNIPROT","P25786","undirected","Binding"
"UNIPROT","P49720","UNIPROT","P25788","undirected","Binding"
"UNIPROT","P49720","UNIPROT","P25789","undirected","Binding"
"UNIPROT","P49720","UNIPROT","P28065","undirected","Binding"
"UNIPROT","P49720","UNIPROT","P28066","undirected","Binding"
"UNIPROT","P49720","UNIPROT","P28072","undirected","Binding"
"UNIPROT","P49720","UNIPROT","P35998","undirected","Binding"
"UNIPROT","P49720","UNIPROT","P40306","undirected","Binding"
"UNIPROT","P49720","UNIPROT","P43686","undirected","Binding"
"UNIPROT","P49720","UNIPROT","P49721","undirected","Binding"
"UNIPROT","P49720","UNIPROT","P55036","undirected","Binding"
"UNIPROT","P49720","UNIPROT","P61289","undirected","Binding"
"UNIPROT","P49720","UNIPROT","P62191","undirected","Binding"
"UNIPROT","P49720","UNIPROT","P62979","directed","Control(Out: ACTIVATION of BiochemicalReaction)"
"UNIPROT","P49720","UNIPROT","P62987","directed","Control(Out: ACTIVATION of BiochemicalReaction)"
"UNIPROT","P49720","UNIPROT","Q06323","undirected","Binding"
"UNIPROT","P49720","UNIPROT","Q13200","undirected","Binding"
"UNIPROT","P49720","UNIPROT","Q14997","undirected","Binding"
"UNIPROT","P49720","UNIPROT","Q16401","undirected","Binding"
"UNIPROT","P49720","UNIPROT","Q8TAA3","undirected","Binding"
"UNIPROT","P49720","UNIPROT","Q92530","undirected","Binding"
"UNIPROT","P49720","UNIPROT","Q9UL46","undirected","Binding"
"UNIPROT","P49721","UNIPROT","A5LHX3","undirected","Binding"
"UNIPROT","P49721","UNIPROT","O14818","undirected","Binding"
"UNIPROT","P49721","UNIPROT","O43242","undirected","Binding"
"UNIPROT","P49721","UNIPROT","O75832","undirected","Binding"
"UNIPROT","P49721","UNIPROT","P0CG47","directed","Control(Out: ACTIVATION of BiochemicalReaction)"
"UNIPROT","P49721","UNIPROT","P0CG48","directed","Control(Out: ACTIVATION of BiochemicalReaction)"
"UNIPROT","P49721","UNIPROT","P25786","undirected","Binding"
"UNIPROT","P49721","UNIPROT","P25788","undirected","Binding"
"UNIPROT","P49721","UNIPROT","P28065","undirected","Binding"
"UNIPROT","P49721","UNIPROT","P28066","undirected","Binding"
"UNIPROT","P49721","UNIPROT","P28072","undirected","Binding"
"UNIPROT","P49721","UNIPROT","P35998","undirected","Binding"
"UNIPROT","P49721","UNIPROT","P40306","undirected","Binding"
"UNIPROT","P49721","UNIPROT","P55036","undirected","Binding"
"UNIPROT","P49721","UNIPROT","P62979","directed","Control(Out: ACTIVATION of BiochemicalReaction)"
"UNIPROT","P49721","UNIPROT","P62987","directed","Control(Out: ACTIVATION of BiochemicalReaction)"
"UNIPROT","P49721","UNIPROT","Q06323","undirected","Binding"
"UNIPROT","P49721","UNIPROT","Q13200","undirected","Binding"
"UNIPROT","P49721","UNIPROT","Q14997","undirected","Binding"
"UNIPROT","P49721","UNIPROT","Q16401","undirected","Binding"
"UNIPROT","P49721","UNIPROT","Q8TAA3","undirected","Binding"
"UNIPROT","P49721","UNIPROT","Q92530","undirected","Binding"
"UNIPROT","P49721","UNIPROT","Q9UL46","undirected","Binding"
"UNIPROT","P49736","UNIPROT","Q9H211","undirected","Binding"
"UNIPROT","P51665","UNIPROT","A5LHX3","undirected","Binding"
"UNIPROT","P51665","UNIPROT","O00231","undirected","Binding"
"UNIPROT","P51665","UNIPROT","O00233","undirected","Binding"
"UNIPROT","P51665","UNIPROT","O00487","undirected","Binding"
"UNIPROT","P51665","UNIPROT","O14818","undirected","Binding"
"UNIPROT","P51665","UNIPROT","O43242","undirected","Binding"
"UNIPROT","P51665","UNIPROT","O75832","undirected","Binding"
"UNIPROT","P51665","UNIPROT","P0CG47","directed","Control(Out: ACTIVATION of BiochemicalReaction)"
"UNIPROT","P51665","UNIPROT","P0CG48","directed","Control(Out: ACTIVATION of BiochemicalReaction)"
"UNIPROT","P51665","UNIPROT","P17980","undirected","Binding"
"UNIPROT","P51665","UNIPROT","P20618","undirected","Binding"
"UNIPROT","P51665","UNIPROT","P25786","undirected","Binding"
"UNIPROT","P51665","UNIPROT","P25787","undirected","Binding"
"UNIPROT","P51665","UNIPROT","P25788","undirected","Binding"
"UNIPROT","P51665","UNIPROT","P25789","undirected","Binding"
"UNIPROT","P51665","UNIPROT","P28062","undirected","Binding"
"UNIPROT","P51665","UNIPROT","P28065","undirected","Binding"
"UNIPROT","P51665","UNIPROT","P28066","undirected","Binding"
"UNIPROT","P51665","UNIPROT","P28072","undirected","Binding"
"UNIPROT","P51665","UNIPROT","P28074","undirected","Binding"
"UNIPROT","P51665","UNIPROT","P35998","undirected","Binding"
"UNIPROT","P51665","UNIPROT","P40306","undirected","Binding"
"UNIPROT","P51665","UNIPROT","P43686","undirected","Binding"
"UNIPROT","P51665","UNIPROT","P49720","undirected","Binding"
"UNIPROT","P51665","UNIPROT","P49721","undirected","Binding"
"UNIPROT","P51665","UNIPROT","P55036","undirected","Binding"
"UNIPROT","P51665","UNIPROT","P60896","undirected","Binding"
"UNIPROT","P51665","UNIPROT","P61289","undirected","Binding"
"UNIPROT","P51665","UNIPROT","P62191","undirected","Binding"
"UNIPROT","P51665","UNIPROT","P62195","undirected","Binding"
"UNIPROT","P51665","UNIPROT","P62333","undirected","Binding"
"UNIPROT","P51665","UNIPROT","P62979","directed","Control(Out: ACTIVATION of BiochemicalReaction)"
"UNIPROT","P51665","UNIPROT","P62987","directed","Control(Out: ACTIVATION of BiochemicalReaction)"
"UNIPROT","P51665","UNIPROT","Q06323","undirected","Binding"
"UNIPROT","P51665","UNIPROT","Q13200","undirected","Binding"
"UNIPROT","P51665","UNIPROT","Q14997","undirected","Binding"
"UNIPROT","P51665","UNIPROT","Q15008","undirected","Binding"
"UNIPROT","P51665","UNIPROT","Q16401","undirected","Binding"
"UNIPROT","P51665","UNIPROT","Q8TAA3","undirected","Binding"
"UNIPROT","P51665","UNIPROT","Q92530","undirected","Binding"
"UNIPROT","P51665","UNIPROT","Q99436","undirected","Binding"
"UNIPROT","P51665","UNIPROT","Q99460","undirected","Binding"
"UNIPROT","P51665","UNIPROT","Q9UL46","undirected","Binding"
"UNIPROT","P51665","UNIPROT","Q9UNM6","undirected","Binding"
"UNIPROT","P55036","UNIPROT","A5LHX3","undirected","Binding"
"UNIPROT","P55036","UNIPROT","O14818","undirected","Binding"
"UNIPROT","P55036","UNIPROT","P0CG47","directed","Control(Out: ACTIVATION of BiochemicalReaction)"
"UNIPROT","P55036","UNIPROT","P0CG48","directed","Control(Out: ACTIVATION of BiochemicalReaction)"
"UNIPROT","P55036","UNIPROT","P25786","undirected","Binding"
"UNIPROT","P55036","UNIPROT","P28066","undirected","Binding"
"UNIPROT","P55036","UNIPROT","P62979","directed","Control(Out: ACTIVATION of BiochemicalReaction)"
"UNIPROT","P55036","UNIPROT","P62987","directed","Control(Out: ACTIVATION of BiochemicalReaction)"
"UNIPROT","P55036","UNIPROT","Q14997","undirected","Binding"
"UNIPROT","P55036","UNIPROT","Q16401","undirected","Binding"
"UNIPROT","P55036","UNIPROT","Q8TAA3","undirected","Binding"
"UNIPROT","P55036","UNIPROT","Q92530","undirected","Binding"
"UNIPROT","P55036","UNIPROT","Q9UL46","undirected","Binding"
"UNIPROT","P60896","UNIPROT","A5LHX3","undirected","Binding"
"UNIPROT","P60896","UNIPROT","O00231","undirected","Binding"
"UNIPROT","P60896","UNIPROT","O00233","undirected","Binding"
"UNIPROT","P60896","UNIPROT","O00487","undirected","Binding"
"UNIPROT","P60896","UNIPROT","O14818","undirected","Binding"
"UNIPROT","P60896","UNIPROT","O43242","undirected","Binding"
"UNIPROT","P60896","UNIPROT","O75832","undirected","Binding"
"UNIPROT","P60896","UNIPROT","P0CG47","directed","Control(Out: ACTIVATION of BiochemicalReaction)"
"UNIPROT","P60896","UNIPROT","P0CG48","directed","Control(Out: ACTIVATION of BiochemicalReaction)"
"UNIPROT","P60896","UNIPROT","P17980","undirected","Binding"
"UNIPROT","P60896","UNIPROT","P20618","undirected","Binding"
"UNIPROT","P60896","UNIPROT","P25786","undirected","Binding"
"UNIPROT","P60896","UNIPROT","P25787","undirected","Binding"
"UNIPROT","P60896","UNIPROT","P25788","undirected","Binding"
"UNIPROT","P60896","UNIPROT","P25789","undirected","Binding"
"UNIPROT","P60896","UNIPROT","P28062","undirected","Binding"
"UNIPROT","P60896","UNIPROT","P28065","undirected","Binding"
"UNIPROT","P60896","UNIPROT","P28066","undirected","Binding"
"UNIPROT","P60896","UNIPROT","P28072","undirected","Binding"
"UNIPROT","P60896","UNIPROT","P28074","undirected","Binding"
"UNIPROT","P60896","UNIPROT","P35998","undirected","Binding"
"UNIPROT","P60896","UNIPROT","P40306","undirected","Binding"
"UNIPROT","P60896","UNIPROT","P43686","undirected","Binding"
"UNIPROT","P60896","UNIPROT","P49720","undirected","Binding"
"UNIPROT","P60896","UNIPROT","P49721","undirected","Binding"
"UNIPROT","P60896","UNIPROT","P55036","undirected","Binding"
"UNIPROT","P60896","UNIPROT","P61289","undirected","Binding"
"UNIPROT","P60896","UNIPROT","P62191","undirected","Binding"
"UNIPROT","P60896","UNIPROT","P62979","directed","Control(Out: ACTIVATION of BiochemicalReaction)"
"UNIPROT","P60896","UNIPROT","P62987","directed","Control(Out: ACTIVATION of BiochemicalReaction)"
"UNIPROT","P60896","UNIPROT","Q06323","undirected","Binding"
"UNIPROT","P60896","UNIPROT","Q13200","undirected","Binding"
"UNIPROT","P60896","UNIPROT","Q14997","undirected","Binding"
"UNIPROT","P60896","UNIPROT","Q15008","undirected","Binding"
"UNIPROT","P60896","UNIPROT","Q16401","undirected","Binding"
"UNIPROT","P60896","UNIPROT","Q8TAA3","undirected","Binding"
"UNIPROT","P60896","UNIPROT","Q92530","undirected","Binding"
"UNIPROT","P60896","UNIPROT","Q99436","undirected","Binding"
"UNIPROT","P60896","UNIPROT","Q9UL46","undirected","Binding"
"UNIPROT","P60896","UNIPROT","Q9UNM6","undirected","Binding"
"UNIPROT","P60900","UNIPROT","A5LHX3","undirected","Binding"
"UNIPROT","P60900","UNIPROT","O00231","undirected","Binding"
"UNIPROT","P60900","UNIPROT","O00232","undirected","Binding"
"UNIPROT","P60900","UNIPROT","O00233","undirected","Binding"
"UNIPROT","P60900","UNIPROT","O00487","undirected","Binding"
"UNIPROT","P60900","UNIPROT","O14818","undirected","Binding"
"UNIPROT","P60900","UNIPROT","O43242","undirected","Binding"
"UNIPROT","P60900","UNIPROT","O75832","undirected","Binding"
"UNIPROT","P60900","UNIPROT","P0CG47","directed","Control(Out: ACTIVATION of BiochemicalReaction)"
"UNIPROT","P60900","UNIPROT","P0CG48","directed","Control(Out: ACTIVATION of BiochemicalReaction)"
"UNIPROT","P60900","UNIPROT","P17980","undirected","Binding"
"UNIPROT","P60900","UNIPROT","P20618","undirected","Binding"
"UNIPROT","P60900","UNIPROT","P25786","undirected","Binding"
"UNIPROT","P60900","UNIPROT","P25787","undirected","Binding"
"UNIPROT","P60900","UNIPROT","P25788","undirected","Binding"
"UNIPROT","P60900","UNIPROT","P25789","undirected","Binding"
"UNIPROT","P60900","UNIPROT","P28062","undirected","Binding"
"UNIPROT","P60900","UNIPROT","P28065","undirected","Binding"
"UNIPROT","P60900","UNIPROT","P28066","undirected","Binding"
"UNIPROT","P60900","UNIPROT","P28070","undirected","Binding"
"UNIPROT","P60900","UNIPROT","P28072","undirected","Binding"
"UNIPROT","P60900","UNIPROT","P28074","undirected","Binding"
"UNIPROT","P60900","UNIPROT","P35998","undirected","Binding"
"UNIPROT","P60900","UNIPROT","P40306","undirected","Binding"
"UNIPROT","P60900","UNIPROT","P43686","undirected","Binding"
"UNIPROT","P60900","UNIPROT","P48556","undirected","Binding"
"UNIPROT","P60900","UNIPROT","P49720","undirected","Binding"
"UNIPROT","P60900","UNIPROT","P49721","undirected","Binding"
"UNIPROT","P60900","UNIPROT","P51665","undirected","Binding"
"UNIPROT","P60900","UNIPROT","P55036","undirected","Binding"
"UNIPROT","P60900","UNIPROT","P60896","undirected","Binding"
"UNIPROT","P60900","UNIPROT","P61289","undirected","Binding"
"UNIPROT","P60900","UNIPROT","P62191","undirected","Binding"
"UNIPROT","P60900","UNIPROT","P62195","undirected","Binding"
"UNIPROT","P60900","UNIPROT","P62333","undirected","Binding"
"UNIPROT","P60900","UNIPROT","P62979","directed","Control(Out: ACTIVATION of BiochemicalReaction)"
"UNIPROT","P60900","UNIPROT","P62987","directed","Control(Out: ACTIVATION of BiochemicalReaction)"
"UNIPROT","P60900","UNIPROT","Q06323","undirected","Binding"
"UNIPROT","P60900","UNIPROT","Q13200","undirected","Binding"
"UNIPROT","P60900","UNIPROT","Q14997","undirected","Binding"
"UNIPROT","P60900","UNIPROT","Q15008","undirected","Binding"
"UNIPROT","P60900","UNIPROT","Q16401","undirected","Binding"
"UNIPROT","P60900","UNIPROT","Q8TAA3","undirected","Binding"
"UNIPROT","P60900","UNIPROT","Q92530","undirected","Binding"
"UNIPROT","P60900","UNIPROT","Q99436","undirected","Binding"
"UNIPROT","P60900","UNIPROT","Q99460","undirected","Binding"
"UNIPROT","P60900","UNIPROT","Q9UL46","undirected","Binding"
"UNIPROT","P60900","UNIPROT","Q9UNM6","undirected","Binding"
"UNIPROT","P61289","UNIPROT","A5LHX3","undirected","Binding"
"UNIPROT","P61289","UNIPROT","O14818","undirected","Binding"
"UNIPROT","P61289","UNIPROT","O43242","undirected","Binding"
"UNIPROT","P61289","UNIPROT","O75832","undirected","Binding"
"UNIPROT","P61289","UNIPROT","P0CG47","directed","Control(Out: ACTIVATION of BiochemicalReaction)"
"UNIPROT","P61289","UNIPROT","P0CG48","directed","Control(Out: ACTIVATION of BiochemicalReaction)"
"UNIPROT","P61289","UNIPROT","P25786","undirected","Binding"
"UNIPROT","P61289","UNIPROT","P25788","undirected","Binding"
"UNIPROT","P61289","UNIPROT","P25789","undirected","Binding"
"UNIPROT","P61289","UNIPROT","P28065","undirected","Binding"
"UNIPROT","P61289","UNIPROT","P28066","undirected","Binding"
"UNIPROT","P61289","UNIPROT","P28072","undirected","Binding"
"UNIPROT","P61289","UNIPROT","P35998","undirected","Binding"
"UNIPROT","P61289","UNIPROT","P40306","undirected","Binding"
"UNIPROT","P61289","UNIPROT","P43686","undirected","Binding"
"UNIPROT","P61289","UNIPROT","P49721","undirected","Binding"
"UNIPROT","P61289","UNIPROT","P55036","undirected","Binding"
"UNIPROT","P61289","UNIPROT","P62191","undirected","Binding"
"UNIPROT","P61289","UNIPROT","P62979","directed","Control(Out: ACTIVATION of BiochemicalReaction)"
"UNIPROT","P61289","UNIPROT","P62987","directed","Control(Out: ACTIVATION of BiochemicalReaction)"
"UNIPROT","P61289","UNIPROT","Q06323","undirected","Binding"
"UNIPROT","P61289","UNIPROT","Q13200","undirected","Binding"
"UNIPROT","P61289","UNIPROT","Q14997","undirected","Binding"
"UNIPROT","P61289","UNIPROT","Q16401","undirected","Binding"
"UNIPROT","P61289","UNIPROT","Q8TAA3","undirected","Binding"
"UNIPROT","P61289","UNIPROT","Q92530","undirected","Binding"
"UNIPROT","P61289","UNIPROT","Q9UL46","undirected","Binding"
"UNIPROT","P62191","UNIPROT","A5LHX3","undirected","Binding"
"UNIPROT","P62191","UNIPROT","O14818","undirected","Binding"
"UNIPROT","P62191","UNIPROT","O43242","undirected","Binding"
"UNIPROT","P62191","UNIPROT","O75832","undirected","Binding"
"UNIPROT","P62191","UNIPROT","P0CG47","directed","Control(Out: ACTIVATION of BiochemicalReaction)"
"UNIPROT","P62191","UNIPROT","P0CG48","directed","Control(Out: ACTIVATION of BiochemicalReaction)"
"UNIPROT","P62191","UNIPROT","P25786","undirected","Binding"
"UNIPROT","P62191","UNIPROT","P25788","undirected","Binding"
"UNIPROT","P62191","UNIPROT","P25789","undirected","Binding"
"UNIPROT","P62191","UNIPROT","P28065","undirected","Binding"
"UNIPROT","P62191","UNIPROT","P28066","undirected","Binding"
"UNIPROT","P62191","UNIPROT","P28072","undirected","Binding"
"UNIPROT","P62191","UNIPROT","P35998","undirected","Binding"
"UNIPROT","P62191","UNIPROT","P40306","undirected","Binding"
"UNIPROT","P62191","UNIPROT","P43686","undirected","Binding"
"UNIPROT","P62191","UNIPROT","P49721","undirected","Binding"
"UNIPROT","P62191","UNIPROT","P55036","undirected","Binding"
"UNIPROT","P62191","UNIPROT","P62979","directed","Control(Out: ACTIVATION of BiochemicalReaction)"
"UNIPROT","P62191","UNIPROT","P62987","directed","Control(Out: ACTIVATION of BiochemicalReaction)"
"UNIPROT","P62191","UNIPROT","Q06323","undirected","Binding"
"UNIPROT","P62191","UNIPROT","Q13200","undirected","Binding"
"UNIPROT","P62191","UNIPROT","Q14997","undirected","Binding"
"UNIPROT","P62191","UNIPROT","Q16401","undirected","Binding"
"UNIPROT","P62191","UNIPROT","Q8TAA3","undirected","Binding"
"UNIPROT","P62191","UNIPROT","Q92530","undirected","Binding"
"UNIPROT","P62191","UNIPROT","Q9UL46","undirected","Binding"
"UNIPROT","P62195","UNIPROT","A5LHX3","undirected","Binding"
"UNIPROT","P62195","UNIPROT","O00231","undirected","Binding"
"UNIPROT","P62195","UNIPROT","O00233","undirected","Binding"
"UNIPROT","P62195","UNIPROT","O00487","undirected","Binding"
"UNIPROT","P62195","UNIPROT","O14818","undirected","Binding"
"UNIPROT","P62195","UNIPROT","O43242","undirected","Binding"
"UNIPROT","P62195","UNIPROT","O75832","undirected","Binding"
"UNIPROT","P62195","UNIPROT","P0CG47","directed","Control(Out: ACTIVATION of BiochemicalReaction)"
"UNIPROT","P62195","UNIPROT","P0CG48","directed","Control(Out: ACTIVATION of BiochemicalReaction)"
"UNIPROT","P62195","UNIPROT","P17980","undirected","Binding"
"UNIPROT","P62195","UNIPROT","P20618","undirected","Binding"
"UNIPROT","P62195","UNIPROT","P25786","undirected","Binding"
"UNIPROT","P62195","UNIPROT","P25787","undirected","Binding"
"UNIPROT","P62195","UNIPROT","P25788","undirected","Binding"
"UNIPROT","P62195","UNIPROT","P25789","undirected","Binding"
"UNIPROT","P62195","UNIPROT","P28062","undirected","Binding"
"UNIPROT","P62195","UNIPROT","P28065","undirected","Binding"
"UNIPROT","P62195","UNIPROT","P28066","undirected","Binding"
"UNIPROT","P62195","UNIPROT","P28072","undirected","Binding"
"UNIPROT","P62195","UNIPROT","P28074","undirected","Binding"
"UNIPROT","P62195","UNIPROT","P35998","undirected","Binding"
"UNIPROT","P62195","UNIPROT","P40306","undirected","Binding"
"UNIPROT","P62195","UNIPROT","P43686","undirected","Binding"
"UNIPROT","P62195","UNIPROT","P49720","undirected","Binding"
"UNIPROT","P62195","UNIPROT","P49721","undirected","Binding"
"UNIPROT","P62195","UNIPROT","P55036","undirected","Binding"
"UNIPROT","P62195","UNIPROT","P60896","undirected","Binding"
"UNIPROT","P62195","UNIPROT","P61289","undirected","Binding"
"UNIPROT","P62195","UNIPROT","P62191","undirected","Binding"
"UNIPROT","P62195","UNIPROT","P62333","undirected","Binding"
"UNIPROT","P62195","UNIPROT","P62979","directed","Control(Out: ACTIVATION of BiochemicalReaction)"
"UNIPROT","P62195","UNIPROT","P62987","directed","Control(Out: ACTIVATION of BiochemicalReaction)"
"UNIPROT","P62195","UNIPROT","Q06323","undirected","Binding"
"UNIPROT","P62195","UNIPROT","Q13200","undirected","Binding"
"UNIPROT","P62195","UNIPROT","Q14997","undirected","Binding"
"UNIPROT","P62195","UNIPROT","Q15008","undirected","Binding"
"UNIPROT","P62195","UNIPROT","Q16401","undirected","Binding"
"UNIPROT","P62195","UNIPROT","Q8TAA3","undirected","Binding"
"UNIPROT","P62195","UNIPROT","Q92530","undirected","Binding"
"UNIPROT","P62195","UNIPROT","Q99436","undirected","Binding"
"UNIPROT","P62195","UNIPROT","Q99460","undirected","Binding"
"UNIPROT","P62195","UNIPROT","Q9UL46","undirected","Binding"
"UNIPROT","P62195","UNIPROT","Q9UNM6","undirected","Binding"
"UNIPROT","P62333","UNIPROT","A5LHX3","undirected","Binding"
"UNIPROT","P62333","UNIPROT","O00231","undirected","Binding"
"UNIPROT","P62333","UNIPROT","O00233","undirected","Binding"
"UNIPROT","P62333","UNIPROT","O00487","undirected","Binding"
"UNIPROT","P62333","UNIPROT","O14818","undirected","Binding"
"UNIPROT","P62333","UNIPROT","O43242","undirected","Binding"
"UNIPROT","P62333","UNIPROT","O75832","undirected","Binding"
"UNIPROT","P62333","UNIPROT","P0CG47","directed","Control(Out: ACTIVATION of BiochemicalReaction)"
"UNIPROT","P62333","UNIPROT","P0CG48","directed","Control(Out: ACTIVATION of BiochemicalReaction)"
"UNIPROT","P62333","UNIPROT","P17980","undirected","Binding"
"UNIPROT","P62333","UNIPROT","P20618","undirected","Binding"
"UNIPROT","P62333","UNIPROT","P25786","undirected","Binding"
"UNIPROT","P62333","UNIPROT","P25787","undirected","Binding"
"UNIPROT","P62333","UNIPROT","P25788","undirected","Binding"
"UNIPROT","P62333","UNIPROT","P25789","undirected","Binding"
"UNIPROT","P62333","UNIPROT","P28062","undirected","Binding"
"UNIPROT","P62333","UNIPROT","P28065","undirected","Binding"
"UNIPROT","P62333","UNIPROT","P28066","undirected","Binding"
"UNIPROT","P62333","UNIPROT","P28072","undirected","Binding"
"UNIPROT","P62333","UNIPROT","P28074","undirected","Binding"
"UNIPROT","P62333","UNIPROT","P35998","undirected","Binding"
"UNIPROT","P62333","UNIPROT","P40306","undirected","Binding"
"UNIPROT","P62333","UNIPROT","P43686","undirected","Binding"
"UNIPROT","P62333","UNIPROT","P49720","undirected","Binding"
"UNIPROT","P62333","UNIPROT","P49721","undirected","Binding"
"UNIPROT","P62333","UNIPROT","P55036","undirected","Binding"
"UNIPROT","P62333","UNIPROT","P60896","undirected","Binding"
"UNIPROT","P62333","UNIPROT","P61289","undirected","Binding"
"UNIPROT","P62333","UNIPROT","P62191","undirected","Binding"
"UNIPROT","P62333","UNIPROT","P62979","directed","Control(Out: ACTIVATION of BiochemicalReaction)"
"UNIPROT","P62333","UNIPROT","P62987","directed","Control(Out: ACTIVATION of BiochemicalReaction)"
"UNIPROT","P62333","UNIPROT","Q06323","undirected","Binding"
"UNIPROT","P62333","UNIPROT","Q13200","undirected","Binding"
"UNIPROT","P62333","UNIPROT","Q14997","undirected","Binding"
"UNIPROT","P62333","UNIPROT","Q15008","undirected","Binding"
"UNIPROT","P62333","UNIPROT","Q16401","undirected","Binding"
"UNIPROT","P62333","UNIPROT","Q8TAA3","undirected","Binding"
"UNIPROT","P62333","UNIPROT","Q92530","undirected","Binding"
"UNIPROT","P62333","UNIPROT","Q99436","undirected","Binding"
"UNIPROT","P62333","UNIPROT","Q9UL46","undirected","Binding"
"UNIPROT","P62333","UNIPROT","Q9UNM6","undirected","Binding"
"UNIPROT","P62877","UNIPROT","P63208","undirected","Binding"
"UNIPROT","P62877","UNIPROT","Q13415","directed","Control(Out: ACTIVATION of BiochemicalReaction)"
"UNIPROT","P62979","UNIPROT","P62877","directed","Control(In: ACTIVATION of BiochemicalReaction)"
"UNIPROT","P62979","UNIPROT","P63208","directed","Control(In: ACTIVATION of BiochemicalReaction)"
"UNIPROT","P62979","UNIPROT","Q13309","directed","Control(In: ACTIVATION of BiochemicalReaction)"
"UNIPROT","P62979","UNIPROT","Q13415","directed","Process(BiochemicalReaction)"
"UNIPROT","P62979","UNIPROT","Q13616","directed","Control(In: ACTIVATION of BiochemicalReaction)"
"UNIPROT","P62987","UNIPROT","P62877","directed","Control(In: ACTIVATION of BiochemicalReaction)"
"UNIPROT","P62987","UNIPROT","P63208","directed","Control(In: ACTIVATION of BiochemicalReaction)"
"UNIPROT","P62987","UNIPROT","Q13309","directed","Control(In: ACTIVATION of BiochemicalReaction)"
"UNIPROT","P62987","UNIPROT","Q13415","directed","Process(BiochemicalReaction)"
"UNIPROT","P62987","UNIPROT","Q13616","directed","Control(In: ACTIVATION of BiochemicalReaction)"
"UNIPROT","P63208","UNIPROT","Q13415","directed","Control(Out: ACTIVATION of BiochemicalReaction)"
"UNIPROT","P78396","UNIPROT","O43913","directed","Control(Out: ACTIVATION of BiochemicalReaction)"
"UNIPROT","P78396","UNIPROT","O43929","directed","Control(Out: ACTIVATION of BiochemicalReaction)"
"UNIPROT","P78396","UNIPROT","P25205","directed","Control(Out: ACTIVATION of BiochemicalReaction)"
"UNIPROT","P78396","UNIPROT","P33991","directed","Control(Out: ACTIVATION of BiochemicalReaction)"
"UNIPROT","P78396","UNIPROT","P33992","directed","Control(Out: ACTIVATION of BiochemicalReaction)"
"UNIPROT","P78396","UNIPROT","P33993","directed","Control(Out: ACTIVATION of BiochemicalReaction)"
"UNIPROT","P78396","UNIPROT","P49736","directed","Control(Out: ACTIVATION of BiochemicalReaction)"
"UNIPROT","P78396","UNIPROT","Q13415","directed","Control(Out: ACTIVATION of BiochemicalReaction)"
"UNIPROT","P78396","UNIPROT","Q13416","directed","Control(Out: ACTIVATION of BiochemicalReaction)"
"UNIPROT","P78396","UNIPROT","Q14566","directed","Control(Out: ACTIVATION of BiochemicalReaction)"
"UNIPROT","P78396","UNIPROT","Q99741","directed","Control(Out: ACTIVATION of BiochemicalReaction)"
"UNIPROT","P78396","UNIPROT","Q9H211","directed","Control(Out: ACTIVATION of BiochemicalReaction)"
"UNIPROT","P78396","UNIPROT","Q9UBD5","directed","Control(Out: ACTIVATION of BiochemicalReaction)"
"UNIPROT","P78396","UNIPROT","Q9UJA3","directed","Control(Out: ACTIVATION of BiochemicalReaction)"
"UNIPROT","P78396","UNIPROT","Q9Y5N6","directed","Control(Out: ACTIVATION of BiochemicalReaction)"
"UNIPROT","Q06323","UNIPROT","A5LHX3","undirected","Binding"
"UNIPROT","Q06323","UNIPROT","O14818","undirected","Binding"
"UNIPROT","Q06323","UNIPROT","P0CG47","directed","Control(Out: ACTIVATION of BiochemicalReaction)"
"UNIPROT","Q06323","UNIPROT","P0CG48","directed","Control(Out: ACTIVATION of BiochemicalReaction)"
"UNIPROT","Q06323","UNIPROT","P25786","undirected","Binding"
"UNIPROT","Q06323","UNIPROT","P28065","undirected","Binding"
"UNIPROT","Q06323","UNIPROT","P28066","undirected","Binding"
"UNIPROT","Q06323","UNIPROT","P28072","undirected","Binding"
"UNIPROT","Q06323","UNIPROT","P40306","undirected","Binding"
"UNIPROT","Q06323","UNIPROT","P55036","undirected","Binding"
"UNIPROT","Q06323","UNIPROT","P62979","directed","Control(Out: ACTIVATION of BiochemicalReaction)"
"UNIPROT","Q06323","UNIPROT","P62987","directed","Control(Out: ACTIVATION of BiochemicalReaction)"
"UNIPROT","Q06323","UNIPROT","Q13200","undirected","Binding"
"UNIPROT","Q06323","UNIPROT","Q14997","undirected","Binding"
"UNIPROT","Q06323","UNIPROT","Q16401","undirected","Binding"
"UNIPROT","Q06323","UNIPROT","Q8TAA3","undirected","Binding"
"UNIPROT","Q06323","UNIPROT","Q92530","undirected","Binding"
"UNIPROT","Q06323","UNIPROT","Q9UL46","undirected","Binding"
"UNIPROT","Q13200","UNIPROT","A5LHX3","undirected","Binding"
"UNIPROT","Q13200","UNIPROT","O14818","undirected","Binding"
"UNIPROT","Q13200","UNIPROT","P0CG47","directed","Control(Out: ACTIVATION of BiochemicalReaction)"
"UNIPROT","Q13200","UNIPROT","P0CG48","directed","Control(Out: ACTIVATION of BiochemicalReaction)"
"UNIPROT","Q13200","UNIPROT","P25786","undirected","Binding"
"UNIPROT","Q13200","UNIPROT","P28066","undirected","Binding"
"UNIPROT","Q13200","UNIPROT","P40306","undirected","Binding"
"UNIPROT","Q13200","UNIPROT","P55036","undirected","Binding"
"UNIPROT","Q13200","UNIPROT","P62979","directed","Control(Out: ACTIVATION of BiochemicalReaction)"
"UNIPROT","Q13200","UNIPROT","P62987","directed","Control(Out: ACTIVATION of BiochemicalReaction)"
"UNIPROT","Q13200","UNIPROT","Q14997","undirected","Binding"
"UNIPROT","Q13200","UNIPROT","Q16401","undirected","Binding"
"UNIPROT","Q13200","UNIPROT","Q8TAA3","undirected","Binding"
"UNIPROT","Q13200","UNIPROT","Q92530","undirected","Binding"
"UNIPROT","Q13200","UNIPROT","Q9UL46","undirected","Binding"
"UNIPROT","Q13309","UNIPROT","P62877","undirected","Binding"
"UNIPROT","Q13309","UNIPROT","P63208","undirected","Binding"
"UNIPROT","Q13309","UNIPROT","Q13415","directed","Control(Out: ACTIVATION of BiochemicalReaction)"
"UNIPROT","Q13415","UNIPROT","A5LHX3","directed","Control(In: ACTIVATION of BiochemicalReaction)"
"UNIPROT","Q13415","UNIPROT","O00231","directed","Control(In: ACTIVATION of BiochemicalReaction)"
"UNIPROT","Q13415","UNIPROT","O00232","directed","Control(In: ACTIVATION of BiochemicalReaction)"
"UNIPROT","Q13415","UNIPROT","O00233","directed","Control(In: ACTIVATION of BiochemicalReaction)"
"UNIPROT","Q13415","UNIPROT","O00487","directed","Control(In: ACTIVATION of BiochemicalReaction)"
"UNIPROT","Q13415","UNIPROT","O14818","directed","Control(In: ACTIVATION of BiochemicalReaction)"
"UNIPROT","Q13415","UNIPROT","O43242","directed","Control(In: ACTIVATION of BiochemicalReaction)"
"UNIPROT","Q13415","UNIPROT","O43913","undirected","Binding"
"UNIPROT","Q13415","UNIPROT","O43929","undirected","Binding"
"UNIPROT","Q13415","UNIPROT","O75832","directed","Control(In: ACTIVATION of BiochemicalReaction)"
"UNIPROT","Q13415","UNIPROT","P0CG47","directed","Process(BiochemicalReaction)"
"UNIPROT","Q13415","UNIPROT","P0CG48","directed","Process(BiochemicalReaction)"
"UNIPROT","Q13415","UNIPROT","P17980","directed","Control(In: ACTIVATION of BiochemicalReaction)"
"UNIPROT","Q13415","UNIPROT","P20618","directed","Control(In: ACTIVATION of BiochemicalReaction)"
"UNIPROT","Q13415","UNIPROT","P25205","undirected","Binding"
"UNIPROT","Q13415","UNIPROT","P25786","directed","Control(In: ACTIVATION of BiochemicalReaction)"
"UNIPROT","Q13415","UNIPROT","P25787","directed","Control(In: ACTIVATION of BiochemicalReaction)"
"UNIPROT","Q13415","UNIPROT","P25788","directed","Control(In: ACTIVATION of BiochemicalReaction)"
"UNIPROT","Q13415","UNIPROT","P25789","directed","Control(In: ACTIVATION of BiochemicalReaction)"
"UNIPROT","Q13415","UNIPROT","P28062","directed","Control(In: ACTIVATION of BiochemicalReaction)"
"UNIPROT","Q13415","UNIPROT","P28065","directed","Control(In: ACTIVATION of BiochemicalReaction)"
"UNIPROT","Q13415","UNIPROT","P28066","directed","Control(In: ACTIVATION of BiochemicalReaction)"
"UNIPROT","Q13415","UNIPROT","P28070","directed","Control(In: ACTIVATION of BiochemicalReaction)"
"UNIPROT","Q13415","UNIPROT","P28072","directed","Control(In: ACTIVATION of BiochemicalReaction)"
"UNIPROT","Q13415","UNIPROT","P28074","directed","Control(In: ACTIVATION of BiochemicalReaction)"
"UNIPROT","Q13415","UNIPROT","P33991","undirected","Binding"
"UNIPROT","Q13415","UNIPROT","P33992","undirected","Binding"
"UNIPROT","Q13415","UNIPROT","P33993","undirected","Binding"
"UNIPROT","Q13415","UNIPROT","P35998","directed","Control(In: ACTIVATION of BiochemicalReaction)"
"UNIPROT","Q13415","UNIPROT","P40306","directed","Control(In: ACTIVATION of BiochemicalReaction)"
"UNIPROT","Q13415","UNIPROT","P43686","directed","Control(In: ACTIVATION of BiochemicalReaction)"
"UNIPROT","Q13415","UNIPROT","P48556","directed","Control(In: ACTIVATION of BiochemicalReaction)"
"UNIPROT","Q13415","UNIPROT","P49720","directed","Control(In: ACTIVATION of BiochemicalReaction)"
"UNIPROT","Q13415","UNIPROT","P49721","directed","Control(In: ACTIVATION of BiochemicalReaction)"
"UNIPROT","Q13415","UNIPROT","P49736","undirected","Binding"
"UNIPROT","Q13415","UNIPROT","P51665","directed","Control(In: ACTIVATION of BiochemicalReaction)"
"UNIPROT","Q13415","UNIPROT","P55036","directed","Control(In: ACTIVATION of BiochemicalReaction)"
"UNIPROT","Q13415","UNIPROT","P60896","directed","Control(In: ACTIVATION of BiochemicalReaction)"
"UNIPROT","Q13415","UNIPROT","P60900","directed","Control(In: ACTIVATION of BiochemicalReaction)"
"UNIPROT","Q13415","UNIPROT","P61289","directed","Control(In: ACTIVATION of BiochemicalReaction)"
"UNIPROT","Q13415","UNIPROT","P62191","directed","Control(In: ACTIVATION of BiochemicalReaction)"
"UNIPROT","Q13415","UNIPROT","P62195","directed","Control(In: ACTIVATION of BiochemicalReaction)"
"UNIPROT","Q13415","UNIPROT","P62333","directed","Control(In: ACTIVATION of BiochemicalReaction)"
"UNIPROT","Q13415","UNIPROT","P62979","directed","Process(BiochemicalReaction)"
"UNIPROT","Q13415","UNIPROT","P62987","directed","Process(BiochemicalReaction)"
"UNIPROT","Q13415","UNIPROT","Q06323","directed","Control(In: ACTIVATION of BiochemicalReaction)"
"UNIPROT","Q13415","UNIPROT","Q13200","directed","Control(In: ACTIVATION of BiochemicalReaction)"
"UNIPROT","Q13415","UNIPROT","Q13416","undirected","Binding"
"UNIPROT","Q13415","UNIPROT","Q14566","undirected","Binding"
"UNIPROT","Q13415","UNIPROT","Q14997","directed","Control(In: ACTIVATION of BiochemicalReaction)"
"UNIPROT","Q13415","UNIPROT","Q15008","directed","Control(In: ACTIVATION of BiochemicalReaction)"
"UNIPROT","Q13415","UNIPROT","Q16401","directed","Control(In: ACTIVATION of BiochemicalReaction)"
"UNIPROT","Q13415","UNIPROT","Q8TAA3","directed","Control(In: ACTIVATION of BiochemicalReaction)"
"UNIPROT","Q13415","UNIPROT","Q92530","directed","Control(In: ACTIVATION of BiochemicalReaction)"
"UNIPROT","Q13415","UNIPROT","Q99436","directed","Control(In: ACTIVATION of BiochemicalReaction)"
"UNIPROT","Q13415","UNIPROT","Q99460","directed","Control(In: ACTIVATION of BiochemicalReaction)"
"UNIPROT","Q13415","UNIPROT","Q99741","undirected","Binding"
"UNIPROT","Q13415","UNIPROT","Q9H211","undirected","Binding"
"UNIPROT","Q13415","UNIPROT","Q9UBD5","undirected","Binding"
"UNIPROT","Q13415","UNIPROT","Q9UJA3","undirected","Binding"
"UNIPROT","Q13415","UNIPROT","Q9UL46","directed","Control(In: ACTIVATION of BiochemicalReaction)"
"UNIPROT","Q13415","UNIPROT","Q9UNM6","directed","Control(In: ACTIVATION of BiochemicalReaction)"
"UNIPROT","Q13416","UNIPROT","O43913","undirected","Binding"
"UNIPROT","Q13416","UNIPROT","O43929","undirected","Binding"
"UNIPROT","Q13416","UNIPROT","P25205","undirected","Binding"
"UNIPROT","Q13416","UNIPROT","P33991","undirected","Binding"
"UNIPROT","Q13416","UNIPROT","P33992","undirected","Binding"
"UNIPROT","Q13416","UNIPROT","P33993","undirected","Binding"
"UNIPROT","Q13416","UNIPROT","P49736","undirected","Binding"
"UNIPROT","Q13416","UNIPROT","Q14566","undirected","Binding"
"UNIPROT","Q13416","UNIPROT","Q99741","undirected","Binding"
"UNIPROT","Q13416","UNIPROT","Q9H211","undirected","Binding"
"UNIPROT","Q13416","UNIPROT","Q9UBD5","undirected","Binding"
"UNIPROT","Q13416","UNIPROT","Q9UJA3","undirected","Binding"
"UNIPROT","Q13616","UNIPROT","P62877","undirected","Binding"
"UNIPROT","Q13616","UNIPROT","P63208","undirected","Binding"
"UNIPROT","Q13616","UNIPROT","Q13309","undirected","Binding"
"UNIPROT","Q13616","UNIPROT","Q13415","directed","Control(Out: ACTIVATION of BiochemicalReaction)"
"UNIPROT","Q14566","UNIPROT","P49736","undirected","Binding"
"UNIPROT","Q14566","UNIPROT","Q9H211","undirected","Binding"
"UNIPROT","Q14997","UNIPROT","A5LHX3","undirected","Binding"
"UNIPROT","Q14997","UNIPROT","P0CG47","directed","Control(Out: ACTIVATION of BiochemicalReaction)"
"UNIPROT","Q14997","UNIPROT","P0CG48","directed","Control(Out: ACTIVATION of BiochemicalReaction)"
"UNIPROT","Q14997","UNIPROT","P62979","directed","Control(Out: ACTIVATION of BiochemicalReaction)"
"UNIPROT","Q14997","UNIPROT","P62987","directed","Control(Out: ACTIVATION of BiochemicalReaction)"
"UNIPROT","Q14997","UNIPROT","Q8TAA3","undirected","Binding"
"UNIPROT","Q15008","UNIPROT","A5LHX3","undirected","Binding"
"UNIPROT","Q15008","UNIPROT","O00231","undirected","Binding"
"UNIPROT","Q15008","UNIPROT","O00233","undirected","Binding"
"UNIPROT","Q15008","UNIPROT","O00487","undirected","Binding"
"UNIPROT","Q15008","UNIPROT","O14818","undirected","Binding"
"UNIPROT","Q15008","UNIPROT","O43242","undirected","Binding"
"UNIPROT","Q15008","UNIPROT","O75832","undirected","Binding"
"UNIPROT","Q15008","UNIPROT","P0CG47","directed","Control(Out: ACTIVATION of BiochemicalReaction)"
"UNIPROT","Q15008","UNIPROT","P0CG48","directed","Control(Out: ACTIVATION of BiochemicalReaction)"
"UNIPROT","Q15008","UNIPROT","P17980","undirected","Binding"
"UNIPROT","Q15008","UNIPROT","P20618","undirected","Binding"
"UNIPROT","Q15008","UNIPROT","P25786","undirected","Binding"
"UNIPROT","Q15008","UNIPROT","P25788","undirected","Binding"
"UNIPROT","Q15008","UNIPROT","P25789","undirected","Binding"
"UNIPROT","Q15008","UNIPROT","P28062","undirected","Binding"
"UNIPROT","Q15008","UNIPROT","P28065","undirected","Binding"
"UNIPROT","Q15008","UNIPROT","P28066","undirected","Binding"
"UNIPROT","Q15008","UNIPROT","P28072","undirected","Binding"
"UNIPROT","Q15008","UNIPROT","P28074","undirected","Binding"
"UNIPROT","Q15008","UNIPROT","P35998","undirected","Binding"
"UNIPROT","Q15008","UNIPROT","P40306","undirected","Binding"
"UNIPROT","Q15008","UNIPROT","P43686","undirected","Binding"
"UNIPROT","Q15008","UNIPROT","P49720","undirected","Binding"
"UNIPROT","Q15008","UNIPROT","P49721","undirected","Binding"
"UNIPROT","Q15008","UNIPROT","P55036","undirected","Binding"
"UNIPROT","Q15008","UNIPROT","P61289","undirected","Binding"
"UNIPROT","Q15008","UNIPROT","P62191","undirected","Binding"
"UNIPROT","Q15008","UNIPROT","P62979","directed","Control(Out: ACTIVATION of BiochemicalReaction)"
"UNIPROT","Q15008","UNIPROT","P62987","directed","Control(Out: ACTIVATION of BiochemicalReaction)"
"UNIPROT","Q15008","UNIPROT","Q06323","undirected","Binding"
"UNIPROT","Q15008","UNIPROT","Q13200","undirected","Binding"
"UNIPROT","Q15008","UNIPROT","Q14997","undirected","Binding"
"UNIPROT","Q15008","UNIPROT","Q16401","undirected","Binding"
"UNIPROT","Q15008","UNIPROT","Q8TAA3","undirected","Binding"
"UNIPROT","Q15008","UNIPROT","Q92530","undirected","Binding"
"UNIPROT","Q15008","UNIPROT","Q9UL46","undirected","Binding"
"UNIPROT","Q15008","UNIPROT","Q9UNM6","undirected","Binding"
"UNIPROT","Q16401","UNIPROT","A5LHX3","undirected","Binding"
"UNIPROT","Q16401","UNIPROT","O14818","undirected","Binding"
"UNIPROT","Q16401","UNIPROT","P0CG47","directed","Control(Out: ACTIVATION of BiochemicalReaction)"
"UNIPROT","Q16401","UNIPROT","P0CG48","directed","Control(Out: ACTIVATION of BiochemicalReaction)"
"UNIPROT","Q16401","UNIPROT","P62979","directed","Control(Out: ACTIVATION of BiochemicalReaction)"
"UNIPROT","Q16401","UNIPROT","P62987","directed","Control(Out: ACTIVATION of BiochemicalReaction)"
"UNIPROT","Q16401","UNIPROT","Q14997","undirected","Binding"
"UNIPROT","Q16401","UNIPROT","Q8TAA3","undirected","Binding"
"UNIPROT","Q8TAA3","UNIPROT","P0CG47","directed","Control(Out: ACTIVATION of BiochemicalReaction)"
"UNIPROT","Q8TAA3","UNIPROT","P0CG48","directed","Control(Out: ACTIVATION of BiochemicalReaction)"
"UNIPROT","Q8TAA3","UNIPROT","P62979","directed","Control(Out: ACTIVATION of BiochemicalReaction)"
"UNIPROT","Q8TAA3","UNIPROT","P62987","directed","Control(Out: ACTIVATION of BiochemicalReaction)"
"UNIPROT","Q92530","UNIPROT","A5LHX3","undirected","Binding"
"UNIPROT","Q92530","UNIPROT","O14818","undirected","Binding"
"UNIPROT","Q92530","UNIPROT","P0CG47","directed","Control(Out: ACTIVATION of BiochemicalReaction)"
"UNIPROT","Q92530","UNIPROT","P0CG48","directed","Control(Out: ACTIVATION of BiochemicalReaction)"
"UNIPROT","Q92530","UNIPROT","P25786","undirected","Binding"
"UNIPROT","Q92530","UNIPROT","P28066","undirected","Binding"
"UNIPROT","Q92530","UNIPROT","P62979","directed","Control(Out: ACTIVATION of BiochemicalReaction)"
"UNIPROT","Q92530","UNIPROT","P62987","directed","Control(Out: ACTIVATION of BiochemicalReaction)"
"UNIPROT","Q92530","UNIPROT","Q14997","undirected","Binding"
"UNIPROT","Q92530","UNIPROT","Q16401","undirected","Binding"
"UNIPROT","Q92530","UNIPROT","Q8TAA3","undirected","Binding"
"UNIPROT","Q92530","UNIPROT","Q9UL46","undirected","Binding"
"UNIPROT","Q99436","UNIPROT","A5LHX3","undirected","Binding"
"UNIPROT","Q99436","UNIPROT","O00231","undirected","Binding"
"UNIPROT","Q99436","UNIPROT","O00233","undirected","Binding"
"UNIPROT","Q99436","UNIPROT","O00487","undirected","Binding"
"UNIPROT","Q99436","UNIPROT","O14818","undirected","Binding"
"UNIPROT","Q99436","UNIPROT","O43242","undirected","Binding"
"UNIPROT","Q99436","UNIPROT","O75832","undirected","Binding"
"UNIPROT","Q99436","UNIPROT","P0CG47","directed","Control(Out: ACTIVATION of BiochemicalReaction)"
"UNIPROT","Q99436","UNIPROT","P0CG48","directed","Control(Out: ACTIVATION of BiochemicalReaction)"
"UNIPROT","Q99436","UNIPROT","P17980","undirected","Binding"
"UNIPROT","Q99436","UNIPROT","P20618","undirected","Binding"
"UNIPROT","Q99436","UNIPROT","P25786","undirected","Binding"
"UNIPROT","Q99436","UNIPROT","P25788","undirected","Binding"
"UNIPROT","Q99436","UNIPROT","P25789","undirected","Binding"
"UNIPROT","Q99436","UNIPROT","P28062","undirected","Binding"
"UNIPROT","Q99436","UNIPROT","P28065","undirected","Binding"
"UNIPROT","Q99436","UNIPROT","P28066","undirected","Binding"
"UNIPROT","Q99436","UNIPROT","P28072","undirected","Binding"
"UNIPROT","Q99436","UNIPROT","P28074","undirected","Binding"
"UNIPROT","Q99436","UNIPROT","P35998","undirected","Binding"
"UNIPROT","Q99436","UNIPROT","P40306","undirected","Binding"
"UNIPROT","Q99436","UNIPROT","P43686","undirected","Binding"
"UNIPROT","Q99436","UNIPROT","P49720","undirected","Binding"
"UNIPROT","Q99436","UNIPROT","P49721","undirected","Binding"
"UNIPROT","Q99436","UNIPROT","P55036","undirected","Binding"
"UNIPROT","Q99436","UNIPROT","P61289","undirected","Binding"
"UNIPROT","Q99436","UNIPROT","P62191","undirected","Binding"
"UNIPROT","Q99436","UNIPROT","P62979","directed","Control(Out: ACTIVATION of BiochemicalReaction)"
"UNIPROT","Q99436","UNIPROT","P62987","directed","Control(Out: ACTIVATION of BiochemicalReaction)"
"UNIPROT","Q99436","UNIPROT","Q06323","undirected","Binding"
"UNIPROT","Q99436","UNIPROT","Q13200","undirected","Binding"
"UNIPROT","Q99436","UNIPROT","Q14997","undirected","Binding"
"UNIPROT","Q99436","UNIPROT","Q15008","undirected","Binding"
"UNIPROT","Q99436","UNIPROT","Q16401","undirected","Binding"
"UNIPROT","Q99436","UNIPROT","Q8TAA3","undirected","Binding"
"UNIPROT","Q99436","UNIPROT","Q92530","undirected","Binding"
"UNIPROT","Q99436","UNIPROT","Q9UL46","undirected","Binding"
"UNIPROT","Q99436","UNIPROT","Q9UNM6","undirected","Binding"
"UNIPROT","Q99460","UNIPROT","A5LHX3","undirected","Binding"
"UNIPROT","Q99460","UNIPROT","O00231","undirected","Binding"
"UNIPROT","Q99460","UNIPROT","O00233","undirected","Binding"
"UNIPROT","Q99460","UNIPROT","O00487","undirected","Binding"
"UNIPROT","Q99460","UNIPROT","O14818","undirected","Binding"
"UNIPROT","Q99460","UNIPROT","O43242","undirected","Binding"
"UNIPROT","Q99460","UNIPROT","O75832","undirected","Binding"
"UNIPROT","Q99460","UNIPROT","P0CG47","directed","Control(Out: ACTIVATION of BiochemicalReaction)"
"UNIPROT","Q99460","UNIPROT","P0CG48","directed","Control(Out: ACTIVATION of BiochemicalReaction)"
"UNIPROT","Q99460","UNIPROT","P17980","undirected","Binding"
"UNIPROT","Q99460","UNIPROT","P20618","undirected","Binding"
"UNIPROT","Q99460","UNIPROT","P25786","undirected","Binding"
"UNIPROT","Q99460","UNIPROT","P25787","undirected","Binding"
"UNIPROT","Q99460","UNIPROT","P25788","undirected","Binding"
"UNIPROT","Q99460","UNIPROT","P25789","undirected","Binding"
"UNIPROT","Q99460","UNIPROT","P28062","undirected","Binding"
"UNIPROT","Q99460","UNIPROT","P28065","undirected","Binding"
"UNIPROT","Q99460","UNIPROT","P28066","undirected","Binding"
"UNIPROT","Q99460","UNIPROT","P28072","undirected","Binding"
"UNIPROT","Q99460","UNIPROT","P28074","undirected","Binding"
"UNIPROT","Q99460","UNIPROT","P35998","undirected","Binding"
"UNIPROT","Q99460","UNIPROT","P40306","undirected","Binding"
"UNIPROT","Q99460","UNIPROT","P43686","undirected","Binding"
"UNIPROT","Q99460","UNIPROT","P49720","undirected","Binding"
"UNIPROT","Q99460","UNIPROT","P49721","undirected","Binding"
"UNIPROT","Q99460","UNIPROT","P55036","undirected","Binding"
"UNIPROT","Q99460","UNIPROT","P60896","undirected","Binding"
"UNIPROT","Q99460","UNIPROT","P61289","undirected","Binding"
"UNIPROT","Q99460","UNIPROT","P62191","undirected","Binding"
"UNIPROT","Q99460","UNIPROT","P62333","undirected","Binding"
"UNIPROT","Q99460","UNIPROT","P62979","directed","Control(Out: ACTIVATION of BiochemicalReaction)"
"UNIPROT","Q99460","UNIPROT","P62987","directed","Control(Out: ACTIVATION of BiochemicalReaction)"
"UNIPROT","Q99460","UNIPROT","Q06323","undirected","Binding"
"UNIPROT","Q99460","UNIPROT","Q13200","undirected","Binding"
"UNIPROT","Q99460","UNIPROT","Q14997","undirected","Binding"
"UNIPROT","Q99460","UNIPROT","Q15008","undirected","Binding"
"UNIPROT","Q99460","UNIPROT","Q16401","undirected","Binding"
"UNIPROT","Q99460","UNIPROT","Q8TAA3","undirected","Binding"
"UNIPROT","Q99460","UNIPROT","Q92530","undirected","Binding"
"UNIPROT","Q99460","UNIPROT","Q99436","undirected","Binding"
"UNIPROT","Q99460","UNIPROT","Q9UL46","undirected","Binding"
"UNIPROT","Q99460","UNIPROT","Q9UNM6","undirected","Binding"
"UNIPROT","Q99741","UNIPROT","P25205","undirected","Binding"
"UNIPROT","Q99741","UNIPROT","P33991","undirected","Binding"
"UNIPROT","Q99741","UNIPROT","P33992","undirected","Binding"
"UNIPROT","Q99741","UNIPROT","P33993","undirected","Binding"
"UNIPROT","Q99741","UNIPROT","P49736","undirected","Binding"
"UNIPROT","Q99741","UNIPROT","Q14566","undirected","Binding"
"UNIPROT","Q99741","UNIPROT","Q9H211","undirected","Binding"
"UNIPROT","Q99741","UNIPROT","Q9UJA3","undirected","Binding"
"UNIPROT","Q9UBD5","UNIPROT","O43913","undirected","Binding"
"UNIPROT","Q9UBD5","UNIPROT","O43929","undirected","Binding"
"UNIPROT","Q9UBD5","UNIPROT","P25205","undirected","Binding"
"UNIPROT","Q9UBD5","UNIPROT","P33991","undirected","Binding"
"UNIPROT","Q9UBD5","UNIPROT","P33992","undirected","Binding"
"UNIPROT","Q9UBD5","UNIPROT","P33993","undirected","Binding"
"UNIPROT","Q9UBD5","UNIPROT","P49736","undirected","Binding"
"UNIPROT","Q9UBD5","UNIPROT","Q14566","undirected","Binding"
"UNIPROT","Q9UBD5","UNIPROT","Q99741","undirected","Binding"
"UNIPROT","Q9UBD5","UNIPROT","Q9H211","undirected","Binding"
"UNIPROT","Q9UBD5","UNIPROT","Q9UJA3","undirected","Binding"
"UNIPROT","Q9UJA3","UNIPROT","P25205","undirected","Binding"
"UNIPROT","Q9UJA3","UNIPROT","P33991","undirected","Binding"
"UNIPROT","Q9UJA3","UNIPROT","P33992","undirected","Binding"
"UNIPROT","Q9UJA3","UNIPROT","P33993","undirected","Binding"
"UNIPROT","Q9UJA3","UNIPROT","P49736","undirected","Binding"
"UNIPROT","Q9UJA3","UNIPROT","Q14566","undirected","Binding"
"UNIPROT","Q9UJA3","UNIPROT","Q9H211","undirected","Binding"
"UNIPROT","Q9UL46","UNIPROT","A5LHX3","undirected","Binding"
"UNIPROT","Q9UL46","UNIPROT","O14818","undirected","Binding"
"UNIPROT","Q9UL46","UNIPROT","P0CG47","directed","Control(Out: ACTIVATION of BiochemicalReaction)"
"UNIPROT","Q9UL46","UNIPROT","P0CG48","directed","Control(Out: ACTIVATION of BiochemicalReaction)"
"UNIPROT","Q9UL46","UNIPROT","P62979","directed","Control(Out: ACTIVATION of BiochemicalReaction)"
"UNIPROT","Q9UL46","UNIPROT","P62987","directed","Control(Out: ACTIVATION of BiochemicalReaction)"
"UNIPROT","Q9UL46","UNIPROT","Q14997","undirected","Binding"
"UNIPROT","Q9UL46","UNIPROT","Q16401","undirected","Binding"
"UNIPROT","Q9UL46","UNIPROT","Q8TAA3","undirected","Binding"
"UNIPROT","Q9UNM6","UNIPROT","A5LHX3","undirected","Binding"
"UNIPROT","Q9UNM6","UNIPROT","O00231","undirected","Binding"
"UNIPROT","Q9UNM6","UNIPROT","O00487","undirected","Binding"
"UNIPROT","Q9UNM6","UNIPROT","O14818","undirected","Binding"
"UNIPROT","Q9UNM6","UNIPROT","O43242","undirected","Binding"
"UNIPROT","Q9UNM6","UNIPROT","O75832","undirected","Binding"
"UNIPROT","Q9UNM6","UNIPROT","P0CG47","directed","Control(Out: ACTIVATION of BiochemicalReaction)"
"UNIPROT","Q9UNM6","UNIPROT","P0CG48","directed","Control(Out: ACTIVATION of BiochemicalReaction)"
"UNIPROT","Q9UNM6","UNIPROT","P17980","undirected","Binding"
"UNIPROT","Q9UNM6","UNIPROT","P20618","undirected","Binding"
"UNIPROT","Q9UNM6","UNIPROT","P25786","undirected","Binding"
"UNIPROT","Q9UNM6","UNIPROT","P25788","undirected","Binding"
"UNIPROT","Q9UNM6","UNIPROT","P25789","undirected","Binding"
"UNIPROT","Q9UNM6","UNIPROT","P28062","undirected","Binding"
"UNIPROT","Q9UNM6","UNIPROT","P28065","undirected","Binding"
"UNIPROT","Q9UNM6","UNIPROT","P28066","undirected","Binding"
"UNIPROT","Q9UNM6","UNIPROT","P28072","undirected","Binding"
"UNIPROT","Q9UNM6","UNIPROT","P35998","undirected","Binding"
"UNIPROT","Q9UNM6","UNIPROT","P40306","undirected","Binding"
"UNIPROT","Q9UNM6","UNIPROT","P43686","undirected","Binding"
"UNIPROT","Q9UNM6","UNIPROT","P49720","undirected","Binding"
"UNIPROT","Q9UNM6","UNIPROT","P49721","undirected","Binding"
"UNIPROT","Q9UNM6","UNIPROT","P55036","undirected","Binding"
"UNIPROT","Q9UNM6","UNIPROT","P61289","undirected","Binding"
"UNIPROT","Q9UNM6","UNIPROT","P62191","undirected","Binding"
"UNIPROT","Q9UNM6","UNIPROT","P62979","directed","Control(Out: ACTIVATION of BiochemicalReaction)"
"UNIPROT","Q9UNM6","UNIPROT","P62987","directed","Control(Out: ACTIVATION of BiochemicalReaction)"
"UNIPROT","Q9UNM6","UNIPROT","Q06323","undirected","Binding"
"UNIPROT","Q9UNM6","UNIPROT","Q13200","undirected","Binding"
"UNIPROT","Q9UNM6","UNIPROT","Q14997","undirected","Binding"
"UNIPROT","Q9UNM6","UNIPROT","Q16401","undirected","Binding"
"UNIPROT","Q9UNM6","UNIPROT","Q8TAA3","undirected","Binding"
"UNIPROT","Q9UNM6","UNIPROT","Q92530","undirected","Binding"
"UNIPROT","Q9UNM6","UNIPROT","Q9UL46","undirected","Binding"
"UNIPROT","Q9Y5N6","UNIPROT","O43913","undirected","Binding"
"UNIPROT","Q9Y5N6","UNIPROT","O43929","undirected","Binding"
"UNIPROT","Q9Y5N6","UNIPROT","P25205","undirected","Binding"
"UNIPROT","Q9Y5N6","UNIPROT","P33991","undirected","Binding"
"UNIPROT","Q9Y5N6","UNIPROT","P33992","undirected","Binding"
"UNIPROT","Q9Y5N6","UNIPROT","P33993","undirected","Binding"
"UNIPROT","Q9Y5N6","UNIPROT","P49736","undirected","Binding"
"UNIPROT","Q9Y5N6","UNIPROT","Q13415","undirected","Binding"
"UNIPROT","Q9Y5N6","UNIPROT","Q13416","undirected","Binding"
"UNIPROT","Q9Y5N6","UNIPROT","Q14566","undirected","Binding"
"UNIPROT","Q9Y5N6","UNIPROT","Q99741","undirected","Binding"
"UNIPROT","Q9Y5N6","UNIPROT","Q9H211","undirected","Binding"
"UNIPROT","Q9Y5N6","UNIPROT","Q9UBD5","undirected","Binding"
"UNIPROT","Q9Y5N6","UNIPROT","Q9UJA3","undirected","Binding"
