"src_type","src","dest_type","dest","direction","type"
"UNIPROT","P09884","UNIPROT","P49642","undirected","Binding"
"UNIPROT","P09884","UNIPROT","P49643","undirected","Binding"
"UNIPROT","P09884","UNIPROT","Q14181","undirected","Binding"
"UNIPROT","P49642","UNIPROT","Q14181","undirected","Binding"
"UNIPROT","P49643","UNIPROT","P49642","undirected","Binding"
"UNIPROT","P49643","UNIPROT","Q14181","undirected","Binding"
"UNIPROT","P56282","UNIPROT","P09884","undirected","Binding"
"UNIPROT","P56282","UNIPROT","P49642","undirected","Binding"
"UNIPROT","P56282","UNIPROT","P49643","undirected","Binding"
"UNIPROT","P56282","UNIPROT","Q14181","undirected","Binding"
"UNIPROT","P56282","UNIPROT","Q9NRF9","undirected","Binding"
"UNIPROT","Q07864","UNIPROT","P09884","undirected","Binding"
"UNIPROT","Q07864","UNIPROT","P49642","undirected","Binding"
"UNIPROT","Q07864","UNIPROT","P49643","undirected","Binding"
"UNIPROT","Q07864","UNIPROT","P56282","undirected","Binding"
"UNIPROT","Q07864","UNIPROT","Q14181","undirected","Binding"
"UNIPROT","Q07864","UNIPROT","Q9NRF9","undirected","Binding"
"UNIPROT","Q9NR33","UNIPROT","P09884","undirected","Binding"
"UNIPROT","Q9NR33","UNIPROT","P49642","undirected","Binding"
"UNIPROT","Q9NR33","UNIPROT","P49643","undirected","Binding"
"UNIPROT","Q9NR33","UNIPROT","P56282","undirected","Binding"
"UNIPROT","Q9NR33","UNIPROT","Q07864","undirected","Binding"
"UNIPROT","Q9NR33","UNIPROT","Q14181","undirected","Binding"
"UNIPROT","Q9NR33","UNIPROT","Q9NRF9","undirected","Binding"
"UNIPROT","Q9NRF9","UNIPROT","P09884","undirected","Binding"
"UNIPROT","Q9NRF9","UNIPROT","P49642","undirected","Binding"
"UNIPROT","Q9NRF9","UNIPROT","P49643","undirected","Binding"
"UNIPROT","Q9NRF9","UNIPROT","Q14181","undirected","Binding"
