"src_type","src","dest_type","dest","direction","type"
"UNIPROT","P00451","UNIPROT","P00740","undirected","Binding"
"UNIPROT","P00451","UNIPROT","P00742","directed","Control(Out: INHIBITION of BiochemicalReaction)"
"UNIPROT","P00451","UNIPROT","P00742","directed","Control(Out: ACTIVATION of BiochemicalReaction)"
"UNIPROT","P00451","UNIPROT","P07225","undirected","Binding"
"UNIPROT","P00488","UNIPROT","P05160","undirected","Binding"
"UNIPROT","P00734","UNIPROT","P00451","directed","Control(Out: INHIBITION of BiochemicalReaction)"
"UNIPROT","P00734","UNIPROT","P00451","directed","Control(Out: INHIBITION of BiochemicalReaction)"
"UNIPROT","P00734","UNIPROT","P00451","directed","Control(Out: ACTIVATION of BiochemicalReaction)"
"UNIPROT","P00734","UNIPROT","P00488","directed","Control(Out: INHIBITION of BiochemicalReaction)"
"UNIPROT","P00734","UNIPROT","P00488","directed","Control(Out: INHIBITION of BiochemicalReaction)"
"UNIPROT","P00734","UNIPROT","P00488","directed","Control(Out: ACTIVATION of BiochemicalReaction)"
"UNIPROT","P00734","UNIPROT","P01008","undirected","Binding"
"UNIPROT","P00734","UNIPROT","P02671","directed","Control(Out: INHIBITION of BiochemicalReaction)"
"UNIPROT","P00734","UNIPROT","P02671","directed","Control(Out: ACTIVATION of BiochemicalReaction)"
"UNIPROT","P00734","UNIPROT","P02675","directed","Control(Out: INHIBITION of BiochemicalReaction)"
"UNIPROT","P00734","UNIPROT","P02675","directed","Control(Out: ACTIVATION of BiochemicalReaction)"
"UNIPROT","P00734","UNIPROT","P02679","directed","Control(Out: INHIBITION of BiochemicalReaction)"
"UNIPROT","P00734","UNIPROT","P02679","directed","Control(Out: ACTIVATION of BiochemicalReaction)"
"UNIPROT","P00734","UNIPROT","P03951","directed","Control(Out: INHIBITION of BiochemicalReaction)"
"UNIPROT","P00734","UNIPROT","P03951","directed","Control(Out: INHIBITION of BiochemicalReaction)"
"UNIPROT","P00734","UNIPROT","P03951","directed","Control(Out: ACTIVATION of BiochemicalReaction)"
"UNIPROT","P00734","UNIPROT","P04070","directed","Control(Out: ACTIVATION of BiochemicalReaction)"
"UNIPROT","P00734","UNIPROT","P04070","directed","Control(Out: ACTIVATION of BiochemicalReaction)"
"UNIPROT","P00734","UNIPROT","P04275","directed","Control(Out: INHIBITION of BiochemicalReaction)"
"UNIPROT","P00734","UNIPROT","P04275","directed","Control(Out: INHIBITION of BiochemicalReaction)"
"UNIPROT","P00734","UNIPROT","P04275","directed","Control(Out: ACTIVATION of BiochemicalReaction)"
"UNIPROT","P00734","UNIPROT","P05160","directed","Control(Out: INHIBITION of BiochemicalReaction)"
"UNIPROT","P00734","UNIPROT","P05160","directed","Control(Out: INHIBITION of BiochemicalReaction)"
"UNIPROT","P00734","UNIPROT","P05160","directed","Control(Out: ACTIVATION of BiochemicalReaction)"
"UNIPROT","P00734","UNIPROT","P05546","undirected","Binding"
"UNIPROT","P00734","UNIPROT","P07359","directed","Control(Out: INHIBITION of BiochemicalReaction)"
"UNIPROT","P00734","UNIPROT","P07359","directed","Control(Out: INHIBITION of BiochemicalReaction)"
"UNIPROT","P00734","UNIPROT","P07359","directed","Control(Out: ACTIVATION of BiochemicalReaction)"
"UNIPROT","P00734","UNIPROT","P12259","directed","Control(Out: INHIBITION of BiochemicalReaction)"
"UNIPROT","P00734","UNIPROT","P12259","directed","Control(Out: INHIBITION of BiochemicalReaction)"
"UNIPROT","P00734","UNIPROT","P12259","directed","Control(Out: ACTIVATION of BiochemicalReaction)"
"UNIPROT","P00734","UNIPROT","P13224","directed","Control(Out: INHIBITION of BiochemicalReaction)"
"UNIPROT","P00734","UNIPROT","P13224","directed","Control(Out: INHIBITION of BiochemicalReaction)"
"UNIPROT","P00734","UNIPROT","P13224","directed","Control(Out: ACTIVATION of BiochemicalReaction)"
"UNIPROT","P00734","UNIPROT","P14770","directed","Control(Out: INHIBITION of BiochemicalReaction)"
"UNIPROT","P00734","UNIPROT","P14770","directed","Control(Out: INHIBITION of BiochemicalReaction)"
"UNIPROT","P00734","UNIPROT","P14770","directed","Control(Out: ACTIVATION of BiochemicalReaction)"
"UNIPROT","P00734","UNIPROT","P40197","directed","Control(Out: INHIBITION of BiochemicalReaction)"
"UNIPROT","P00734","UNIPROT","P40197","directed","Control(Out: INHIBITION of BiochemicalReaction)"
"UNIPROT","P00734","UNIPROT","P40197","directed","Control(Out: ACTIVATION of BiochemicalReaction)"
"UNIPROT","P00734","UNIPROT","Q9UNN8","directed","Control(Out: ACTIVATION of BiochemicalReaction)"
"UNIPROT","P00740","UNIPROT","P00742","directed","Control(Out: INHIBITION of BiochemicalReaction)"
"UNIPROT","P00740","UNIPROT","P00742","directed","Control(Out: ACTIVATION of BiochemicalReaction)"
"UNIPROT","P00740","UNIPROT","P07225","undirected","Binding"
"UNIPROT","P00742","UNIPROT","P00734","directed","Control(Out: INHIBITION of BiochemicalReaction)"
"UNIPROT","P00742","UNIPROT","P00734","directed","Control(Out: ACTIVATION of BiochemicalReaction)"
"UNIPROT","P00742","UNIPROT","P08709","directed","Control(Out: ACTIVATION of BiochemicalReaction)"
"UNIPROT","P00742","UNIPROT","P08709","undirected","Binding"
"UNIPROT","P00742","UNIPROT","P12259","undirected","Binding"
"UNIPROT","P00748","UNIPROT","P01042","directed","Control(In: ACTIVATION of BiochemicalReaction)"
"UNIPROT","P00748","UNIPROT","P03951","directed","Control(Out: ACTIVATION of BiochemicalReaction)"
"UNIPROT","P00748","UNIPROT","P03952","directed","Control(In: ACTIVATION of BiochemicalReaction)"
"UNIPROT","P00748","UNIPROT","P07359","directed","Control(Out: ACTIVATION of BiochemicalReaction)"
"UNIPROT","P00748","UNIPROT","P13224","directed","Control(Out: ACTIVATION of BiochemicalReaction)"
"UNIPROT","P00748","UNIPROT","P14770","directed","Control(Out: ACTIVATION of BiochemicalReaction)"
"UNIPROT","P00748","UNIPROT","P40197","directed","Control(Out: ACTIVATION of BiochemicalReaction)"
"UNIPROT","P00748","UNIPROT","Q07021","directed","Control(In: ACTIVATION of BiochemicalReaction)"
"UNIPROT","P01008","UNIPROT","P00451","directed","Control(Out: INHIBITION of BiochemicalReaction)"
"UNIPROT","P01008","UNIPROT","P00488","directed","Control(Out: INHIBITION of BiochemicalReaction)"
"UNIPROT","P01008","UNIPROT","P02671","directed","Control(Out: INHIBITION of BiochemicalReaction)"
"UNIPROT","P01008","UNIPROT","P02675","directed","Control(Out: INHIBITION of BiochemicalReaction)"
"UNIPROT","P01008","UNIPROT","P02679","directed","Control(Out: INHIBITION of BiochemicalReaction)"
"UNIPROT","P01008","UNIPROT","P03951","directed","Control(Out: INHIBITION of BiochemicalReaction)"
"UNIPROT","P01008","UNIPROT","P04275","directed","Control(Out: INHIBITION of BiochemicalReaction)"
"UNIPROT","P01008","UNIPROT","P05160","directed","Control(Out: INHIBITION of BiochemicalReaction)"
"UNIPROT","P01008","UNIPROT","P07359","directed","Control(Out: INHIBITION of BiochemicalReaction)"
"UNIPROT","P01008","UNIPROT","P12259","directed","Control(Out: INHIBITION of BiochemicalReaction)"
"UNIPROT","P01008","UNIPROT","P13224","directed","Control(Out: INHIBITION of BiochemicalReaction)"
"UNIPROT","P01008","UNIPROT","P14770","directed","Control(Out: INHIBITION of BiochemicalReaction)"
"UNIPROT","P01008","UNIPROT","P40197","directed","Control(Out: INHIBITION of BiochemicalReaction)"
"UNIPROT","P01042","UNIPROT","P00748","directed","Control(Out: ACTIVATION of BiochemicalReaction)"
"UNIPROT","P01042","UNIPROT","P03952","undirected","Binding"
"UNIPROT","P01042","UNIPROT","Q07021","undirected","Binding"
"UNIPROT","P02671","UNIPROT","P00488","directed","Control(Out: ACTIVATION of BiochemicalReaction)"
"UNIPROT","P02671","UNIPROT","P00488","directed","Control(In: ACTIVATION of BiochemicalReaction)"
"UNIPROT","P02671","UNIPROT","P05160","directed","Control(Out: ACTIVATION of BiochemicalReaction)"
"UNIPROT","P02675","UNIPROT","P00488","directed","Control(Out: ACTIVATION of BiochemicalReaction)"
"UNIPROT","P02675","UNIPROT","P00488","directed","Control(In: ACTIVATION of BiochemicalReaction)"
"UNIPROT","P02675","UNIPROT","P02671","undirected","Binding"
"UNIPROT","P02675","UNIPROT","P05160","directed","Control(Out: ACTIVATION of BiochemicalReaction)"
"UNIPROT","P02679","UNIPROT","P00488","directed","Control(Out: ACTIVATION of BiochemicalReaction)"
"UNIPROT","P02679","UNIPROT","P00488","directed","Control(In: ACTIVATION of BiochemicalReaction)"
"UNIPROT","P02679","UNIPROT","P02671","undirected","Binding"
"UNIPROT","P02679","UNIPROT","P02675","undirected","Binding"
"UNIPROT","P02679","UNIPROT","P05160","directed","Control(Out: ACTIVATION of BiochemicalReaction)"
"UNIPROT","P02776","UNIPROT","P04070","directed","Control(Out: ACTIVATION of BiochemicalReaction)"
"UNIPROT","P02776","UNIPROT","P04070","directed","Control(Out: ACTIVATION of BiochemicalReaction)"
"UNIPROT","P02776","UNIPROT","Q9UNN8","directed","Control(Out: ACTIVATION of BiochemicalReaction)"
"UNIPROT","P03951","UNIPROT","P00740","directed","Control(Out: ACTIVATION of BiochemicalReaction)"
"UNIPROT","P03951","UNIPROT","P07359","undirected","Binding"
"UNIPROT","P03951","UNIPROT","P13224","undirected","Binding"
"UNIPROT","P03951","UNIPROT","P14770","undirected","Binding"
"UNIPROT","P03951","UNIPROT","P40197","undirected","Binding"
"UNIPROT","P03952","UNIPROT","P00748","directed","Control(Out: ACTIVATION of BiochemicalReaction)"
"UNIPROT","P03952","UNIPROT","P01023","undirected","Binding"
"UNIPROT","P03952","UNIPROT","P01042","directed","Control(In: ACTIVATION of BiochemicalReaction)"
"UNIPROT","P03952","UNIPROT","Q07021","directed","Control(In: ACTIVATION of BiochemicalReaction)"
"UNIPROT","P04070","UNIPROT","P00451","directed","Control(Out: INHIBITION of BiochemicalReaction)"
"UNIPROT","P04070","UNIPROT","P00451","directed","Control(Out: ACTIVATION of BiochemicalReaction)"
"UNIPROT","P04070","UNIPROT","P00488","directed","Control(Out: INHIBITION of BiochemicalReaction)"
"UNIPROT","P04070","UNIPROT","P02671","directed","Control(Out: INHIBITION of BiochemicalReaction)"
"UNIPROT","P04070","UNIPROT","P02675","directed","Control(Out: INHIBITION of BiochemicalReaction)"
"UNIPROT","P04070","UNIPROT","P02679","directed","Control(Out: INHIBITION of BiochemicalReaction)"
"UNIPROT","P04070","UNIPROT","P03951","directed","Control(Out: INHIBITION of BiochemicalReaction)"
"UNIPROT","P04070","UNIPROT","P04275","directed","Control(Out: INHIBITION of BiochemicalReaction)"
"UNIPROT","P04070","UNIPROT","P05160","directed","Control(Out: INHIBITION of BiochemicalReaction)"
"UNIPROT","P04070","UNIPROT","P07225","undirected","Binding"
"UNIPROT","P04070","UNIPROT","P07359","directed","Control(Out: INHIBITION of BiochemicalReaction)"
"UNIPROT","P04070","UNIPROT","P12259","directed","Control(Out: INHIBITION of BiochemicalReaction)"
"UNIPROT","P04070","UNIPROT","P12259","directed","Control(Out: ACTIVATION of BiochemicalReaction)"
"UNIPROT","P04070","UNIPROT","P13224","directed","Control(Out: INHIBITION of BiochemicalReaction)"
"UNIPROT","P04070","UNIPROT","P14770","directed","Control(Out: INHIBITION of BiochemicalReaction)"
"UNIPROT","P04070","UNIPROT","P40197","directed","Control(Out: INHIBITION of BiochemicalReaction)"
"UNIPROT","P04070","UNIPROT","Q9UNN8","directed","Control(In: INHIBITION of BiochemicalReaction)"
"UNIPROT","P04275","UNIPROT","P00451","undirected","Binding"
"UNIPROT","P05154","UNIPROT","P00451","directed","Control(Out: INHIBITION of BiochemicalReaction)"
"UNIPROT","P05154","UNIPROT","P00488","directed","Control(Out: INHIBITION of BiochemicalReaction)"
"UNIPROT","P05154","UNIPROT","P02671","directed","Control(Out: INHIBITION of BiochemicalReaction)"
"UNIPROT","P05154","UNIPROT","P02675","directed","Control(Out: INHIBITION of BiochemicalReaction)"
"UNIPROT","P05154","UNIPROT","P02679","directed","Control(Out: INHIBITION of BiochemicalReaction)"
"UNIPROT","P05154","UNIPROT","P03951","directed","Control(Out: INHIBITION of BiochemicalReaction)"
"UNIPROT","P05154","UNIPROT","P04070","undirected","Binding"
"UNIPROT","P05154","UNIPROT","P04275","directed","Control(Out: INHIBITION of BiochemicalReaction)"
"UNIPROT","P05154","UNIPROT","P05160","directed","Control(Out: INHIBITION of BiochemicalReaction)"
"UNIPROT","P05154","UNIPROT","P07359","directed","Control(Out: INHIBITION of BiochemicalReaction)"
"UNIPROT","P05154","UNIPROT","P12259","directed","Control(Out: INHIBITION of BiochemicalReaction)"
"UNIPROT","P05154","UNIPROT","P13224","directed","Control(Out: INHIBITION of BiochemicalReaction)"
"UNIPROT","P05154","UNIPROT","P14770","directed","Control(Out: INHIBITION of BiochemicalReaction)"
"UNIPROT","P05154","UNIPROT","P40197","directed","Control(Out: INHIBITION of BiochemicalReaction)"
"UNIPROT","P05155","UNIPROT","P00748","undirected","Binding"
"UNIPROT","P05155","UNIPROT","P03952","undirected","Binding"
"UNIPROT","P05546","UNIPROT","P00451","directed","Control(Out: INHIBITION of BiochemicalReaction)"
"UNIPROT","P05546","UNIPROT","P00488","directed","Control(Out: INHIBITION of BiochemicalReaction)"
"UNIPROT","P05546","UNIPROT","P02671","directed","Control(Out: INHIBITION of BiochemicalReaction)"
"UNIPROT","P05546","UNIPROT","P02675","directed","Control(Out: INHIBITION of BiochemicalReaction)"
"UNIPROT","P05546","UNIPROT","P02679","directed","Control(Out: INHIBITION of BiochemicalReaction)"
"UNIPROT","P05546","UNIPROT","P03951","directed","Control(Out: INHIBITION of BiochemicalReaction)"
"UNIPROT","P05546","UNIPROT","P04275","directed","Control(Out: INHIBITION of BiochemicalReaction)"
"UNIPROT","P05546","UNIPROT","P05160","directed","Control(Out: INHIBITION of BiochemicalReaction)"
"UNIPROT","P05546","UNIPROT","P07359","directed","Control(Out: INHIBITION of BiochemicalReaction)"
"UNIPROT","P05546","UNIPROT","P12259","directed","Control(Out: INHIBITION of BiochemicalReaction)"
"UNIPROT","P05546","UNIPROT","P13224","directed","Control(Out: INHIBITION of BiochemicalReaction)"
"UNIPROT","P05546","UNIPROT","P14770","directed","Control(Out: INHIBITION of BiochemicalReaction)"
"UNIPROT","P05546","UNIPROT","P40197","directed","Control(Out: INHIBITION of BiochemicalReaction)"
"UNIPROT","P07093","UNIPROT","P00451","directed","Control(Out: INHIBITION of BiochemicalReaction)"
"UNIPROT","P07093","UNIPROT","P00488","directed","Control(Out: INHIBITION of BiochemicalReaction)"
"UNIPROT","P07093","UNIPROT","P00734","undirected","Binding"
"UNIPROT","P07093","UNIPROT","P03951","directed","Control(Out: INHIBITION of BiochemicalReaction)"
"UNIPROT","P07093","UNIPROT","P04275","directed","Control(Out: INHIBITION of BiochemicalReaction)"
"UNIPROT","P07093","UNIPROT","P05160","directed","Control(Out: INHIBITION of BiochemicalReaction)"
"UNIPROT","P07093","UNIPROT","P07359","directed","Control(Out: INHIBITION of BiochemicalReaction)"
"UNIPROT","P07093","UNIPROT","P12259","directed","Control(Out: INHIBITION of BiochemicalReaction)"
"UNIPROT","P07093","UNIPROT","P13224","directed","Control(Out: INHIBITION of BiochemicalReaction)"
"UNIPROT","P07093","UNIPROT","P14770","directed","Control(Out: INHIBITION of BiochemicalReaction)"
"UNIPROT","P07093","UNIPROT","P40197","directed","Control(Out: INHIBITION of BiochemicalReaction)"
"UNIPROT","P07204","UNIPROT","P00734","undirected","Binding"
"UNIPROT","P07204","UNIPROT","P04070","directed","Control(Out: ACTIVATION of BiochemicalReaction)"
"UNIPROT","P07204","UNIPROT","P04070","directed","Control(Out: ACTIVATION of BiochemicalReaction)"
"UNIPROT","P07204","UNIPROT","Q9UNN8","directed","Control(Out: ACTIVATION of BiochemicalReaction)"
"UNIPROT","P07225","UNIPROT","P00451","directed","Control(Out: ACTIVATION of BiochemicalReaction)"
"UNIPROT","P07225","UNIPROT","P00742","directed","Control(Out: INHIBITION of BiochemicalReaction)"
"UNIPROT","P07225","UNIPROT","P12259","directed","Control(Out: ACTIVATION of BiochemicalReaction)"
"UNIPROT","P07359","UNIPROT","P00740","directed","Control(Out: ACTIVATION of BiochemicalReaction)"
"UNIPROT","P08709","UNIPROT","P00740","directed","Control(Out: ACTIVATION of BiochemicalReaction)"
"UNIPROT","P08709","UNIPROT","P00742","directed","Control(Out: ACTIVATION of BiochemicalReaction)"
"UNIPROT","P10646","UNIPROT","P00742","undirected","Binding"
"UNIPROT","P10646","UNIPROT","P08709","undirected","Binding"
"UNIPROT","P10646","UNIPROT","P13726","undirected","Binding"
"UNIPROT","P10720","UNIPROT","P04070","directed","Control(Out: ACTIVATION of BiochemicalReaction)"
"UNIPROT","P10720","UNIPROT","P04070","directed","Control(Out: ACTIVATION of BiochemicalReaction)"
"UNIPROT","P10720","UNIPROT","Q9UNN8","directed","Control(Out: ACTIVATION of BiochemicalReaction)"
"UNIPROT","P12259","UNIPROT","P00451","directed","Control(Out: ACTIVATION of BiochemicalReaction)"
"UNIPROT","P12259","UNIPROT","P00734","directed","Control(Out: INHIBITION of BiochemicalReaction)"
"UNIPROT","P12259","UNIPROT","P00734","directed","Control(Out: ACTIVATION of BiochemicalReaction)"
"UNIPROT","P13224","UNIPROT","P00740","directed","Control(Out: ACTIVATION of BiochemicalReaction)"
"UNIPROT","P13224","UNIPROT","P07359","undirected","Binding"
"UNIPROT","P13726","UNIPROT","P00740","directed","Control(Out: ACTIVATION of BiochemicalReaction)"
"UNIPROT","P13726","UNIPROT","P00742","directed","Control(Out: ACTIVATION of BiochemicalReaction)"
"UNIPROT","P13726","UNIPROT","P00742","undirected","Binding"
"UNIPROT","P13726","UNIPROT","P08709","undirected","Binding"
"UNIPROT","P14770","UNIPROT","P00740","directed","Control(Out: ACTIVATION of BiochemicalReaction)"
"UNIPROT","P14770","UNIPROT","P07359","undirected","Binding"
"UNIPROT","P14770","UNIPROT","P13224","undirected","Binding"
"UNIPROT","P14770","UNIPROT","P40197","undirected","Binding"
"UNIPROT","P24158","UNIPROT","Q8N6Q3","undirected","Binding"
"UNIPROT","P25116","UNIPROT","P04070","undirected","Binding"
"UNIPROT","P40197","UNIPROT","P00740","directed","Control(Out: ACTIVATION of BiochemicalReaction)"
"UNIPROT","P40197","UNIPROT","P07359","undirected","Binding"
"UNIPROT","P40197","UNIPROT","P13224","undirected","Binding"
"UNIPROT","P42785","UNIPROT","P01042","directed","Control(Out: ACTIVATION of BiochemicalReaction)"
"UNIPROT","P42785","UNIPROT","P03952","directed","Control(Out: ACTIVATION of BiochemicalReaction)"
"UNIPROT","P42785","UNIPROT","Q07021","directed","Control(Out: ACTIVATION of BiochemicalReaction)"
"UNIPROT","Q07021","UNIPROT","P00748","directed","Control(Out: ACTIVATION of BiochemicalReaction)"
"UNIPROT","Q07021","UNIPROT","P03952","undirected","Binding"
"UNIPROT","Q9UNN8","UNIPROT","P04070","undirected","Binding"
"UNIPROT","Q9UNN8","UNIPROT","P24158","undirected","Binding"
"UNIPROT","Q9UNN8","UNIPROT","P25116","undirected","Binding"
"UNIPROT","Q9UNN8","UNIPROT","Q8N6Q3","undirected","Binding"
