"src_type","src","dest_type","dest","direction","type"
"UNIPROT","P09884","UNIPROT","P12004","undirected","Binding"
"UNIPROT","P09884","UNIPROT","P28340","undirected","Binding"
"UNIPROT","P09884","UNIPROT","P49005","undirected","Binding"
"UNIPROT","P09884","UNIPROT","P49642","undirected","Binding"
"UNIPROT","P09884","UNIPROT","P49643","undirected","Binding"
"UNIPROT","P09884","UNIPROT","P51530","undirected","Binding"
"UNIPROT","P09884","UNIPROT","Q14181","undirected","Binding"
"UNIPROT","P09884","UNIPROT","Q15054","undirected","Binding"
"UNIPROT","P09884","UNIPROT","Q9HCU8","undirected","Binding"
"UNIPROT","P12004","UNIPROT","P28340","undirected","Binding"
"UNIPROT","P12004","UNIPROT","P49005","undirected","Binding"
"UNIPROT","P12004","UNIPROT","P51530","undirected","Binding"
"UNIPROT","P12004","UNIPROT","Q15054","undirected","Binding"
"UNIPROT","P12004","UNIPROT","Q9HCU8","undirected","Binding"
"UNIPROT","P15927","UNIPROT","P09884","undirected","Binding"
"UNIPROT","P15927","UNIPROT","P12004","undirected","Binding"
"UNIPROT","P15927","UNIPROT","P27694","undirected","Binding"
"UNIPROT","P15927","UNIPROT","P28340","undirected","Binding"
"UNIPROT","P15927","UNIPROT","P35244","undirected","Binding"
"UNIPROT","P15927","UNIPROT","P49005","undirected","Binding"
"UNIPROT","P15927","UNIPROT","P49642","undirected","Binding"
"UNIPROT","P15927","UNIPROT","P49643","undirected","Binding"
"UNIPROT","P15927","UNIPROT","P51530","undirected","Binding"
"UNIPROT","P15927","UNIPROT","Q14181","undirected","Binding"
"UNIPROT","P15927","UNIPROT","Q15054","undirected","Binding"
"UNIPROT","P15927","UNIPROT","Q9HCU8","undirected","Binding"
"UNIPROT","P27694","UNIPROT","P09884","undirected","Binding"
"UNIPROT","P27694","UNIPROT","P12004","undirected","Binding"
"UNIPROT","P27694","UNIPROT","P28340","undirected","Binding"
"UNIPROT","P27694","UNIPROT","P35244","undirected","Binding"
"UNIPROT","P27694","UNIPROT","P49005","undirected","Binding"
"UNIPROT","P27694","UNIPROT","P49642","undirected","Binding"
"UNIPROT","P27694","UNIPROT","P49643","undirected","Binding"
"UNIPROT","P27694","UNIPROT","P51530","undirected","Binding"
"UNIPROT","P27694","UNIPROT","Q14181","undirected","Binding"
"UNIPROT","P27694","UNIPROT","Q15054","undirected","Binding"
"UNIPROT","P27694","UNIPROT","Q9HCU8","undirected","Binding"
"UNIPROT","P28340","UNIPROT","P49005","undirected","Binding"
"UNIPROT","P28340","UNIPROT","P51530","undirected","Binding"
"UNIPROT","P28340","UNIPROT","Q9HCU8","undirected","Binding"
"UNIPROT","P35244","UNIPROT","P09884","undirected","Binding"
"UNIPROT","P35244","UNIPROT","P12004","undirected","Binding"
"UNIPROT","P35244","UNIPROT","P28340","undirected","Binding"
"UNIPROT","P35244","UNIPROT","P49005","undirected","Binding"
"UNIPROT","P35244","UNIPROT","P49642","undirected","Binding"
"UNIPROT","P35244","UNIPROT","P49643","undirected","Binding"
"UNIPROT","P35244","UNIPROT","P51530","undirected","Binding"
"UNIPROT","P35244","UNIPROT","Q14181","undirected","Binding"
"UNIPROT","P35244","UNIPROT","Q15054","undirected","Binding"
"UNIPROT","P35244","UNIPROT","Q9HCU8","undirected","Binding"
"UNIPROT","P39748","UNIPROT","P09884","directed","Control(Out: ACTIVATION of BiochemicalReaction)"
"UNIPROT","P39748","UNIPROT","P12004","directed","Control(Out: ACTIVATION of BiochemicalReaction)"
"UNIPROT","P39748","UNIPROT","P28340","directed","Control(Out: ACTIVATION of BiochemicalReaction)"
"UNIPROT","P39748","UNIPROT","P49005","directed","Control(Out: ACTIVATION of BiochemicalReaction)"
"UNIPROT","P39748","UNIPROT","P49642","directed","Control(Out: ACTIVATION of BiochemicalReaction)"
"UNIPROT","P39748","UNIPROT","P49643","directed","Control(Out: ACTIVATION of BiochemicalReaction)"
"UNIPROT","P39748","UNIPROT","Q14181","directed","Control(Out: ACTIVATION of BiochemicalReaction)"
"UNIPROT","P39748","UNIPROT","Q15054","directed","Control(Out: ACTIVATION of BiochemicalReaction)"
"UNIPROT","P39748","UNIPROT","Q9HCU8","directed","Control(Out: ACTIVATION of BiochemicalReaction)"
"UNIPROT","P49005","UNIPROT","P51530","undirected","Binding"
"UNIPROT","P49005","UNIPROT","Q9HCU8","undirected","Binding"
"UNIPROT","P49642","UNIPROT","P12004","undirected","Binding"
"UNIPROT","P49642","UNIPROT","P28340","undirected","Binding"
"UNIPROT","P49642","UNIPROT","P49005","undirected","Binding"
"UNIPROT","P49642","UNIPROT","P51530","undirected","Binding"
"UNIPROT","P49642","UNIPROT","Q14181","undirected","Binding"
"UNIPROT","P49642","UNIPROT","Q15054","undirected","Binding"
"UNIPROT","P49642","UNIPROT","Q9HCU8","undirected","Binding"
"UNIPROT","P49643","UNIPROT","P12004","undirected","Binding"
"UNIPROT","P49643","UNIPROT","P28340","undirected","Binding"
"UNIPROT","P49643","UNIPROT","P49005","undirected","Binding"
"UNIPROT","P49643","UNIPROT","P49642","undirected","Binding"
"UNIPROT","P49643","UNIPROT","P51530","undirected","Binding"
"UNIPROT","P49643","UNIPROT","Q14181","undirected","Binding"
"UNIPROT","P49643","UNIPROT","Q15054","undirected","Binding"
"UNIPROT","P49643","UNIPROT","Q9HCU8","undirected","Binding"
"UNIPROT","Q14181","UNIPROT","P12004","undirected","Binding"
"UNIPROT","Q14181","UNIPROT","P28340","undirected","Binding"
"UNIPROT","Q14181","UNIPROT","P49005","undirected","Binding"
"UNIPROT","Q14181","UNIPROT","P51530","undirected","Binding"
"UNIPROT","Q14181","UNIPROT","Q15054","undirected","Binding"
"UNIPROT","Q14181","UNIPROT","Q9HCU8","undirected","Binding"
"UNIPROT","Q15054","UNIPROT","P28340","undirected","Binding"
"UNIPROT","Q15054","UNIPROT","P49005","undirected","Binding"
"UNIPROT","Q15054","UNIPROT","P51530","undirected","Binding"
"UNIPROT","Q15054","UNIPROT","Q9HCU8","undirected","Binding"
"UNIPROT","Q9HCU8","UNIPROT","P51530","undirected","Binding"
