"src_type","src","dest_type","dest","direction","type"
"UNIPROT","O00762","UNIPROT","O43684","undirected","Binding"
"UNIPROT","O00762","UNIPROT","O60566","undirected","Binding"
"UNIPROT","O00762","UNIPROT","P51668","undirected","Binding"
"UNIPROT","O00762","UNIPROT","P60006","undirected","Binding"
"UNIPROT","O00762","UNIPROT","Q12834","undirected","Binding"
"UNIPROT","O00762","UNIPROT","Q13257","undirected","Binding"
"UNIPROT","O00762","UNIPROT","Q9UJX4","undirected","Binding"
"UNIPROT","O00762","UNIPROT","Q9UJX5","undirected","Binding"
"UNIPROT","O60566","UNIPROT","O43684","undirected","Binding"
"UNIPROT","P30260","UNIPROT","O00762","undirected","Binding"
"UNIPROT","P30260","UNIPROT","O43684","undirected","Binding"
"UNIPROT","P30260","UNIPROT","O60566","undirected","Binding"
"UNIPROT","P30260","UNIPROT","P51668","undirected","Binding"
"UNIPROT","P30260","UNIPROT","P60006","undirected","Binding"
"UNIPROT","P30260","UNIPROT","Q12834","undirected","Binding"
"UNIPROT","P30260","UNIPROT","Q13257","undirected","Binding"
"UNIPROT","P30260","UNIPROT","Q8NHZ8","undirected","Binding"
"UNIPROT","P30260","UNIPROT","Q9UJX2","undirected","Binding"
"UNIPROT","P30260","UNIPROT","Q9UJX3","undirected","Binding"
"UNIPROT","P30260","UNIPROT","Q9UJX4","undirected","Binding"
"UNIPROT","P30260","UNIPROT","Q9UJX5","undirected","Binding"
"UNIPROT","P30260","UNIPROT","Q9UM13","undirected","Binding"
"UNIPROT","P51668","UNIPROT","O43684","undirected","Binding"
"UNIPROT","P51668","UNIPROT","O60566","undirected","Binding"
"UNIPROT","P51668","UNIPROT","P60006","undirected","Binding"
"UNIPROT","P51668","UNIPROT","Q12834","undirected","Binding"
"UNIPROT","P51668","UNIPROT","Q13257","undirected","Binding"
"UNIPROT","P51668","UNIPROT","Q9UJX5","undirected","Binding"
"UNIPROT","P51965","UNIPROT","O00762","undirected","Binding"
"UNIPROT","P51965","UNIPROT","O43684","undirected","Binding"
"UNIPROT","P51965","UNIPROT","O60566","undirected","Binding"
"UNIPROT","P51965","UNIPROT","P30260","undirected","Binding"
"UNIPROT","P51965","UNIPROT","P51668","undirected","Binding"
"UNIPROT","P51965","UNIPROT","P60006","undirected","Binding"
"UNIPROT","P51965","UNIPROT","Q12834","undirected","Binding"
"UNIPROT","P51965","UNIPROT","Q13042","undirected","Binding"
"UNIPROT","P51965","UNIPROT","Q13257","undirected","Binding"
"UNIPROT","P51965","UNIPROT","Q8NHZ8","undirected","Binding"
"UNIPROT","P51965","UNIPROT","Q9H1A4","undirected","Binding"
"UNIPROT","P51965","UNIPROT","Q9UJX2","undirected","Binding"
"UNIPROT","P51965","UNIPROT","Q9UJX3","undirected","Binding"
"UNIPROT","P51965","UNIPROT","Q9UJX4","undirected","Binding"
"UNIPROT","P51965","UNIPROT","Q9UJX5","undirected","Binding"
"UNIPROT","P51965","UNIPROT","Q9UJX6","undirected","Binding"
"UNIPROT","P51965","UNIPROT","Q9UM13","undirected","Binding"
"UNIPROT","P60006","UNIPROT","O43684","undirected","Binding"
"UNIPROT","P60006","UNIPROT","O60566","undirected","Binding"
"UNIPROT","P60006","UNIPROT","Q12834","undirected","Binding"
"UNIPROT","P60006","UNIPROT","Q13257","undirected","Binding"
"UNIPROT","Q12834","UNIPROT","O43684","undirected","Binding"
"UNIPROT","Q12834","UNIPROT","O60566","undirected","Binding"
"UNIPROT","Q12834","UNIPROT","Q13257","undirected","Binding"
"UNIPROT","Q13042","UNIPROT","O00762","undirected","Binding"
"UNIPROT","Q13042","UNIPROT","O43684","undirected","Binding"
"UNIPROT","Q13042","UNIPROT","O60566","undirected","Binding"
"UNIPROT","Q13042","UNIPROT","P30260","undirected","Binding"
"UNIPROT","Q13042","UNIPROT","P51668","undirected","Binding"
"UNIPROT","Q13042","UNIPROT","P60006","undirected","Binding"
"UNIPROT","Q13042","UNIPROT","Q12834","undirected","Binding"
"UNIPROT","Q13042","UNIPROT","Q13257","undirected","Binding"
"UNIPROT","Q13042","UNIPROT","Q8NHZ8","undirected","Binding"
"UNIPROT","Q13042","UNIPROT","Q9H1A4","undirected","Binding"
"UNIPROT","Q13042","UNIPROT","Q9UJX2","undirected","Binding"
"UNIPROT","Q13042","UNIPROT","Q9UJX3","undirected","Binding"
"UNIPROT","Q13042","UNIPROT","Q9UJX4","undirected","Binding"
"UNIPROT","Q13042","UNIPROT","Q9UJX5","undirected","Binding"
"UNIPROT","Q13042","UNIPROT","Q9UJX6","undirected","Binding"
"UNIPROT","Q13042","UNIPROT","Q9UM13","undirected","Binding"
"UNIPROT","Q13257","UNIPROT","O43684","undirected","Binding"
"UNIPROT","Q13257","UNIPROT","O60566","undirected","Binding"
"UNIPROT","Q16763","UNIPROT","O00762","undirected","Binding"
"UNIPROT","Q16763","UNIPROT","O43684","undirected","Binding"
"UNIPROT","Q16763","UNIPROT","O60566","undirected","Binding"
"UNIPROT","Q16763","UNIPROT","P30260","undirected","Binding"
"UNIPROT","Q16763","UNIPROT","P51668","undirected","Binding"
"UNIPROT","Q16763","UNIPROT","P51965","undirected","Binding"
"UNIPROT","Q16763","UNIPROT","P60006","undirected","Binding"
"UNIPROT","Q16763","UNIPROT","Q12834","undirected","Binding"
"UNIPROT","Q16763","UNIPROT","Q13042","undirected","Binding"
"UNIPROT","Q16763","UNIPROT","Q13257","undirected","Binding"
"UNIPROT","Q16763","UNIPROT","Q8NHZ8","undirected","Binding"
"UNIPROT","Q16763","UNIPROT","Q9H1A4","undirected","Binding"
"UNIPROT","Q16763","UNIPROT","Q9NYG5","undirected","Binding"
"UNIPROT","Q16763","UNIPROT","Q9UJX2","undirected","Binding"
"UNIPROT","Q16763","UNIPROT","Q9UJX3","undirected","Binding"
"UNIPROT","Q16763","UNIPROT","Q9UJX4","undirected","Binding"
"UNIPROT","Q16763","UNIPROT","Q9UJX5","undirected","Binding"
"UNIPROT","Q16763","UNIPROT","Q9UJX6","undirected","Binding"
"UNIPROT","Q16763","UNIPROT","Q9UM13","undirected","Binding"
"UNIPROT","Q8NHZ8","UNIPROT","O00762","undirected","Binding"
"UNIPROT","Q8NHZ8","UNIPROT","O43684","undirected","Binding"
"UNIPROT","Q8NHZ8","UNIPROT","O60566","undirected","Binding"
"UNIPROT","Q8NHZ8","UNIPROT","P51668","undirected","Binding"
"UNIPROT","Q8NHZ8","UNIPROT","P60006","undirected","Binding"
"UNIPROT","Q8NHZ8","UNIPROT","Q12834","undirected","Binding"
"UNIPROT","Q8NHZ8","UNIPROT","Q13257","undirected","Binding"
"UNIPROT","Q8NHZ8","UNIPROT","Q9UJX4","undirected","Binding"
"UNIPROT","Q8NHZ8","UNIPROT","Q9UJX5","undirected","Binding"
"UNIPROT","Q96DE5","UNIPROT","O00762","undirected","Binding"
"UNIPROT","Q96DE5","UNIPROT","O43684","undirected","Binding"
"UNIPROT","Q96DE5","UNIPROT","O60566","undirected","Binding"
"UNIPROT","Q96DE5","UNIPROT","P30260","undirected","Binding"
"UNIPROT","Q96DE5","UNIPROT","P51668","undirected","Binding"
"UNIPROT","Q96DE5","UNIPROT","P51965","undirected","Binding"
"UNIPROT","Q96DE5","UNIPROT","P60006","undirected","Binding"
"UNIPROT","Q96DE5","UNIPROT","Q12834","undirected","Binding"
"UNIPROT","Q96DE5","UNIPROT","Q13042","undirected","Binding"
"UNIPROT","Q96DE5","UNIPROT","Q13257","undirected","Binding"
"UNIPROT","Q96DE5","UNIPROT","Q16763","undirected","Binding"
"UNIPROT","Q96DE5","UNIPROT","Q8NHZ8","undirected","Binding"
"UNIPROT","Q96DE5","UNIPROT","Q9H1A4","undirected","Binding"
"UNIPROT","Q96DE5","UNIPROT","Q9NYG5","undirected","Binding"
"UNIPROT","Q96DE5","UNIPROT","Q9UJX2","undirected","Binding"
"UNIPROT","Q96DE5","UNIPROT","Q9UJX3","undirected","Binding"
"UNIPROT","Q96DE5","UNIPROT","Q9UJX4","undirected","Binding"
"UNIPROT","Q96DE5","UNIPROT","Q9UJX5","undirected","Binding"
"UNIPROT","Q96DE5","UNIPROT","Q9UJX6","undirected","Binding"
"UNIPROT","Q96DE5","UNIPROT","Q9UM13","undirected","Binding"
"UNIPROT","Q9H1A4","UNIPROT","O00762","undirected","Binding"
"UNIPROT","Q9H1A4","UNIPROT","O43684","undirected","Binding"
"UNIPROT","Q9H1A4","UNIPROT","O60566","undirected","Binding"
"UNIPROT","Q9H1A4","UNIPROT","P30260","undirected","Binding"
"UNIPROT","Q9H1A4","UNIPROT","P51668","undirected","Binding"
"UNIPROT","Q9H1A4","UNIPROT","P60006","undirected","Binding"
"UNIPROT","Q9H1A4","UNIPROT","Q12834","undirected","Binding"
"UNIPROT","Q9H1A4","UNIPROT","Q13257","undirected","Binding"
"UNIPROT","Q9H1A4","UNIPROT","Q8NHZ8","undirected","Binding"
"UNIPROT","Q9H1A4","UNIPROT","Q9UJX2","undirected","Binding"
"UNIPROT","Q9H1A4","UNIPROT","Q9UJX3","undirected","Binding"
"UNIPROT","Q9H1A4","UNIPROT","Q9UJX4","undirected","Binding"
"UNIPROT","Q9H1A4","UNIPROT","Q9UJX5","undirected","Binding"
"UNIPROT","Q9H1A4","UNIPROT","Q9UM13","undirected","Binding"
"UNIPROT","Q9NYG5","UNIPROT","O00762","undirected","Binding"
"UNIPROT","Q9NYG5","UNIPROT","O43684","undirected","Binding"
"UNIPROT","Q9NYG5","UNIPROT","O60566","undirected","Binding"
"UNIPROT","Q9NYG5","UNIPROT","P30260","undirected","Binding"
"UNIPROT","Q9NYG5","UNIPROT","P51668","undirected","Binding"
"UNIPROT","Q9NYG5","UNIPROT","P51965","undirected","Binding"
"UNIPROT","Q9NYG5","UNIPROT","P60006","undirected","Binding"
"UNIPROT","Q9NYG5","UNIPROT","Q12834","undirected","Binding"
"UNIPROT","Q9NYG5","UNIPROT","Q13042","undirected","Binding"
"UNIPROT","Q9NYG5","UNIPROT","Q13257","undirected","Binding"
"UNIPROT","Q9NYG5","UNIPROT","Q8NHZ8","undirected","Binding"
"UNIPROT","Q9NYG5","UNIPROT","Q9H1A4","undirected","Binding"
"UNIPROT","Q9NYG5","UNIPROT","Q9UJX2","undirected","Binding"
"UNIPROT","Q9NYG5","UNIPROT","Q9UJX3","undirected","Binding"
"UNIPROT","Q9NYG5","UNIPROT","Q9UJX4","undirected","Binding"
"UNIPROT","Q9NYG5","UNIPROT","Q9UJX5","undirected","Binding"
"UNIPROT","Q9NYG5","UNIPROT","Q9UJX6","undirected","Binding"
"UNIPROT","Q9NYG5","UNIPROT","Q9UM13","undirected","Binding"
"UNIPROT","Q9UJX2","UNIPROT","O00762","undirected","Binding"
"UNIPROT","Q9UJX2","UNIPROT","O43684","undirected","Binding"
"UNIPROT","Q9UJX2","UNIPROT","O60566","undirected","Binding"
"UNIPROT","Q9UJX2","UNIPROT","P51668","undirected","Binding"
"UNIPROT","Q9UJX2","UNIPROT","P60006","undirected","Binding"
"UNIPROT","Q9UJX2","UNIPROT","Q12834","undirected","Binding"
"UNIPROT","Q9UJX2","UNIPROT","Q13257","undirected","Binding"
"UNIPROT","Q9UJX2","UNIPROT","Q8NHZ8","undirected","Binding"
"UNIPROT","Q9UJX2","UNIPROT","Q9UJX4","undirected","Binding"
"UNIPROT","Q9UJX2","UNIPROT","Q9UJX5","undirected","Binding"
"UNIPROT","Q9UJX3","UNIPROT","O00762","undirected","Binding"
"UNIPROT","Q9UJX3","UNIPROT","O43684","undirected","Binding"
"UNIPROT","Q9UJX3","UNIPROT","O60566","undirected","Binding"
"UNIPROT","Q9UJX3","UNIPROT","P51668","undirected","Binding"
"UNIPROT","Q9UJX3","UNIPROT","P60006","undirected","Binding"
"UNIPROT","Q9UJX3","UNIPROT","Q12834","undirected","Binding"
"UNIPROT","Q9UJX3","UNIPROT","Q13257","undirected","Binding"
"UNIPROT","Q9UJX3","UNIPROT","Q8NHZ8","undirected","Binding"
"UNIPROT","Q9UJX3","UNIPROT","Q9UJX2","undirected","Binding"
"UNIPROT","Q9UJX3","UNIPROT","Q9UJX4","undirected","Binding"
"UNIPROT","Q9UJX3","UNIPROT","Q9UJX5","undirected","Binding"
"UNIPROT","Q9UJX4","UNIPROT","O43684","undirected","Binding"
"UNIPROT","Q9UJX4","UNIPROT","O60566","undirected","Binding"
"UNIPROT","Q9UJX4","UNIPROT","P51668","undirected","Binding"
"UNIPROT","Q9UJX4","UNIPROT","P60006","undirected","Binding"
"UNIPROT","Q9UJX4","UNIPROT","Q12834","undirected","Binding"
"UNIPROT","Q9UJX4","UNIPROT","Q13257","undirected","Binding"
"UNIPROT","Q9UJX4","UNIPROT","Q9UJX5","undirected","Binding"
"UNIPROT","Q9UJX5","UNIPROT","O43684","undirected","Binding"
"UNIPROT","Q9UJX5","UNIPROT","O60566","undirected","Binding"
"UNIPROT","Q9UJX5","UNIPROT","P60006","undirected","Binding"
"UNIPROT","Q9UJX5","UNIPROT","Q12834","undirected","Binding"
"UNIPROT","Q9UJX5","UNIPROT","Q13257","undirected","Binding"
"UNIPROT","Q9UJX6","UNIPROT","O00762","undirected","Binding"
"UNIPROT","Q9UJX6","UNIPROT","O43684","undirected","Binding"
"UNIPROT","Q9UJX6","UNIPROT","O60566","undirected","Binding"
"UNIPROT","Q9UJX6","UNIPROT","P30260","undirected","Binding"
"UNIPROT","Q9UJX6","UNIPROT","P51668","undirected","Binding"
"UNIPROT","Q9UJX6","UNIPROT","P60006","undirected","Binding"
"UNIPROT","Q9UJX6","UNIPROT","Q12834","undirected","Binding"
"UNIPROT","Q9UJX6","UNIPROT","Q13257","undirected","Binding"
"UNIPROT","Q9UJX6","UNIPROT","Q8NHZ8","undirected","Binding"
"UNIPROT","Q9UJX6","UNIPROT","Q9H1A4","undirected","Binding"
"UNIPROT","Q9UJX6","UNIPROT","Q9UJX2","undirected","Binding"
"UNIPROT","Q9UJX6","UNIPROT","Q9UJX3","undirected","Binding"
"UNIPROT","Q9UJX6","UNIPROT","Q9UJX4","undirected","Binding"
"UNIPROT","Q9UJX6","UNIPROT","Q9UJX5","undirected","Binding"
"UNIPROT","Q9UJX6","UNIPROT","Q9UM13","undirected","Binding"
"UNIPROT","Q9UM13","UNIPROT","O00762","undirected","Binding"
"UNIPROT","Q9UM13","UNIPROT","O43684","undirected","Binding"
"UNIPROT","Q9UM13","UNIPROT","O60566","undirected","Binding"
"UNIPROT","Q9UM13","UNIPROT","P51668","undirected","Binding"
"UNIPROT","Q9UM13","UNIPROT","P60006","undirected","Binding"
"UNIPROT","Q9UM13","UNIPROT","Q12834","undirected","Binding"
"UNIPROT","Q9UM13","UNIPROT","Q13257","undirected","Binding"
"UNIPROT","Q9UM13","UNIPROT","Q8NHZ8","undirected","Binding"
"UNIPROT","Q9UM13","UNIPROT","Q9UJX2","undirected","Binding"
"UNIPROT","Q9UM13","UNIPROT","Q9UJX3","undirected","Binding"
"UNIPROT","Q9UM13","UNIPROT","Q9UJX4","undirected","Binding"
"UNIPROT","Q9UM13","UNIPROT","Q9UJX5","undirected","Binding"
