"src_type","src","dest_type","dest","direction","type"
"UNIPROT","O00716","UNIPROT","P06400","undirected","Binding"
"UNIPROT","O60674","UNIPROT","P11802","directed","Control(Out: ACTIVATION of BiochemicalReaction)"
"UNIPROT","O60674","UNIPROT","P24385","directed","Control(Out: ACTIVATION of BiochemicalReaction)"
"UNIPROT","O60674","UNIPROT","P30279","directed","Control(Out: ACTIVATION of BiochemicalReaction)"
"UNIPROT","O60674","UNIPROT","P30281","directed","Control(Out: ACTIVATION of BiochemicalReaction)"
"UNIPROT","O60674","UNIPROT","P38936","directed","Control(Out: ACTIVATION of BiochemicalReaction)"
"UNIPROT","O60674","UNIPROT","P46527","directed","Control(Out: ACTIVATION of BiochemicalReaction)"
"UNIPROT","O60674","UNIPROT","P49918","directed","Control(Out: ACTIVATION of BiochemicalReaction)"
"UNIPROT","O60674","UNIPROT","Q00534","directed","Control(Out: ACTIVATION of BiochemicalReaction)"
"UNIPROT","O96020","UNIPROT","O00716","directed","Control(Out: INHIBITION of BiochemicalReaction)"
"UNIPROT","O96020","UNIPROT","P06400","directed","Control(Out: INHIBITION of BiochemicalReaction)"
"UNIPROT","O96020","UNIPROT","Q01094","directed","Control(Out: INHIBITION of BiochemicalReaction)"
"UNIPROT","O96020","UNIPROT","Q14186","directed","Control(Out: INHIBITION of BiochemicalReaction)"
"UNIPROT","O96020","UNIPROT","Q14188","directed","Control(Out: INHIBITION of BiochemicalReaction)"
"UNIPROT","O96020","UNIPROT","Q14209","directed","Control(Out: INHIBITION of BiochemicalReaction)"
"UNIPROT","P00519","UNIPROT","P11802","directed","Control(Out: ACTIVATION of BiochemicalReaction)"
"UNIPROT","P00519","UNIPROT","P24385","directed","Control(Out: ACTIVATION of BiochemicalReaction)"
"UNIPROT","P00519","UNIPROT","P30279","directed","Control(Out: ACTIVATION of BiochemicalReaction)"
"UNIPROT","P00519","UNIPROT","P30281","directed","Control(Out: ACTIVATION of BiochemicalReaction)"
"UNIPROT","P00519","UNIPROT","P38936","directed","Control(Out: ACTIVATION of BiochemicalReaction)"
"UNIPROT","P00519","UNIPROT","P46527","directed","Control(Out: ACTIVATION of BiochemicalReaction)"
"UNIPROT","P00519","UNIPROT","P49918","directed","Control(Out: ACTIVATION of BiochemicalReaction)"
"UNIPROT","P00519","UNIPROT","Q00534","directed","Control(Out: ACTIVATION of BiochemicalReaction)"
"UNIPROT","P06400","UNIPROT","Q14209","undirected","Binding"
"UNIPROT","P07948","UNIPROT","P11802","directed","Control(Out: ACTIVATION of BiochemicalReaction)"
"UNIPROT","P07948","UNIPROT","P24385","directed","Control(Out: ACTIVATION of BiochemicalReaction)"
"UNIPROT","P07948","UNIPROT","P30279","directed","Control(Out: ACTIVATION of BiochemicalReaction)"
"UNIPROT","P07948","UNIPROT","P30281","directed","Control(Out: ACTIVATION of BiochemicalReaction)"
"UNIPROT","P07948","UNIPROT","P38936","directed","Control(Out: ACTIVATION of BiochemicalReaction)"
"UNIPROT","P07948","UNIPROT","P46527","directed","Control(Out: ACTIVATION of BiochemicalReaction)"
"UNIPROT","P07948","UNIPROT","P49918","directed","Control(Out: ACTIVATION of BiochemicalReaction)"
"UNIPROT","P07948","UNIPROT","Q00534","directed","Control(Out: ACTIVATION of BiochemicalReaction)"
"UNIPROT","P0CG47","UNIPROT","Q08999","undirected","Binding"
"UNIPROT","P0CG48","UNIPROT","Q08999","undirected","Binding"
"UNIPROT","P11802","UNIPROT","O00716","directed","Control(Out: INHIBITION of BiochemicalReaction)"
"UNIPROT","P11802","UNIPROT","P06400","directed","Control(Out: INHIBITION of BiochemicalReaction)"
"UNIPROT","P11802","UNIPROT","P06400","directed","Control(Out: ACTIVATION of BiochemicalReaction)"
"UNIPROT","P11802","UNIPROT","P24385","directed","Control(Out: INHIBITION of BiochemicalReaction)"
"UNIPROT","P11802","UNIPROT","P24385","undirected","Binding"
"UNIPROT","P11802","UNIPROT","P28749","directed","Control(Out: ACTIVATION of BiochemicalReaction)"
"UNIPROT","P11802","UNIPROT","P30279","directed","Control(Out: INHIBITION of BiochemicalReaction)"
"UNIPROT","P11802","UNIPROT","P30279","undirected","Binding"
"UNIPROT","P11802","UNIPROT","P30281","directed","Control(Out: INHIBITION of BiochemicalReaction)"
"UNIPROT","P11802","UNIPROT","P30281","undirected","Binding"
"UNIPROT","P11802","UNIPROT","P38936","undirected","Binding"
"UNIPROT","P11802","UNIPROT","P42771","undirected","Binding"
"UNIPROT","P11802","UNIPROT","P42773","undirected","Binding"
"UNIPROT","P11802","UNIPROT","P46527","undirected","Binding"
"UNIPROT","P11802","UNIPROT","P49918","undirected","Binding"
"UNIPROT","P11802","UNIPROT","P55273","undirected","Binding"
"UNIPROT","P11802","UNIPROT","Q01094","directed","Control(Out: INHIBITION of BiochemicalReaction)"
"UNIPROT","P11802","UNIPROT","Q08999","directed","Control(Out: ACTIVATION of BiochemicalReaction)"
"UNIPROT","P11802","UNIPROT","Q14186","directed","Control(Out: INHIBITION of BiochemicalReaction)"
"UNIPROT","P11802","UNIPROT","Q14186","directed","Control(Out: ACTIVATION of BiochemicalReaction)"
"UNIPROT","P11802","UNIPROT","Q14188","directed","Control(Out: INHIBITION of BiochemicalReaction)"
"UNIPROT","P11802","UNIPROT","Q14188","directed","Control(Out: ACTIVATION of BiochemicalReaction)"
"UNIPROT","P11802","UNIPROT","Q14209","directed","Control(Out: INHIBITION of BiochemicalReaction)"
"UNIPROT","P11802","UNIPROT","Q15329","directed","Control(Out: ACTIVATION of BiochemicalReaction)"
"UNIPROT","P11802","UNIPROT","Q16254","directed","Control(Out: ACTIVATION of BiochemicalReaction)"
"UNIPROT","P12931","UNIPROT","P11802","directed","Control(Out: ACTIVATION of BiochemicalReaction)"
"UNIPROT","P12931","UNIPROT","P24385","directed","Control(Out: ACTIVATION of BiochemicalReaction)"
"UNIPROT","P12931","UNIPROT","P30279","directed","Control(Out: ACTIVATION of BiochemicalReaction)"
"UNIPROT","P12931","UNIPROT","P30281","directed","Control(Out: ACTIVATION of BiochemicalReaction)"
"UNIPROT","P12931","UNIPROT","P38936","directed","Control(Out: ACTIVATION of BiochemicalReaction)"
"UNIPROT","P12931","UNIPROT","P46527","directed","Control(Out: ACTIVATION of BiochemicalReaction)"
"UNIPROT","P12931","UNIPROT","P49918","directed","Control(Out: ACTIVATION of BiochemicalReaction)"
"UNIPROT","P12931","UNIPROT","Q00534","directed","Control(Out: ACTIVATION of BiochemicalReaction)"
"UNIPROT","P24385","UNIPROT","O00716","directed","Control(Out: INHIBITION of BiochemicalReaction)"
"UNIPROT","P24385","UNIPROT","P06400","directed","Control(Out: INHIBITION of BiochemicalReaction)"
"UNIPROT","P24385","UNIPROT","P06400","directed","Control(Out: ACTIVATION of BiochemicalReaction)"
"UNIPROT","P24385","UNIPROT","P28749","directed","Control(Out: ACTIVATION of BiochemicalReaction)"
"UNIPROT","P24385","UNIPROT","P38936","undirected","Binding"
"UNIPROT","P24385","UNIPROT","P46527","undirected","Binding"
"UNIPROT","P24385","UNIPROT","P49918","undirected","Binding"
"UNIPROT","P24385","UNIPROT","Q00534","undirected","Binding"
"UNIPROT","P24385","UNIPROT","Q01094","directed","Control(Out: INHIBITION of BiochemicalReaction)"
"UNIPROT","P24385","UNIPROT","Q08999","directed","Control(Out: ACTIVATION of BiochemicalReaction)"
"UNIPROT","P24385","UNIPROT","Q14186","directed","Control(Out: INHIBITION of BiochemicalReaction)"
"UNIPROT","P24385","UNIPROT","Q14186","directed","Control(Out: ACTIVATION of BiochemicalReaction)"
"UNIPROT","P24385","UNIPROT","Q14188","directed","Control(Out: INHIBITION of BiochemicalReaction)"
"UNIPROT","P24385","UNIPROT","Q14188","directed","Control(Out: ACTIVATION of BiochemicalReaction)"
"UNIPROT","P24385","UNIPROT","Q14209","directed","Control(Out: INHIBITION of BiochemicalReaction)"
"UNIPROT","P24385","UNIPROT","Q15329","directed","Control(Out: ACTIVATION of BiochemicalReaction)"
"UNIPROT","P24385","UNIPROT","Q16254","directed","Control(Out: ACTIVATION of BiochemicalReaction)"
"UNIPROT","P24864","UNIPROT","O00716","directed","Control(Out: INHIBITION of BiochemicalReaction)"
"UNIPROT","P24864","UNIPROT","P06400","directed","Control(Out: INHIBITION of BiochemicalReaction)"
"UNIPROT","P24864","UNIPROT","Q01094","directed","Control(Out: INHIBITION of BiochemicalReaction)"
"UNIPROT","P24864","UNIPROT","Q14186","directed","Control(Out: INHIBITION of BiochemicalReaction)"
"UNIPROT","P24864","UNIPROT","Q14188","directed","Control(Out: INHIBITION of BiochemicalReaction)"
"UNIPROT","P24864","UNIPROT","Q14209","directed","Control(Out: INHIBITION of BiochemicalReaction)"
"UNIPROT","P24941","UNIPROT","O00716","directed","Control(Out: INHIBITION of BiochemicalReaction)"
"UNIPROT","P24941","UNIPROT","O96020","undirected","Binding"
"UNIPROT","P24941","UNIPROT","P06400","directed","Control(Out: INHIBITION of BiochemicalReaction)"
"UNIPROT","P24941","UNIPROT","P24864","undirected","Binding"
"UNIPROT","P24941","UNIPROT","Q01094","directed","Control(Out: INHIBITION of BiochemicalReaction)"
"UNIPROT","P24941","UNIPROT","Q14186","directed","Control(Out: INHIBITION of BiochemicalReaction)"
"UNIPROT","P24941","UNIPROT","Q14188","directed","Control(Out: INHIBITION of BiochemicalReaction)"
"UNIPROT","P24941","UNIPROT","Q14209","directed","Control(Out: INHIBITION of BiochemicalReaction)"
"UNIPROT","P30153","UNIPROT","P28749","directed","Control(Out: ACTIVATION of BiochemicalReaction)"
"UNIPROT","P30153","UNIPROT","P63151","undirected","Binding"
"UNIPROT","P30153","UNIPROT","Q08999","directed","Control(Out: ACTIVATION of BiochemicalReaction)"
"UNIPROT","P30153","UNIPROT","Q9Y5P8","undirected","Binding"
"UNIPROT","P30154","UNIPROT","P28749","directed","Control(Out: ACTIVATION of BiochemicalReaction)"
"UNIPROT","P30154","UNIPROT","P63151","undirected","Binding"
"UNIPROT","P30154","UNIPROT","Q08999","directed","Control(Out: ACTIVATION of BiochemicalReaction)"
"UNIPROT","P30154","UNIPROT","Q9Y5P8","undirected","Binding"
"UNIPROT","P30279","UNIPROT","O00716","directed","Control(Out: INHIBITION of BiochemicalReaction)"
"UNIPROT","P30279","UNIPROT","P06400","directed","Control(Out: INHIBITION of BiochemicalReaction)"
"UNIPROT","P30279","UNIPROT","P06400","directed","Control(Out: ACTIVATION of BiochemicalReaction)"
"UNIPROT","P30279","UNIPROT","P28749","directed","Control(Out: ACTIVATION of BiochemicalReaction)"
"UNIPROT","P30279","UNIPROT","P49918","undirected","Binding"
"UNIPROT","P30279","UNIPROT","Q00534","undirected","Binding"
"UNIPROT","P30279","UNIPROT","Q01094","directed","Control(Out: INHIBITION of BiochemicalReaction)"
"UNIPROT","P30279","UNIPROT","Q08999","directed","Control(Out: ACTIVATION of BiochemicalReaction)"
"UNIPROT","P30279","UNIPROT","Q14186","directed","Control(Out: INHIBITION of BiochemicalReaction)"
"UNIPROT","P30279","UNIPROT","Q14186","directed","Control(Out: ACTIVATION of BiochemicalReaction)"
"UNIPROT","P30279","UNIPROT","Q14188","directed","Control(Out: INHIBITION of BiochemicalReaction)"
"UNIPROT","P30279","UNIPROT","Q14188","directed","Control(Out: ACTIVATION of BiochemicalReaction)"
"UNIPROT","P30279","UNIPROT","Q14209","directed","Control(Out: INHIBITION of BiochemicalReaction)"
"UNIPROT","P30279","UNIPROT","Q15329","directed","Control(Out: ACTIVATION of BiochemicalReaction)"
"UNIPROT","P30279","UNIPROT","Q16254","directed","Control(Out: ACTIVATION of BiochemicalReaction)"
"UNIPROT","P30281","UNIPROT","O00716","directed","Control(Out: INHIBITION of BiochemicalReaction)"
"UNIPROT","P30281","UNIPROT","P06400","directed","Control(Out: INHIBITION of BiochemicalReaction)"
"UNIPROT","P30281","UNIPROT","P06400","directed","Control(Out: ACTIVATION of BiochemicalReaction)"
"UNIPROT","P30281","UNIPROT","P28749","directed","Control(Out: ACTIVATION of BiochemicalReaction)"
"UNIPROT","P30281","UNIPROT","P38936","undirected","Binding"
"UNIPROT","P30281","UNIPROT","P49918","undirected","Binding"
"UNIPROT","P30281","UNIPROT","Q00534","undirected","Binding"
"UNIPROT","P30281","UNIPROT","Q01094","directed","Control(Out: INHIBITION of BiochemicalReaction)"
"UNIPROT","P30281","UNIPROT","Q08999","directed","Control(Out: ACTIVATION of BiochemicalReaction)"
"UNIPROT","P30281","UNIPROT","Q14186","directed","Control(Out: INHIBITION of BiochemicalReaction)"
"UNIPROT","P30281","UNIPROT","Q14186","directed","Control(Out: ACTIVATION of BiochemicalReaction)"
"UNIPROT","P30281","UNIPROT","Q14188","directed","Control(Out: INHIBITION of BiochemicalReaction)"
"UNIPROT","P30281","UNIPROT","Q14188","directed","Control(Out: ACTIVATION of BiochemicalReaction)"
"UNIPROT","P30281","UNIPROT","Q14209","directed","Control(Out: INHIBITION of BiochemicalReaction)"
"UNIPROT","P30281","UNIPROT","Q15329","directed","Control(Out: ACTIVATION of BiochemicalReaction)"
"UNIPROT","P30281","UNIPROT","Q16254","directed","Control(Out: ACTIVATION of BiochemicalReaction)"
"UNIPROT","P38936","UNIPROT","O00716","directed","Control(Out: INHIBITION of BiochemicalReaction)"
"UNIPROT","P38936","UNIPROT","P06400","directed","Control(Out: INHIBITION of BiochemicalReaction)"
"UNIPROT","P38936","UNIPROT","P06400","directed","Control(Out: ACTIVATION of BiochemicalReaction)"
"UNIPROT","P38936","UNIPROT","P28749","directed","Control(Out: ACTIVATION of BiochemicalReaction)"
"UNIPROT","P38936","UNIPROT","P30279","undirected","Binding"
"UNIPROT","P38936","UNIPROT","Q00534","undirected","Binding"
"UNIPROT","P38936","UNIPROT","Q01094","directed","Control(Out: INHIBITION of BiochemicalReaction)"
"UNIPROT","P38936","UNIPROT","Q08999","directed","Control(Out: ACTIVATION of BiochemicalReaction)"
"UNIPROT","P38936","UNIPROT","Q14186","directed","Control(Out: INHIBITION of BiochemicalReaction)"
"UNIPROT","P38936","UNIPROT","Q14186","directed","Control(Out: ACTIVATION of BiochemicalReaction)"
"UNIPROT","P38936","UNIPROT","Q14188","directed","Control(Out: INHIBITION of BiochemicalReaction)"
"UNIPROT","P38936","UNIPROT","Q14188","directed","Control(Out: ACTIVATION of BiochemicalReaction)"
"UNIPROT","P38936","UNIPROT","Q14209","directed","Control(Out: INHIBITION of BiochemicalReaction)"
"UNIPROT","P38936","UNIPROT","Q15329","directed","Control(Out: ACTIVATION of BiochemicalReaction)"
"UNIPROT","P38936","UNIPROT","Q16254","directed","Control(Out: ACTIVATION of BiochemicalReaction)"
"UNIPROT","P42771","UNIPROT","P11802","directed","Control(Out: INHIBITION of BiochemicalReaction)"
"UNIPROT","P42771","UNIPROT","P24385","directed","Control(Out: INHIBITION of BiochemicalReaction)"
"UNIPROT","P42771","UNIPROT","P30279","directed","Control(Out: INHIBITION of BiochemicalReaction)"
"UNIPROT","P42771","UNIPROT","P30281","directed","Control(Out: INHIBITION of BiochemicalReaction)"
"UNIPROT","P42771","UNIPROT","Q00534","directed","Control(Out: INHIBITION of BiochemicalReaction)"
"UNIPROT","P42772","UNIPROT","P11802","directed","Control(Out: INHIBITION of BiochemicalReaction)"
"UNIPROT","P42772","UNIPROT","P11802","undirected","Binding"
"UNIPROT","P42772","UNIPROT","P24385","directed","Control(Out: INHIBITION of BiochemicalReaction)"
"UNIPROT","P42772","UNIPROT","P30279","directed","Control(Out: INHIBITION of BiochemicalReaction)"
"UNIPROT","P42772","UNIPROT","P30281","directed","Control(Out: INHIBITION of BiochemicalReaction)"
"UNIPROT","P42772","UNIPROT","Q00534","directed","Control(Out: INHIBITION of BiochemicalReaction)"
"UNIPROT","P42772","UNIPROT","Q00534","undirected","Binding"
"UNIPROT","P42773","UNIPROT","P11802","directed","Control(Out: INHIBITION of BiochemicalReaction)"
"UNIPROT","P42773","UNIPROT","P24385","directed","Control(Out: INHIBITION of BiochemicalReaction)"
"UNIPROT","P42773","UNIPROT","P30279","directed","Control(Out: INHIBITION of BiochemicalReaction)"
"UNIPROT","P42773","UNIPROT","P30281","directed","Control(Out: INHIBITION of BiochemicalReaction)"
"UNIPROT","P42773","UNIPROT","Q00534","directed","Control(Out: INHIBITION of BiochemicalReaction)"
"UNIPROT","P46527","UNIPROT","O00716","directed","Control(Out: INHIBITION of BiochemicalReaction)"
"UNIPROT","P46527","UNIPROT","P06400","directed","Control(Out: INHIBITION of BiochemicalReaction)"
"UNIPROT","P46527","UNIPROT","P06400","directed","Control(Out: ACTIVATION of BiochemicalReaction)"
"UNIPROT","P46527","UNIPROT","P28749","directed","Control(Out: ACTIVATION of BiochemicalReaction)"
"UNIPROT","P46527","UNIPROT","P30279","undirected","Binding"
"UNIPROT","P46527","UNIPROT","P30281","undirected","Binding"
"UNIPROT","P46527","UNIPROT","Q00534","undirected","Binding"
"UNIPROT","P46527","UNIPROT","Q01094","directed","Control(Out: INHIBITION of BiochemicalReaction)"
"UNIPROT","P46527","UNIPROT","Q08999","directed","Control(Out: ACTIVATION of BiochemicalReaction)"
"UNIPROT","P46527","UNIPROT","Q14186","directed","Control(Out: INHIBITION of BiochemicalReaction)"
"UNIPROT","P46527","UNIPROT","Q14186","directed","Control(Out: ACTIVATION of BiochemicalReaction)"
"UNIPROT","P46527","UNIPROT","Q14188","directed","Control(Out: INHIBITION of BiochemicalReaction)"
"UNIPROT","P46527","UNIPROT","Q14188","directed","Control(Out: ACTIVATION of BiochemicalReaction)"
"UNIPROT","P46527","UNIPROT","Q14209","directed","Control(Out: INHIBITION of BiochemicalReaction)"
"UNIPROT","P46527","UNIPROT","Q15329","directed","Control(Out: ACTIVATION of BiochemicalReaction)"
"UNIPROT","P46527","UNIPROT","Q16254","directed","Control(Out: ACTIVATION of BiochemicalReaction)"
"UNIPROT","P49918","UNIPROT","O00716","directed","Control(Out: INHIBITION of BiochemicalReaction)"
"UNIPROT","P49918","UNIPROT","P06400","directed","Control(Out: INHIBITION of BiochemicalReaction)"
"UNIPROT","P49918","UNIPROT","P06400","directed","Control(Out: ACTIVATION of BiochemicalReaction)"
"UNIPROT","P49918","UNIPROT","P28749","directed","Control(Out: ACTIVATION of BiochemicalReaction)"
"UNIPROT","P49918","UNIPROT","Q01094","directed","Control(Out: INHIBITION of BiochemicalReaction)"
"UNIPROT","P49918","UNIPROT","Q08999","directed","Control(Out: ACTIVATION of BiochemicalReaction)"
"UNIPROT","P49918","UNIPROT","Q14186","directed","Control(Out: INHIBITION of BiochemicalReaction)"
"UNIPROT","P49918","UNIPROT","Q14186","directed","Control(Out: ACTIVATION of BiochemicalReaction)"
"UNIPROT","P49918","UNIPROT","Q14188","directed","Control(Out: INHIBITION of BiochemicalReaction)"
"UNIPROT","P49918","UNIPROT","Q14188","directed","Control(Out: ACTIVATION of BiochemicalReaction)"
"UNIPROT","P49918","UNIPROT","Q14209","directed","Control(Out: INHIBITION of BiochemicalReaction)"
"UNIPROT","P49918","UNIPROT","Q15329","directed","Control(Out: ACTIVATION of BiochemicalReaction)"
"UNIPROT","P49918","UNIPROT","Q16254","directed","Control(Out: ACTIVATION of BiochemicalReaction)"
"UNIPROT","P50613","UNIPROT","P11802","directed","Control(Out: ACTIVATION of BiochemicalReaction)"
"UNIPROT","P50613","UNIPROT","P24385","directed","Control(Out: ACTIVATION of BiochemicalReaction)"
"UNIPROT","P50613","UNIPROT","P30279","directed","Control(Out: ACTIVATION of BiochemicalReaction)"
"UNIPROT","P50613","UNIPROT","P30281","directed","Control(Out: ACTIVATION of BiochemicalReaction)"
"UNIPROT","P50613","UNIPROT","P38936","directed","Control(Out: ACTIVATION of BiochemicalReaction)"
"UNIPROT","P50613","UNIPROT","P46527","directed","Control(Out: ACTIVATION of BiochemicalReaction)"
"UNIPROT","P50613","UNIPROT","P49918","directed","Control(Out: ACTIVATION of BiochemicalReaction)"
"UNIPROT","P50613","UNIPROT","P51948","undirected","Binding"
"UNIPROT","P50613","UNIPROT","Q00534","directed","Control(Out: ACTIVATION of BiochemicalReaction)"
"UNIPROT","P51946","UNIPROT","P11802","directed","Control(Out: ACTIVATION of BiochemicalReaction)"
"UNIPROT","P51946","UNIPROT","P24385","directed","Control(Out: ACTIVATION of BiochemicalReaction)"
"UNIPROT","P51946","UNIPROT","P30279","directed","Control(Out: ACTIVATION of BiochemicalReaction)"
"UNIPROT","P51946","UNIPROT","P30281","directed","Control(Out: ACTIVATION of BiochemicalReaction)"
"UNIPROT","P51946","UNIPROT","P38936","directed","Control(Out: ACTIVATION of BiochemicalReaction)"
"UNIPROT","P51946","UNIPROT","P46527","directed","Control(Out: ACTIVATION of BiochemicalReaction)"
"UNIPROT","P51946","UNIPROT","P49918","directed","Control(Out: ACTIVATION of BiochemicalReaction)"
"UNIPROT","P51946","UNIPROT","P50613","undirected","Binding"
"UNIPROT","P51946","UNIPROT","P51948","undirected","Binding"
"UNIPROT","P51946","UNIPROT","Q00534","directed","Control(Out: ACTIVATION of BiochemicalReaction)"
"UNIPROT","P51948","UNIPROT","P11802","directed","Control(Out: ACTIVATION of BiochemicalReaction)"
"UNIPROT","P51948","UNIPROT","P24385","directed","Control(Out: ACTIVATION of BiochemicalReaction)"
"UNIPROT","P51948","UNIPROT","P30279","directed","Control(Out: ACTIVATION of BiochemicalReaction)"
"UNIPROT","P51948","UNIPROT","P30281","directed","Control(Out: ACTIVATION of BiochemicalReaction)"
"UNIPROT","P51948","UNIPROT","P38936","directed","Control(Out: ACTIVATION of BiochemicalReaction)"
"UNIPROT","P51948","UNIPROT","P46527","directed","Control(Out: ACTIVATION of BiochemicalReaction)"
"UNIPROT","P51948","UNIPROT","P49918","directed","Control(Out: ACTIVATION of BiochemicalReaction)"
"UNIPROT","P51948","UNIPROT","Q00534","directed","Control(Out: ACTIVATION of BiochemicalReaction)"
"UNIPROT","P55273","UNIPROT","P11802","directed","Control(Out: INHIBITION of BiochemicalReaction)"
"UNIPROT","P55273","UNIPROT","P24385","directed","Control(Out: INHIBITION of BiochemicalReaction)"
"UNIPROT","P55273","UNIPROT","P30279","directed","Control(Out: INHIBITION of BiochemicalReaction)"
"UNIPROT","P55273","UNIPROT","P30281","directed","Control(Out: INHIBITION of BiochemicalReaction)"
"UNIPROT","P55273","UNIPROT","Q00534","directed","Control(Out: INHIBITION of BiochemicalReaction)"
"UNIPROT","P61024","UNIPROT","P0CG47","directed","Control(Out: ACTIVATION of BiochemicalReaction)"
"UNIPROT","P61024","UNIPROT","P0CG48","directed","Control(Out: ACTIVATION of BiochemicalReaction)"
"UNIPROT","P61024","UNIPROT","P62979","directed","Control(Out: ACTIVATION of BiochemicalReaction)"
"UNIPROT","P61024","UNIPROT","P62987","directed","Control(Out: ACTIVATION of BiochemicalReaction)"
"UNIPROT","P62714","UNIPROT","P28749","directed","Control(Out: ACTIVATION of BiochemicalReaction)"
"UNIPROT","P62714","UNIPROT","P30153","undirected","Binding"
"UNIPROT","P62714","UNIPROT","P30154","undirected","Binding"
"UNIPROT","P62714","UNIPROT","P63151","undirected","Binding"
"UNIPROT","P62714","UNIPROT","Q08999","directed","Control(Out: ACTIVATION of BiochemicalReaction)"
"UNIPROT","P62714","UNIPROT","Q9Y5P8","undirected","Binding"
"UNIPROT","P62979","UNIPROT","Q08999","undirected","Binding"
"UNIPROT","P62987","UNIPROT","Q08999","undirected","Binding"
"UNIPROT","P63151","UNIPROT","P28749","directed","Control(Out: ACTIVATION of BiochemicalReaction)"
"UNIPROT","P63151","UNIPROT","Q08999","directed","Control(Out: ACTIVATION of BiochemicalReaction)"
"UNIPROT","P63208","UNIPROT","P0CG47","directed","Control(Out: ACTIVATION of BiochemicalReaction)"
"UNIPROT","P63208","UNIPROT","P0CG48","directed","Control(Out: ACTIVATION of BiochemicalReaction)"
"UNIPROT","P63208","UNIPROT","P61024","undirected","Binding"
"UNIPROT","P63208","UNIPROT","P62979","directed","Control(Out: ACTIVATION of BiochemicalReaction)"
"UNIPROT","P63208","UNIPROT","P62987","directed","Control(Out: ACTIVATION of BiochemicalReaction)"
"UNIPROT","P63208","UNIPROT","Q08999","undirected","Binding"
"UNIPROT","P67775","UNIPROT","P28749","directed","Control(Out: ACTIVATION of BiochemicalReaction)"
"UNIPROT","P67775","UNIPROT","P30153","undirected","Binding"
"UNIPROT","P67775","UNIPROT","P30154","undirected","Binding"
"UNIPROT","P67775","UNIPROT","P63151","undirected","Binding"
"UNIPROT","P67775","UNIPROT","Q08999","directed","Control(Out: ACTIVATION of BiochemicalReaction)"
"UNIPROT","P67775","UNIPROT","Q9Y5P8","undirected","Binding"
"UNIPROT","Q00534","UNIPROT","O00716","directed","Control(Out: INHIBITION of BiochemicalReaction)"
"UNIPROT","Q00534","UNIPROT","P06400","directed","Control(Out: INHIBITION of BiochemicalReaction)"
"UNIPROT","Q00534","UNIPROT","P06400","directed","Control(Out: ACTIVATION of BiochemicalReaction)"
"UNIPROT","Q00534","UNIPROT","P24385","directed","Control(Out: INHIBITION of BiochemicalReaction)"
"UNIPROT","Q00534","UNIPROT","P28749","directed","Control(Out: ACTIVATION of BiochemicalReaction)"
"UNIPROT","Q00534","UNIPROT","P30279","directed","Control(Out: INHIBITION of BiochemicalReaction)"
"UNIPROT","Q00534","UNIPROT","P30281","directed","Control(Out: INHIBITION of BiochemicalReaction)"
"UNIPROT","Q00534","UNIPROT","P42771","undirected","Binding"
"UNIPROT","Q00534","UNIPROT","P42773","undirected","Binding"
"UNIPROT","Q00534","UNIPROT","P49918","undirected","Binding"
"UNIPROT","Q00534","UNIPROT","P55273","undirected","Binding"
"UNIPROT","Q00534","UNIPROT","Q01094","directed","Control(Out: INHIBITION of BiochemicalReaction)"
"UNIPROT","Q00534","UNIPROT","Q08999","directed","Control(Out: ACTIVATION of BiochemicalReaction)"
"UNIPROT","Q00534","UNIPROT","Q14186","directed","Control(Out: INHIBITION of BiochemicalReaction)"
"UNIPROT","Q00534","UNIPROT","Q14186","directed","Control(Out: ACTIVATION of BiochemicalReaction)"
"UNIPROT","Q00534","UNIPROT","Q14188","directed","Control(Out: INHIBITION of BiochemicalReaction)"
"UNIPROT","Q00534","UNIPROT","Q14188","directed","Control(Out: ACTIVATION of BiochemicalReaction)"
"UNIPROT","Q00534","UNIPROT","Q14209","directed","Control(Out: INHIBITION of BiochemicalReaction)"
"UNIPROT","Q00534","UNIPROT","Q15329","directed","Control(Out: ACTIVATION of BiochemicalReaction)"
"UNIPROT","Q00534","UNIPROT","Q16254","directed","Control(Out: ACTIVATION of BiochemicalReaction)"
"UNIPROT","Q01094","UNIPROT","P06400","undirected","Binding"
"UNIPROT","Q08999","UNIPROT","P0CG47","directed","Control(Out: ACTIVATION of BiochemicalReaction)"
"UNIPROT","Q08999","UNIPROT","P0CG48","directed","Control(Out: ACTIVATION of BiochemicalReaction)"
"UNIPROT","Q08999","UNIPROT","P61024","undirected","Binding"
"UNIPROT","Q08999","UNIPROT","P62979","directed","Control(Out: ACTIVATION of BiochemicalReaction)"
"UNIPROT","Q08999","UNIPROT","P62987","directed","Control(Out: ACTIVATION of BiochemicalReaction)"
"UNIPROT","Q13309","UNIPROT","P0CG47","directed","Control(Out: ACTIVATION of BiochemicalReaction)"
"UNIPROT","Q13309","UNIPROT","P0CG48","directed","Control(Out: ACTIVATION of BiochemicalReaction)"
"UNIPROT","Q13309","UNIPROT","P61024","undirected","Binding"
"UNIPROT","Q13309","UNIPROT","P62979","directed","Control(Out: ACTIVATION of BiochemicalReaction)"
"UNIPROT","Q13309","UNIPROT","P62987","directed","Control(Out: ACTIVATION of BiochemicalReaction)"
"UNIPROT","Q13309","UNIPROT","P63208","undirected","Binding"
"UNIPROT","Q13309","UNIPROT","Q08999","undirected","Binding"
"UNIPROT","Q13616","UNIPROT","P0CG47","directed","Control(Out: ACTIVATION of BiochemicalReaction)"
"UNIPROT","Q13616","UNIPROT","P0CG48","directed","Control(Out: ACTIVATION of BiochemicalReaction)"
"UNIPROT","Q13616","UNIPROT","P61024","undirected","Binding"
"UNIPROT","Q13616","UNIPROT","P62979","directed","Control(Out: ACTIVATION of BiochemicalReaction)"
"UNIPROT","Q13616","UNIPROT","P62987","directed","Control(Out: ACTIVATION of BiochemicalReaction)"
"UNIPROT","Q13616","UNIPROT","P63208","undirected","Binding"
"UNIPROT","Q13616","UNIPROT","Q08999","undirected","Binding"
"UNIPROT","Q13616","UNIPROT","Q13309","undirected","Binding"
"UNIPROT","Q13882","UNIPROT","P11802","directed","Control(Out: ACTIVATION of BiochemicalReaction)"
"UNIPROT","Q13882","UNIPROT","P24385","directed","Control(Out: ACTIVATION of BiochemicalReaction)"
"UNIPROT","Q13882","UNIPROT","P30279","directed","Control(Out: ACTIVATION of BiochemicalReaction)"
"UNIPROT","Q13882","UNIPROT","P30281","directed","Control(Out: ACTIVATION of BiochemicalReaction)"
"UNIPROT","Q13882","UNIPROT","P38936","directed","Control(Out: ACTIVATION of BiochemicalReaction)"
"UNIPROT","Q13882","UNIPROT","P46527","directed","Control(Out: ACTIVATION of BiochemicalReaction)"
"UNIPROT","Q13882","UNIPROT","P49918","directed","Control(Out: ACTIVATION of BiochemicalReaction)"
"UNIPROT","Q13882","UNIPROT","Q00534","directed","Control(Out: ACTIVATION of BiochemicalReaction)"
"UNIPROT","Q14186","UNIPROT","O00716","undirected","Binding"
"UNIPROT","Q14186","UNIPROT","P06400","undirected","Binding"
"UNIPROT","Q14186","UNIPROT","P28749","undirected","Binding"
"UNIPROT","Q14186","UNIPROT","Q01094","undirected","Binding"
"UNIPROT","Q14186","UNIPROT","Q08999","undirected","Binding"
"UNIPROT","Q14186","UNIPROT","Q14209","undirected","Binding"
"UNIPROT","Q14186","UNIPROT","Q15329","undirected","Binding"
"UNIPROT","Q14186","UNIPROT","Q16254","undirected","Binding"
"UNIPROT","Q14188","UNIPROT","O00716","undirected","Binding"
"UNIPROT","Q14188","UNIPROT","P06400","undirected","Binding"
"UNIPROT","Q14188","UNIPROT","P28749","undirected","Binding"
"UNIPROT","Q14188","UNIPROT","Q01094","undirected","Binding"
"UNIPROT","Q14188","UNIPROT","Q08999","undirected","Binding"
"UNIPROT","Q14188","UNIPROT","Q14209","undirected","Binding"
"UNIPROT","Q14188","UNIPROT","Q15329","undirected","Binding"
"UNIPROT","Q14188","UNIPROT","Q16254","undirected","Binding"
"UNIPROT","Q15329","UNIPROT","Q08999","undirected","Binding"
"UNIPROT","Q16254","UNIPROT","P28749","undirected","Binding"
"UNIPROT","Q16254","UNIPROT","Q08999","undirected","Binding"
"UNIPROT","Q9Y5P8","UNIPROT","P28749","directed","Control(Out: ACTIVATION of BiochemicalReaction)"
"UNIPROT","Q9Y5P8","UNIPROT","Q08999","directed","Control(Out: ACTIVATION of BiochemicalReaction)"
