"src_type","src","dest_type","dest","direction","type"
"UNIPROT","O14980","UNIPROT","P06493","directed","Control(Out: ACTIVATION of BiochemicalReaction)"
"UNIPROT","O14980","UNIPROT","P14635","directed","Control(Out: ACTIVATION of BiochemicalReaction)"
"UNIPROT","P06493","UNIPROT","O14980","directed","Control(In: ACTIVATION of BiochemicalReaction)"
"UNIPROT","P06493","UNIPROT","O95067","undirected","Binding"
"UNIPROT","P06493","UNIPROT","P14635","undirected","Binding"
"UNIPROT","P06493","UNIPROT","Q08050","directed","Control(Out: ACTIVATION of BiochemicalReaction)"
"UNIPROT","P14635","UNIPROT","O14980","directed","Control(In: ACTIVATION of BiochemicalReaction)"
"UNIPROT","P14635","UNIPROT","Q08050","directed","Control(Out: ACTIVATION of BiochemicalReaction)"
"UNIPROT","P20248","UNIPROT","P06493","undirected","Binding"
"UNIPROT","P20248","UNIPROT","Q08050","directed","Control(Out: ACTIVATION of BiochemicalReaction)"
"UNIPROT","P24941","UNIPROT","P20248","undirected","Binding"
"UNIPROT","P24941","UNIPROT","P78396","undirected","Binding"
"UNIPROT","P24941","UNIPROT","Q08050","directed","Control(Out: ACTIVATION of BiochemicalReaction)"
"UNIPROT","P30153","UNIPROT","P63151","undirected","Binding"
"UNIPROT","P30153","UNIPROT","Q08050","directed","Control(Out: ACTIVATION of BiochemicalReaction)"
"UNIPROT","P30153","UNIPROT","Q9Y5P8","undirected","Binding"
"UNIPROT","P30154","UNIPROT","P63151","undirected","Binding"
"UNIPROT","P30154","UNIPROT","Q08050","directed","Control(Out: ACTIVATION of BiochemicalReaction)"
"UNIPROT","P30154","UNIPROT","Q9Y5P8","undirected","Binding"
"UNIPROT","P30291","UNIPROT","P06493","directed","Control(Out: ACTIVATION of BiochemicalReaction)"
"UNIPROT","P30291","UNIPROT","P14635","directed","Control(Out: ACTIVATION of BiochemicalReaction)"
"UNIPROT","P30291","UNIPROT","P20248","directed","Control(Out: ACTIVATION of BiochemicalReaction)"
"UNIPROT","P30291","UNIPROT","P78396","directed","Control(Out: ACTIVATION of BiochemicalReaction)"
"UNIPROT","P30304","UNIPROT","P06493","directed","Control(Out: ACTIVATION of BiochemicalReaction)"
"UNIPROT","P30304","UNIPROT","P14635","directed","Control(Out: ACTIVATION of BiochemicalReaction)"
"UNIPROT","P30304","UNIPROT","P20248","directed","Control(Out: ACTIVATION of BiochemicalReaction)"
"UNIPROT","P30304","UNIPROT","P78396","directed","Control(Out: ACTIVATION of BiochemicalReaction)"
"UNIPROT","P30305","UNIPROT","O95067","directed","Control(Out: ACTIVATION of BiochemicalReaction)"
"UNIPROT","P30305","UNIPROT","P06493","directed","Control(Out: ACTIVATION of BiochemicalReaction)"
"UNIPROT","P30305","UNIPROT","P06493","directed","Control(Out: ACTIVATION of BiochemicalReaction)"
"UNIPROT","P30305","UNIPROT","P14635","directed","Control(Out: ACTIVATION of BiochemicalReaction)"
"UNIPROT","P30305","UNIPROT","P14635","directed","Control(Out: ACTIVATION of BiochemicalReaction)"
"UNIPROT","P30307","UNIPROT","P06493","directed","Control(Out: ACTIVATION of BiochemicalReaction)"
"UNIPROT","P30307","UNIPROT","P14635","directed","Control(Out: ACTIVATION of BiochemicalReaction)"
"UNIPROT","P50613","UNIPROT","P06493","directed","Control(Out: ACTIVATION of BiochemicalReaction)"
"UNIPROT","P50613","UNIPROT","P14635","directed","Control(Out: ACTIVATION of BiochemicalReaction)"
"UNIPROT","P50613","UNIPROT","P20248","directed","Control(Out: ACTIVATION of BiochemicalReaction)"
"UNIPROT","P50613","UNIPROT","P51948","undirected","Binding"
"UNIPROT","P50613","UNIPROT","P78396","directed","Control(Out: ACTIVATION of BiochemicalReaction)"
"UNIPROT","P51946","UNIPROT","P06493","directed","Control(Out: ACTIVATION of BiochemicalReaction)"
"UNIPROT","P51946","UNIPROT","P14635","directed","Control(Out: ACTIVATION of BiochemicalReaction)"
"UNIPROT","P51946","UNIPROT","P20248","directed","Control(Out: ACTIVATION of BiochemicalReaction)"
"UNIPROT","P51946","UNIPROT","P50613","undirected","Binding"
"UNIPROT","P51946","UNIPROT","P51948","undirected","Binding"
"UNIPROT","P51946","UNIPROT","P78396","directed","Control(Out: ACTIVATION of BiochemicalReaction)"
"UNIPROT","P51948","UNIPROT","P06493","directed","Control(Out: ACTIVATION of BiochemicalReaction)"
"UNIPROT","P51948","UNIPROT","P14635","directed","Control(Out: ACTIVATION of BiochemicalReaction)"
"UNIPROT","P51948","UNIPROT","P20248","directed","Control(Out: ACTIVATION of BiochemicalReaction)"
"UNIPROT","P51948","UNIPROT","P78396","directed","Control(Out: ACTIVATION of BiochemicalReaction)"
"UNIPROT","P53350","UNIPROT","P06493","directed","Control(Out: ACTIVATION of BiochemicalReaction)"
"UNIPROT","P53350","UNIPROT","P14635","directed","Control(Out: ACTIVATION of BiochemicalReaction)"
"UNIPROT","P62714","UNIPROT","P30153","undirected","Binding"
"UNIPROT","P62714","UNIPROT","P30154","undirected","Binding"
"UNIPROT","P62714","UNIPROT","P63151","undirected","Binding"
"UNIPROT","P62714","UNIPROT","Q08050","directed","Control(Out: ACTIVATION of BiochemicalReaction)"
"UNIPROT","P62714","UNIPROT","Q9Y5P8","undirected","Binding"
"UNIPROT","P63151","UNIPROT","Q08050","directed","Control(Out: ACTIVATION of BiochemicalReaction)"
"UNIPROT","P67775","UNIPROT","P30153","undirected","Binding"
"UNIPROT","P67775","UNIPROT","P30154","undirected","Binding"
"UNIPROT","P67775","UNIPROT","P63151","undirected","Binding"
"UNIPROT","P67775","UNIPROT","Q08050","directed","Control(Out: ACTIVATION of BiochemicalReaction)"
"UNIPROT","P67775","UNIPROT","Q9Y5P8","undirected","Binding"
"UNIPROT","P78396","UNIPROT","P06493","undirected","Binding"
"UNIPROT","P78396","UNIPROT","Q08050","directed","Control(Out: ACTIVATION of BiochemicalReaction)"
"UNIPROT","Q99640","UNIPROT","O95067","directed","Control(Out: ACTIVATION of BiochemicalReaction)"
"UNIPROT","Q99640","UNIPROT","P06493","directed","Control(Out: ACTIVATION of BiochemicalReaction)"
"UNIPROT","Q99640","UNIPROT","P14635","directed","Control(Out: ACTIVATION of BiochemicalReaction)"
"UNIPROT","Q99640","UNIPROT","P20248","directed","Control(Out: ACTIVATION of BiochemicalReaction)"
"UNIPROT","Q99640","UNIPROT","P78396","directed","Control(Out: ACTIVATION of BiochemicalReaction)"
"UNIPROT","Q9UIC8","UNIPROT","P30153","directed","Control(Out: ACTIVATION of BiochemicalReaction)"
"UNIPROT","Q9UIC8","UNIPROT","P30154","directed","Control(Out: ACTIVATION of BiochemicalReaction)"
"UNIPROT","Q9UIC8","UNIPROT","P62714","directed","Control(Out: ACTIVATION of BiochemicalReaction)"
"UNIPROT","Q9UIC8","UNIPROT","P63151","directed","Control(Out: ACTIVATION of BiochemicalReaction)"
"UNIPROT","Q9UIC8","UNIPROT","P67775","directed","Control(Out: ACTIVATION of BiochemicalReaction)"
"UNIPROT","Q9UIC8","UNIPROT","Q9Y5P8","directed","Control(Out: ACTIVATION of BiochemicalReaction)"
"UNIPROT","Q9Y570","UNIPROT","P30153","directed","Control(Out: ACTIVATION of BiochemicalReaction)"
"UNIPROT","Q9Y570","UNIPROT","P30154","directed","Control(Out: ACTIVATION of BiochemicalReaction)"
"UNIPROT","Q9Y570","UNIPROT","P62714","directed","Control(Out: ACTIVATION of BiochemicalReaction)"
"UNIPROT","Q9Y570","UNIPROT","P63151","directed","Control(Out: ACTIVATION of BiochemicalReaction)"
"UNIPROT","Q9Y570","UNIPROT","P67775","directed","Control(Out: ACTIVATION of BiochemicalReaction)"
"UNIPROT","Q9Y570","UNIPROT","Q9Y5P8","directed","Control(Out: ACTIVATION of BiochemicalReaction)"
