"src_type","src","dest_type","dest","direction","type"
"UNIPROT","A8CG34","UNIPROT","O75694","undirected","Binding"
"UNIPROT","A8CG34","UNIPROT","P35557","directed","Control(Out: ACTIVATION of BiochemicalReaction)"
"UNIPROT","A8CG34","UNIPROT","Q14397","directed","Control(Out: ACTIVATION of BiochemicalReaction)"
"UNIPROT","A8CG34","UNIPROT","Q8N1F7","undirected","Binding"
"UNIPROT","A8CG34","UNIPROT","Q8NFH5","undirected","Binding"
"UNIPROT","O15504","UNIPROT","A8CG34","undirected","Binding"
"UNIPROT","O15504","UNIPROT","O75694","undirected","Binding"
"UNIPROT","O15504","UNIPROT","P35557","directed","Control(Out: ACTIVATION of BiochemicalReaction)"
"UNIPROT","O15504","UNIPROT","Q14397","directed","Control(Out: ACTIVATION of BiochemicalReaction)"
"UNIPROT","O15504","UNIPROT","Q8N1F7","undirected","Binding"
"UNIPROT","O15504","UNIPROT","Q8NFH5","undirected","Binding"
"UNIPROT","O15504","UNIPROT","Q96HA1","undirected","Binding"
"UNIPROT","O75694","UNIPROT","P35557","directed","Control(Out: ACTIVATION of BiochemicalReaction)"
"UNIPROT","O75694","UNIPROT","Q14397","directed","Control(Out: ACTIVATION of BiochemicalReaction)"
"UNIPROT","P12270","UNIPROT","A8CG34","undirected","Binding"
"UNIPROT","P12270","UNIPROT","O15504","undirected","Binding"
"UNIPROT","P12270","UNIPROT","O75694","undirected","Binding"
"UNIPROT","P12270","UNIPROT","P35557","directed","Control(Out: ACTIVATION of BiochemicalReaction)"
"UNIPROT","P12270","UNIPROT","P35658","undirected","Binding"
"UNIPROT","P12270","UNIPROT","P37198","undirected","Binding"
"UNIPROT","P12270","UNIPROT","P49790","undirected","Binding"
"UNIPROT","P12270","UNIPROT","P78406","undirected","Binding"
"UNIPROT","P12270","UNIPROT","Q14397","directed","Control(Out: ACTIVATION of BiochemicalReaction)"
"UNIPROT","P12270","UNIPROT","Q5SRE5","undirected","Binding"
"UNIPROT","P12270","UNIPROT","Q7Z3B4","undirected","Binding"
"UNIPROT","P12270","UNIPROT","Q8N1F7","undirected","Binding"
"UNIPROT","P12270","UNIPROT","Q8NFH5","undirected","Binding"
"UNIPROT","P12270","UNIPROT","Q8TEM1","undirected","Binding"
"UNIPROT","P12270","UNIPROT","Q92621","undirected","Binding"
"UNIPROT","P12270","UNIPROT","Q96HA1","undirected","Binding"
"UNIPROT","P12270","UNIPROT","Q99567","undirected","Binding"
"UNIPROT","P12270","UNIPROT","Q9BTX1","undirected","Binding"
"UNIPROT","P12270","UNIPROT","Q9BVL2","undirected","Binding"
"UNIPROT","P12270","UNIPROT","Q9UKX7","undirected","Binding"
"UNIPROT","P17612","UNIPROT","P16118","directed","Control(Out: ACTIVATION of BiochemicalReaction)"
"UNIPROT","P17858","UNIPROT","P08237","undirected","Binding"
"UNIPROT","P17858","UNIPROT","Q01813","undirected","Binding"
"UNIPROT","P22612","UNIPROT","P16118","directed","Control(Out: ACTIVATION of BiochemicalReaction)"
"UNIPROT","P22694","UNIPROT","P16118","directed","Control(Out: ACTIVATION of BiochemicalReaction)"
"UNIPROT","P30153","UNIPROT","P16118","directed","Control(Out: ACTIVATION of BiochemicalReaction)"
"UNIPROT","P30154","UNIPROT","P16118","directed","Control(Out: ACTIVATION of BiochemicalReaction)"
"UNIPROT","P35557","UNIPROT","A8CG34","directed","Control(In: ACTIVATION of BiochemicalReaction)"
"UNIPROT","P35557","UNIPROT","O15504","directed","Control(In: ACTIVATION of BiochemicalReaction)"
"UNIPROT","P35557","UNIPROT","O75694","directed","Control(In: ACTIVATION of BiochemicalReaction)"
"UNIPROT","P35557","UNIPROT","P12270","directed","Control(In: ACTIVATION of BiochemicalReaction)"
"UNIPROT","P35557","UNIPROT","P35658","directed","Control(In: ACTIVATION of BiochemicalReaction)"
"UNIPROT","P35557","UNIPROT","P37198","directed","Control(In: ACTIVATION of BiochemicalReaction)"
"UNIPROT","P35557","UNIPROT","P49790","directed","Control(In: ACTIVATION of BiochemicalReaction)"
"UNIPROT","P35557","UNIPROT","P49792","directed","Control(In: ACTIVATION of BiochemicalReaction)"
"UNIPROT","P35557","UNIPROT","P52948","directed","Control(In: ACTIVATION of BiochemicalReaction)"
"UNIPROT","P35557","UNIPROT","P55735","directed","Control(In: ACTIVATION of BiochemicalReaction)"
"UNIPROT","P35557","UNIPROT","P57740","directed","Control(In: ACTIVATION of BiochemicalReaction)"
"UNIPROT","P35557","UNIPROT","P78406","directed","Control(In: ACTIVATION of BiochemicalReaction)"
"UNIPROT","P35557","UNIPROT","Q12769","directed","Control(In: ACTIVATION of BiochemicalReaction)"
"UNIPROT","P35557","UNIPROT","Q14397","undirected","Binding"
"UNIPROT","P35557","UNIPROT","Q5SRE5","directed","Control(In: ACTIVATION of BiochemicalReaction)"
"UNIPROT","P35557","UNIPROT","Q7Z3B4","directed","Control(In: ACTIVATION of BiochemicalReaction)"
"UNIPROT","P35557","UNIPROT","Q8N1F7","directed","Control(In: ACTIVATION of BiochemicalReaction)"
"UNIPROT","P35557","UNIPROT","Q8NFH3","directed","Control(In: ACTIVATION of BiochemicalReaction)"
"UNIPROT","P35557","UNIPROT","Q8NFH4","directed","Control(In: ACTIVATION of BiochemicalReaction)"
"UNIPROT","P35557","UNIPROT","Q8NFH5","directed","Control(In: ACTIVATION of BiochemicalReaction)"
"UNIPROT","P35557","UNIPROT","Q8TEM1","directed","Control(In: ACTIVATION of BiochemicalReaction)"
"UNIPROT","P35557","UNIPROT","Q8WUM0","directed","Control(In: ACTIVATION of BiochemicalReaction)"
"UNIPROT","P35557","UNIPROT","Q92621","directed","Control(In: ACTIVATION of BiochemicalReaction)"
"UNIPROT","P35557","UNIPROT","Q96EE3","directed","Control(In: ACTIVATION of BiochemicalReaction)"
"UNIPROT","P35557","UNIPROT","Q96HA1","directed","Control(In: ACTIVATION of BiochemicalReaction)"
"UNIPROT","P35557","UNIPROT","Q99567","directed","Control(In: ACTIVATION of BiochemicalReaction)"
"UNIPROT","P35557","UNIPROT","Q9BTX1","directed","Control(In: ACTIVATION of BiochemicalReaction)"
"UNIPROT","P35557","UNIPROT","Q9BVL2","directed","Control(In: ACTIVATION of BiochemicalReaction)"
"UNIPROT","P35557","UNIPROT","Q9BW27","directed","Control(In: ACTIVATION of BiochemicalReaction)"
"UNIPROT","P35557","UNIPROT","Q9NRG9","directed","Control(In: ACTIVATION of BiochemicalReaction)"
"UNIPROT","P35557","UNIPROT","Q9UKX7","directed","Control(In: ACTIVATION of BiochemicalReaction)"
"UNIPROT","P35658","UNIPROT","A8CG34","undirected","Binding"
"UNIPROT","P35658","UNIPROT","O15504","undirected","Binding"
"UNIPROT","P35658","UNIPROT","O75694","undirected","Binding"
"UNIPROT","P35658","UNIPROT","P35557","directed","Control(Out: ACTIVATION of BiochemicalReaction)"
"UNIPROT","P35658","UNIPROT","P78406","undirected","Binding"
"UNIPROT","P35658","UNIPROT","Q14397","directed","Control(Out: ACTIVATION of BiochemicalReaction)"
"UNIPROT","P35658","UNIPROT","Q8N1F7","undirected","Binding"
"UNIPROT","P35658","UNIPROT","Q8NFH5","undirected","Binding"
"UNIPROT","P35658","UNIPROT","Q96HA1","undirected","Binding"
"UNIPROT","P35658","UNIPROT","Q9BTX1","undirected","Binding"
"UNIPROT","P37198","UNIPROT","A8CG34","undirected","Binding"
"UNIPROT","P37198","UNIPROT","O15504","undirected","Binding"
"UNIPROT","P37198","UNIPROT","O75694","undirected","Binding"
"UNIPROT","P37198","UNIPROT","P35557","directed","Control(Out: ACTIVATION of BiochemicalReaction)"
"UNIPROT","P37198","UNIPROT","P35658","undirected","Binding"
"UNIPROT","P37198","UNIPROT","P49790","undirected","Binding"
"UNIPROT","P37198","UNIPROT","P78406","undirected","Binding"
"UNIPROT","P37198","UNIPROT","Q14397","directed","Control(Out: ACTIVATION of BiochemicalReaction)"
"UNIPROT","P37198","UNIPROT","Q5SRE5","undirected","Binding"
"UNIPROT","P37198","UNIPROT","Q7Z3B4","undirected","Binding"
"UNIPROT","P37198","UNIPROT","Q8N1F7","undirected","Binding"
"UNIPROT","P37198","UNIPROT","Q8NFH5","undirected","Binding"
"UNIPROT","P37198","UNIPROT","Q8TEM1","undirected","Binding"
"UNIPROT","P37198","UNIPROT","Q96HA1","undirected","Binding"
"UNIPROT","P37198","UNIPROT","Q99567","undirected","Binding"
"UNIPROT","P37198","UNIPROT","Q9BTX1","undirected","Binding"
"UNIPROT","P37198","UNIPROT","Q9BVL2","undirected","Binding"
"UNIPROT","P37198","UNIPROT","Q9UKX7","undirected","Binding"
"UNIPROT","P49790","UNIPROT","A8CG34","undirected","Binding"
"UNIPROT","P49790","UNIPROT","O15504","undirected","Binding"
"UNIPROT","P49790","UNIPROT","O75694","undirected","Binding"
"UNIPROT","P49790","UNIPROT","P35557","directed","Control(Out: ACTIVATION of BiochemicalReaction)"
"UNIPROT","P49790","UNIPROT","P35658","undirected","Binding"
"UNIPROT","P49790","UNIPROT","P78406","undirected","Binding"
"UNIPROT","P49790","UNIPROT","Q14397","directed","Control(Out: ACTIVATION of BiochemicalReaction)"
"UNIPROT","P49790","UNIPROT","Q8N1F7","undirected","Binding"
"UNIPROT","P49790","UNIPROT","Q8NFH5","undirected","Binding"
"UNIPROT","P49790","UNIPROT","Q8TEM1","undirected","Binding"
"UNIPROT","P49790","UNIPROT","Q96HA1","undirected","Binding"
"UNIPROT","P49790","UNIPROT","Q9BTX1","undirected","Binding"
"UNIPROT","P49790","UNIPROT","Q9UKX7","undirected","Binding"
"UNIPROT","P49792","UNIPROT","A8CG34","undirected","Binding"
"UNIPROT","P49792","UNIPROT","O15504","undirected","Binding"
"UNIPROT","P49792","UNIPROT","O75694","undirected","Binding"
"UNIPROT","P49792","UNIPROT","P12270","undirected","Binding"
"UNIPROT","P49792","UNIPROT","P35557","directed","Control(Out: ACTIVATION of BiochemicalReaction)"
"UNIPROT","P49792","UNIPROT","P35658","undirected","Binding"
"UNIPROT","P49792","UNIPROT","P37198","undirected","Binding"
"UNIPROT","P49792","UNIPROT","P49790","undirected","Binding"
"UNIPROT","P49792","UNIPROT","P52948","undirected","Binding"
"UNIPROT","P49792","UNIPROT","P55735","undirected","Binding"
"UNIPROT","P49792","UNIPROT","P57740","undirected","Binding"
"UNIPROT","P49792","UNIPROT","P78406","undirected","Binding"
"UNIPROT","P49792","UNIPROT","Q12769","undirected","Binding"
"UNIPROT","P49792","UNIPROT","Q14397","directed","Control(Out: ACTIVATION of BiochemicalReaction)"
"UNIPROT","P49792","UNIPROT","Q5SRE5","undirected","Binding"
"UNIPROT","P49792","UNIPROT","Q7Z3B4","undirected","Binding"
"UNIPROT","P49792","UNIPROT","Q8N1F7","undirected","Binding"
"UNIPROT","P49792","UNIPROT","Q8NFH3","undirected","Binding"
"UNIPROT","P49792","UNIPROT","Q8NFH4","undirected","Binding"
"UNIPROT","P49792","UNIPROT","Q8NFH5","undirected","Binding"
"UNIPROT","P49792","UNIPROT","Q8TEM1","undirected","Binding"
"UNIPROT","P49792","UNIPROT","Q8WUM0","undirected","Binding"
"UNIPROT","P49792","UNIPROT","Q92621","undirected","Binding"
"UNIPROT","P49792","UNIPROT","Q96EE3","undirected","Binding"
"UNIPROT","P49792","UNIPROT","Q96HA1","undirected","Binding"
"UNIPROT","P49792","UNIPROT","Q99567","undirected","Binding"
"UNIPROT","P49792","UNIPROT","Q9BTX1","undirected","Binding"
"UNIPROT","P49792","UNIPROT","Q9BVL2","undirected","Binding"
"UNIPROT","P49792","UNIPROT","Q9BW27","undirected","Binding"
"UNIPROT","P49792","UNIPROT","Q9UKX7","undirected","Binding"
"UNIPROT","P52948","UNIPROT","A8CG34","undirected","Binding"
"UNIPROT","P52948","UNIPROT","O15504","undirected","Binding"
"UNIPROT","P52948","UNIPROT","O75694","undirected","Binding"
"UNIPROT","P52948","UNIPROT","P12270","undirected","Binding"
"UNIPROT","P52948","UNIPROT","P35557","directed","Control(Out: ACTIVATION of BiochemicalReaction)"
"UNIPROT","P52948","UNIPROT","P35658","undirected","Binding"
"UNIPROT","P52948","UNIPROT","P37198","undirected","Binding"
"UNIPROT","P52948","UNIPROT","P49790","undirected","Binding"
"UNIPROT","P52948","UNIPROT","P55735","undirected","Binding"
"UNIPROT","P52948","UNIPROT","P78406","undirected","Binding"
"UNIPROT","P52948","UNIPROT","Q12769","undirected","Binding"
"UNIPROT","P52948","UNIPROT","Q14397","directed","Control(Out: ACTIVATION of BiochemicalReaction)"
"UNIPROT","P52948","UNIPROT","Q5SRE5","undirected","Binding"
"UNIPROT","P52948","UNIPROT","Q7Z3B4","undirected","Binding"
"UNIPROT","P52948","UNIPROT","Q8N1F7","undirected","Binding"
"UNIPROT","P52948","UNIPROT","Q8NFH4","undirected","Binding"
"UNIPROT","P52948","UNIPROT","Q8NFH5","undirected","Binding"
"UNIPROT","P52948","UNIPROT","Q8TEM1","undirected","Binding"
"UNIPROT","P52948","UNIPROT","Q92621","undirected","Binding"
"UNIPROT","P52948","UNIPROT","Q96HA1","undirected","Binding"
"UNIPROT","P52948","UNIPROT","Q99567","undirected","Binding"
"UNIPROT","P52948","UNIPROT","Q9BTX1","undirected","Binding"
"UNIPROT","P52948","UNIPROT","Q9BVL2","undirected","Binding"
"UNIPROT","P52948","UNIPROT","Q9UKX7","undirected","Binding"
"UNIPROT","P55735","UNIPROT","A8CG34","undirected","Binding"
"UNIPROT","P55735","UNIPROT","O15504","undirected","Binding"
"UNIPROT","P55735","UNIPROT","O75694","undirected","Binding"
"UNIPROT","P55735","UNIPROT","P12270","undirected","Binding"
"UNIPROT","P55735","UNIPROT","P35557","directed","Control(Out: ACTIVATION of BiochemicalReaction)"
"UNIPROT","P55735","UNIPROT","P35658","undirected","Binding"
"UNIPROT","P55735","UNIPROT","P37198","undirected","Binding"
"UNIPROT","P55735","UNIPROT","P49790","undirected","Binding"
"UNIPROT","P55735","UNIPROT","P78406","undirected","Binding"
"UNIPROT","P55735","UNIPROT","Q14397","directed","Control(Out: ACTIVATION of BiochemicalReaction)"
"UNIPROT","P55735","UNIPROT","Q5SRE5","undirected","Binding"
"UNIPROT","P55735","UNIPROT","Q7Z3B4","undirected","Binding"
"UNIPROT","P55735","UNIPROT","Q8N1F7","undirected","Binding"
"UNIPROT","P55735","UNIPROT","Q8NFH5","undirected","Binding"
"UNIPROT","P55735","UNIPROT","Q8TEM1","undirected","Binding"
"UNIPROT","P55735","UNIPROT","Q92621","undirected","Binding"
"UNIPROT","P55735","UNIPROT","Q96HA1","undirected","Binding"
"UNIPROT","P55735","UNIPROT","Q99567","undirected","Binding"
"UNIPROT","P55735","UNIPROT","Q9BTX1","undirected","Binding"
"UNIPROT","P55735","UNIPROT","Q9BVL2","undirected","Binding"
"UNIPROT","P55735","UNIPROT","Q9UKX7","undirected","Binding"
"UNIPROT","P57740","UNIPROT","A8CG34","undirected","Binding"
"UNIPROT","P57740","UNIPROT","O15504","undirected","Binding"
"UNIPROT","P57740","UNIPROT","O75694","undirected","Binding"
"UNIPROT","P57740","UNIPROT","P12270","undirected","Binding"
"UNIPROT","P57740","UNIPROT","P35557","directed","Control(Out: ACTIVATION of BiochemicalReaction)"
"UNIPROT","P57740","UNIPROT","P35658","undirected","Binding"
"UNIPROT","P57740","UNIPROT","P37198","undirected","Binding"
"UNIPROT","P57740","UNIPROT","P49790","undirected","Binding"
"UNIPROT","P57740","UNIPROT","P52948","undirected","Binding"
"UNIPROT","P57740","UNIPROT","P55735","undirected","Binding"
"UNIPROT","P57740","UNIPROT","P78406","undirected","Binding"
"UNIPROT","P57740","UNIPROT","Q12769","undirected","Binding"
"UNIPROT","P57740","UNIPROT","Q14397","directed","Control(Out: ACTIVATION of BiochemicalReaction)"
"UNIPROT","P57740","UNIPROT","Q5SRE5","undirected","Binding"
"UNIPROT","P57740","UNIPROT","Q7Z3B4","undirected","Binding"
"UNIPROT","P57740","UNIPROT","Q8N1F7","undirected","Binding"
"UNIPROT","P57740","UNIPROT","Q8NFH4","undirected","Binding"
"UNIPROT","P57740","UNIPROT","Q8NFH5","undirected","Binding"
"UNIPROT","P57740","UNIPROT","Q8TEM1","undirected","Binding"
"UNIPROT","P57740","UNIPROT","Q92621","undirected","Binding"
"UNIPROT","P57740","UNIPROT","Q96EE3","undirected","Binding"
"UNIPROT","P57740","UNIPROT","Q96HA1","undirected","Binding"
"UNIPROT","P57740","UNIPROT","Q99567","undirected","Binding"
"UNIPROT","P57740","UNIPROT","Q9BTX1","undirected","Binding"
"UNIPROT","P57740","UNIPROT","Q9BVL2","undirected","Binding"
"UNIPROT","P57740","UNIPROT","Q9BW27","undirected","Binding"
"UNIPROT","P57740","UNIPROT","Q9UKX7","undirected","Binding"
"UNIPROT","P62714","UNIPROT","P16118","directed","Control(Out: ACTIVATION of BiochemicalReaction)"
"UNIPROT","P62714","UNIPROT","P30153","undirected","Binding"
"UNIPROT","P62714","UNIPROT","P30154","undirected","Binding"
"UNIPROT","P62714","UNIPROT","Q14738","undirected","Binding"
"UNIPROT","P67775","UNIPROT","P16118","directed","Control(Out: ACTIVATION of BiochemicalReaction)"
"UNIPROT","P67775","UNIPROT","P30153","undirected","Binding"
"UNIPROT","P67775","UNIPROT","P30154","undirected","Binding"
"UNIPROT","P67775","UNIPROT","Q14738","undirected","Binding"
"UNIPROT","P78406","UNIPROT","A8CG34","undirected","Binding"
"UNIPROT","P78406","UNIPROT","O15504","undirected","Binding"
"UNIPROT","P78406","UNIPROT","O75694","undirected","Binding"
"UNIPROT","P78406","UNIPROT","P35557","directed","Control(Out: ACTIVATION of BiochemicalReaction)"
"UNIPROT","P78406","UNIPROT","Q14397","directed","Control(Out: ACTIVATION of BiochemicalReaction)"
"UNIPROT","P78406","UNIPROT","Q8N1F7","undirected","Binding"
"UNIPROT","P78406","UNIPROT","Q8NFH5","undirected","Binding"
"UNIPROT","P78406","UNIPROT","Q96HA1","undirected","Binding"
"UNIPROT","Q12769","UNIPROT","A8CG34","undirected","Binding"
"UNIPROT","Q12769","UNIPROT","O15504","undirected","Binding"
"UNIPROT","Q12769","UNIPROT","O75694","undirected","Binding"
"UNIPROT","Q12769","UNIPROT","P12270","undirected","Binding"
"UNIPROT","Q12769","UNIPROT","P35557","directed","Control(Out: ACTIVATION of BiochemicalReaction)"
"UNIPROT","Q12769","UNIPROT","P35658","undirected","Binding"
"UNIPROT","Q12769","UNIPROT","P37198","undirected","Binding"
"UNIPROT","Q12769","UNIPROT","P49790","undirected","Binding"
"UNIPROT","Q12769","UNIPROT","P55735","undirected","Binding"
"UNIPROT","Q12769","UNIPROT","P78406","undirected","Binding"
"UNIPROT","Q12769","UNIPROT","Q14397","directed","Control(Out: ACTIVATION of BiochemicalReaction)"
"UNIPROT","Q12769","UNIPROT","Q5SRE5","undirected","Binding"
"UNIPROT","Q12769","UNIPROT","Q7Z3B4","undirected","Binding"
"UNIPROT","Q12769","UNIPROT","Q8N1F7","undirected","Binding"
"UNIPROT","Q12769","UNIPROT","Q8NFH4","undirected","Binding"
"UNIPROT","Q12769","UNIPROT","Q8NFH5","undirected","Binding"
"UNIPROT","Q12769","UNIPROT","Q8TEM1","undirected","Binding"
"UNIPROT","Q12769","UNIPROT","Q92621","undirected","Binding"
"UNIPROT","Q12769","UNIPROT","Q96HA1","undirected","Binding"
"UNIPROT","Q12769","UNIPROT","Q99567","undirected","Binding"
"UNIPROT","Q12769","UNIPROT","Q9BTX1","undirected","Binding"
"UNIPROT","Q12769","UNIPROT","Q9BVL2","undirected","Binding"
"UNIPROT","Q12769","UNIPROT","Q9UKX7","undirected","Binding"
"UNIPROT","Q14397","UNIPROT","A8CG34","directed","Control(In: ACTIVATION of BiochemicalReaction)"
"UNIPROT","Q14397","UNIPROT","O15504","directed","Control(In: ACTIVATION of BiochemicalReaction)"
"UNIPROT","Q14397","UNIPROT","O75694","directed","Control(In: ACTIVATION of BiochemicalReaction)"
"UNIPROT","Q14397","UNIPROT","P12270","directed","Control(In: ACTIVATION of BiochemicalReaction)"
"UNIPROT","Q14397","UNIPROT","P35658","directed","Control(In: ACTIVATION of BiochemicalReaction)"
"UNIPROT","Q14397","UNIPROT","P37198","directed","Control(In: ACTIVATION of BiochemicalReaction)"
"UNIPROT","Q14397","UNIPROT","P49790","directed","Control(In: ACTIVATION of BiochemicalReaction)"
"UNIPROT","Q14397","UNIPROT","P49792","directed","Control(In: ACTIVATION of BiochemicalReaction)"
"UNIPROT","Q14397","UNIPROT","P52948","directed","Control(In: ACTIVATION of BiochemicalReaction)"
"UNIPROT","Q14397","UNIPROT","P55735","directed","Control(In: ACTIVATION of BiochemicalReaction)"
"UNIPROT","Q14397","UNIPROT","P57740","directed","Control(In: ACTIVATION of BiochemicalReaction)"
"UNIPROT","Q14397","UNIPROT","P78406","directed","Control(In: ACTIVATION of BiochemicalReaction)"
"UNIPROT","Q14397","UNIPROT","Q12769","directed","Control(In: ACTIVATION of BiochemicalReaction)"
"UNIPROT","Q14397","UNIPROT","Q5SRE5","directed","Control(In: ACTIVATION of BiochemicalReaction)"
"UNIPROT","Q14397","UNIPROT","Q7Z3B4","directed","Control(In: ACTIVATION of BiochemicalReaction)"
"UNIPROT","Q14397","UNIPROT","Q8N1F7","directed","Control(In: ACTIVATION of BiochemicalReaction)"
"UNIPROT","Q14397","UNIPROT","Q8NFH3","directed","Control(In: ACTIVATION of BiochemicalReaction)"
"UNIPROT","Q14397","UNIPROT","Q8NFH4","directed","Control(In: ACTIVATION of BiochemicalReaction)"
"UNIPROT","Q14397","UNIPROT","Q8NFH5","directed","Control(In: ACTIVATION of BiochemicalReaction)"
"UNIPROT","Q14397","UNIPROT","Q8TEM1","directed","Control(In: ACTIVATION of BiochemicalReaction)"
"UNIPROT","Q14397","UNIPROT","Q8WUM0","directed","Control(In: ACTIVATION of BiochemicalReaction)"
"UNIPROT","Q14397","UNIPROT","Q92621","directed","Control(In: ACTIVATION of BiochemicalReaction)"
"UNIPROT","Q14397","UNIPROT","Q96EE3","directed","Control(In: ACTIVATION of BiochemicalReaction)"
"UNIPROT","Q14397","UNIPROT","Q96HA1","directed","Control(In: ACTIVATION of BiochemicalReaction)"
"UNIPROT","Q14397","UNIPROT","Q99567","directed","Control(In: ACTIVATION of BiochemicalReaction)"
"UNIPROT","Q14397","UNIPROT","Q9BTX1","directed","Control(In: ACTIVATION of BiochemicalReaction)"
"UNIPROT","Q14397","UNIPROT","Q9BVL2","directed","Control(In: ACTIVATION of BiochemicalReaction)"
"UNIPROT","Q14397","UNIPROT","Q9BW27","directed","Control(In: ACTIVATION of BiochemicalReaction)"
"UNIPROT","Q14397","UNIPROT","Q9NRG9","directed","Control(In: ACTIVATION of BiochemicalReaction)"
"UNIPROT","Q14397","UNIPROT","Q9UKX7","directed","Control(In: ACTIVATION of BiochemicalReaction)"
"UNIPROT","Q14738","UNIPROT","P16118","directed","Control(Out: ACTIVATION of BiochemicalReaction)"
"UNIPROT","Q14738","UNIPROT","P30153","undirected","Binding"
"UNIPROT","Q14738","UNIPROT","P30154","undirected","Binding"
"UNIPROT","Q5SRE5","UNIPROT","A8CG34","undirected","Binding"
"UNIPROT","Q5SRE5","UNIPROT","O15504","undirected","Binding"
"UNIPROT","Q5SRE5","UNIPROT","O75694","undirected","Binding"
"UNIPROT","Q5SRE5","UNIPROT","P35557","directed","Control(Out: ACTIVATION of BiochemicalReaction)"
"UNIPROT","Q5SRE5","UNIPROT","P35658","undirected","Binding"
"UNIPROT","Q5SRE5","UNIPROT","P49790","undirected","Binding"
"UNIPROT","Q5SRE5","UNIPROT","P78406","undirected","Binding"
"UNIPROT","Q5SRE5","UNIPROT","Q14397","directed","Control(Out: ACTIVATION of BiochemicalReaction)"
"UNIPROT","Q5SRE5","UNIPROT","Q8N1F7","undirected","Binding"
"UNIPROT","Q5SRE5","UNIPROT","Q8NFH5","undirected","Binding"
"UNIPROT","Q5SRE5","UNIPROT","Q8TEM1","undirected","Binding"
"UNIPROT","Q5SRE5","UNIPROT","Q96HA1","undirected","Binding"
"UNIPROT","Q5SRE5","UNIPROT","Q99567","undirected","Binding"
"UNIPROT","Q5SRE5","UNIPROT","Q9BTX1","undirected","Binding"
"UNIPROT","Q5SRE5","UNIPROT","Q9UKX7","undirected","Binding"
"UNIPROT","Q7Z3B4","UNIPROT","A8CG34","undirected","Binding"
"UNIPROT","Q7Z3B4","UNIPROT","O15504","undirected","Binding"
"UNIPROT","Q7Z3B4","UNIPROT","O75694","undirected","Binding"
"UNIPROT","Q7Z3B4","UNIPROT","P35557","directed","Control(Out: ACTIVATION of BiochemicalReaction)"
"UNIPROT","Q7Z3B4","UNIPROT","P35658","undirected","Binding"
"UNIPROT","Q7Z3B4","UNIPROT","P49790","undirected","Binding"
"UNIPROT","Q7Z3B4","UNIPROT","P78406","undirected","Binding"
"UNIPROT","Q7Z3B4","UNIPROT","Q14397","directed","Control(Out: ACTIVATION of BiochemicalReaction)"
"UNIPROT","Q7Z3B4","UNIPROT","Q5SRE5","undirected","Binding"
"UNIPROT","Q7Z3B4","UNIPROT","Q8N1F7","undirected","Binding"
"UNIPROT","Q7Z3B4","UNIPROT","Q8NFH5","undirected","Binding"
"UNIPROT","Q7Z3B4","UNIPROT","Q8TEM1","undirected","Binding"
"UNIPROT","Q7Z3B4","UNIPROT","Q96HA1","undirected","Binding"
"UNIPROT","Q7Z3B4","UNIPROT","Q99567","undirected","Binding"
"UNIPROT","Q7Z3B4","UNIPROT","Q9BTX1","undirected","Binding"
"UNIPROT","Q7Z3B4","UNIPROT","Q9UKX7","undirected","Binding"
"UNIPROT","Q8N1F7","UNIPROT","O75694","undirected","Binding"
"UNIPROT","Q8N1F7","UNIPROT","P35557","directed","Control(Out: ACTIVATION of BiochemicalReaction)"
"UNIPROT","Q8N1F7","UNIPROT","Q14397","directed","Control(Out: ACTIVATION of BiochemicalReaction)"
"UNIPROT","Q8N1F7","UNIPROT","Q8NFH5","undirected","Binding"
"UNIPROT","Q8NFH3","UNIPROT","A8CG34","undirected","Binding"
"UNIPROT","Q8NFH3","UNIPROT","O15504","undirected","Binding"
"UNIPROT","Q8NFH3","UNIPROT","O75694","undirected","Binding"
"UNIPROT","Q8NFH3","UNIPROT","P12270","undirected","Binding"
"UNIPROT","Q8NFH3","UNIPROT","P35557","directed","Control(Out: ACTIVATION of BiochemicalReaction)"
"UNIPROT","Q8NFH3","UNIPROT","P35658","undirected","Binding"
"UNIPROT","Q8NFH3","UNIPROT","P37198","undirected","Binding"
"UNIPROT","Q8NFH3","UNIPROT","P49790","undirected","Binding"
"UNIPROT","Q8NFH3","UNIPROT","P52948","undirected","Binding"
"UNIPROT","Q8NFH3","UNIPROT","P55735","undirected","Binding"
"UNIPROT","Q8NFH3","UNIPROT","P57740","undirected","Binding"
"UNIPROT","Q8NFH3","UNIPROT","P78406","undirected","Binding"
"UNIPROT","Q8NFH3","UNIPROT","Q12769","undirected","Binding"
"UNIPROT","Q8NFH3","UNIPROT","Q14397","directed","Control(Out: ACTIVATION of BiochemicalReaction)"
"UNIPROT","Q8NFH3","UNIPROT","Q5SRE5","undirected","Binding"
"UNIPROT","Q8NFH3","UNIPROT","Q7Z3B4","undirected","Binding"
"UNIPROT","Q8NFH3","UNIPROT","Q8N1F7","undirected","Binding"
"UNIPROT","Q8NFH3","UNIPROT","Q8NFH4","undirected","Binding"
"UNIPROT","Q8NFH3","UNIPROT","Q8NFH5","undirected","Binding"
"UNIPROT","Q8NFH3","UNIPROT","Q8TEM1","undirected","Binding"
"UNIPROT","Q8NFH3","UNIPROT","Q92621","undirected","Binding"
"UNIPROT","Q8NFH3","UNIPROT","Q96EE3","undirected","Binding"
"UNIPROT","Q8NFH3","UNIPROT","Q96HA1","undirected","Binding"
"UNIPROT","Q8NFH3","UNIPROT","Q99567","undirected","Binding"
"UNIPROT","Q8NFH3","UNIPROT","Q9BTX1","undirected","Binding"
"UNIPROT","Q8NFH3","UNIPROT","Q9BVL2","undirected","Binding"
"UNIPROT","Q8NFH3","UNIPROT","Q9BW27","undirected","Binding"
"UNIPROT","Q8NFH3","UNIPROT","Q9UKX7","undirected","Binding"
"UNIPROT","Q8NFH4","UNIPROT","A8CG34","undirected","Binding"
"UNIPROT","Q8NFH4","UNIPROT","O15504","undirected","Binding"
"UNIPROT","Q8NFH4","UNIPROT","O75694","undirected","Binding"
"UNIPROT","Q8NFH4","UNIPROT","P12270","undirected","Binding"
"UNIPROT","Q8NFH4","UNIPROT","P35557","directed","Control(Out: ACTIVATION of BiochemicalReaction)"
"UNIPROT","Q8NFH4","UNIPROT","P35658","undirected","Binding"
"UNIPROT","Q8NFH4","UNIPROT","P37198","undirected","Binding"
"UNIPROT","Q8NFH4","UNIPROT","P49790","undirected","Binding"
"UNIPROT","Q8NFH4","UNIPROT","P55735","undirected","Binding"
"UNIPROT","Q8NFH4","UNIPROT","P78406","undirected","Binding"
"UNIPROT","Q8NFH4","UNIPROT","Q14397","directed","Control(Out: ACTIVATION of BiochemicalReaction)"
"UNIPROT","Q8NFH4","UNIPROT","Q5SRE5","undirected","Binding"
"UNIPROT","Q8NFH4","UNIPROT","Q7Z3B4","undirected","Binding"
"UNIPROT","Q8NFH4","UNIPROT","Q8N1F7","undirected","Binding"
"UNIPROT","Q8NFH4","UNIPROT","Q8NFH5","undirected","Binding"
"UNIPROT","Q8NFH4","UNIPROT","Q8TEM1","undirected","Binding"
"UNIPROT","Q8NFH4","UNIPROT","Q92621","undirected","Binding"
"UNIPROT","Q8NFH4","UNIPROT","Q96HA1","undirected","Binding"
"UNIPROT","Q8NFH4","UNIPROT","Q99567","undirected","Binding"
"UNIPROT","Q8NFH4","UNIPROT","Q9BTX1","undirected","Binding"
"UNIPROT","Q8NFH4","UNIPROT","Q9BVL2","undirected","Binding"
"UNIPROT","Q8NFH4","UNIPROT","Q9UKX7","undirected","Binding"
"UNIPROT","Q8NFH5","UNIPROT","O75694","undirected","Binding"
"UNIPROT","Q8NFH5","UNIPROT","P35557","directed","Control(Out: ACTIVATION of BiochemicalReaction)"
"UNIPROT","Q8NFH5","UNIPROT","Q14397","directed","Control(Out: ACTIVATION of BiochemicalReaction)"
"UNIPROT","Q8TEM1","UNIPROT","A8CG34","undirected","Binding"
"UNIPROT","Q8TEM1","UNIPROT","O15504","undirected","Binding"
"UNIPROT","Q8TEM1","UNIPROT","O75694","undirected","Binding"
"UNIPROT","Q8TEM1","UNIPROT","P35557","directed","Control(Out: ACTIVATION of BiochemicalReaction)"
"UNIPROT","Q8TEM1","UNIPROT","P35658","undirected","Binding"
"UNIPROT","Q8TEM1","UNIPROT","P78406","undirected","Binding"
"UNIPROT","Q8TEM1","UNIPROT","Q14397","directed","Control(Out: ACTIVATION of BiochemicalReaction)"
"UNIPROT","Q8TEM1","UNIPROT","Q8N1F7","undirected","Binding"
"UNIPROT","Q8TEM1","UNIPROT","Q8NFH5","undirected","Binding"
"UNIPROT","Q8TEM1","UNIPROT","Q96HA1","undirected","Binding"
"UNIPROT","Q8TEM1","UNIPROT","Q9BTX1","undirected","Binding"
"UNIPROT","Q8TEM1","UNIPROT","Q9UKX7","undirected","Binding"
"UNIPROT","Q8WUM0","UNIPROT","A8CG34","undirected","Binding"
"UNIPROT","Q8WUM0","UNIPROT","O15504","undirected","Binding"
"UNIPROT","Q8WUM0","UNIPROT","O75694","undirected","Binding"
"UNIPROT","Q8WUM0","UNIPROT","P12270","undirected","Binding"
"UNIPROT","Q8WUM0","UNIPROT","P35557","directed","Control(Out: ACTIVATION of BiochemicalReaction)"
"UNIPROT","Q8WUM0","UNIPROT","P35658","undirected","Binding"
"UNIPROT","Q8WUM0","UNIPROT","P37198","undirected","Binding"
"UNIPROT","Q8WUM0","UNIPROT","P49790","undirected","Binding"
"UNIPROT","Q8WUM0","UNIPROT","P52948","undirected","Binding"
"UNIPROT","Q8WUM0","UNIPROT","P55735","undirected","Binding"
"UNIPROT","Q8WUM0","UNIPROT","P57740","undirected","Binding"
"UNIPROT","Q8WUM0","UNIPROT","P78406","undirected","Binding"
"UNIPROT","Q8WUM0","UNIPROT","Q12769","undirected","Binding"
"UNIPROT","Q8WUM0","UNIPROT","Q14397","directed","Control(Out: ACTIVATION of BiochemicalReaction)"
"UNIPROT","Q8WUM0","UNIPROT","Q5SRE5","undirected","Binding"
"UNIPROT","Q8WUM0","UNIPROT","Q7Z3B4","undirected","Binding"
"UNIPROT","Q8WUM0","UNIPROT","Q8N1F7","undirected","Binding"
"UNIPROT","Q8WUM0","UNIPROT","Q8NFH3","undirected","Binding"
"UNIPROT","Q8WUM0","UNIPROT","Q8NFH4","undirected","Binding"
"UNIPROT","Q8WUM0","UNIPROT","Q8NFH5","undirected","Binding"
"UNIPROT","Q8WUM0","UNIPROT","Q8TEM1","undirected","Binding"
"UNIPROT","Q8WUM0","UNIPROT","Q92621","undirected","Binding"
"UNIPROT","Q8WUM0","UNIPROT","Q96EE3","undirected","Binding"
"UNIPROT","Q8WUM0","UNIPROT","Q96HA1","undirected","Binding"
"UNIPROT","Q8WUM0","UNIPROT","Q99567","undirected","Binding"
"UNIPROT","Q8WUM0","UNIPROT","Q9BTX1","undirected","Binding"
"UNIPROT","Q8WUM0","UNIPROT","Q9BVL2","undirected","Binding"
"UNIPROT","Q8WUM0","UNIPROT","Q9BW27","undirected","Binding"
"UNIPROT","Q8WUM0","UNIPROT","Q9UKX7","undirected","Binding"
"UNIPROT","Q92621","UNIPROT","A8CG34","undirected","Binding"
"UNIPROT","Q92621","UNIPROT","O15504","undirected","Binding"
"UNIPROT","Q92621","UNIPROT","O75694","undirected","Binding"
"UNIPROT","Q92621","UNIPROT","P35557","directed","Control(Out: ACTIVATION of BiochemicalReaction)"
"UNIPROT","Q92621","UNIPROT","P35658","undirected","Binding"
"UNIPROT","Q92621","UNIPROT","P37198","undirected","Binding"
"UNIPROT","Q92621","UNIPROT","P49790","undirected","Binding"
"UNIPROT","Q92621","UNIPROT","P78406","undirected","Binding"
"UNIPROT","Q92621","UNIPROT","Q14397","directed","Control(Out: ACTIVATION of BiochemicalReaction)"
"UNIPROT","Q92621","UNIPROT","Q5SRE5","undirected","Binding"
"UNIPROT","Q92621","UNIPROT","Q7Z3B4","undirected","Binding"
"UNIPROT","Q92621","UNIPROT","Q8N1F7","undirected","Binding"
"UNIPROT","Q92621","UNIPROT","Q8NFH5","undirected","Binding"
"UNIPROT","Q92621","UNIPROT","Q8TEM1","undirected","Binding"
"UNIPROT","Q92621","UNIPROT","Q96HA1","undirected","Binding"
"UNIPROT","Q92621","UNIPROT","Q99567","undirected","Binding"
"UNIPROT","Q92621","UNIPROT","Q9BTX1","undirected","Binding"
"UNIPROT","Q92621","UNIPROT","Q9BVL2","undirected","Binding"
"UNIPROT","Q92621","UNIPROT","Q9UKX7","undirected","Binding"
"UNIPROT","Q96EE3","UNIPROT","A8CG34","undirected","Binding"
"UNIPROT","Q96EE3","UNIPROT","O15504","undirected","Binding"
"UNIPROT","Q96EE3","UNIPROT","O75694","undirected","Binding"
"UNIPROT","Q96EE3","UNIPROT","P12270","undirected","Binding"
"UNIPROT","Q96EE3","UNIPROT","P35557","directed","Control(Out: ACTIVATION of BiochemicalReaction)"
"UNIPROT","Q96EE3","UNIPROT","P35658","undirected","Binding"
"UNIPROT","Q96EE3","UNIPROT","P37198","undirected","Binding"
"UNIPROT","Q96EE3","UNIPROT","P49790","undirected","Binding"
"UNIPROT","Q96EE3","UNIPROT","P52948","undirected","Binding"
"UNIPROT","Q96EE3","UNIPROT","P55735","undirected","Binding"
"UNIPROT","Q96EE3","UNIPROT","P78406","undirected","Binding"
"UNIPROT","Q96EE3","UNIPROT","Q12769","undirected","Binding"
"UNIPROT","Q96EE3","UNIPROT","Q14397","directed","Control(Out: ACTIVATION of BiochemicalReaction)"
"UNIPROT","Q96EE3","UNIPROT","Q5SRE5","undirected","Binding"
"UNIPROT","Q96EE3","UNIPROT","Q7Z3B4","undirected","Binding"
"UNIPROT","Q96EE3","UNIPROT","Q8N1F7","undirected","Binding"
"UNIPROT","Q96EE3","UNIPROT","Q8NFH4","undirected","Binding"
"UNIPROT","Q96EE3","UNIPROT","Q8NFH5","undirected","Binding"
"UNIPROT","Q96EE3","UNIPROT","Q8TEM1","undirected","Binding"
"UNIPROT","Q96EE3","UNIPROT","Q92621","undirected","Binding"
"UNIPROT","Q96EE3","UNIPROT","Q96HA1","undirected","Binding"
"UNIPROT","Q96EE3","UNIPROT","Q99567","undirected","Binding"
"UNIPROT","Q96EE3","UNIPROT","Q9BTX1","undirected","Binding"
"UNIPROT","Q96EE3","UNIPROT","Q9BVL2","undirected","Binding"
"UNIPROT","Q96EE3","UNIPROT","Q9UKX7","undirected","Binding"
"UNIPROT","Q96HA1","UNIPROT","O75694","undirected","Binding"
"UNIPROT","Q96HA1","UNIPROT","P35557","directed","Control(Out: ACTIVATION of BiochemicalReaction)"
"UNIPROT","Q96HA1","UNIPROT","Q14397","directed","Control(Out: ACTIVATION of BiochemicalReaction)"
"UNIPROT","Q96HA1","UNIPROT","Q8N1F7","undirected","Binding"
"UNIPROT","Q96HA1","UNIPROT","Q8NFH5","undirected","Binding"
"UNIPROT","Q99567","UNIPROT","A8CG34","undirected","Binding"
"UNIPROT","Q99567","UNIPROT","O15504","undirected","Binding"
"UNIPROT","Q99567","UNIPROT","O75694","undirected","Binding"
"UNIPROT","Q99567","UNIPROT","P35557","directed","Control(Out: ACTIVATION of BiochemicalReaction)"
"UNIPROT","Q99567","UNIPROT","P35658","undirected","Binding"
"UNIPROT","Q99567","UNIPROT","P49790","undirected","Binding"
"UNIPROT","Q99567","UNIPROT","P78406","undirected","Binding"
"UNIPROT","Q99567","UNIPROT","Q14397","directed","Control(Out: ACTIVATION of BiochemicalReaction)"
"UNIPROT","Q99567","UNIPROT","Q8N1F7","undirected","Binding"
"UNIPROT","Q99567","UNIPROT","Q8NFH5","undirected","Binding"
"UNIPROT","Q99567","UNIPROT","Q8TEM1","undirected","Binding"
"UNIPROT","Q99567","UNIPROT","Q96HA1","undirected","Binding"
"UNIPROT","Q99567","UNIPROT","Q9BTX1","undirected","Binding"
"UNIPROT","Q99567","UNIPROT","Q9UKX7","undirected","Binding"
"UNIPROT","Q9BTX1","UNIPROT","A8CG34","undirected","Binding"
"UNIPROT","Q9BTX1","UNIPROT","O15504","undirected","Binding"
"UNIPROT","Q9BTX1","UNIPROT","O75694","undirected","Binding"
"UNIPROT","Q9BTX1","UNIPROT","P35557","directed","Control(Out: ACTIVATION of BiochemicalReaction)"
"UNIPROT","Q9BTX1","UNIPROT","P78406","undirected","Binding"
"UNIPROT","Q9BTX1","UNIPROT","Q14397","directed","Control(Out: ACTIVATION of BiochemicalReaction)"
"UNIPROT","Q9BTX1","UNIPROT","Q8N1F7","undirected","Binding"
"UNIPROT","Q9BTX1","UNIPROT","Q8NFH5","undirected","Binding"
"UNIPROT","Q9BTX1","UNIPROT","Q96HA1","undirected","Binding"
"UNIPROT","Q9BVL2","UNIPROT","A8CG34","undirected","Binding"
"UNIPROT","Q9BVL2","UNIPROT","O15504","undirected","Binding"
"UNIPROT","Q9BVL2","UNIPROT","O75694","undirected","Binding"
"UNIPROT","Q9BVL2","UNIPROT","P35557","directed","Control(Out: ACTIVATION of BiochemicalReaction)"
"UNIPROT","Q9BVL2","UNIPROT","P35658","undirected","Binding"
"UNIPROT","Q9BVL2","UNIPROT","P49790","undirected","Binding"
"UNIPROT","Q9BVL2","UNIPROT","P78406","undirected","Binding"
"UNIPROT","Q9BVL2","UNIPROT","Q14397","directed","Control(Out: ACTIVATION of BiochemicalReaction)"
"UNIPROT","Q9BVL2","UNIPROT","Q5SRE5","undirected","Binding"
"UNIPROT","Q9BVL2","UNIPROT","Q7Z3B4","undirected","Binding"
"UNIPROT","Q9BVL2","UNIPROT","Q8N1F7","undirected","Binding"
"UNIPROT","Q9BVL2","UNIPROT","Q8NFH5","undirected","Binding"
"UNIPROT","Q9BVL2","UNIPROT","Q8TEM1","undirected","Binding"
"UNIPROT","Q9BVL2","UNIPROT","Q96HA1","undirected","Binding"
"UNIPROT","Q9BVL2","UNIPROT","Q99567","undirected","Binding"
"UNIPROT","Q9BVL2","UNIPROT","Q9BTX1","undirected","Binding"
"UNIPROT","Q9BVL2","UNIPROT","Q9UKX7","undirected","Binding"
"UNIPROT","Q9BW27","UNIPROT","A8CG34","undirected","Binding"
"UNIPROT","Q9BW27","UNIPROT","O15504","undirected","Binding"
"UNIPROT","Q9BW27","UNIPROT","O75694","undirected","Binding"
"UNIPROT","Q9BW27","UNIPROT","P12270","undirected","Binding"
"UNIPROT","Q9BW27","UNIPROT","P35557","directed","Control(Out: ACTIVATION of BiochemicalReaction)"
"UNIPROT","Q9BW27","UNIPROT","P35658","undirected","Binding"
"UNIPROT","Q9BW27","UNIPROT","P37198","undirected","Binding"
"UNIPROT","Q9BW27","UNIPROT","P49790","undirected","Binding"
"UNIPROT","Q9BW27","UNIPROT","P52948","undirected","Binding"
"UNIPROT","Q9BW27","UNIPROT","P55735","undirected","Binding"
"UNIPROT","Q9BW27","UNIPROT","P78406","undirected","Binding"
"UNIPROT","Q9BW27","UNIPROT","Q12769","undirected","Binding"
"UNIPROT","Q9BW27","UNIPROT","Q14397","directed","Control(Out: ACTIVATION of BiochemicalReaction)"
"UNIPROT","Q9BW27","UNIPROT","Q5SRE5","undirected","Binding"
"UNIPROT","Q9BW27","UNIPROT","Q7Z3B4","undirected","Binding"
"UNIPROT","Q9BW27","UNIPROT","Q8N1F7","undirected","Binding"
"UNIPROT","Q9BW27","UNIPROT","Q8NFH4","undirected","Binding"
"UNIPROT","Q9BW27","UNIPROT","Q8NFH5","undirected","Binding"
"UNIPROT","Q9BW27","UNIPROT","Q8TEM1","undirected","Binding"
"UNIPROT","Q9BW27","UNIPROT","Q92621","undirected","Binding"
"UNIPROT","Q9BW27","UNIPROT","Q96EE3","undirected","Binding"
"UNIPROT","Q9BW27","UNIPROT","Q96HA1","undirected","Binding"
"UNIPROT","Q9BW27","UNIPROT","Q99567","undirected","Binding"
"UNIPROT","Q9BW27","UNIPROT","Q9BTX1","undirected","Binding"
"UNIPROT","Q9BW27","UNIPROT","Q9BVL2","undirected","Binding"
"UNIPROT","Q9BW27","UNIPROT","Q9UKX7","undirected","Binding"
"UNIPROT","Q9NRG9","UNIPROT","A8CG34","undirected","Binding"
"UNIPROT","Q9NRG9","UNIPROT","O15504","undirected","Binding"
"UNIPROT","Q9NRG9","UNIPROT","O75694","undirected","Binding"
"UNIPROT","Q9NRG9","UNIPROT","P12270","undirected","Binding"
"UNIPROT","Q9NRG9","UNIPROT","P35557","directed","Control(Out: ACTIVATION of BiochemicalReaction)"
"UNIPROT","Q9NRG9","UNIPROT","P35658","undirected","Binding"
"UNIPROT","Q9NRG9","UNIPROT","P37198","undirected","Binding"
"UNIPROT","Q9NRG9","UNIPROT","P49790","undirected","Binding"
"UNIPROT","Q9NRG9","UNIPROT","P49792","undirected","Binding"
"UNIPROT","Q9NRG9","UNIPROT","P52948","undirected","Binding"
"UNIPROT","Q9NRG9","UNIPROT","P55735","undirected","Binding"
"UNIPROT","Q9NRG9","UNIPROT","P57740","undirected","Binding"
"UNIPROT","Q9NRG9","UNIPROT","P78406","undirected","Binding"
"UNIPROT","Q9NRG9","UNIPROT","Q12769","undirected","Binding"
"UNIPROT","Q9NRG9","UNIPROT","Q14397","directed","Control(Out: ACTIVATION of BiochemicalReaction)"
"UNIPROT","Q9NRG9","UNIPROT","Q5SRE5","undirected","Binding"
"UNIPROT","Q9NRG9","UNIPROT","Q7Z3B4","undirected","Binding"
"UNIPROT","Q9NRG9","UNIPROT","Q8N1F7","undirected","Binding"
"UNIPROT","Q9NRG9","UNIPROT","Q8NFH3","undirected","Binding"
"UNIPROT","Q9NRG9","UNIPROT","Q8NFH4","undirected","Binding"
"UNIPROT","Q9NRG9","UNIPROT","Q8NFH5","undirected","Binding"
"UNIPROT","Q9NRG9","UNIPROT","Q8TEM1","undirected","Binding"
"UNIPROT","Q9NRG9","UNIPROT","Q8WUM0","undirected","Binding"
"UNIPROT","Q9NRG9","UNIPROT","Q92621","undirected","Binding"
"UNIPROT","Q9NRG9","UNIPROT","Q96EE3","undirected","Binding"
"UNIPROT","Q9NRG9","UNIPROT","Q96HA1","undirected","Binding"
"UNIPROT","Q9NRG9","UNIPROT","Q99567","undirected","Binding"
"UNIPROT","Q9NRG9","UNIPROT","Q9BTX1","undirected","Binding"
"UNIPROT","Q9NRG9","UNIPROT","Q9BVL2","undirected","Binding"
"UNIPROT","Q9NRG9","UNIPROT","Q9BW27","undirected","Binding"
"UNIPROT","Q9NRG9","UNIPROT","Q9UKX7","undirected","Binding"
"UNIPROT","Q9UKX7","UNIPROT","A8CG34","undirected","Binding"
"UNIPROT","Q9UKX7","UNIPROT","O15504","undirected","Binding"
"UNIPROT","Q9UKX7","UNIPROT","O75694","undirected","Binding"
"UNIPROT","Q9UKX7","UNIPROT","P35557","directed","Control(Out: ACTIVATION of BiochemicalReaction)"
"UNIPROT","Q9UKX7","UNIPROT","P35658","undirected","Binding"
"UNIPROT","Q9UKX7","UNIPROT","P78406","undirected","Binding"
"UNIPROT","Q9UKX7","UNIPROT","Q14397","directed","Control(Out: ACTIVATION of BiochemicalReaction)"
"UNIPROT","Q9UKX7","UNIPROT","Q8N1F7","undirected","Binding"
"UNIPROT","Q9UKX7","UNIPROT","Q8NFH5","undirected","Binding"
"UNIPROT","Q9UKX7","UNIPROT","Q96HA1","undirected","Binding"
"UNIPROT","Q9UKX7","UNIPROT","Q9BTX1","undirected","Binding"
